a96f4e6c13508cbcff51fce003f4b13339ec5256af59e86dd813dd232b9dbfdf,CD,서울,142,11,2000
14d7059ac0e30ea6a28facb84d3fedc43af7d66060a056cf7a9479024231154a,AD,서울,84,08,6200
14d7059ac0e30ea6a28facb84d3fedc43af7d66060a056cf7a9479024231154a,CD,서울,65,11,3500
14d7059ac0e30ea6a28facb84d3fedc43af7d66060a056cf7a9479024231154a,CD,서울,105,07,5000
14d7059ac0e30ea6a28facb84d3fedc43af7d66060a056cf7a9479024231154a,AC,서울,113,13,1800
ab36967861d7db95c3eaf857076c5d7fd30a378d9981009a54695bb8d8e42cde,AB,경기,67,10,1200
c2728374f55122cd198a230f4e69904e470555e9d303473cbe3ef252e331cb3c,CA,경기,101,23,2000
740afdebb7dd7e00a3331f4605213ec0870156cda3b6910f9049e0484598425e,CC,서울,95,22,5000
6585828512c515dce801a41c4931c2092d949de6c749f5e00d4e8177d2eeffef,BA,경기,21,07,1200
7233fd9db3600adcc6ad9ed28cba41e27ee726115dbd5ac7e84f721be0f142c9,AD,서울,113,20,3200
ae74f16e965d4af53d83009addd9407c67383036a7fdcbc380b97827bf18fae0,AD,부산,126,23,1700
1ec7f9935e76418e102efc27082984e3ed9165f1a1fe90d76f7f7ab165a2836b,AC,서울,9,14,1800
2877788c90093d9a2808a4829d124914cad63ce49294195a7833e513eb6df64e,CD,경기,127,10,2000
cfb3262065f863cffdc22f5287844239a6d9df128c48256742eaf575ad75677d,CD,경기,107,20,2000
0ad733a917a7c5ab35ec763ba799dc4e21f9cffd0eaf16cd787beac81cd1fb75,AC,서울,154,16,1800
10626a51147ed5567e1f19a9a37916350015f69e27fb8f3defc0aa909032ebac,CA,경기,40,18,2000
9300b9de9c381696a88e22b9ad5f8cdca539c542c507a492656d0fcea7947b58,CA,경기,115,16,2000
cd7d8212ce8083e97e247d923a61eb132ae04e08e89869b76a9a0477e595f833,AB,경기,112,07,1200
6c134a0472a2a11d8f60da2c04878a3b1a13cde5a76702bba2705f186e9c8800,CC,서울,106,22,2000
b4c2ac1a0ea1912be7f6222cc764f0b9aa7db36dc3defc3ce795d6f172c67878,AD,경기,96,01,1700
872bc86a530cccaa215ee47529666fb61bb762d7ba4c99897bcb4dd7e88e5a2e,BD,서울,68,07,1500
872bc86a530cccaa215ee47529666fb61bb762d7ba4c99897bcb4dd7e88e5a2e,CD,서울,74,01,2000
cd22bfdb5689d5587def81cdd6601097dae4c88fac5d7613b9930022c3fececb,BD,경기,10,00,1500
592e0fee4b463d90e7ac3d56166161c79deb65eeb6c3c6fd3c72432490bd0d6e,BB,부산,175,16,1400
fd50ef73a5e1b5b3b6ceb1780404b8921739f675787d9355fad2f505aaacec71,CA,서울,162,18,2000
454b5ee732ee01bf578887db1825e65bcdf6bedd0670f079fe6590726cf3eaa6,BD,서울,23,05,2800
454b5ee732ee01bf578887db1825e65bcdf6bedd0670f079fe6590726cf3eaa6,BC,서울,115,23,1800
454b5ee732ee01bf578887db1825e65bcdf6bedd0670f079fe6590726cf3eaa6,CA,서울,59,04,2000
74ecc54b1c5c786a853e0e439141a8b78369ff25cd05ad8ee72e6366fe8ec0fc,CC,서울,145,17,3500
76e56a5acfc920e55065b9e0fe842307ed6861f55366f679922fb996278cd446,CA,서울,63,20,2000
dc554b3f3fd0e0dafb122f9f203132795165f0f94ce60b55fa67c1c78440a26d,CD,경기,36,07,2000
dc554b3f3fd0e0dafb122f9f203132795165f0f94ce60b55fa67c1c78440a26d,BB,경기,43,06,1400
6ce67798f0b8df7090a35edd1b99b1eb0a0cfbacfb48fd67dc8867a515467510,CD,경기,161,15,3500
6ce67798f0b8df7090a35edd1b99b1eb0a0cfbacfb48fd67dc8867a515467510,CC,경기,107,07,2000
a527f07ced7bdeedd01d59080ba49f6d3c9a5ddf4625663f5e393fc6c68e6c25,CD,경기,110,08,3500
a527f07ced7bdeedd01d59080ba49f6d3c9a5ddf4625663f5e393fc6c68e6c25,BD,경기,30,10,1500
5eb32d55f1df8e71724643f3cfd30d7a5f94fd58c788e649a6020c0b01342277,CD,서울,99,20,2000
a4e70293a1f4f261066fa15b33ebe985b0ed7abffe260566906dac55113172e7,AC,서울,150,16,5000
8399db4da1cf87c25230250e6db6aa3c0502c6b1ba8502d33278c0103f82cc09,BC,서울,76,13,1800
8399db4da1cf87c25230250e6db6aa3c0502c6b1ba8502d33278c0103f82cc09,CA,서울,104,13,3500
222f2a436f7b8b60c14feb6ab896aafcee5b25846293b498dc75ded85a04ee6e,BD,부산,40,11,1500
2b6624621fc5c02ac7cbf95db8aced9ffe9c3f37ce339adfde5a2bd15702188c,AC,서울,171,17,3400
1f3d0d3d3315274089346cd4294a986269bfbacc1e74134775c315d4cf676562,AD,경기,137,15,1700
1f3d0d3d3315274089346cd4294a986269bfbacc1e74134775c315d4cf676562,CA,경기,120,18,2000
1f3d0d3d3315274089346cd4294a986269bfbacc1e74134775c315d4cf676562,CC,경기,90,19,2000
1f3d0d3d3315274089346cd4294a986269bfbacc1e74134775c315d4cf676562,CD,경기,138,18,2000
1f3d0d3d3315274089346cd4294a986269bfbacc1e74134775c315d4cf676562,CD,경기,43,12,5000
1f3d0d3d3315274089346cd4294a986269bfbacc1e74134775c315d4cf676562,CD,경기,24,19,2000
1f3d0d3d3315274089346cd4294a986269bfbacc1e74134775c315d4cf676562,CC,경기,147,11,2000
1f3d0d3d3315274089346cd4294a986269bfbacc1e74134775c315d4cf676562,CD,경기,44,13,2000
20902669cd60ac52af706a204565bfe91c6529631aa90581b62c7867c9bb9290,BC,서울,26,11,5000
3142075861287f3532e7d6311d423a2fb80116fb71ff47757c6a92ff8bb71d0f,AA,경기,134,16,3200
3d2641bb4ef33272b0b78fe938723ae52e6d1b1fe5e2613a8b7064156dd1eb10,CA,서울,159,21,2000
9d2b1d3674e36ca2167affda460344372682f1b5a82d011a2d3f871f532b23cd,AB,서울,108,13,2200
442adba3cad39d4aa39904e82738ef99bead3ab8f987c96cbe39d7924b69b21b,CD,경기,23,15,2000
a6826e11f3482912afb09c437ccc289ae0ac6dbf4a6401b73c9cba34e5eb0abe,BC,서울,34,18,5000
5dd9bea898a1951761f003ce1d18e24e9befa6f425776a6f2de2010c07869a85,AC,서울,90,19,1800
5dd9bea898a1951761f003ce1d18e24e9befa6f425776a6f2de2010c07869a85,AB,서울,146,16,1200
5dd9bea898a1951761f003ce1d18e24e9befa6f425776a6f2de2010c07869a85,BB,서울,111,17,1400
5dd9bea898a1951761f003ce1d18e24e9befa6f425776a6f2de2010c07869a85,BB,서울,64,18,1400
5dd9bea898a1951761f003ce1d18e24e9befa6f425776a6f2de2010c07869a85,CD,서울,100,18,3500
5dd9bea898a1951761f003ce1d18e24e9befa6f425776a6f2de2010c07869a85,CD,서울,97,16,6500
6a2a53e26fad9c87cd17a1d807cc1726b6f0c1707fac9acceaf314f55ada77fc,CB,서울,24,14,2000
0cfa7549870de09e70206ea7813cfed36bc997de000982acc41213e9decd9026,BD,서울,119,23,1500
936e762789aad595b662427d2cc22dac2eaedff7beea3181bf284c0fda071b92,BD,서울,55,20,8000
936e762789aad595b662427d2cc22dac2eaedff7beea3181bf284c0fda071b92,CA,서울,79,22,2000
936e762789aad595b662427d2cc22dac2eaedff7beea3181bf284c0fda071b92,CA,서울,62,20,2000
936e762789aad595b662427d2cc22dac2eaedff7beea3181bf284c0fda071b92,CA,서울,66,22,2000
936e762789aad595b662427d2cc22dac2eaedff7beea3181bf284c0fda071b92,AA,서울,65,22,3200
936e762789aad595b662427d2cc22dac2eaedff7beea3181bf284c0fda071b92,BB,서울,93,21,3800
936e762789aad595b662427d2cc22dac2eaedff7beea3181bf284c0fda071b92,CD,서울,150,19,2000
936e762789aad595b662427d2cc22dac2eaedff7beea3181bf284c0fda071b92,BB,서울,137,21,1400
936e762789aad595b662427d2cc22dac2eaedff7beea3181bf284c0fda071b92,AA,서울,162,18,3200
936e762789aad595b662427d2cc22dac2eaedff7beea3181bf284c0fda071b92,CA,서울,174,22,2000
936e762789aad595b662427d2cc22dac2eaedff7beea3181bf284c0fda071b92,AB,서울,96,20,2200
936e762789aad595b662427d2cc22dac2eaedff7beea3181bf284c0fda071b92,AD,서울,172,22,3200
936e762789aad595b662427d2cc22dac2eaedff7beea3181bf284c0fda071b92,AD,서울,165,22,3200
6a3735d30493e09a66bc24f4f53b9f767216c8015d1e544fe31270416e1c4973,CB,서울,71,17,2000
5b8bf073df26c111425d764837c5c72dfc1728ddd880da526f13e4cf70963611,AC,서울,140,05,1800
d896f34edb50eb92d9de3296e5dbd03f0d236a2cbd7030b84b14d3f4331676cc,BB,경기,173,13,3800
d896f34edb50eb92d9de3296e5dbd03f0d236a2cbd7030b84b14d3f4331676cc,CB,경기,50,08,3500
d896f34edb50eb92d9de3296e5dbd03f0d236a2cbd7030b84b14d3f4331676cc,CB,경기,107,00,2000
d896f34edb50eb92d9de3296e5dbd03f0d236a2cbd7030b84b14d3f4331676cc,BB,경기,76,08,3800
a6a3dcf6d816bdd6fea94490fcdea7b277d5bf955bae6cfd853dfa36ac87a8da,CA,서울,84,00,3500
1498966301b2b416ff6250173e1344a6cd5c66876e71767d7956b6dba26091f2,BC,서울,148,14,3400
49afc9e1f189af2627827fb0d4e5de766c9f994d2fa625805bde0410809ff493,AB,부산,96,00,2200
49afc9e1f189af2627827fb0d4e5de766c9f994d2fa625805bde0410809ff493,CC,부산,136,13,3500
26d499a16ade389b5e0e5e418254e40f6c3d72be4ae0aa8ce5c4de3a94102f4c,AB,서울,100,10,2200
6cd777dd04ba42e5122ef4173487e5ad5980c828b992de8107cf32c37c0fada3,CB,서울,71,17,2000
c7167aef92ad2b15749b25147dc1bcef39c8751cf3c9a8552570d55b7a495e22,AC,서울,20,20,3400
20c9c0f58c55d2ea6936db3d390aa0aa5bf1bb498efa84a9d2563a18d164d4ff,CD,서울,125,19,6500
20c9c0f58c55d2ea6936db3d390aa0aa5bf1bb498efa84a9d2563a18d164d4ff,BB,서울,80,11,1400
a2fae39edccb608f0c9a32a46604abe582169252e247bf6690923b8f1c4327cd,CA,서울,173,00,2000
799e29494683b38af9abf6b25f695bed8d30556b43f7313015d59c54a4d6a834,CA,서울,111,00,2000
0c522bb7e38fd5faa78a7a576155f0f2cd5eee481ea9eca0e39a97d736e93ca2,CA,서울,99,11,3500
1cb5d91bdc4ccb5f699aa2496430e818f11ac404d9255cdf46d947d00e89c215,BD,서울,94,15,1500
7920694af97a95c8126e840a238d16c75053cbc98a274f0f3d682dd878346d90,BD,서울,35,13,1500
42bdbd64efafd38005b2d0f825e71940575debbe26b02a9fbf9827c032a31313,CC,경기,161,21,33500
fedb060f5d3332821c661e1621c725a2e7a0098c347c8a51c2892b615293fca2,BB,경기,65,17,3800
c525095ec2281f21d005b03a922a167e0a1dddd0c6e5c0bb696b065f4ae45ba2,CA,서울,84,19,2000
0e85a23697a796b6c673305a97fd6e43ee232a831d27ad17c0b0649adf104d69,AD,서울,121,13,3200
66727add926e5d6523db339941ae6883a432a534f0d8e2c279ca25cf1d387993,CB,서울,49,22,2000
5207cd7ddc22704d091986f54dba71801497b379273094df701b5bdaf5eef81f,CD,부산,133,22,3500
343f20da11e0372340c493a468f22588a77f09e527b1e1b2da740f457f7b4493,AC,서울,45,19,1800
aa26b8b4139798bd04258381f01f58a93403ed27b19c9b7c396d6ea8f338ac43,AD,서울,178,22,3200
08ed8004d98becccf3afb845cce567048c69f26cd32a5c5a32c3734df8978035,CC,서울,158,13,3500
08ed8004d98becccf3afb845cce567048c69f26cd32a5c5a32c3734df8978035,BD,서울,45,09,4100
755ef7d097ce1061f7060259cbef9155385f766f0f6ea962761641c096c54307,CB,서울,86,16,2000
0369076e8f962be7af48df9bd699c0d7648a8d9e3e99be320557c99b602bd76d,BA,부산,102,15,3200
964a653b8980ef4fd56465c8cbd4843a41219c1ea4780b304ec3549c6a7cb83b,BD,경기,181,17,1500
964a653b8980ef4fd56465c8cbd4843a41219c1ea4780b304ec3549c6a7cb83b,BB,경기,50,15,1400
964a653b8980ef4fd56465c8cbd4843a41219c1ea4780b304ec3549c6a7cb83b,BB,경기,77,16,2600
964a653b8980ef4fd56465c8cbd4843a41219c1ea4780b304ec3549c6a7cb83b,BB,경기,49,08,1400
964a653b8980ef4fd56465c8cbd4843a41219c1ea4780b304ec3549c6a7cb83b,BB,경기,43,14,1400
964a653b8980ef4fd56465c8cbd4843a41219c1ea4780b304ec3549c6a7cb83b,BB,경기,41,09,2600
964a653b8980ef4fd56465c8cbd4843a41219c1ea4780b304ec3549c6a7cb83b,BA,경기,91,08,1200
968f0a75656f83a790ad73574a8afe0b1a65883e34b8e969a2f44bdb1c2713a6,AD,서울,150,00,1700
1f4106e43ed6f5ad51efc49dab77fb391f25064f5abed482b7a8449a05f6ebfc,AD,부산,145,02,3200
1f4106e43ed6f5ad51efc49dab77fb391f25064f5abed482b7a8449a05f6ebfc,CC,부산,182,21,2000
1f4106e43ed6f5ad51efc49dab77fb391f25064f5abed482b7a8449a05f6ebfc,CD,부산,127,21,3500
1f4106e43ed6f5ad51efc49dab77fb391f25064f5abed482b7a8449a05f6ebfc,CD,부산,23,19,2000
89fb8da90b74572e0360a8ebfab8543badc9080bfed6d177a35a52dcadcfbaa0,CD,서울,140,19,2000
0f560e3cfc1ea2b163e8ef0d7cc51e210c564f59eb0e9e8672e9820a07faa9c7,CC,서울,157,21,2000
5537c45e824686d6cc095ec0a3ae4f8ea2130fd49d59d065b19d5d4e4534ae08,CC,서울,46,20,3500
9b2f04d01490406c7f93d507bd0d65a9119e5af0e8a533d0f0ba9b54416a2656,BB,경기,113,21,2600
9b2f04d01490406c7f93d507bd0d65a9119e5af0e8a533d0f0ba9b54416a2656,BB,경기,99,21,1400
9b2f04d01490406c7f93d507bd0d65a9119e5af0e8a533d0f0ba9b54416a2656,BD,경기,120,20,4100
9b2f04d01490406c7f93d507bd0d65a9119e5af0e8a533d0f0ba9b54416a2656,BC,경기,87,18,1800
6b3a7314b0c46617b1291880348c686055a3bf2189398b8ee48bce172d5a0db7,CA,부산,25,21,2000
92caee4f160b4bac28c2a2b952020b4a613cbc846166e75a9939c60e51f2ca69,CD,서울,165,18,2000
3b95ca4a00cf46acc7dcdcaca02ee5e0c5d8d9ef2eb08d3b57acb3dd7e611b81,AB,부산,51,06,1200
76598a53ac35474a35dea0cffcd424cd4380a27df078528e2a2bc4913404c04b,AD,서울,157,15,6200
76598a53ac35474a35dea0cffcd424cd4380a27df078528e2a2bc4913404c04b,CD,서울,146,15,3500
ce46d5b07e11b6b3318e41a9892e5ce9ce77516cffa3df9268daaecb222e33d4,CD,서울,180,18,3500
95e54033825c974cdafde94b8c4b5e14692e5258d62e637101ad1dae783f6e2f,CA,경기,104,16,2000
b921a540e9706a1d9be54bbb030ff3e1fbf9f67af26163bb086523d3d8fdd21e,AC,서울,35,17,3400
b921a540e9706a1d9be54bbb030ff3e1fbf9f67af26163bb086523d3d8fdd21e,AC,서울,40,21,3400
b921a540e9706a1d9be54bbb030ff3e1fbf9f67af26163bb086523d3d8fdd21e,BB,서울,71,17,3800
b921a540e9706a1d9be54bbb030ff3e1fbf9f67af26163bb086523d3d8fdd21e,BB,서울,44,17,1400
b921a540e9706a1d9be54bbb030ff3e1fbf9f67af26163bb086523d3d8fdd21e,BB,서울,42,17,1400
b921a540e9706a1d9be54bbb030ff3e1fbf9f67af26163bb086523d3d8fdd21e,CB,서울,61,22,2000
b921a540e9706a1d9be54bbb030ff3e1fbf9f67af26163bb086523d3d8fdd21e,CA,서울,136,21,2000
b921a540e9706a1d9be54bbb030ff3e1fbf9f67af26163bb086523d3d8fdd21e,CA,서울,67,19,2000
b921a540e9706a1d9be54bbb030ff3e1fbf9f67af26163bb086523d3d8fdd21e,BC,서울,85,15,5000
cf51d6712b84a232d98b19a3f0c275995c76cd3475d2fda1851655c08a3189fa,CA,경기,109,13,2000
b9ac263fccaaabaf8008543d2a0ce75613eac93b7f2dd9c34b8e66d006d3c23e,BD,서울,16,23,4100
958d2095fb6d048c1db4c7a090fae153b87011c07ee6de228d69a87f7a6b95db,CC,서울,181,04,2000
958d2095fb6d048c1db4c7a090fae153b87011c07ee6de228d69a87f7a6b95db,CD,서울,121,23,3500
d479aefe1bd43fa8cf270085e0c1dbba39a0f090f04e795b4118926d2b800922,CD,경기,116,13,9500
f0699b4972a56bf4d9c5164d26a31ca2b1d767ea8dc497cc15d1a25ca5d14879,BD,서울,69,03,1500
25871a08946a7890184434f07185154711dbe02a75c620bf9e492ca04c87319f,BD,경기,108,11,1500
85dce5d7af26a6f9991c514e391e41f95d122a12b18d8a8a1ebeffe38849658b,BD,경기,146,10,1500
852bac324fa6522db07172f03d05574fba5fa04d9b6ae9e37b7eb61cc65ac865,CC,서울,140,15,15500
33c4d265a8e4cd628079a99e04282a5eb16b1d4d908c27dbd9eecc609da577c1,CD,경기,2,22,2000
6e115cf6cb5db801a7435eae540c063032ce1522b39a2838259132e09d856269,BA,서울,146,06,1200
c77ae2c8158e9c4febd50c988221a71c00a0bda256ddabce9b28088fa83e917f,AC,서울,119,13,1800
ed992b3f74eb612384d221fdacced9091833c8a36041f11c654c6e7227ff76ba,CD,경기,65,11,5000
d4257fac1c121262e19d631854badef0c750b232b8c96fd2c5c1ad12770f269c,AC,경기,171,10,1800
61f4c1886aa72a990871d6cf64450ebe1ba0f6cf7a2cdd76fbb88f66b4ec88fb,BA,서울,81,15,1150
754780b11f71e1d6bee0bbb779fbd916ba4cc9757af5df25ab0b4fce2a103f94,BB,부산,152,09,1400
754780b11f71e1d6bee0bbb779fbd916ba4cc9757af5df25ab0b4fce2a103f94,BB,부산,64,11,1400
754780b11f71e1d6bee0bbb779fbd916ba4cc9757af5df25ab0b4fce2a103f94,BA,부산,48,15,1200
754780b11f71e1d6bee0bbb779fbd916ba4cc9757af5df25ab0b4fce2a103f94,BA,부산,3,10,1200
754780b11f71e1d6bee0bbb779fbd916ba4cc9757af5df25ab0b4fce2a103f94,BB,부산,58,09,1400
754780b11f71e1d6bee0bbb779fbd916ba4cc9757af5df25ab0b4fce2a103f94,BD,부산,36,15,1500
754780b11f71e1d6bee0bbb779fbd916ba4cc9757af5df25ab0b4fce2a103f94,BD,부산,48,10,4100
754780b11f71e1d6bee0bbb779fbd916ba4cc9757af5df25ab0b4fce2a103f94,BC,부산,72,17,1800
7f32f67f58ba62e09220e1b82f3f54eaff2b215ada3b41fcb40a30f9bd77fa59,CB,부산,122,20,2000
c94e37a31447aa9c2449d0ee45ae0cc578d186070e2cd8ce189fd4290f42851b,BC,서울,160,18,1800
57907b627376c9a45efe450a98890b4304bbf6099330df64ae9c3eff924a14e6,BD,부산,148,19,1500
9b1bc4bf2a816af116afe1462fb42fc966ef5af1f25acc9fbd77a7b42ce7b0fd,AB,서울,111,09,2200
9b1bc4bf2a816af116afe1462fb42fc966ef5af1f25acc9fbd77a7b42ce7b0fd,CD,서울,21,08,6500
9b1bc4bf2a816af116afe1462fb42fc966ef5af1f25acc9fbd77a7b42ce7b0fd,CC,서울,175,01,8000
9b1bc4bf2a816af116afe1462fb42fc966ef5af1f25acc9fbd77a7b42ce7b0fd,CC,서울,167,23,5000
9b1bc4bf2a816af116afe1462fb42fc966ef5af1f25acc9fbd77a7b42ce7b0fd,BD,서울,118,22,1500
9b1bc4bf2a816af116afe1462fb42fc966ef5af1f25acc9fbd77a7b42ce7b0fd,BD,서울,117,23,4100
9b1bc4bf2a816af116afe1462fb42fc966ef5af1f25acc9fbd77a7b42ce7b0fd,BD,서울,29,08,1500
1a27c5874f23a3e0d9a04777d91000fc8aaf648efdc5c306573d9fb69c397510,BB,서울,113,17,1400
ffad54f0090399ac7c3147aad89ff06c6e07f235acc642ddb9674f1a0628617e,AD,서울,165,22,1700
7fcd35e14c887b29aae264fe6cf06141d98afbfecdb5b8b811884c70b7db473a,AB,서울,141,10,1200
9d11f3cb7c4ed198075600ab070cd1875e0e648b1b63635cc8d5ba49539ab857,AC,서울,155,09,1800
9d11f3cb7c4ed198075600ab070cd1875e0e648b1b63635cc8d5ba49539ab857,AA,서울,147,19,1700
9d11f3cb7c4ed198075600ab070cd1875e0e648b1b63635cc8d5ba49539ab857,AA,서울,155,21,1700
9d11f3cb7c4ed198075600ab070cd1875e0e648b1b63635cc8d5ba49539ab857,AA,서울,164,23,3200
9d11f3cb7c4ed198075600ab070cd1875e0e648b1b63635cc8d5ba49539ab857,AA,서울,142,19,1700
7e9ec5d13e103e22676fcaa90decfca8bbfd9fd1b93ebab095bf09253a7507cf,AB,서울,30,18,2200
50037205a0dc17d644d6b60e6d91eeb916f31ea45597cc52b58ffaf6af7e0272,CA,서울,137,19,2000
61c00482bedfe42515833b1b958fe1b2ce1bd7052988ceb4664d96ff49668902,CC,서울,74,19,2000
cc6038476579e9e2313ca73449a8b9ef3984a672caee3dd6328e0355597b63f9,AD,서울,145,17,1700
cc6038476579e9e2313ca73449a8b9ef3984a672caee3dd6328e0355597b63f9,AD,서울,145,17,1700
f31a2ebff5d72309e4429b9223de471d0a67072c672c800d8c8c7e9b9a95b14e,AC,서울,53,13,1800
7cbd6f69b4d6d681f65341eecc9f4d40ba37f2b1cfec81b2a6bba8500e4f90c9,BA,경기,7,08,1200
c0559f4c6166b11cc71ec8c0cc4d5ff594f5521f79e6673fafe85335b35ca37b,AC,경기,58,23,1800
c0559f4c6166b11cc71ec8c0cc4d5ff594f5521f79e6673fafe85335b35ca37b,BB,경기,116,14,1400
c0559f4c6166b11cc71ec8c0cc4d5ff594f5521f79e6673fafe85335b35ca37b,CC,경기,159,15,2000
c0559f4c6166b11cc71ec8c0cc4d5ff594f5521f79e6673fafe85335b35ca37b,CC,경기,159,15,2000
a8b05af1b3931c546314842b626171c8498aa8dd374a81dfc05c73026c2ca779,BD,서울,172,23,1500
f361e7f29dc4f78dc6af428f62f3020cfcb4d75dc3e56ea5d0c3a0d4c0555f43,AD,서울,102,07,3200
87f8ea1e5c85b834cfc02af953b61f441e1258d1c515a5f88720f84dbe38459f,BD,서울,35,20,1500
cbe14d22588b4bac5b95e2f206c1c4c142d464e00fd032aad7811cac3419618c,AD,경기,113,16,1700
3ede67f95a66678987de74b24cdb1cc7501a6ba9fa830a134b0e8dca476b81c9,AA,서울,174,19,1700
3ede67f95a66678987de74b24cdb1cc7501a6ba9fa830a134b0e8dca476b81c9,AC,서울,123,16,5000
994ad6761141c07a35a27f3f415c707d0ff11bc63f5ccee541f75f963483eaa0,AA,경기,141,05,1700
7798deca2752aba4361724909670c33810665c3c594c1e56215ca65f902859fa,AD,서울,132,13,3200
e90bd0285a87261454e3a622f9c09e4cbe7c324d1fe6d1b9980aa977dc05645b,AD,경기,181,13,1700
3af0ab28f4d3e6b55b93f3317b3d045e987008e262d93f63ad92485ff67494a2,CD,서울,170,16,2000
47d32f7a679b07681ba49c1141ddc93018e808efefd3ac6106df8b054b9c947d,CD,서울,3,04,2000
47d32f7a679b07681ba49c1141ddc93018e808efefd3ac6106df8b054b9c947d,CC,서울,116,07,2000
ffe81ced7cb9d7e968352b6fd15883cbaf6b49b7f0a8095a47bece21c1f1758b,CB,부산,21,20,2000
ffe81ced7cb9d7e968352b6fd15883cbaf6b49b7f0a8095a47bece21c1f1758b,CB,부산,4,14,2000
ffe81ced7cb9d7e968352b6fd15883cbaf6b49b7f0a8095a47bece21c1f1758b,BD,부산,20,10,4100
c1c3b7c53c48947966e55dfcfa07f287c3cdebcee8212542cc5c55b5a5f8c211,CD,서울,92,16,2000
c1c3b7c53c48947966e55dfcfa07f287c3cdebcee8212542cc5c55b5a5f8c211,BA,서울,8,15,1200
c1c3b7c53c48947966e55dfcfa07f287c3cdebcee8212542cc5c55b5a5f8c211,BB,서울,64,15,1400
91a08c007648f5c6fd7956360abe925f6b55810203f0b074e87bc86e1b151311,AB,서울,150,21,38200
8af43fbc298d74dd6066df06d085b2245e5a6d75ff8aba99d2e8d1ce17780b61,CD,서울,3,21,2000
3bf0e8520de0ed1b640fd9962a99524353ad604a664b1ae2829938c217d224e1,CC,경기,158,02,2000
a2751744255d39a94ef7171d6d5d7e43662af2c3a2dad52831cd1014be8adc77,CD,부산,101,17,2000
d31c1766f234682cbfe4eca7cbbb9c846884b4a8a36e30f313d42cf2f9989260,CC,서울,37,16,3500
d31c1766f234682cbfe4eca7cbbb9c846884b4a8a36e30f313d42cf2f9989260,AD,서울,55,20,1700
ce7193d1e28b7bc5b0b42584ec4bf0ac992899ce191ec811c13ce2f2d06bb3b1,AD,부산,123,15,1700
18bf981c062766a9469bfbc2439dcc7269a1fc98c19324a5b481b692dac81524,CC,서울,69,12,2000
18bf981c062766a9469bfbc2439dcc7269a1fc98c19324a5b481b692dac81524,BC,서울,108,09,5000
18bf981c062766a9469bfbc2439dcc7269a1fc98c19324a5b481b692dac81524,BD,서울,100,08,4100
18bf981c062766a9469bfbc2439dcc7269a1fc98c19324a5b481b692dac81524,BB,서울,179,19,1400
18bf981c062766a9469bfbc2439dcc7269a1fc98c19324a5b481b692dac81524,BB,서울,154,08,1400
18bf981c062766a9469bfbc2439dcc7269a1fc98c19324a5b481b692dac81524,BB,서울,115,09,1400
18bf981c062766a9469bfbc2439dcc7269a1fc98c19324a5b481b692dac81524,BB,서울,45,12,1400
18bf981c062766a9469bfbc2439dcc7269a1fc98c19324a5b481b692dac81524,CC,서울,173,18,2000
634ae859787d57b1ddb9be25ecd106b36d965abfa49efc1ec2e9ed00fbb4833f,CD,서울,16,11,2000
634ae859787d57b1ddb9be25ecd106b36d965abfa49efc1ec2e9ed00fbb4833f,CD,서울,101,14,3500
6422a035fd6dcdf265d9825ad4adacce1c1ba5aeca6193e4e4d8f377d2775e27,AA,서울,148,18,3200
86b1b23a440c67652e9999692f310c365beeea9abb9708ecea98a87616c70c6a,CC,경기,100,18,3500
86b1b23a440c67652e9999692f310c365beeea9abb9708ecea98a87616c70c6a,CA,경기,119,19,2000
86b1b23a440c67652e9999692f310c365beeea9abb9708ecea98a87616c70c6a,BD,경기,105,18,1500
86b1b23a440c67652e9999692f310c365beeea9abb9708ecea98a87616c70c6a,AD,경기,107,17,3200
e67d48f97b9288240a9df93ab8437ed98788180eba28d3bd1c1f4e400051beb5,AD,서울,79,21,1700
62616a13de39fc8c95fc7966b800a7fa9fdf0937b3b41f88a2f67f1c68afa03f,AC,서울,130,18,1800
333b429f36542d9de3e4c543cf94c4309cde3b1c754a5472b4f50bd7fffb6364,CA,서울,29,23,2000
3fb76dd898fde530e33a2a136f20cd8f9dfe4a8c840a7c4fc7a8a21f3eb2e5a5,BA,서울,156,09,1200
3fb76dd898fde530e33a2a136f20cd8f9dfe4a8c840a7c4fc7a8a21f3eb2e5a5,CD,서울,87,11,2000
3fb76dd898fde530e33a2a136f20cd8f9dfe4a8c840a7c4fc7a8a21f3eb2e5a5,AD,서울,81,12,3200
15c2f5fb2702a7385bca83e91e041ff79736cee5b9bce934bb35d584ca4564e4,BA,서울,179,09,1200
15c2f5fb2702a7385bca83e91e041ff79736cee5b9bce934bb35d584ca4564e4,BA,경기,38,19,1200
a205afedf257ab002173512fbf4670c73b5c3906a4342d5ac8724789b2fc818e,CC,부산,32,22,2000
a205afedf257ab002173512fbf4670c73b5c3906a4342d5ac8724789b2fc818e,CC,부산,69,21,2000
7629c58db1d5b2fa52b4892cd4b9df4e5e5ccd88300d22f6f84129f88ff3573a,AC,서울,158,00,1800
d5107c928335c44054d28cdabbeb560f19317efa4352ed79cf12621d209a4136,BD,서울,102,19,1500
25ac54810e1435fca706428cc62fea103e1996edc19f7a55b1c526867f69e48d,BB,경기,121,23,2600
25ac54810e1435fca706428cc62fea103e1996edc19f7a55b1c526867f69e48d,AD,경기,152,00,3200
0ba46df661a2e8ed18d61cc0a33a4fd87c77912b2fa8b8812b864e660d0540ce,CA,부산,38,23,2000
55f7113be927b373dee4ad6244db2a2957ad33555147bc18042563a09d5ec3a0,AC,서울,39,20,6600
6e39ac837267a744c99f9a6399667fa933ec15a7050aa71039e39c3679ea3998,CD,서울,11,23,5000
cf9e3297a24abf0059ac4bcc6d77ef3e4e3bbad07bc0acfb86a69846baafa480,AC,서울,59,15,1800
6f9e3417caa9d7069fe8f74e0fc59fb27d99211300424980195c6786ea4ecc87,CC,서울,78,10,3500
a69d4c2307e3fdf6f966afbe5f5873f8b9319027c418c79b4ef02b0852a1c5cc,BD,경기,11,15,4100
49df3be0ef7554524ff72bc7ffe81e0eff5365c0e0a741e198150788e1a21a3b,BA,서울,176,20,1200
c669fe0d8b1ac02865e0c25901deecdc5f7f75648aa3a997ece1bcab37aa27db,AC,부산,22,18,48200
6a6a6ee15bc5eb87372d6e933fe6dea601e7bb77d9069a641c36df394da538f8,BB,부산,91,08,3800
ebd338afc43016c898c2fd930c06ed4f961ecddc73619ddbc1db5d51f80a5156,CC,경기,62,20,2000
6063c9479291923ca799dc2f8848696f589e90e2bfaa80706a4bcaae1cc28d60,CA,경기,133,16,2000
6063c9479291923ca799dc2f8848696f589e90e2bfaa80706a4bcaae1cc28d60,AD,경기,107,17,3200
27a50e2b999eef3fb6973bc9337bb218847936706892af750e13de41743827f1,CC,서울,103,08,8000
1d39059f8a72bbe4a56d3d7ad400e1284737345dd61c6b73f335c417b45b57c7,AB,서울,181,19,3200
ce76234bb86e3fa30d263fe0b50abdcbb35732646e170f954a4e2381f87f8619,BD,서울,90,22,2800
7125fc0be212d8484e8f9a89fa9a573faa611014fc00d45b24ac6f3a6bb062c0,AD,부산,96,21,1700
4a9bba760ad641ff4c58d3007c5f621b6d60e33f33fe17a4f2977bd51c344bd5,BA,서울,152,18,2200
3660bd5fa468f83de397bdbd40c83f188949fd0af10394fa30e5b8c5d18c4919,AB,경기,43,05,2200
c05dfc8f022f69b0bf8f9688cbd69aec946fe38bfffc53245a2bd1ae4e12337b,BD,서울,100,00,1500
9455efae5c281b9bd9eed26e7825c6253774962aef98b445232ede235e8bfcfe,AC,서울,67,15,1800
ddaa8fcb55732c3abd50ef33e635cde4d1ca8937ab82a06b046dcc56be4fe9d6,CB,서울,53,20,2000
5d666848bdeedc3fcf7db6bf6c8322c9aa486b05f097aca6f6aa1233712402f5,CA,서울,100,22,2000
83763b6220443200a95b898531459e28833de9d19508c863884b7f34218691d8,CD,부산,85,21,2000
236f620e45d1d3c400213d480cfbd980cd8e5691ead0fd852da4d7c5c4ca593d,CD,서울,9,17,2000
236f620e45d1d3c400213d480cfbd980cd8e5691ead0fd852da4d7c5c4ca593d,AD,서울,147,21,3200
6677f064dca9bb825a43706d71ba81698e735b730d80cc445bdfb22fc19e3ecc,BA,서울,54,15,1200
52d1b47feddad36194ea2ffc0f3fc33fed41229d1933ec26d52118c053fa54db,CB,서울,106,21,2000
52d1b47feddad36194ea2ffc0f3fc33fed41229d1933ec26d52118c053fa54db,AC,서울,36,21,3400
7651b8f17b7ae3fd25ceb07ff91f22a5086fd529d6ea670c64857d438607538c,CA,부산,148,14,2000
7461cc5c08474b3251e9781bcf6a19ea7060483a5dd3fd91d9dfd1e84debd388,BA,서울,177,19,1200
75b5fe6748d223e9076d67d639961ad222f24091e81e541dc2a003a77d91ed46,BD,경기,31,16,1500
75b5fe6748d223e9076d67d639961ad222f24091e81e541dc2a003a77d91ed46,BB,경기,159,13,1400
e21441e62093b7cf7b5dbe29c64e076c219346a764114703df81ac52137c1cd9,AC,서울,138,21,1800
b2416aea4480ff28c20a3174bc3342d07de2349b934bd11e9333c2a1cb050477,AC,서울,149,20,1800
9a4c4bba929e0be0f44941c0aea9e5172df2c804e01d96f6c711c2cb4bd36201,BC,서울,37,09,5000
b89f5710c9e0ce57370662cdccab9ae45bd4f55b5e736d21403258c6cecc01cf,AB,부산,106,00,6200
b89f5710c9e0ce57370662cdccab9ae45bd4f55b5e736d21403258c6cecc01cf,AB,부산,39,18,4200
ca20d55041a5099b6f4f5eeb8cf4b1cf4afd42383dc09edeea960055f0bdcbe2,AA,서울,173,21,1700
6f2751e694456aa69f5bc093a7c0f29edd87af7670ebedacb859d1ac01a1b8d0,AD,경기,146,16,3200
5aa38edb8dec86f37bfdd58c034b976c53786ad5315cfe538f37c74544930fdf,AC,서울,3,00,1800
d373cdc20c7b4fb67763754abbee23536f1342f111d80f7bc5a212aedb1c9a79,AD,서울,167,17,3200
df04640f454e596207b04d4dfeec55e0685260587a2f72002b216131ac8b7fba,AD,경기,106,14,3200
850cbb8440c5a19cf987673806784ff3ef04ebcecc3bb624a60f47a5d8b547ae,CC,경기,72,18,3500
850cbb8440c5a19cf987673806784ff3ef04ebcecc3bb624a60f47a5d8b547ae,AC,경기,156,20,1800
346fbb2638c216410a0ae69f72010ce892b54808c65156806be52b55f6aca34a,BB,경기,61,19,1400
5d32d9e8071e9cec6894f8c371433980db32fdbfc1a5601c0c36f7311e673422,AD,서울,169,13,3200
06049f9c3aacb580344383e1b87e808ac2e6e368ba4d531658fc8f00bb6fa0bb,AC,서울,26,20,3400
1a398f417260f6b9321fb7e930cc3bd92ed8658c78613c31c7dc838cb26c262a,CB,서울,22,19,2000
67421fc3625f252eb1e1917788e413a52b6693b3755b910e0daeef6730dd0151,CB,서울,59,15,2000
9c85954e0ea9cbdbc3da4257cef8851eca1c393608bbfa794442530cb3f7ce49,CB,서울,52,11,2000
d61c030b6090d61faeeff5284bf24b33e9e4f0a2d85d040e0c6d08291c1385fd,BA,부산,13,04,1200
94f8b25329bd5c4668694108f7fbe067cc4333ed2b39ea684d6e13ef692a1c25,BA,경기,172,15,1200
94f8b25329bd5c4668694108f7fbe067cc4333ed2b39ea684d6e13ef692a1c25,BA,경기,181,01,1200
94f8b25329bd5c4668694108f7fbe067cc4333ed2b39ea684d6e13ef692a1c25,BA,경기,103,16,1200
94f8b25329bd5c4668694108f7fbe067cc4333ed2b39ea684d6e13ef692a1c25,BA,경기,75,20,1200
46db6dcc928bed4cac299bf53a9c5f203313e87b1a4860c1f0798b5d8b7bb6ea,BB,부산,166,12,1400
9c973646a1aa4088051db7bcf9c84b09d0af00fe011dbc2a1c97fe2292424d22,CC,서울,98,03,2000
5cca0d113566502d0340a6d47ed216b6e120b1dad80d86acc31e0ef7565dbfbe,CC,서울,163,03,9500
5cca0d113566502d0340a6d47ed216b6e120b1dad80d86acc31e0ef7565dbfbe,CB,서울,68,23,2000
3339ea4afbf18dc2b939261a24182a9e56f1347d2d985891c93ae9afac4ac45c,AC,부산,23,16,1800
a2848133fa04567651c65cf3e2499da50d0bc4f99dfa02bc1f1b546334e188cd,CA,서울,23,23,2000
9e914f15b5416d11b6a73e02aeaf11a70b9e25d4f5edb9dd03012043cbb053d7,AC,서울,43,12,1800
fe7e42f38c3200d34f718b9f9643862fd31c4c629da846e3b3e37cd2b047eb0d,CC,서울,168,13,2000
6f5acc3ebccda19089382c81fc573c33029977788daf5f2c1af3f10b2c8f10ba,CA,서울,155,10,2000
6f5acc3ebccda19089382c81fc573c33029977788daf5f2c1af3f10b2c8f10ba,BA,서울,133,07,1200
6f5acc3ebccda19089382c81fc573c33029977788daf5f2c1af3f10b2c8f10ba,BA,서울,67,13,1200
6f5acc3ebccda19089382c81fc573c33029977788daf5f2c1af3f10b2c8f10ba,BB,서울,11,11,1400
6f5acc3ebccda19089382c81fc573c33029977788daf5f2c1af3f10b2c8f10ba,CD,서울,30,14,2000
6f5acc3ebccda19089382c81fc573c33029977788daf5f2c1af3f10b2c8f10ba,BA,서울,35,08,1200
f1ab0a60d87001c2246e2b8829b06a63683c6744ae98b5d30db509980067acc8,CC,서울,65,20,6500
160077f87bdd376673386c5fb0e4f7920d6e0e70688a1df7f900d1b0d7df6855,BD,서울,66,22,1500
160077f87bdd376673386c5fb0e4f7920d6e0e70688a1df7f900d1b0d7df6855,CA,서울,53,14,3500
e3bca95967f2b9ccdaa7302f4740f5a9f2e1ad26c633c483f2d945d28c2fdcb5,CB,서울,41,15,15500
f11566aefe28040eb8baf7b3541217d09b30f4c1682e168be8f881864788c626,BA,서울,126,09,1200
715b423094710dd8b81e840382e76717bbd92ad7220b94113d3729475c2e4d91,BB,서울,28,09,1400
715b423094710dd8b81e840382e76717bbd92ad7220b94113d3729475c2e4d91,BB,서울,33,10,1400
715b423094710dd8b81e840382e76717bbd92ad7220b94113d3729475c2e4d91,BA,서울,28,11,1200
715b423094710dd8b81e840382e76717bbd92ad7220b94113d3729475c2e4d91,AB,서울,174,10,2200
715b423094710dd8b81e840382e76717bbd92ad7220b94113d3729475c2e4d91,CD,서울,140,15,2000
715b423094710dd8b81e840382e76717bbd92ad7220b94113d3729475c2e4d91,AD,서울,52,08,4700
715b423094710dd8b81e840382e76717bbd92ad7220b94113d3729475c2e4d91,AD,서울,58,17,4700
ed273f48cc890ffda7cdba33c4f465d08efc9ba9fcba71d68e36f4a21696d764,BB,서울,14,07,1400
ed273f48cc890ffda7cdba33c4f465d08efc9ba9fcba71d68e36f4a21696d764,BB,서울,12,19,1400
ed273f48cc890ffda7cdba33c4f465d08efc9ba9fcba71d68e36f4a21696d764,BD,서울,53,21,1500
2b68b8138ced680372cd60b10665e596a63ef63ea7f087d838ed25e7abc57b54,BB,경기,152,14,1400
2b68b8138ced680372cd60b10665e596a63ef63ea7f087d838ed25e7abc57b54,CC,경기,83,20,3500
2b68b8138ced680372cd60b10665e596a63ef63ea7f087d838ed25e7abc57b54,AA,경기,55,20,1700
2b68b8138ced680372cd60b10665e596a63ef63ea7f087d838ed25e7abc57b54,CB,경기,4,07,2000
2b68b8138ced680372cd60b10665e596a63ef63ea7f087d838ed25e7abc57b54,CD,경기,143,17,3500
846fd167b487228d680355053648fb09186a534d73bad27748f47b345c4d57b2,CD,경기,60,19,2000
af4b09efc7e7081d3e0f67907a068b54064d13756042a385cdfb4817da38a9fc,CC,서울,105,18,3500
9957581b9b5ffeb0db94a679b3e309690544238eb55dab36a8c92dece22ace1e,BB,경기,48,13,1400
8693aa125554ac0dba059937bea0dc82ba4b1011a22fc2c0018f8a00344d1466,BB,경기,88,15,3800
c0e614eb32a939ac9613cd82cbcf2036dfb996643435613164a8532970b8790c,CC,서울,113,20,6500
c9e0fbd3e2860a5293ba1e8a09673afaa99799a60a659a12e900cba2d66c51ab,AD,경기,180,16,3200
ed2907ccbb96cee0aba3165a1ca4004ffe5bf460e8fa09c16413f24cf5113b83,CC,경기,134,11,5000
7e1555044e15981053ef06ba63a2b1248b85ea5132f044315bca295cb6bf466c,CC,경기,15,21,2000
6fbde2738b2c84986ad7157d1e5b0b40cf61626d2416f5f4f5dd2e320576b80d,CD,서울,7,03,5000
85a8f962b790280293244de6cccd4075626c76ad353555cce8d5d8f7fb9ea77a,BD,부산,34,12,1500
7d206b372f0e87ce47feb9a8898669d7979ec02d6cfb519fa502acc540b32c83,CD,부산,56,09,5000
54fd19c65dc889db0a3ffeffe67d105667d560fcc2aafc01445a239f6c0b8157,BC,서울,124,16,1800
d546dc1e400660895a3b2edee70ac85fcd43a959793f7db55a876adce5ab9474,AD,서울,126,13,3200
a45fd55815ccdc8ee38c2fe58a21d7448cdb0fa05342bb5b71c84015fb74ad33,CA,경기,180,13,2000
f8f2f6e54a62bcf287a997d9ed21f893dd61ba3bc74a4641e585000b358b7400,BD,경기,41,09,1500
9d61a9789379a255d6b95b751eb9806d6061e6b7622ec97dfe563b0da5cc6937,AC,서울,117,01,1800
6bece4888e24d5bfb2f6254644e1e3c7152f8e368d946b50a4aaf1e0c5d999e1,BB,서울,127,19,1400
df7337d56b5b16b4eb6ab6af4fcaea8e74f373ed7c1a6a7290a1c47e2c234a5d,CC,서울,66,23,6500
7e3a353aa8600d63b2948ee56e66c93d6f731545ea049dfe809cfc1b882ab07b,CD,서울,4,01,2000
1b45c97a7287226f6767782d554773b3c99eaa2c85d933a763f9bc6cdc6e12a1,AC,서울,157,16,1800
0876fc1ba1b86b400bedd1e51670ec1c78e5eb337af36ff5b1fe22bd5feb7758,BA,부산,170,08,1200
0876fc1ba1b86b400bedd1e51670ec1c78e5eb337af36ff5b1fe22bd5feb7758,AD,부산,59,11,1700
0876fc1ba1b86b400bedd1e51670ec1c78e5eb337af36ff5b1fe22bd5feb7758,BB,부산,113,11,1400
0876fc1ba1b86b400bedd1e51670ec1c78e5eb337af36ff5b1fe22bd5feb7758,BB,부산,56,14,1400
0876fc1ba1b86b400bedd1e51670ec1c78e5eb337af36ff5b1fe22bd5feb7758,AC,부산,33,17,3400
0876fc1ba1b86b400bedd1e51670ec1c78e5eb337af36ff5b1fe22bd5feb7758,BC,부산,155,09,6600
0876fc1ba1b86b400bedd1e51670ec1c78e5eb337af36ff5b1fe22bd5feb7758,BD,부산,85,09,1500
0876fc1ba1b86b400bedd1e51670ec1c78e5eb337af36ff5b1fe22bd5feb7758,BB,부산,24,13,1400
0876fc1ba1b86b400bedd1e51670ec1c78e5eb337af36ff5b1fe22bd5feb7758,BB,부산,61,13,1400
caa0ad193206b2ea2ffb96f6023b49c53e37319d4d8122d1429d09c609fbb36d,BD,서울,163,13,4100
6a6b3377903b723489a4676a81a9924041e62d6e9a777f3798ff397e54537a8e,CD,경기,104,01,2000
d4f310646f0b15bce3e34be86cab80236a51a6a35b2ed080783384b86bb2415c,CD,서울,98,20,2000
9cc54d772040f0e45d4f5aad677008a36158091d382c5983140326b7688a028b,BA,서울,136,07,1200
5881b77d7b9f031f8f24e0a8e3d8e7a92157bb1a2479c06698e38cca367f12da,BA,경기,50,01,1200
5881b77d7b9f031f8f24e0a8e3d8e7a92157bb1a2479c06698e38cca367f12da,BA,경기,170,23,1200
ff8f93b6ab5293736c93bca7284abd1ad934dd4aa287930ae3c4619fb94f28fa,CD,경기,10,19,3500
6305e75d19fdedf84b246821e4fb204cfa7140efd86e0147a16d52dba0eeb95f,AC,부산,24,15,3400
97e437e8ce879a9c80d81caaa4c2321a510ffec6632910d568dbb587ba29af23,BB,경기,26,20,1400
dc3ffa99b92268acec35a8cfb28c5629391bf537027c3c4c4d99a3e8b8cdfd0d,CD,서울,63,21,2000
68d80738d16c26d0e6748561a78bb7c7d262f89387b10c6de619afdfdffff089,BD,서울,11,07,1500
57c1379c7c108dbe2b07b6c75427cc5d74723cdae95d3a56c20eada8b7d8f4f9,CD,부산,92,20,3500
3de53ae6b073e456550b7748b4ff86e8192bf7421b64e7fa5593ddbbf9361aba,CD,서울,98,14,3500
3de53ae6b073e456550b7748b4ff86e8192bf7421b64e7fa5593ddbbf9361aba,BB,서울,86,13,3800
3de53ae6b073e456550b7748b4ff86e8192bf7421b64e7fa5593ddbbf9361aba,BD,서울,166,16,1500
c21266b2b84ae303fac2099e1cfba5be9969ea31150a2da3ecac8c75793349e0,CD,서울,4,17,3500
ff0ea1adae7b83e658e8e0210d6c4bd943592fece7a3a6d63e0b75b0b3ee7919,CA,부산,59,20,2000
bc804cb711c6e698d55d4acb3628576e58a3d8dd408ed4b2222dc29928510741,AD,경기,85,09,3200
66f20c2a8ca5891b7692399895cbf6ed44a764818bca7daf3adab2210449a761,CC,서울,92,12,2000
66f20c2a8ca5891b7692399895cbf6ed44a764818bca7daf3adab2210449a761,CA,서울,28,11,2000
66f20c2a8ca5891b7692399895cbf6ed44a764818bca7daf3adab2210449a761,CA,서울,178,10,2000
66f20c2a8ca5891b7692399895cbf6ed44a764818bca7daf3adab2210449a761,BB,서울,37,08,1400
66f20c2a8ca5891b7692399895cbf6ed44a764818bca7daf3adab2210449a761,BB,서울,63,09,1400
66f20c2a8ca5891b7692399895cbf6ed44a764818bca7daf3adab2210449a761,BB,서울,71,08,1400
66f20c2a8ca5891b7692399895cbf6ed44a764818bca7daf3adab2210449a761,BB,서울,61,08,1400
66f20c2a8ca5891b7692399895cbf6ed44a764818bca7daf3adab2210449a761,CD,서울,100,08,2000
66f20c2a8ca5891b7692399895cbf6ed44a764818bca7daf3adab2210449a761,BB,서울,55,08,1400
66f20c2a8ca5891b7692399895cbf6ed44a764818bca7daf3adab2210449a761,BB,서울,86,09,3800
66f20c2a8ca5891b7692399895cbf6ed44a764818bca7daf3adab2210449a761,CD,서울,149,09,2000
07b7cafbd8175ade75272ccbd938c31218aa542dfc0b176da198ebd52d0c4a65,AC,서울,116,17,5000
55ed3ef4b567cb8c26cb76cbd378b03f686f5876e97e1acea8841d6f3368a342,CA,서울,104,20,2000
1ce9d57852bf27e66a936dee15fc87d3278a759d39384e23dc37bf19efed85de,AB,부산,98,03,6200
1ce9d57852bf27e66a936dee15fc87d3278a759d39384e23dc37bf19efed85de,BB,부산,67,04,1400
cdfb4a7889d09f76df4338401b6860888131d422f965ce6226e00ccaaa94a26c,AD,부산,38,20,1700
268cbd4142654922a3f55f60bd0d231146c45bc751bc3216cc90b698a8dc9a9b,BA,서울,156,12,1200
0b7273ef243b2eee026101b0e1703bfec42188fcdb2dc72643094206e20c6cbe,BD,서울,21,18,8000
675db40b9245d36276f9b122d3720257cff1c0ede836544f93694919d8eb9cd1,AD,서울,172,14,3200
72233a494adb4b17ff55ff4c6ff1aaa5c2d7e57e4c224d8bfc84449dc0ef2953,CC,서울,40,19,3500
72233a494adb4b17ff55ff4c6ff1aaa5c2d7e57e4c224d8bfc84449dc0ef2953,CD,서울,124,06,2000
6e94b43c8c287a4dc0caabc0a0b888fbb7f131999530daae7d92f16e0a8c745a,BB,경기,105,21,1400
d295bd3015f073d26c81b5b00b5ce8e26ec67208eae956d57c9e28db316dae06,BB,경기,159,12,1400
a50b1376fa96b66f6a8bf1881896f51ba626de661414b6c447cb46f2b46270bd,BD,경기,164,14,1500
fa198057c926073e141291dbb9b9a3fd1124c68d061b6b5d901d20f0d6a58eee,CD,서울,151,23,3500
6b070c1e23b9890632a230741f958b8a7ee53a81879bb38ac1e8e1246397c204,BB,서울,129,10,1400
5cd6759d7878023acce127a8b24cec474dec615e3562af4b5adf3c2fe97ded69,AB,서울,160,18,4200
c93e8c4690c78577f166e5f3f486fe7eb612d244ed60d29ad153b26fdfd58ab7,BB,부산,61,18,2600
0ad8540f2884e1ce2e87a27779f07434e432c73af4f67e9199f88d67e2ad29e0,CD,경기,125,17,2000
0ad8540f2884e1ce2e87a27779f07434e432c73af4f67e9199f88d67e2ad29e0,CD,경기,158,15,3500
0ad8540f2884e1ce2e87a27779f07434e432c73af4f67e9199f88d67e2ad29e0,CC,경기,115,08,3500
0ad8540f2884e1ce2e87a27779f07434e432c73af4f67e9199f88d67e2ad29e0,BB,경기,133,13,2600
75f1506dce27c6613f9be12decbf70bf3128dbcf39f15997bc28addadaf962b7,BC,부산,22,18,5000
75f1506dce27c6613f9be12decbf70bf3128dbcf39f15997bc28addadaf962b7,CD,부산,4,22,6500
ea36e9e71a25fcbeeb61dd1d3ca357c6d9669b416987702549a544390398c32c,BD,부산,120,21,4100
3562df7b7e5d0e8457af9ac28caecef91c74c77f11ef66fbc2ca2c47e4910865,AB,서울,171,22,2200
99e63e90fd09dca1a32ecf5264e966193b592a06c44f9a0b05b9e8d3da9ce59a,BA,서울,8,14,1200
85fdd56095c4d24c8fa899d13c7fc3b045f8134676d4b4242647df6f283909f2,BA,부산,179,10,1200
6757699b6aa0e2ad64b2ec3f5623d0bdae66fc26d9ef798bfc61d9690e1bd563,BA,경기,119,00,1200
6757699b6aa0e2ad64b2ec3f5623d0bdae66fc26d9ef798bfc61d9690e1bd563,BA,경기,83,22,1200
d593965adab4f77767ea1ef8f97ce6d6fe08d32738ad5866129614e69760d018,AA,서울,152,17,1700
6923de780a2b9196c24d402ec0c6a3d5f5377fdea7c15375a2d66984be4a46b6,AC,서울,48,20,1800
f99f7b434ecab1d9560169216dceb4fc4d55d5786eac51da361fd18189f99326,CC,경기,113,01,5000
d84588a5db9f697dc2674ab6a1cfb4a60015e89121ba10dd6989aae26e01c6d5,CC,서울,59,12,3500
f7d8ee3f040d4173291f8e3bf3412022302bb1847416bc725b8df55cdf25a9fe,AC,서울,154,17,1800
7fede6d1a1bbe2842e95fabf65342acd6fb347d42c50ab871d1177e6bb82c0ea,BA,경기,162,07,1200
e5942914edd7c03cc453ea06a4d2df9b6eebff66273191d23fa28ab27aa599b9,CC,경기,104,16,5000
8ad489e82bbce5a623de45c629704ba556951494fae32c104fe7f768eaa400c3,CA,서울,123,13,3500
fdb2cf1d447b465150706f0f1e1e120639278229aeda84e60077e66183727917,AB,서울,111,18,22200
566615cac06ac7aab0ac8bbc75df1c84062a1ef848f7bf177f06e76b3f828047,BB,서울,148,06,1400
6acaf1847f010bfa7dfdf5b20891f20288d3a470d887846ce38387977bf8140d,BB,경기,144,15,1400
c3c84882fb10637cdee662ce0c1af6a41b63b5f6667ae71442fa4eecfc6e1f9b,CB,경기,110,08,2000
32f90348525975549b2f6d99c349d5aa1d879e67a36ff40d4c249d232a24845f,AD,서울,108,10,6200
32f90348525975549b2f6d99c349d5aa1d879e67a36ff40d4c249d232a24845f,BA,서울,32,23,1200
32f90348525975549b2f6d99c349d5aa1d879e67a36ff40d4c249d232a24845f,BA,서울,174,21,2200
4921834d1f1d7067c906980903da2e28711f42cca5ba917f2d3301fb1bbeb837,BD,서울,19,17,1500
46f0fda29e5d4773874fe93f00015eee371a96bc3c52126abc3d7f9afb3d8c13,BA,경기,7,12,1200
1d35647e2314fd11e9ddbb0a4f3508d8a9ae2dbc7f3b1aaa1b88126b0263dfd6,CC,서울,63,02,2000
1d35647e2314fd11e9ddbb0a4f3508d8a9ae2dbc7f3b1aaa1b88126b0263dfd6,BA,서울,173,01,1200
1d35647e2314fd11e9ddbb0a4f3508d8a9ae2dbc7f3b1aaa1b88126b0263dfd6,BB,서울,126,09,1400
1d35647e2314fd11e9ddbb0a4f3508d8a9ae2dbc7f3b1aaa1b88126b0263dfd6,BB,서울,111,06,1400
58b6a9053fed67842c61e90dc07158ab464dfb8e17d2b0dc8ee639c36c7cc75f,BA,경기,70,13,1200
ed8b05896cc09dbcb331889ffa1ac4c30a0cb1d6eae4f8db4e99b9f9b77d4fa9,AC,서울,159,13,1800
db8d7c874dd31bcc9807af6074a34502bf6b497bfb6cd3f89e9f0336bfc045f6,CC,서울,101,22,2000
a32687da2e303b739b665e2a9969727bef5ce284b67a557df0bcaf9085ce8534,BB,부산,51,12,1400
a32687da2e303b739b665e2a9969727bef5ce284b67a557df0bcaf9085ce8534,BB,부산,63,11,1400
a32687da2e303b739b665e2a9969727bef5ce284b67a557df0bcaf9085ce8534,CD,부산,6,13,2000
a32687da2e303b739b665e2a9969727bef5ce284b67a557df0bcaf9085ce8534,BA,부산,59,12,1200
a32687da2e303b739b665e2a9969727bef5ce284b67a557df0bcaf9085ce8534,CD,부산,71,11,2000
a32687da2e303b739b665e2a9969727bef5ce284b67a557df0bcaf9085ce8534,BB,부산,117,12,1400
a32687da2e303b739b665e2a9969727bef5ce284b67a557df0bcaf9085ce8534,CD,부산,162,16,2000
9400062d6a8c59bdff5b499756fa8cf81ec7b3a4f8d7fd6deb9ca319f9e6f901,CC,경기,73,14,3500
c5119df9405aba3d5ab71531cdc445cffd0df0a855dcc57cef2bc04baddb1801,CD,부산,108,19,8000
d3f3af564ad4d2512af6a58bb089489be92d65984be2d952ac52e0445769a851,AD,서울,94,14,1700
e17928690fdd710521909f70db4848a674cfe068cb594b90544b775ef228e95a,CA,서울,143,19,2000
d2748ebc2b625a316bd1ed333c6c0d9bb4db4729ecbdf42f8b3e2dd3ccc0dea8,BB,경기,125,15,1400
3cb0d44b32e55bc4d64d807e0c33646f78ab6ca9c9c0ed09c03f21dd0be1673a,BA,서울,177,08,1200
3cb0d44b32e55bc4d64d807e0c33646f78ab6ca9c9c0ed09c03f21dd0be1673a,CB,서울,110,15,2000
3cb0d44b32e55bc4d64d807e0c33646f78ab6ca9c9c0ed09c03f21dd0be1673a,BA,서울,80,23,1200
3cb0d44b32e55bc4d64d807e0c33646f78ab6ca9c9c0ed09c03f21dd0be1673a,CC,서울,125,13,6500
3cb0d44b32e55bc4d64d807e0c33646f78ab6ca9c9c0ed09c03f21dd0be1673a,BD,서울,65,13,1500
08adce9fa4fbd6641068fa10d4f2f9b10b17972c546758b28e440cc5337751a0,BB,경기,141,22,2600
9f5fb4f5d47bbbecf0c4f9cc49cc6f779e1a5b3b09b4dba85f5222695db5c32d,BA,서울,146,07,1200
395e1bb6e93dbd9e156fde6fc340bb0733b515c1d5aab1f79253a82524349da2,BB,서울,87,13,3800
0ba9f13ab9934e99c2d045b22957086955e6747e9c0979a2174c0beea9af940f,CD,서울,180,16,2000
9daea28a3783ce91bc093cdd926568d7311df966555242912212f11b7a768005,BA,서울,31,09,2200
8a36041f17786f34e7380afdc2e4f20077d4752a18b882b599dfed854ba96405,AC,서울,88,15,1800
545d331cb3c55aaa68e03f814db473d68e7299e689b2c46292d384fa48d0ba39,BB,서울,104,10,1400
b67f076b52769545c1fb54ce52d328c90ec1c0d99fb2a144b18b3f01c6496686,CA,서울,123,15,2000
f7fb4b94c93a49f5697493af46c4a31eb68271568dd4c5f3fcab1bc2526799b4,AC,서울,49,16,3400
e1a906245b68cfb1de86166a05511f1555c82a12c38eb16c412d66cdf6757711,CC,경기,125,12,2000
cd8d111c70aac7884d1eda3cb39b2a033e5a84317cbd7f3fb14f9dee46685493,AD,서울,37,19,1700
8c4a3cbdaca818a72150b0923238a657f0df27cdc8445ec15c0fb5a44a87b5df,CA,경기,129,09,2000
8c13803c73cd7d545532cd58eac27b5d608bbdaf7667b6dc89e9e4844f3b07d2,CA,서울,175,20,2000
e210d5a706c57489130dfab01e0557a666bb986f2169cc396974845848085b88,CD,부산,78,15,5000
e210d5a706c57489130dfab01e0557a666bb986f2169cc396974845848085b88,CD,부산,82,08,2000
e210d5a706c57489130dfab01e0557a666bb986f2169cc396974845848085b88,BA,부산,63,08,1200
e210d5a706c57489130dfab01e0557a666bb986f2169cc396974845848085b88,CC,부산,140,07,6500
e210d5a706c57489130dfab01e0557a666bb986f2169cc396974845848085b88,BD,부산,119,14,4100
e210d5a706c57489130dfab01e0557a666bb986f2169cc396974845848085b88,CA,부산,34,11,3500
e210d5a706c57489130dfab01e0557a666bb986f2169cc396974845848085b88,BD,부산,91,01,1500
e210d5a706c57489130dfab01e0557a666bb986f2169cc396974845848085b88,BD,부산,91,16,4100
e210d5a706c57489130dfab01e0557a666bb986f2169cc396974845848085b88,BB,부산,135,12,1400
e210d5a706c57489130dfab01e0557a666bb986f2169cc396974845848085b88,AB,부산,152,09,2200
e210d5a706c57489130dfab01e0557a666bb986f2169cc396974845848085b88,BA,부산,169,12,1200
e210d5a706c57489130dfab01e0557a666bb986f2169cc396974845848085b88,BB,부산,127,15,1400
f73b9fc63e451b3f63deea4224013aaf7909724ccc7976f177ef13e2b66203ec,CA,부산,77,16,2000
289f955fb0e0b718394e8ee668a657c03ad1fc957d404eef36701a3e4b528b0d,CC,경기,73,14,3500
289f955fb0e0b718394e8ee668a657c03ad1fc957d404eef36701a3e4b528b0d,CC,경기,170,12,5000
928e1a001f9a8c0a9bdcac30cb59250cbe894bc2b6ef72f2b4494e3ad4b8c4d5,CD,서울,163,22,2000
928e1a001f9a8c0a9bdcac30cb59250cbe894bc2b6ef72f2b4494e3ad4b8c4d5,AD,서울,88,22,1700
5e0fbb2b7656d590eeab6df4c3826a6de3e1c58e1fde6db3aaabb09a3bedf394,CA,서울,182,19,3500
58b3d6cf56e0bf30d355959903f7fc21570d4d841838c908b569d74e9acccec1,CA,경기,180,09,3500
4229df25430a70eda9d1cc114dfa8d6652bdb60eaa767b3007721d53f5e73c5c,AD,경기,44,12,1700
5b292d33a11b87373bfdaa8d58dc26f984bdfb19737d817a08640b51e5c5973e,CC,부산,176,20,2000
3cfb138d24b9b6b346e52dc10ff52e2d2a519689276afbdfc09ea357affc2387,BD,서울,85,23,1500
557005e3393a28859d1877cbad7a6b41c9a459e906139bea04ce8e43ecef69a8,CA,경기,81,19,2000
3d05e3338dd66c3dfe18dee1b63dce591240906a9b262554017e5aee296d2c85,CA,서울,82,01,2000
66856dbd494300ae77e03d691eb869a3ac97b399112b71a42e07b821d284c5a0,CA,서울,18,23,2000
ce97092c7faabf3c5b1ce5090c6501bf9dae1ba756a794226a23399153cb33cb,BB,서울,132,23,1400
da0191984e141d1af9c238fe43a142143f0a1759b6a027487077e72087485f40,AC,서울,161,15,3400
62f946d4d8777d0c5683b018bde3dfe62f335b89c636cc995163e67b82e36790,BD,서울,36,22,4100
042f08406f59ccc4e179501925cafa27bbf9acbf0302825f7cfb160210e79664,BA,경기,90,19,1200
5be237a96f489f7b5112cb5602d4440f1d1ac47a2f37d167f68390934cb548d1,AB,경기,165,15,2200
96372c48e7568f6c94e91217b90863e0bc237f97323301e3bcb7b540fa6c32c1,AD,부산,164,22,1700
f046fb31c6c2f07738ba2944e93e46e0a9a483ef106d3ab2335106fb588fa599,BB,서울,163,14,1400
32379995d60b979a7901c9df726c7861a51d9f626882df818178bf0742ac7da2,BA,서울,153,16,1200
6b4f534a8067a5908f7ee611d6637e43a93179da57b771f50c1005ce3c187fd4,AD,경기,154,20,3200
089da40a91d802ff14de24f47d2a8dbb70e14d1081cb0b9c20c2ddcb7dbb11fe,AD,서울,109,18,1700
e56b4987ef88e6eb812cd6229a1fad97be45993e759b828a532bb4729dbc2c24,BD,서울,74,16,4100
f5e6049fe08a41d1b81d36702d8d01e92593b6d72abfcdf201d4b83ce7b1256e,BB,경기,158,18,1400
07382b1f18265fceda107a53730bced58efbab651cb26232e6d4a3819b676bbb,AD,서울,161,23,3200
69ebc5ae94632693b00918b34fb1776473f9a561d4e9d91c89d4728cfa92d970,CD,서울,99,00,2000
92afa2b082ce190dfc10cdecc1824ee1ec50ffb361be29e29d23c03486714299,BD,서울,144,21,2800
cede42aaee80a39439cc72d2aab513aa7e48721345a8adc4f7b6f737c442c3b9,CD,경기,14,16,5000
025ad0d7a6ddc8da57489713e9f9cc8ba99b92f4da1e36968412be2a5584b269,AA,서울,17,18,3200
025ad0d7a6ddc8da57489713e9f9cc8ba99b92f4da1e36968412be2a5584b269,CA,서울,94,22,2000
6c70526401c4ca7cd03dcd19d32b3b696414370d86424621e1558dc1fd201005,BD,경기,140,23,1500
2374e9d5f7285fb6b43aa6d2cd7578bc599ad0d324eea1b9dd3558b5351eef21,CA,서울,167,13,2000
2374e9d5f7285fb6b43aa6d2cd7578bc599ad0d324eea1b9dd3558b5351eef21,AA,서울,28,09,3200
70d3f78ca25cfd058b8296836eb43e8ae373550759ce5635b8bc8c23a95d673a,BC,서울,102,14,1800
c8ca74b44525bf112d9974936058051a73748b98e82955540b8d63277f5f4d8f,BB,서울,173,18,1400
965199ab09c1ed3a7026fdacf0963561cbd457c5a799039ff4841c8a5ebecc85,AD,서울,160,22,1700
92ed5b43210b3f1e6dd63d5d9b19653b94fe0bccf2656db5a69692c5dcc61b59,BA,서울,118,11,1200
92ed5b43210b3f1e6dd63d5d9b19653b94fe0bccf2656db5a69692c5dcc61b59,CB,서울,89,09,2000
9289238263163a846a45e2353a68c7330872719b0de26e9ace6269a1e33a4a4f,CD,서울,2,22,2000
4bbe72677029e59b7eb44a98a3a6a82f1a11d7d8ae807ac42779df0c64022dc0,CA,서울,121,14,6500
303abefbef940169f94a2061392370edf0b5635d5a24d3b89af43cdb18f376b4,BB,서울,1,18,1400
e1b2e8dfb35459dc4d24f8cffb73211f42a40738ec5a5c391db5205230dc04bf,BB,서울,150,20,1400
ea727487a3ea9d467ef3521baf410b4b72bd8e20cda0fc2e9d15d755efd168c3,BD,서울,40,13,1500
9da1d4f967e08cf82455e5aae59ee8f8189ff10ec259edb2c8132d0300461799,BD,서울,7,15,1500
e5ef7a72d686e963ff8b28cca1355416348d02aa3bf336edfa469a6c8efb0e12,BD,서울,137,07,1500
cd090a62c6cb50b2eacfd1fc20fa379b266182cdff8fb164d7e6399c179c3ae1,CC,서울,90,17,5000
181f74c0e2949ebf249aaf0f9df2367116d015907e56257f08566ac499dc1090,AD,서울,116,20,3200
53b7be733a65834c537ccaf675e17157ce2b5fba17dc680c810062b5111fb78e,BD,서울,159,11,2800
53b7be733a65834c537ccaf675e17157ce2b5fba17dc680c810062b5111fb78e,BD,서울,103,10,4100
53b7be733a65834c537ccaf675e17157ce2b5fba17dc680c810062b5111fb78e,BA,서울,80,11,1200
53b7be733a65834c537ccaf675e17157ce2b5fba17dc680c810062b5111fb78e,BB,서울,125,10,1400
53b7be733a65834c537ccaf675e17157ce2b5fba17dc680c810062b5111fb78e,BA,서울,141,07,1200
53b7be733a65834c537ccaf675e17157ce2b5fba17dc680c810062b5111fb78e,BA,서울,175,08,1200
53b7be733a65834c537ccaf675e17157ce2b5fba17dc680c810062b5111fb78e,BA,서울,169,17,1200
be6ee896ec40c3516b30e811613ced3051d9aa9f11eccb0e7d412061328c05d6,BC,부산,114,20,5000
be6ee896ec40c3516b30e811613ced3051d9aa9f11eccb0e7d412061328c05d6,AA,부산,7,21,1700
e5a106ba82c0c4dd2c95c378d4afa70cec20a7033d22a1ce2f795af93de8d4cc,AC,경기,140,21,5000
5c7bfe6add42d15128d72949ae9a55698537be62781a4eec46df103112443001,AA,서울,45,09,1700
d0aedd1f7e41ff6c66f9508aa14f7f586eed7a8815adbe4e541dc9e2aac3bb9b,AB,서울,63,14,3200
7609b9a6f2786c263612ec69206fc9b36e10682bb1b457060f0807b9ca74d0fb,BA,서울,98,23,1200
4977139b1c287b1d301c5eff5a43b3c68d225fbc2ca14d2053ce04d9a58c8e9c,AD,서울,166,04,1700
264e35c200d742ea37766c96527e906e7e549f58a8a2382595bf341c75bab862,AB,경기,160,22,2200
ac385a79adabc63be2e25cbdd366d46bc31ff366ada8879dddcea826f530c451,BD,서울,30,00,4100
a65019d99bd142b523248bc4fb91370ffb4d016f3140f3b4e510f21e9511feb8,CC,경기,74,21,3500
4db765f515e45e43e26739a877812447783df1287baeb700a56a3518b74afb3d,CB,서울,163,22,2000
caa0b7ac8afd7b26abb5ffa19a368223be56223e0f3927a60f6a08a04fd3fee6,CB,서울,8,16,3500
edfa933969443fb0d31f759ddb1ed1dab72336f6da45ab4ee24a140b22990fb5,CD,경기,172,20,2000
074ee985365413b2d5580ef1c863f01851f1aa8d426da7f40da1b4446f41a958,BD,서울,22,03,1500
6b42e9caa746ac6727ce1b5f2621be5e0098392153d52fb573a1d417d9c0bab0,AD,경기,181,14,1700
c80f62e30ddebd5df9fee2550581c4ad96264ff82e8bb022f79c7d558d6dc49d,CD,서울,125,22,2000
f4a53c81b963cbfa0e49d27694b2d6bbc4ea8a7d99da52a1cc4e9ff7f7369343,AD,경기,175,12,6200
4ee81c5fa003d481f0d8917308394a08dd86e71e4d6f8a647f582dd0ca32d955,CC,경기,124,21,2000
6b2372fb6e830811173545f10e10ff297be9249b246994096c45ddfc769c4bf3,AD,서울,165,15,3200
14a7e4c39b41d0d17e4bdcef3cd3c04dd3319b12e9f41437987dddc7591ecf66,BD,부산,30,14,1500
0d59ad5156e90682f5bec0cd037aec0977d0e42ada23d2902633c1224f0721ae,BB,경기,126,21,1400
1241e9dde4649141be02a2d3643e6b4726652b46a55440d30d9b8a15b72307b1,AC,서울,26,13,48200
1241e9dde4649141be02a2d3643e6b4726652b46a55440d30d9b8a15b72307b1,AC,서울,5,19,1800
d27fe15c432568512c5fcbd541b3dea1c2e6eea58343f00e75032f469a016074,CC,경기,125,22,3500
d27fe15c432568512c5fcbd541b3dea1c2e6eea58343f00e75032f469a016074,CC,경기,108,13,3500
d27fe15c432568512c5fcbd541b3dea1c2e6eea58343f00e75032f469a016074,CC,경기,171,06,3500
d27fe15c432568512c5fcbd541b3dea1c2e6eea58343f00e75032f469a016074,CD,경기,134,02,2000
d27fe15c432568512c5fcbd541b3dea1c2e6eea58343f00e75032f469a016074,CC,경기,49,22,3500
30a3e84f310eeb80f9ae0fb8086a1836f71cbbd08c2ad262b9b7b374e2141f92,AC,서울,144,15,5000
69a8f225ed893afbe2a676960999c821f0cffc78900d1827472bf2ee7a10781e,BB,서울,179,15,1400
6fd0c2d77519acc83d72ab555768f7d91f80e0ca929953301e7522bd47d38f95,BA,서울,144,18,1200
7ae2a61bfa29224d650d6c4a9421bd1bb7e18b4253d1bc42118cbb230c7aa31e,CA,서울,142,13,2000
d516e5d3969294b1fd2e80ca1fa430c0613b0aafedaf665f485db49e6396c9e0,AD,부산,145,19,3200
62f345ebcf301840bdd224661c9dc4201a2575a5077d74151586bdd29567a68b,BB,부산,144,21,1400
e1f52e9d872e016d35ed70a64e717a008c440837f3516df2a8b36b9af0538ec3,BA,경기,7,18,1200
e1f52e9d872e016d35ed70a64e717a008c440837f3516df2a8b36b9af0538ec3,CD,경기,138,16,2000
e1f52e9d872e016d35ed70a64e717a008c440837f3516df2a8b36b9af0538ec3,BB,경기,167,17,1400
c700894607e34a6b443f1e773933eda22b67a0c72ac51e7eb25f8aa1f5385e9f,BB,서울,107,18,1400
c700894607e34a6b443f1e773933eda22b67a0c72ac51e7eb25f8aa1f5385e9f,BD,서울,4,18,1500
c700894607e34a6b443f1e773933eda22b67a0c72ac51e7eb25f8aa1f5385e9f,BD,서울,13,14,4100
6db14d5fbb9d35f664d3792bbc8c3ef8463cf18bd169b46256a3749e95c11bcd,BB,경기,120,08,1400
6db14d5fbb9d35f664d3792bbc8c3ef8463cf18bd169b46256a3749e95c11bcd,BB,경기,125,13,1400
97c2c7f4a080568fb2445ea5261c23f5789befeffa90d7f72655d921708a1c5b,CC,서울,121,13,24500
97c2c7f4a080568fb2445ea5261c23f5789befeffa90d7f72655d921708a1c5b,CC,서울,163,15,24500
c5252b948f72ce352d621d9e6da250fa856bafbe0134c096462ee61cc70fdfd4,CA,경기,2,18,2000
dd6cd15792117e6f8af6ec279cae723694a497cf31c5c2d654c862f8aabf4b94,CB,서울,67,22,2000
05ae318041debe2284f12959e195fc9a7f28be60332ab17e1d52fdf892454167,CA,서울,124,21,2000
827f32390e7cb03922dcdc0d86a134777f7b4dbce3a1476c34785002f1f42765,BA,부산,54,18,1200
78b69cafaa2b181b85827e896d83ee22d637c2665a3bec7e37bea2c57880c4a3,AB,부산,64,10,3200
78b69cafaa2b181b85827e896d83ee22d637c2665a3bec7e37bea2c57880c4a3,AD,부산,115,08,3200
4b82d70e205a0f9185826095f873494b020e64b8f4e577cddee063d6b63589c4,BD,경기,182,15,1500
8ddc571ee2a94f51f293d4af406d0a2206efbc945a14b71f347648bf224bcc9d,BB,경기,66,20,1400
4d664dca230b620c64436390e6ba64b1d8fadf5cd59bc78e1d891443fab24f33,AC,경기,122,05,1800
a8e2b0a8ab60d02c50656b0ece91904ab168e01dbe7f6c6d9170f48cd15cf814,AD,경기,134,14,3200
cc6173403c643b5f6c20971c5f9c4c4f8a70034c1842dd6af57bfe33809ea8cc,CD,경기,5,20,2000
64a59550ad1c01cf51d44ded98c9db9fc8b555e567cb95f225cc3f7659c95c15,CB,경기,63,21,2000
3f65f940dd4bc9cbeaee2c4a37b51b37eaa06f553986bbaa8d2cfeb85be3ff1e,CC,서울,40,13,2000
50dfdb282e0b91fbec0fb69e3ec60e1a0862cbacd48a967e67a8889aaa09fd4d,CB,부산,11,23,2000
3ce276cbeca034258bee03d446a7140c66cb4870f878cafa8efed3570c5f3e9d,CA,경기,120,20,2000
e12e764312d5038659cd88775b791c4f1a76a6a145745fea482cbb89806a5bde,AA,서울,156,06,3200
5c318a05d2a97ea4d674c9c1e2f4dd81fc6a19544c9b62674b1cc4fec73a21ce,AB,서울,148,15,2200
48fca56905e523bccdd622fa3165236dc504b9a62ad43048b28ac5ca87b02660,AB,경기,111,11,1200
41d154ab57e2515f4b55fbe87c2b722444b1aca8859f54898cb516713eb491ed,BB,서울,165,10,1400
86f4e654b5c780cc2c7d13dc41194a4d2f2934031e9ba3914d377f8eb1fbee8e,BB,서울,87,23,1400
f2281c35f9d0bfc4cd78241c3f38265ebff79bb058a38deb75eb36a1de98b8d1,CA,부산,156,16,2000
e37da9e8de357e99f14c94c471afa0df157ed12cae097cc64d1c5dd2d1eeb4d4,BA,경기,113,15,1200
50ca57ec9fa6d133fcd9aa7e3042d05f95c6b3b80280c2c3d0228772f2eb6ebf,BB,부산,83,12,1400
50ca57ec9fa6d133fcd9aa7e3042d05f95c6b3b80280c2c3d0228772f2eb6ebf,BD,부산,92,16,4100
50ca57ec9fa6d133fcd9aa7e3042d05f95c6b3b80280c2c3d0228772f2eb6ebf,CA,부산,122,12,2000
46ef5e3c30fe8160da2174d85543684a10e0d250fbeae12182676ff7d09e9ce8,AB,부산,135,00,1200
14e434a4fbd38356157c33a3b2a154932213b2afbc6c227c8d28a285752b6b56,BB,서울,156,15,1400
7d28263c1f35feebabed48623272dcd1918f4f149a85c55007d3c2b762cd73d8,CD,서울,178,23,2000
ded756d1fb927db0589d794fafa002e681dfc5ea873f748300c3ce4a2862d42b,BC,서울,99,21,1800
fc8735628557348379b9224f435aecdfa69d302b5f0118073b42575fd6020f3e,BD,경기,22,19,1500
5be4313546b7917d255dadedefb11033ad53aa993f236286327242dc1f2562af,BB,서울,30,21,3800
0d4febeb7cb0f36c15659cd63e7eb5ac5108b2d3866ff98d98f8314cbeb4a0f8,BB,서울,83,17,1400
2cb712d172ebbb5f52ab969b50ce31362b4b0f8fc908c830e615dca0fc03ce02,AB,부산,100,12,4200
fc6f4c1ef9236987f87fa2fd7534abc3106f7ff763c0e2228be31078b2d817eb,CA,서울,27,22,2000
640675063a5208feb8f8115f4ab90ef5f8e3178db72dbda9a36ae6d58c77a017,CC,경기,100,15,2000
fdc9ef4d17f9da43224b7033b36d28de4f664dba0479b745bd6314b23bb1c4f1,AB,서울,102,15,4200
5e10cd3065ee34b42c469c26745a69df12423c560bc283b35412e8cf3baff3db,BB,경기,110,23,1400
2cdb6470cebf5253d2c4bf93fd076886742ab4404daf036d8f87b64a306d120b,CA,경기,153,18,2000
9f60d568acddaa2b596ad675f187b9ebcad0fcc25f185a564ece2cd7bc01faf0,CC,서울,74,22,2000
1167e08798b193647409c6f35996ca6c7e1e33945d08b269f827ca4d52bdde5a,BC,서울,132,15,3400
5c1c8c3197f0a9d2a4ee3b4494f5cb42e1c4954a8038ab05ecaa6f413733943c,BB,서울,115,19,1400
6d1db22ef1d78dbb2dbf2af5f745b720f518abd21b8387f5c75ef17fb4208fb6,BB,서울,127,14,1400
e22ecfded69ad882e49cf142b6559471da853b95b02f413fcd963fa706860b94,AD,서울,149,18,1700
5fa7c4c60e3a4f9605d92ef527542a710699e143b097d831c10f97c5aaaaf585,CD,서울,137,19,2000
1cd66783a3ba9f7ac7809f00e8ed6c97004b997cd78e1090e7aa4ab6719952e1,BB,경기,101,10,1400
10195566df18f7322845f39ce71fb9342229bbb1910e9dbadb5ef25dba252e7a,CC,경기,148,15,24500
75836fa02a6fbdbade8e06726b32b700c719d000dd7ea0a82dfcf46fe10c51fd,BD,부산,25,10,4100
75836fa02a6fbdbade8e06726b32b700c719d000dd7ea0a82dfcf46fe10c51fd,AC,부산,44,15,5000
75836fa02a6fbdbade8e06726b32b700c719d000dd7ea0a82dfcf46fe10c51fd,BA,부산,63,16,1200
75836fa02a6fbdbade8e06726b32b700c719d000dd7ea0a82dfcf46fe10c51fd,BB,부산,75,15,3800
75836fa02a6fbdbade8e06726b32b700c719d000dd7ea0a82dfcf46fe10c51fd,BB,부산,83,15,1400
75836fa02a6fbdbade8e06726b32b700c719d000dd7ea0a82dfcf46fe10c51fd,CD,부산,77,16,2000
75836fa02a6fbdbade8e06726b32b700c719d000dd7ea0a82dfcf46fe10c51fd,BD,부산,28,13,4100
8d8551d231be2dd3d9be5d4f5766f1e81d2023e7d715373586900d5dbbc1177c,BD,서울,148,12,1500
85dc55e8b5c54bf8f6f6caec620e032065f05171d9ceb6d07a331decb141473d,CA,경기,158,22,2000
ed924cffbda3d9e2204b549c78a3926a2fddb1087f7e919de8a6659f6a7fa761,BD,서울,11,14,1500
e51f20cdda397722b61184e227f6fc06ca8587e9b604a67c77465fcc03115ad4,AC,서울,159,21,1800
df5a837cccf1d6d601f46347179a817426cdcbd7db7c5543620386e557e9daf7,CB,서울,74,22,2000
e3df8b0af39604f6ee5ca94288bc74284f57041f518274f758f5b6a9a4371b19,BA,서울,80,20,1200
8a80299b8000e85d15b3402d8779b415f71b72224242c946bd2eaadbf4003f33,CA,서울,50,17,2000
4b17d46dba58472fdab3630eecda11927269af4dfcdb64d17bde1cc21a19c2fa,CD,서울,148,19,2000
51bce5e21ab8d93ae0363c31e43ef8239b51fd0dbd8d9ac31d41666a3e360d59,BD,서울,72,08,1500
22d469b574c1b14998387b4fd22017034ca8c89f123630affef2e89bd68d7203,BB,서울,135,20,1200
9204a995dd42d2a53b3d198b4d5416a8a3cd51593227dc935ca5952d22da7fa2,CD,경기,3,12,2000
ab01978d16b763a78561661b410f78b38c3d9f97847e53a94b03044a279a546a,BB,경기,106,15,1400
ab01978d16b763a78561661b410f78b38c3d9f97847e53a94b03044a279a546a,CD,경기,93,19,2000
cf3aa78691cdd48c1fd4544617b7c953da84ca44ef611bf36a2eecb1cc510196,AA,경기,163,13,6200
d3516edc45675ef2824dcea771a617bcfba471d9ac5a1fbfcd271464922a0670,CD,경기,9,10,3500
a2ad84d0781c770163d69cd2b41efd154e6b40c44376936d1cb3b90f1183d8e6,BB,서울,47,21,1400
b18f11f2fea5aed9d0dface9ad925cb28e33c7274771ad9c52e4a058df412e99,BB,서울,56,16,3800
6edacc0256de1b847769b66c0a50eb6e75ef20a828eecd91b3ecf7a6dad867f3,CA,서울,37,18,2000
88f5d25059385f652519ab0c6b1a001e45188f96f4bfcdbcd6c8c64914640c94,BB,부산,119,18,1400
62a8db77873eb2050e3d65d13b385d43cba31bf36a10e96bb19cb9deb26c464d,BD,서울,74,15,4100
62a8db77873eb2050e3d65d13b385d43cba31bf36a10e96bb19cb9deb26c464d,BD,서울,25,17,4100
62a8db77873eb2050e3d65d13b385d43cba31bf36a10e96bb19cb9deb26c464d,BB,서울,143,13,1400
62a8db77873eb2050e3d65d13b385d43cba31bf36a10e96bb19cb9deb26c464d,CB,서울,104,10,2000
4e1194b6b0eaaa5f95cad8fcb5589f31a1c07f5ee5e2dfed9fcc29a8035fd4cf,CB,서울,11,20,3500
4e1194b6b0eaaa5f95cad8fcb5589f31a1c07f5ee5e2dfed9fcc29a8035fd4cf,CD,서울,182,20,2000
3beb6324f3323db0a80b9195255f5f6a1f1113a31866e564e6fc6c01d8c6b177,BB,부산,113,02,1400
44636042a12324f55723b6db7f7e88f8fc016558ae07f6a8678d501fc168986c,CD,경기,64,19,2000
24e88cef0ea48433b9be7b29dc19f5c24c33479e111e5f8428c91c89ab518429,AD,경기,12,00,1700
4e5a80a314a3f7fab820b3d1e023df8f6052635ef128b0a810acfaf67dfba717,CA,서울,113,18,2000
a86fd8461fe1f2cc41128f7b5af730ac75a6e1a2895a64949c76628c359613e8,BB,서울,91,13,1400
db584d15bd418e49010868e360c64ee3d984748493ee536aebb61a81b2c20279,CB,서울,7,22,2000
9c12cc7f2bc25cd92c4b788569653dabffa21c76181a8708e10bc8da417ed836,BD,경기,173,21,4100
42e6eb7af4ab71daec47df593a223cdc30ca296202d39cdab828078c1c4ca094,CC,경기,119,22,12500
42e6eb7af4ab71daec47df593a223cdc30ca296202d39cdab828078c1c4ca094,CA,경기,141,00,2000
766e33c70255f34a43d008294193005616b2f72eb4e7dfc256785205bef0469f,AD,서울,162,20,1700
d95b81c01c21c94a344c46c794a62de82aee23c6ef1cca863281231bea5e0678,CC,서울,83,18,6500
3aadd15de7ce3d35dc61559919d6658d82c689d17cf4a6b66e3a2771aa756261,BD,서울,24,13,1500
4e7fbf43810a41c2718e3e8e0132973525a503bcf9b99adaa7a6ea5aaa2846ed,CA,경기,162,22,2000
490b96db82bf5c952687ee82c79f8eef344a0fe2889d53dd7e5251df97838bba,BB,부산,49,18,1400
5944190f7e6fcd0f94b871499f9a5625b7f3f01e66b02a92cd7485fd9e9f6e0d,CA,경기,158,20,2000
3300a4d5c9534c560ee462b7d664116d1514c3bf7dc03f6b4febe252c3d2992f,CD,서울,39,15,3500
b3b37170c3ef62322eef4ee6d175a8c6911b37ceb9a601b13762878589f3b5b8,CD,경기,10,19,2000
f70bf81db90b1408849909e4f0da07b33c6109d939de2b32d337330e57e4d0df,CA,서울,167,22,2000
586e0ec669a12d151d39abc698e233c9b9705b408bf8ef93a9307805d1ca1452,CA,서울,141,19,2000
20d70dbfa87fa6034f8d6eb676b55c1bbf81879ca87f78c7cabbd33dbe6c4eac,CD,서울,171,12,3500
05e1116ed09431a053322a2348882882b7a0703b45744755f6b9c08d4e58be53,CD,경기,178,17,2000
946bfc9329ef14165ba1a3d2d5a9f00af1fcc58f5582b99180dc776e54c5171d,BB,경기,181,19,1400
946bfc9329ef14165ba1a3d2d5a9f00af1fcc58f5582b99180dc776e54c5171d,AA,경기,42,09,1700
946bfc9329ef14165ba1a3d2d5a9f00af1fcc58f5582b99180dc776e54c5171d,BB,경기,77,17,3800
946bfc9329ef14165ba1a3d2d5a9f00af1fcc58f5582b99180dc776e54c5171d,BB,경기,50,18,1400
946bfc9329ef14165ba1a3d2d5a9f00af1fcc58f5582b99180dc776e54c5171d,AC,경기,24,23,3400
946bfc9329ef14165ba1a3d2d5a9f00af1fcc58f5582b99180dc776e54c5171d,CB,경기,52,22,2000
17813da0aee0691e20b3df8de4482daf1d191c76ebe783eb63215626df398a91,AB,경기,116,12,2200
cf250aa7ca71661f30a85aec52611f2deca7e7a6af6f704064b0556f38bfa402,CC,경기,123,02,2000
cf250aa7ca71661f30a85aec52611f2deca7e7a6af6f704064b0556f38bfa402,AD,경기,19,00,1700
120b2935e4abf68b9cd9aa6207735d35b7bcf98b98d967729492f694c2f871dd,CD,부산,85,20,2000
9c4e050fd93fe66b952f301262f074e69626e8b12ecc1ddc5a66e3fe4bd137e5,CA,경기,156,16,2000
9c4e050fd93fe66b952f301262f074e69626e8b12ecc1ddc5a66e3fe4bd137e5,CA,경기,170,17,2000
b6cd6d69d66535183ab4f2e72e4422ef3e6777701fc041fe7ae517d2dd1d9fb9,AD,부산,42,20,1700
c025c69ae7c0d13579d886d6b979190c5ba38ffd4b24e5692c1b6e02f5da3d3f,BA,서울,4,08,1200
c025c69ae7c0d13579d886d6b979190c5ba38ffd4b24e5692c1b6e02f5da3d3f,BA,서울,16,09,1200
c025c69ae7c0d13579d886d6b979190c5ba38ffd4b24e5692c1b6e02f5da3d3f,BA,서울,127,09,1200
c025c69ae7c0d13579d886d6b979190c5ba38ffd4b24e5692c1b6e02f5da3d3f,BA,서울,156,07,1200
25d7bf9b5a1f53f60f823756392e1fc687ff281718c098464cbaa7684d69549c,BD,경기,34,14,1500
25d7bf9b5a1f53f60f823756392e1fc687ff281718c098464cbaa7684d69549c,BD,경기,104,09,4100
a7a13a4eba7a5d5a3933e02c77f4c6857b7c5348596cbf41c719bddb584427d8,CA,서울,23,22,3500
a7a13a4eba7a5d5a3933e02c77f4c6857b7c5348596cbf41c719bddb584427d8,AC,서울,124,12,1800
a7a13a4eba7a5d5a3933e02c77f4c6857b7c5348596cbf41c719bddb584427d8,BA,서울,56,07,1200
97c0c9d2f117af91094949fb58084a668af5823e94fc63907098985ad0ee7ac9,AD,서울,106,12,1700
e490c7d0f6f0f8ef81300cd8e378abc77a0b070df1d803da85c5dc3a8487fe4b,CB,서울,32,22,2000
204d5ba988bcdcecb2694d10920cece1e614b95dd1e0436c5238ffd24cb462cf,CC,부산,88,09,5000
204d5ba988bcdcecb2694d10920cece1e614b95dd1e0436c5238ffd24cb462cf,CC,부산,163,10,3500
a8027f61fdc8f2636dbb0b0f5e20c3e0795a7c0574e185d505fd760ade20ca7e,BD,경기,110,09,1500
e331a5667b9acce881c3c28d66fc3bc051f1f53c97ac9b2dceaa1cda3b7b6df0,AC,서울,62,18,1800
df9e54e216dadea3fde724f7c7fdce3a2d76d0e05307fbba418d0e87abde9d20,CD,부산,128,14,3500
a6a76b5ab24101769af54fec729cc3e53b16cf6f9b73f12b6a9c8ba37ffb2d49,BD,서울,95,15,4100
a6a76b5ab24101769af54fec729cc3e53b16cf6f9b73f12b6a9c8ba37ffb2d49,AD,서울,78,21,6200
0e10d6140d4f57e487f38177e7f9ca7e0ec57cb4364c3a8eaf27c9c2ab0f255c,BB,서울,159,00,1400
526fc564a667ff4379ed49fd9bb3192009df5d977df96a1e34d2736473cb1c00,BA,서울,102,21,1200
062e02c09cfcad6b05d361e17508a48aeff2123ef5edefc461e6ade6abbb8265,CC,서울,106,23,3500
588d80c18eba54c251476eb5bf7f6b1d71594e674800022592bb9e44cee13e87,CA,서울,77,21,2000
aa6b7c838ec2bd87bf8c7936e62705a32d38bf521bfca66427dff60a3e426d69,BB,서울,34,05,1400
35660493fc28836a6eacb2cb64684bbc16ad73e9c634fbef31f654c69c8ac9e5,BA,경기,67,07,1200
c1a6e958437cb697ca41675d0583f10defa68f28917e440a8da21ce2fa16ba86,BB,경기,61,06,2600
6afae2ef99def637d5ad0592842b77d8dd9268ed120605a3f2cd21d70ef58999,AB,서울,111,01,24200
8c7992e15d0bb9b613eda3c9c2eaffcdec075dc302e48565c6ecd9f769d9997a,CD,경기,11,07,2000
8c7992e15d0bb9b613eda3c9c2eaffcdec075dc302e48565c6ecd9f769d9997a,CC,경기,159,03,20000
8c7992e15d0bb9b613eda3c9c2eaffcdec075dc302e48565c6ecd9f769d9997a,AB,경기,28,06,4200
731e0fda63a91f7b2149e99e09223cd14b1df7606ffc9df5b8c56cdbbc8bf7c5,CB,서울,104,09,2000
400ee51944a06b37444281935fbc90a580deda40ee5cb128f4da60a2ec009d29,AB,서울,13,08,1200
dbea65b3b347dee4695e8d50f33ac4aca8f99e741867e28169585cf2b4427137,CA,서울,125,19,2000
0fa552f6d3e8368a0a34f50e09ad9de0f1cf239d6c66607a242b0b534660e924,CD,경기,3,11,3500
17f0515a12449f79fe4c3dfb35ae85b7bb32f85223891c31b7591702ddd3c2f7,AD,경기,114,18,3200
9699973bdf74ddbd7cddb176e9f959da184ae1d5780f03ad947c477bccb4d8a0,CA,부산,134,16,2000
2f9a4418d40a3349e96c0f75091d279aeb2bc9b117b3b5a7625b9414bd527a7d,CD,서울,154,14,2000
01af9a6c559a95043bac58c8028060a62f122a29fb0ed482878a972fd34c27f4,AC,서울,33,14,3400
f9be55713e849e1b926cface910559d4ec628b4d4e88509c00a483458867925e,CC,경기,162,09,2000
89d02dce79fc2990387676e2e1338b135d639b5010dbcf591d9c9e5d27eff303,CD,경기,167,21,2000
f259f6f3f5d9ae347096ace2626971132fadb144a3a4d7ee24a0d88b688362e3,CD,경기,13,23,2000
e53a862de889a9c283296b2afe09d30978e5ec711569de336850c2b990597294,BC,서울,99,15,1800
c95971a02cbf270fa59e09dc41be408c78c07736c15ed7d535e149b88af0fbc3,CA,서울,126,14,2000
372472aba37eaee1e84844f9439b47e7ca644463cf00a97989b28ec376a66edc,BA,서울,69,13,1200
457bcd9d77f5d1b42c04dfed9dcb598a446ed6854bc9f19786cf3a87f1a1c905,BC,서울,81,00,1800
9a55cf91dce0804489f30bcf1e0492dd02e71972f66dd6f3145cf565035b3752,BD,서울,98,16,2800
369c2826ed46a64f9fcc24499808b7f894a6e9c3ddeb03dbb36bb5f2e2c58c1d,CA,부산,171,18,2000
813d0ca39b46052ab57dcb7d0b1e78f5d77a44d575786b4a44d7b2664b5bd05c,CD,서울,152,17,2000
44f1b5dba26bb4173b98a5debeef4ab9f16592b72a0bf7c3b1246d3fb4d5f73d,BB,부산,69,16,3800
3fe6916bc3d3c33ac0f844308f35ed8d736ea6dbf33475dd975ee87ac50818c0,BA,경기,168,19,1200
4fd3964b2ec92e90163264045bd2878cfc019fa07488a97d79ac52b50754ef92,BB,서울,77,10,3800
4fd3964b2ec92e90163264045bd2878cfc019fa07488a97d79ac52b50754ef92,BA,서울,24,10,1200
d12d8b388611c46943a38080660ebfba43be66cf1493b6934b7797bbf4c23b66,CD,서울,144,08,3500
eff4e0784ded3fbe9bad3eb414cabafb8022b85a98d66e1429bb7339ca0159f3,BD,경기,178,00,1500
eff4e0784ded3fbe9bad3eb414cabafb8022b85a98d66e1429bb7339ca0159f3,AD,경기,129,08,3200
eff4e0784ded3fbe9bad3eb414cabafb8022b85a98d66e1429bb7339ca0159f3,AD,경기,130,23,3200
434918776e3c468b7888b7aaa9c0f27ec699cda736a8305e5ee45233e608372f,BD,경기,59,13,1500
af0528561963bc07110416f6f9c011214352cb1832f099298549e00d3aa40536,CD,경기,20,21,5000
63b32221b472056055550ae35e3c6b5d1c3ccccbe99c6f7ff82b297cf98d9e1d,BB,서울,72,18,1400
ee6e081c1df04a6867dcda54cfca82e3c81035c1b5a7549931a2ef80da094b4f,BB,경기,79,08,1400
ed8b79a8382d7e0c105c9b2277b32cd6f740dc2a4207387e88e71e1788232785,AC,경기,24,23,3400
1d21540ff78a7334dec965d8e206cceb94400db0ea3588bde3a8b95b5dcf07ed,CA,부산,170,17,2000
c1cd82da7296f3d74a3a2ee95d7e5b0d7ee3b758fe92f6eb87c317abd1c62a9f,BB,서울,165,02,2600
d4714a16a4bc4cf3b6883ce646a433cfa60d785693426a55b24fa88043e7122f,AB,서울,122,23,2200
413633a654c65685f04b7fa0123fce5a0de40b75a48ca648958a0ff423c92c58,AC,서울,153,08,1800
7a8f0f3206df41f304d721419226b493c8813b25e18ce28214faf504f28cdc63,AC,경기,54,23,1800
850aa3ddaaa7ab1113b0eb59d983e44f95c035d0d6f6703a084abb8f1f06ab81,BB,서울,97,22,1400
59079bccf6e6a77a7ab27fb7894ad9ee3e60718137b430fdf96cd4608b5248ae,CC,경기,81,17,2000
52bd609ef9c04c581dc3db36716eb9eee8a2d21143a61ce0552a63fc000d6850,CC,경기,123,12,15500
5fbd9878c4b3152a968f2c893199403e4ce8d17d2adafaaa63053a731d219e54,AD,서울,171,09,3200
5fbd9878c4b3152a968f2c893199403e4ce8d17d2adafaaa63053a731d219e54,CD,서울,148,12,2000
bf35f621d081e8429d16c23ebbe67923e35c652dc011a899613cb91dfe4f32f6,BB,경기,109,20,1400
e1dd422486a14f8ca4f6e75a94a788019a99fcdbad668693558a88da15025ef1,BB,서울,115,00,1400
8f53b83971a77d096c8345e135cd13b564cc7f1e2ab6a708f684dabcba61b198,CC,부산,134,16,2000
72f12130c91904a1c075c7ed956dc78c624212103922447608610251e2d180b2,AD,서울,108,20,1700
71ce9ffd6a0c5348e6de79d147906766dab428530c1d5be37c6795dbd94c767e,CB,서울,176,20,2000
408b17773c8f136b3e3418ad1096369ac7b608928fd4c21be869b9bd79c34bea,AD,경기,105,23,1700
c9f19c61efce3624fc2ced614dd1ffb3fcb6ed2ce5242e4d11d02d75a9d8ad92,BB,경기,89,09,1400
c9f19c61efce3624fc2ced614dd1ffb3fcb6ed2ce5242e4d11d02d75a9d8ad92,CD,경기,161,14,2000
c9f19c61efce3624fc2ced614dd1ffb3fcb6ed2ce5242e4d11d02d75a9d8ad92,AD,경기,71,11,1700
c9f19c61efce3624fc2ced614dd1ffb3fcb6ed2ce5242e4d11d02d75a9d8ad92,BB,경기,169,11,2600
7628fd6ad2098b37f263c96fe8a39d2c83795708ae2c1a1e966ae0320f03c0d2,CC,부산,33,16,2000
507719bea0d94586a7dbc59ade8808ef650d413f27751059fa30d0da329be32f,BB,부산,150,23,1400
aa881d27a58200ab49d9548a05d8076db2973f06dc02c60cd908a3875bd7e8f2,CD,서울,145,08,2000
37180ea54cec784d38f61d8011a6b6b108bd4e5fed67b5e33e37b240464786c5,CA,서울,31,16,2000
03b204345ca287d2f0443fb93948c0f70d88551dcfba1093478b53d8ccd7a216,BB,서울,97,07,1400
18f44d1dc572b297d3d96fede14e9e169e35376b9264e47b2fbf109a9f097641,CD,경기,129,18,2000
42377a7f6caf068912b50cc4fec660a3da1c2c376d4a36e7b12259530ff7e78e,CC,서울,98,17,3500
36c866da228e9009f747b67aa1dda0f6844d1a62130700f5315fc7647fd2355d,CC,서울,52,17,2000
bd50e49e0dc41a939f5c17a43083375ce58679d44409b72c55d8cbf7522f2d62,BA,서울,99,07,1200
3b7540f6e3147e23224f2bc459d8af8124f15c85f0ce854e15443b2bfb0d9e74,AD,서울,74,19,3200
cb355d03fd4e77aa843b661881b39b93b72ed2b7f02bd10a07e2edee67ed12cd,CA,서울,155,12,2000
23f99153bc27bd32e96225b77369916c8ff430fcaae12420a075049f0bc5f385,AD,경기,127,23,3200
5e01622720046417a3683c4952b42df61c93473f965284f08c6c062edc19df92,AB,서울,83,14,3200
4736b0a639f791a22c685a53123bce8a91ca29c001898f76bd330134ea52009c,AD,서울,160,23,3200
84867bb53b12fdf295f619867266b19565998fa5cdb7c70ac56cd5bdc87e5beb,CD,서울,80,19,2000
5c1861e22341f17c36b535721ddf1811b6ce91a30e94876603684f0cff545a36,CB,서울,165,20,2000
6eb6f873223617acde537b05099eb5804ef2d19426cd80f0b5d8fbe02021ac1e,AA,부산,164,18,3200
2892c5e1fa2f1193932f838d7e1ea707598fa40a23f063894629247991da97d3,AC,경기,112,16,5000
2892c5e1fa2f1193932f838d7e1ea707598fa40a23f063894629247991da97d3,BB,경기,106,09,2600
2892c5e1fa2f1193932f838d7e1ea707598fa40a23f063894629247991da97d3,CD,경기,8,16,3500
17a9b41a9a3d6078eb4676cf9d54e375f18a11f1431d116844c3978d9803b24e,BB,경기,97,18,3800
3ffdc17b0ab27897481da01374c1c555522b414bc191908fd13923d190d1f4ee,CA,경기,26,21,2000
c653c8b8d90c1b7b1ccc5612002c22fdf448faa17cb422ea844f7fb2ff228fa0,CD,서울,3,13,3500
a94dd98d04ec1172094637f01032d9b31071c412c63ba012839f511ad59457fd,BD,경기,33,00,1500
784f17cb8130cfdf4de59165c2bd4b50676d8fb50bb853fba64e204397b31927,AD,서울,141,19,3200
4398b04d22f078b16b0ef8afa5d985e9048e54bc0486643445206339586f9ffa,BB,서울,69,13,1400
93dd350cd0521ab76ab7297310bd5b52e2e267eea8ab9037898f40905c733f67,BD,서울,71,20,4100
7650e27b9c15ff5c7b78939e0b67ae0babad4f17f8bf1e4caf2d5f20863618a9,AA,서울,174,10,3200
6f5829218750bdd564162e0e379ef82c7c8c5002c24be4f893e3fa1632aede5e,CD,서울,133,23,2000
e24c94a4f1f846005d490ee959af9f76e8608be9e8faf98db33f058c7cfe0c22,AD,경기,134,20,3200
3d998c832f07b3fd6446770839c3ac1d67f9535711be70d97893d5e974c64d2c,AC,서울,158,22,1800
cf5792607794d141ca41637a08c969389e2f21defddc58cacf851fea48e43312,CA,경기,158,21,2000
a1c3e1ffc7eaf58c5b67d9ffb53808e09821797580abbd371e621fdbeb9c9f4d,CC,서울,180,21,5000
02b40b6c587beb78c73f90184530ba8d6cd66c63370b8877cd68d0532297cea1,CC,부산,164,08,2000
5a024065746e9a7fd42473d7594af33aea38bb258c4091705d53caae8429089e,AD,서울,152,18,3200
ef9aacdb5637cb5c8a98a9e03efab75555f39e5d9c10e4b02f899238e3c30822,CA,서울,161,18,2000
725d23ff1c16deb8f5602f8916739a28263b604fbcfb789957c93e3457a54322,BD,서울,13,18,1500
7f3e93cde87395666c7953f946010ecee27e729f5fe2ec7c5c1c4ed3697bca7d,CA,서울,95,11,2000
b4454d2a1545469f694c90ad69e1aaad3fb035b28414aa25307c070fd9a148a1,CD,서울,25,11,8000
ecd03ad96d5f0ebb0a14fdedf36cfccbee7d76edd9b7182df891ab6deba57d7b,AD,부산,84,19,3200
ecd03ad96d5f0ebb0a14fdedf36cfccbee7d76edd9b7182df891ab6deba57d7b,CA,부산,58,18,2000
eb0621de9297555f79e5cb71ec37000f2eda4f82bdb96811630fcaab59b9e43f,BB,서울,91,20,1400
475660c0d7265f45c897c31c866802b56bb88ea934d8f49c927bae0d4b6049e1,AB,경기,117,22,4200
475660c0d7265f45c897c31c866802b56bb88ea934d8f49c927bae0d4b6049e1,AD,경기,146,06,3200
c6ef24a7e5f4466c05ad054fac69ef682b970423526bd7ff704a2b0132570fde,CD,경기,159,20,2000
35d7f4d81015ac239355934264b255443369a03cb4ebce7175f8cbfa9100db4a,AD,경기,73,18,1700
0e9a2e4714e5f9cba7862a16f1e66f1ef9a606990c1a04de94fccb4a39040b32,AB,경기,57,17,3200
54decc5883fb5173f5d735598f0d57c48a0973a6821796ba0e3e5993effa22de,CC,부산,111,14,6500
79c0b06708163794558d87ee3900fdafd266624d7f97baf8191d17e68891f2c1,AC,서울,75,17,1800
121d499cf3cdc0f9483467188a5c8a218b9fe75148b034b2e8b7b0eecf259c5f,BA,경기,10,22,1200
931a2d8e7a819bc79fcfe2a1130a38da4f7589381a9627560f8a4c762c11b3cf,BB,서울,161,14,1400
24ee257373723abf2b2ff3c2d14717a3be9b452cb46a9936d650e73075d14972,CC,서울,95,19,9500
8a202b956716c3219b112a22ab859ec08badb8d702b1cdd736074f32f7680543,CA,경기,60,16,2000
98a9d7f912e3d12e3ffb728982460e068ff4c5e77d0c822848e50136e4c3af6c,BB,경기,87,07,1400
f7412ee00a4d906dccd37be179b4873ec5aceaf77728ad01be8359fe14345c01,CA,경기,138,17,2000
dfebb361dce78498f23f17dbd379a82e34bbe89988a0feb43a980d1dadf1a3ef,CC,경기,82,11,2000
8c27f35efe522eb130a068c0791818876ac8cd6b1f39b2de1dac4d847021accd,CC,서울,147,15,24500
8c27f35efe522eb130a068c0791818876ac8cd6b1f39b2de1dac4d847021accd,AD,서울,129,20,3200
8c27f35efe522eb130a068c0791818876ac8cd6b1f39b2de1dac4d847021accd,CC,서울,98,01,12500
296a252fec9c1e0c45333eabefa3ceea797848f01ade27cce396a358b200d991,AC,경기,42,12,5000
296a252fec9c1e0c45333eabefa3ceea797848f01ade27cce396a358b200d991,AC,서울,50,15,1800
6561db15577de7ef06e1732b702bb70dc5b3f9b1ac7490ec5370803df8c68dd6,BB,서울,136,14,1400
bf6af3652383bdcedacde85aa0bedd77edd5f07d7029e4ec2d3c4e60ac6a4880,BD,서울,75,00,4100
b006902eefbd297f9c747f9d37083fbf7e009b1a37db62077d85704100952118,AB,서울,111,10,2200
211179662db3dc7d59283b6452438fec75bb9cb389dfccd2c9b8edbe54879fb1,AD,서울,118,14,1700
717d1b3fc19a8915e8a9ef0dd729a3788c054f6ddeb96ff1ee0b13ac729a6524,AD,경기,156,11,1700
717d1b3fc19a8915e8a9ef0dd729a3788c054f6ddeb96ff1ee0b13ac729a6524,CD,경기,146,22,2000
717d1b3fc19a8915e8a9ef0dd729a3788c054f6ddeb96ff1ee0b13ac729a6524,AA,경기,87,19,1700
717d1b3fc19a8915e8a9ef0dd729a3788c054f6ddeb96ff1ee0b13ac729a6524,AA,경기,41,19,1700
717d1b3fc19a8915e8a9ef0dd729a3788c054f6ddeb96ff1ee0b13ac729a6524,CC,경기,104,17,3500
2402f0989eac3aa6dfd0ded8de36e33d817384f1a4e92b097b180d90e727cf48,AD,부산,88,11,3200
492b3832a2d3569377d2f4b5cb6e76d81fe8bcd54e6e3eb97270d64e08f48393,BD,경기,27,15,1500
971e864c0ab662839c4b48da6a0cb92edaabb340776313e688df95797a0be022,AD,경기,54,17,1700
b9b3970e6fcdb33a562b5473fb17643d2b8e47578e8bf3a7bc780410e1402aa6,CA,경기,170,01,2000
94eb202d6a05d27cbc2a997cefa1261c3268d4f40934af97beb87e80fcf18997,AD,서울,43,12,4700
94eb202d6a05d27cbc2a997cefa1261c3268d4f40934af97beb87e80fcf18997,AB,서울,156,16,4200
94eb202d6a05d27cbc2a997cefa1261c3268d4f40934af97beb87e80fcf18997,CC,서울,91,16,3500
94eb202d6a05d27cbc2a997cefa1261c3268d4f40934af97beb87e80fcf18997,BC,서울,46,16,5000
c02fed431d2e2f03c74129a5e2ac1476851ca88cbd66508c008f14bff5e81b37,BB,경기,106,12,1400
05ea80f440345f68d3c94cf3bdf134377c632d786dac80b1cb932493762e6870,CB,서울,48,17,2000
10125b02d6589044331e6555cbd003e1455971d1fe7be9ec1cf5b9f4eda82778,CD,경기,119,19,2000
2043d465fc26b96acef758db86e8d7720fa6539c8d1735cfedd35b49db9c2d49,BB,서울,177,07,1400
5115f0125d68fd8fe2248ccc700753848f483bdd9c4cf9564dec9d2ee12d1867,CA,부산,153,20,2000
7a444d4e358b0fdca64808942f7fb340264a5e5f85c7a7ffc62f7e872bce80ac,BC,경기,24,17,5000
7a444d4e358b0fdca64808942f7fb340264a5e5f85c7a7ffc62f7e872bce80ac,BB,경기,174,21,1400
c9d0b0fb0acb3d1df0868f8c1addfec45c1cde23e2c7ebc9456c9c2cea7c7477,AA,부산,158,16,3200
57d36c1891030a06a11d72d982df0671eb5ba3581e41a5c79697d7963b7aad5e,BB,부산,59,13,1400
57d36c1891030a06a11d72d982df0671eb5ba3581e41a5c79697d7963b7aad5e,BB,부산,97,17,1400
57d36c1891030a06a11d72d982df0671eb5ba3581e41a5c79697d7963b7aad5e,BB,부산,42,12,1400
57d36c1891030a06a11d72d982df0671eb5ba3581e41a5c79697d7963b7aad5e,BA,부산,169,16,1200
57d36c1891030a06a11d72d982df0671eb5ba3581e41a5c79697d7963b7aad5e,BA,부산,101,09,1200
57d36c1891030a06a11d72d982df0671eb5ba3581e41a5c79697d7963b7aad5e,BA,부산,152,09,1200
57d36c1891030a06a11d72d982df0671eb5ba3581e41a5c79697d7963b7aad5e,BA,부산,130,09,1200
57d36c1891030a06a11d72d982df0671eb5ba3581e41a5c79697d7963b7aad5e,BA,부산,134,11,1200
57d36c1891030a06a11d72d982df0671eb5ba3581e41a5c79697d7963b7aad5e,BB,부산,120,12,1400
a96f52f87584516743ecc4b7417d20862a92558264df50e540cc6517ac3692e6,CD,경기,82,17,2000
ecd4bf1e65469012347b5fbd37662e3a2a4c4c620cc2782ed027443730a9a6b3,AD,서울,130,00,1700
e5556db35b1266d03480bf5afb4f6130e9fb538b876ce23c22f83abdcf90b329,CB,서울,55,18,2000
361c2f3b5b0266ecfba6252d6e8a94b1b1d99b7c6ccb86730be2826658d8006c,BB,경기,112,17,1400
d99215243ca96991d98cd0c77891d4cf7b04f96d27b239991fdccaa51fd3977b,AD,서울,67,15,1700
8d2bdf17807a7f9ad4b74d39ab8e998e4fc0c1834298a2640db272def28e029e,CD,경기,152,00,2000
5f154c7687e2074c4828b87dc7f398c7252f05ffb2fade55a001aa3ef5e7cba7,CB,서울,39,20,2000
90664459ff900dc8507cf1ee3f6db8d7b03a3f533697d7d01295d6de940efc82,AB,서울,29,21,2200
90664459ff900dc8507cf1ee3f6db8d7b03a3f533697d7d01295d6de940efc82,BD,서울,83,23,1500
90664459ff900dc8507cf1ee3f6db8d7b03a3f533697d7d01295d6de940efc82,BD,서울,144,18,1500
08bf3fe04ac5b8671276fce15aa9e9dcf5e8200ced0034d1e1fc6ea2848251d8,CD,서울,3,12,2000
08bf3fe04ac5b8671276fce15aa9e9dcf5e8200ced0034d1e1fc6ea2848251d8,CA,서울,163,12,2000
08bf3fe04ac5b8671276fce15aa9e9dcf5e8200ced0034d1e1fc6ea2848251d8,BA,서울,7,17,1200
08bf3fe04ac5b8671276fce15aa9e9dcf5e8200ced0034d1e1fc6ea2848251d8,BB,서울,40,21,1400
e24008eee092b0c3a9c8ff30772714066982cadb15d071b57722922b8ec03b90,CA,서울,100,20,3500
baf3e1df77a12c330f0563f1d6ffc705c198961ff466e089a387a140398ea8e1,BB,부산,125,07,3800
368e6f817625cac36be22ef9cb243651798d815acd907c2c8aeeff91e199010d,CC,서울,121,22,6500
ace3c8ec8e4e04fda342e5fac2bbfe1bc4b56ddbf30ad26c4d0078e54288b275,BD,경기,74,17,4100
ace3c8ec8e4e04fda342e5fac2bbfe1bc4b56ddbf30ad26c4d0078e54288b275,CA,경기,136,19,2000
ace3c8ec8e4e04fda342e5fac2bbfe1bc4b56ddbf30ad26c4d0078e54288b275,AD,경기,102,13,3200
c7d8a6d3c2f87dd73a582c8e42221ab1487e7e57fb7fb2afa06f6d76bfecd2da,BB,경기,119,01,1400
0264ff133590b9d7a302815609734836ac934ab31640f00ac2bc9d8afff6e6c5,CC,서울,84,06,2000
0264ff133590b9d7a302815609734836ac934ab31640f00ac2bc9d8afff6e6c5,BB,서울,171,14,1400
0264ff133590b9d7a302815609734836ac934ab31640f00ac2bc9d8afff6e6c5,BB,서울,81,06,3800
ad2f769ed9f98973a73072e39bd2424bf04e2ad0caacbf7168b74ff32573f1b8,BB,경기,67,10,3800
151f849803d49b08be0d60848175553f742d296491f6c8233e132a624046ef95,CA,서울,133,22,3500
bf5f72a40bc91be539638be557e9232503d3853a31216c9cda289ce063bb14c2,CD,경기,137,23,2000
6c095a653a19edcce3ddb60929fc1107188d9ee6a19f742dcb5e4c4ffa67c076,BB,경기,132,22,1400
3ff2c57b58ffc6e6a18d6cfe828de01b4a1ed877aea4fe749c5e63861d0ee337,AB,서울,88,17,2200
5449f55f80798e1b49b24e613165413f8303538edfb6c0bb6ec8daf601f0d0a1,CB,부산,55,21,2000
ca0a242058824311ab436f2549a5c95fce4d41092f8f92ce22cc746ee1b55819,CA,경기,129,13,5000
e975a291059fe77430642b54f1441fe10dffa6ffb24ddb31d998d3b68413815b,CA,경기,81,20,2000
d8ef1bd897d5f5d3a83e2e55426a173d74685258a2d212a5a18d437f1615130b,BB,서울,175,21,1400
892aa09ddc7eec553c9251c0c12f5176dff763aa5af38f8cd557feba75f665e6,CA,서울,119,22,2000
031dee1fb99f70958e06369bc026b941c664d79ea32227b7a594575b159da865,CD,부산,4,04,11000
031dee1fb99f70958e06369bc026b941c664d79ea32227b7a594575b159da865,CC,부산,135,04,8000
ac35bbf89b0ec17e4b608e6b8c519fc9a53b0231ffdfd93a4924f0ac5dd9381f,AB,서울,42,14,2200
f6f07ddfe088430f698e4ca096d0d4d52fd6cadd8fe534021eaad6b4a04273fe,CB,서울,15,12,2000
205829d0c4b468ee1e394e3ae72b4609709b084003bb8e05dcc66ca1e439fdf8,AB,서울,140,14,1200
9583a82f48b419a043381d0c5281a51048da572408699912c1b3f258dd61587d,CC,서울,61,00,2000
7774ee3805f6a579f116d3c1f7aa682267ab5d20ec4c58903676bce58659a06d,CA,서울,157,21,2000
d8127c6453b791f39f9427895b8101c7ee3bdfff332ac9a11be629ae9315f0cb,CD,부산,168,21,3500
c4de338e6025c8c7a6a5e76e781f85537622d0fefae759be1d2df05eabfe3488,CD,서울,88,21,2000
7c892efc5e13b4ce817fa52f49de2040494eed1f4b7329d3265eb6b88aabaae7,CB,서울,179,23,2000
8b499aae35a533e75c55bbacba372ac245100ac5166bd69d99dc64337c8400a1,BB,서울,137,21,1400
f7dae41e4d826ea536b47b10bd6d250a0951aa3ec9d7281697f4ea70d69aaeb1,BB,서울,92,22,7400
69f96b6849d5b989a132fecfee31936a5cc541a2c4d82b40fd935b5eb6ab45c8,BD,서울,29,20,4100
69f96b6849d5b989a132fecfee31936a5cc541a2c4d82b40fd935b5eb6ab45c8,BD,서울,45,22,4100
4eed95da80024f12436002deff50c1046865d78d9983ef0091867513c51bb952,BB,서울,137,00,1400
496809b2d64bd853998174b96cea5079aca01e04478b9a6e3b18cbccb16fb552,BA,서울,54,09,1200
21558b8a5a6e5baba0f457aac7b564a04c5c5d5b8e7317fdcc6a0513fa923301,AD,경기,52,14,1700
21558b8a5a6e5baba0f457aac7b564a04c5c5d5b8e7317fdcc6a0513fa923301,CD,경기,2,17,2000
8d987558a9482fc455daa1c0fbd8637f8c3cafc2d12e5f171fc020fddfebef11,AD,서울,85,12,1700
8d987558a9482fc455daa1c0fbd8637f8c3cafc2d12e5f171fc020fddfebef11,AC,서울,132,11,5000
8d4bbe43109bbb0bf3c762a731a4a895d4feaacf016252adefdcbe8c6740c19b,AD,서울,180,13,1700
4a1b01c048565f0314d13998e17d12b6241af0feb18314c88ed13eaa334535f0,BA,서울,46,07,1200
ca5119511206d536cf8fe936383ba186c6607b1a6e0a9d00f8ef65d14ecb3bc5,CB,경기,173,20,2000
7cc4180dffb478c7ffc17386f3eb0041218fec591727f1c0bf3b4a3d9212c47b,CC,서울,171,14,6500
f8c6229ca3091fd67a2ee19a0f50ce1b35cf2dda9a44f6dfec8126c9b2363b0a,BB,서울,130,08,1400
bc0a01572f098195acda90392c1fe1292d71c70c90985ab9b5e2933a652b7065,CA,서울,94,14,2000
9edd8f6290ecedd8343f520b5b1a05f0a97d370d27c07b7cc010b1f9dbb9e22a,CA,경기,135,13,2000
43b1f65169904d1ede8aa8390aea5073f3043dc00b047ae59d0643f02ccf46c2,BB,경기,22,23,2600
dadd4570fe9574963e99b1dbce7d79044d1f846674bd07d08e9fd1f205e4868f,AA,서울,146,14,3200
900010ba7e5f25957119135873bfd252c5cbbb3355c87b065fc8f5be219002a7,AB,서울,166,15,2200
bfca4d6cea877df589292ee6b69ff472be3aee151f8fa574b3d7fb368c56674a,BA,서울,95,12,1200
db9e4108370b4b9d78a1ef4ac9aa180b3a5fe964cd6da33b7996e595dbb8f563,BB,서울,111,07,1400
6dd1095ce928ce7580d0bd752f964e96ecea32495176714071df52df0aeb29a3,BD,서울,45,11,1500
73cf713a0bb0bd1e0a82dda48c610abed25b788a63523952294b12777ec93b52,BB,서울,79,15,1400
62c82d04c15c87a61e3913f25e6fc6f54c729165327736db9f86f4c09c04e184,CA,서울,35,18,2000
2bf0eddf636a82754c905d7745f672d7d12f795fe486638508bd642c8b52b704,BB,서울,91,20,1400
75bdf88dc0f3bb76754db3204f2cce854d766cf92c88801e7a8f7dc0195c55de,CC,서울,181,20,5000
4aa36e15e18bda914c71c1dde64a14bc11fdfcc6057706b4b5b3e7f8c14d5c11,CD,경기,119,17,8000
d7c90cdd59fce0ae3c4d7556d60dbec6c228bce7a108a2316da56cfa505fe9c1,BA,서울,36,11,1200
5b53fdf50b3310fe8e369fb1ea804f1e3ce22e690efad2aa0fc1a44d193e3503,BD,서울,164,17,4100
66995cfd7c3e59c0fb3d43e5f7f932c56da7a54a1603bd28c3d35ae502da1a36,BB,서울,146,19,1400
7b897282db281d03249324e0ba0a5889cd5e46fbe6d4601cc33b02d48f0c2fdb,AD,서울,177,15,3200
827d8d5105ff6111d0bbf692ffff2b764d6700c28b7321f3a75154aab1b2b40d,BC,서울,107,17,1800
3fe30987515579b2342f0ffb91feea45ee56a99f98285cf60da050d6f797e7ca,BC,경기,73,08,1800
1ab9d0a56fa7de423bd888dbcc9cf36b000551b5ed5e62488b9e7474dc7015b7,CA,서울,48,22,2000
5805d9d52175fac84c3639309a91ad525f833ffb2b9f759ebc278a709c858600,BB,서울,51,18,1400
00cbf05b3801cb272fe7be31e02d6cf24f2560a9f5f059eca1aad21bdb097327,AC,경기,126,10,3400
d686673f60963858d4edcefd8312cd4ed8ce8d4966b15b33c3fa238fd43fde4b,AD,경기,45,18,4700
8ea6ecf12f76c46b0abcd64029a13f2c97fc6dd5600cfd2e6724e1696957bfa3,AD,서울,10,21,1700
76e24a0f01b85e421c1b120b459419eb5b180349bf3c73e553c2ddfd43991d51,CB,경기,75,21,2000
c1ca5ca4c6dcd95dd1a2910cdc72c91832d48149d91e1e3ae2ad5e902529921f,AD,서울,93,17,3200
cebff217bffc316a3514fc70e8a6af4451775593406981d020fde4a20b802651,CB,서울,36,21,2000
cebff217bffc316a3514fc70e8a6af4451775593406981d020fde4a20b802651,BB,서울,81,10,3800
cebff217bffc316a3514fc70e8a6af4451775593406981d020fde4a20b802651,CD,서울,102,22,2000
cebff217bffc316a3514fc70e8a6af4451775593406981d020fde4a20b802651,AC,서울,22,10,3400
cebff217bffc316a3514fc70e8a6af4451775593406981d020fde4a20b802651,BB,서울,153,21,1400
8d5b33d12d9af2cfd944712669b9d0f2bfb30493910d91e8e5c05a2e77c2b7d7,CC,경기,165,16,24500
2df22f81d1c773be99e4a2a7253673bbe2b501f459592facdbc8102025721a20,CD,서울,142,19,2000
d517a029f8909aa9397dd0a15661d8979848aa5da6ab218d0ad09b2fe6b62acf,BB,서울,119,19,1400
b28aa48c46ec5129944aa3bf60ed99feefdc83ad0f42b84fa7d95f4dbec1c473,CD,경기,181,22,2000
85e69174be27f45d42e214e4a328ac54c148b2f567e1e00ed7cd0ab33c6b282f,BC,서울,61,09,3400
c3e943df6c56e79a992e473dd23dc1cbf37f2610ea104be601090e2288515cd6,CA,서울,45,11,2000
460bfd4b699c4cf599a9aa18c0ef1b9f08c6cbf10292c63a9112297aa7f5459f,AC,서울,175,13,5000
f32b114991e2b4eae2fcd14e7cf21da750e3fffa29eb4ea7d46492f6d6ff744e,BA,서울,45,18,1200
02c1fa067c79f37dd4c96758971c476df447d82be93fc7698e1e5a959872c6b1,BB,경기,62,14,1400
c4a9c7478f2a9de1ccdbc4fd481572c7f15f032304dff7564079be1c8aa2971d,BA,서울,31,08,1200
53cf998d0253b92cd09f8b6e9ac0dfd38bfe5db9f082220a008432a822c9592a,AD,서울,137,22,3200
a10264af2e857dcee61acbf5c185747ee6a96eb5c2978b0006e844eb8f16e0b3,AC,서울,21,00,3400
a10264af2e857dcee61acbf5c185747ee6a96eb5c2978b0006e844eb8f16e0b3,AC,서울,24,02,3400
a8f1652bcc186a36685a813b1d6607ed66f3c068d7e2f88e2f65127c8d3d44c1,AD,서울,78,14,3200
8ce28a2aace6d3b92a99efe960b59ae5fbdc5cda52d6a00a3808894b28dd404e,CC,경기,95,11,5000
8ce28a2aace6d3b92a99efe960b59ae5fbdc5cda52d6a00a3808894b28dd404e,CC,경기,73,10,3500
0e7dbc3f82dce7dd0081fff8cfddd32026477c437c870789866bf92552baf110,AD,경기,75,07,3200
1aca558796722a4d56a5cd022e70fd83500a78a12cfbee3239199a706bb710f9,BA,서울,122,21,1200
7bc504507ac8b57002268cc305c83f61af97f3f0284ecbc4eed8c822521351ae,BD,서울,17,13,4100
7bc504507ac8b57002268cc305c83f61af97f3f0284ecbc4eed8c822521351ae,BD,서울,64,09,4100
7bc504507ac8b57002268cc305c83f61af97f3f0284ecbc4eed8c822521351ae,BD,서울,20,15,8000
7ce7222fb1fe615938d20c06484ff0c0dc4eb1bb3aeb6fbacf3ea2d6adeddc13,BB,부산,75,23,3800
e3b8abcbce77e2a9f45fb8c38e039b0c6f3e1f99ad7b6cb3006360ff20724d6f,CA,경기,177,00,2000
e3b8abcbce77e2a9f45fb8c38e039b0c6f3e1f99ad7b6cb3006360ff20724d6f,BD,경기,71,07,4100
df03ff2c7c29658ec7dcb7be933f29546de21cbc45b2ca91744639c42bb8cdb6,CA,서울,65,08,2000
a5b51f5050ff30e975513495c708723154ba3bec5cacf71b5fc236a1f096f647,BB,서울,114,17,1400
241f79fb4f423a8ceaa39a9be45b5fe83379c7d8c16179ae486813f77e4d22ed,CD,서울,159,14,2000
25681d8dad7787bf9e62a9085ab74ae1191ca97def2937622afe15061241ac25,AD,경기,71,20,4700
4aa88625a7070f8d0a6be6e665b401ba308193ddf9cc54127b80037e2590c086,BB,서울,112,16,2600
1bb11bf75cb84d726e6115b5acb70237476aef1423086c8f440c0d38dc8429f2,BD,서울,182,19,1500
10fa1a12adbcb73dc3d9f93416ad32ad94a365ca8d5dbe31647d04eda61fa9e2,CB,서울,20,23,2000
dd8522089e0a25d5865e2fda54e496486f638b3e7a89f4d097415f21bb4bcb72,CD,서울,118,09,2000
5df134445c6dffb5af893e9a94ef05612b5fa5feab6343ecbc8ddd67ecd7215f,AC,서울,28,14,1800
5df90e1844fbbc9d9986d0b198d9a877ff282bc9c608034e274ff626dcc28906,AD,서울,120,06,1700
0745368ca8c062179d85a137929ee8d78def8381f0304d0f6ae4d5a47bc806fc,AA,서울,25,21,1700
9b7c57cf117f320271c0af1306cce5f06e204582d4702e50868e60d86fc109f6,BB,경기,135,21,1400
5aeab9784fa42d9dea35ed4cffe321a1a01934b687ae10efb920f40f68ae8a6c,AC,서울,15,19,1800
f14a6b6a0761c7c04b7147c807543112f10712e73ec9bd57d97baa94aa264caf,BD,서울,29,00,1500
4bb0211d54d0ac0d8670773ded7c894cf49f6990ec15ba25e6873e20aac60d2b,BB,서울,148,18,1400
751ce433684b36693c5eb8490b18493ed71e770d62cdf276b1673fdf2dce8aab,CC,서울,170,21,2000
88478e68b4108840691e321dbcd6f06e34fdafae66cdcf16e31f5b1f335f9ee9,AC,서울,146,21,1800
6aa6e3f121d5d3324246be74139e4dd6c0f9408291770000eaa8b84de66984b2,CC,서울,60,15,3500
6aa6e3f121d5d3324246be74139e4dd6c0f9408291770000eaa8b84de66984b2,AB,서울,76,16,3200
8330d7ca791c014ed0a3990e55a8887408cf54f1dcc2cc6ee11c4c814eb9c73d,BA,서울,142,21,1200
589fd82d41f24e85d5ba40be29a338709d768ba8e14a982672e6e42510bd5f2b,BB,경기,147,21,2600
9c8b5486f6be65e72635cdccda6c32ea5dcc63f8e1fb683e7c9be15ac9402498,CD,서울,109,09,2000
0668da9a171779d314f824e40410ae1572980e68584b412d797e1ea1bfa61983,AC,서울,103,22,3400
1bbe233cd4ffadc5b74ad14e3c244e8fef3c5cdf6f40bc91897fda1ceebd088c,AC,서울,167,19,1800
87f0b481a027ea136ef2d91d51aeaf0e11e03a052d54198f97b2579a752f8e35,CC,경기,121,12,2000
b777fd09b62f9b7d33e7a595a11f907f00253a1747a80fe6e6f099f301a7c9e0,BB,경기,40,22,1400
cb64af9ab048c31c9d3a0aee69558c4898f0942c9cd087ddf315f7f1567e9ffe,AD,서울,5,10,1700
b22e9c6031ca2dfe21a6bc254313bb69720d7c890271eb2a58734fb567ba8a5a,BA,서울,173,18,1200
ccad51578b77d347c4708525c870acde170ae05d4da478923dd4db0725283515,CA,서울,106,13,2000
ccad51578b77d347c4708525c870acde170ae05d4da478923dd4db0725283515,CC,서울,129,11,2000
fa16ffb44c37d5587e37ae5072dd622a90ec9e2bfa5809db0c65014e65b10888,BD,부산,114,20,1500
49244ddefbb1aee54b6e201bc568648a6ca2e49889acc428fb9bea0958410627,AC,서울,120,12,1800
925a6e862000536b477386de3154ed2a84b829bb04325937318a8c80fec21c0e,BD,서울,170,22,1500
0abebddb41e4fb15ddee1c073aa93544b69ee058972296d01aef59aac52ef9e4,AB,서울,87,17,4200
de04ad4f3d6cd688d3ca73b402174c91f4e4a563895b5320cbb0b14769ae46fd,BB,서울,22,08,2600
ebd3f16529a0dd73d4309ce56eab92036714d7575f4789dd107ce139c0e379b6,AD,서울,98,07,1700
e5592e39e5153422ee92fc36019639e1fb75b07fc9b1e6be3acc1da1ffaf4d6b,CA,서울,85,10,3500
4d5fcd6343c30fbcad9dc85014d6cc36bc0666a1e2a67f6a250a624078da0b63,BB,서울,73,22,7400
a560c30fbf271f583a7c5f5eb7684ee2446aace9df1e40080b4f42b4290afd2a,AD,경기,174,16,3200
443fd7b2527989e427eed24c22a804c16423e3c338b37693ce39bfe1e9455ce0,BD,서울,9,16,4100
38cb05305e0e181567230f4333e3691a1a9b762c99d3284287f04e6bb252c09c,CA,부산,106,16,2000
486e77dd63aeda65d983e3178c552d2c76c30ceb85f6dee8e4fbfb29fabc689f,AD,경기,148,17,1700
d91e8dfee729f891ab979fe9204656db791aab88decf97091f51b8ddf19b2f37,AC,경기,55,12,1800
8c18dbe55697f14e0fa5a74c629697a919ca0b38de1889f246b797805aef8c71,CD,서울,110,13,2000
620ea2e689f08045a8d4b1aa7cfc0400bc00d2cc5868fce62d32dda11df1d163,AB,서울,94,14,1200
b0541d9cbd64d04c14e7f90541f92057e6ee1b05050474dc7df4c275153274e0,AA,서울,150,08,3200
8e276fa9a691ec5dcf1ad452ff4a0856069ddfeb6f36cceb3a23b930ba1c1098,CD,경기,83,18,2000
e54eec309c1733487f3ae32b99c3b5f96ab24f7374d892aed151a42765547124,BD,서울,123,13,1500
3f3029267df7f99fb1157b3ffcb89b151d308c2a578f704b5a65b68cabfa1e26,CD,경기,178,22,2000
fd665d843aeb741f348e7f6042b9f9d8fba3c603792ae2aa9243b2aab7a007bc,BB,서울,114,00,1400
fc12e8241bf81a06df514daa7e7567b89ae9ef0b0860ccc90c67057265cb3d1a,BA,서울,6,13,1200
648a564ab1ca68781f95dac942c8b3978bd9174ff57adfe93006bfa1aefe988f,AD,서울,128,14,3200
1c9cdbf778f04596476fa179c1303994b6e53d8cec872bfb7c81da6b135bf156,CA,부산,146,22,2000
48061c0bba4910739e63fb57dad6a49aa3266b434888754c069e132da3f2e3df,AB,서울,148,11,2200
48061c0bba4910739e63fb57dad6a49aa3266b434888754c069e132da3f2e3df,CD,서울,164,22,2000
48061c0bba4910739e63fb57dad6a49aa3266b434888754c069e132da3f2e3df,CD,서울,56,20,3500
48061c0bba4910739e63fb57dad6a49aa3266b434888754c069e132da3f2e3df,BD,서울,54,10,8000
64356b9ca34b14603dad94b8d01fbc3638141174e09915547651ac6abe7edd07,BD,서울,114,17,2800
9bffb80f6afd056e1662c6a9133725c4d818b645dce686c7712b473cde420d66,AD,부산,88,21,3200
bc196724fc7b21b9639712a2e305707ca5909a8e1f3b1753baf7620efa3d7800,BD,서울,98,11,8000
29ce701dc2503e592d4d6fcc86d42436375dbee87f254c43b4f504564ef4f5c1,BA,경기,43,22,1200
b242c24a3eb8c282210af93c65fbd268e14f11c722c4bcc8fd879ad9764252ec,AD,서울,142,16,3200
91512800f90e79a9112e595e512b65303d625ff023da17c0dc479c2824ff6efa,BD,경기,111,15,2800
c7f6bfeb63d1b7335261d1e266b00b0be4f4d10a4ff9173e56e8b2425365529f,AA,경기,130,21,3200
ab6821355bd1306bd7c472182591f1eb3dd460ca08f5d7abe477bf2138e3fc85,AD,서울,137,15,3200
ae36c5dcee8d514a9eeb6b048f471afee04386d1eeb6af36006870d0522ef384,CC,서울,72,14,3500
df7b342ced027394860d3b7a6240c10e537eaee9d603f8946e3f530287a779fb,BB,서울,24,13,2600
df7b342ced027394860d3b7a6240c10e537eaee9d603f8946e3f530287a779fb,AC,서울,179,19,5000
357865dcf3c922a1d26ee0d53ecad85f768c76aa0b059b854b92d5b08616524c,AA,서울,52,03,3200
c5e0fb557f3d9f2036ce11fbc235540b3f7b081eee90375361d00fe4a0960aff,BB,부산,137,14,1400
ab1204ad228fa831f577a067e8c8a374e548e569002818b04c1a0e8c2f0cfd24,AD,부산,109,15,3200
37ae2365c8c562fcd49a0eb19f92220128d9afdaca56a3506cfd62840a9bbcdf,BC,서울,53,20,1800
a8e202796e709af79a11fcc78fc2102e463963c3329b72aa81a24331ef6ee841,BB,서울,89,19,3800
ecfc05ff15d0a1a2303b8f01aaf4dce4989f663a1622b7571a7799d5ff116bdf,BA,서울,77,17,1200
a686fe6cac44cc97fbd4b27486584f68023f58f1f1c4ed428fa97621e63c9f66,AA,서울,50,22,3200
a834de6fa87c46836c4af93d1117bcb4ff6714388c3b852de4995615ae5c0aea,BB,경기,69,02,1400
0bd6da35701ff2ac14bec3d3269e46a0bcf558a3560d0768055a16c9f1b3d9ef,AD,경기,132,07,30200
f7f495eb18a11d5bcd58a0a147c1fe9443ecfd73347c4ad09cc660081d4c6a2e,AD,서울,97,23,3200
982a60379ffcdf7a46d49207b17cf53163adf31b0dfa50e492b227493c3c31e2,BD,서울,23,16,4100
982a60379ffcdf7a46d49207b17cf53163adf31b0dfa50e492b227493c3c31e2,BC,서울,46,16,3400
18d84ef5683e15bcd760d935faff59b8d890a1c822a6333e454ab75f3adf03de,AD,서울,116,20,1700
4259a4c1bffd3c300d180590cf343cfdff70b03ee4c5c0a54c72ee54b2a673b1,CD,서울,170,21,2000
e56f1f3213dab589d2b3ea5d4bc79243acde3feb03223cf2620434e80e2492e4,BB,서울,35,15,1400
4572ba44eaee84b712df4e286c8cb9581335e5e7bbdf4068ea5f6a69b45edabd,AB,서울,110,04,2200
b7ca2a44b8d509c9b5e996f3b2a6799d42f827e3ba101c23775045f6b67e70a5,CD,서울,147,21,2000
27226ec45d1599c575c6211aed52d51037dfcc14eba33f5c41b9d630679c527e,CC,경기,38,13,2000
149120e81c9a88c78fffb87bfe94ee7f8894d04aacbc91fe7ecf6e3ee32a4ff3,BB,경기,76,17,1400
fb9b56f24179dd4ab645fd6104710375f2b8ac8d4a98a8e0fc0aab284e5ff6e1,BB,서울,60,08,2600
3205858d40211b92be8f924dca9f4c95da25bf3cbc9b7044dfb639dfeb77c354,AC,서울,113,09,5000
3205858d40211b92be8f924dca9f4c95da25bf3cbc9b7044dfb639dfeb77c354,CB,서울,11,13,2000
3205858d40211b92be8f924dca9f4c95da25bf3cbc9b7044dfb639dfeb77c354,BA,서울,23,09,1200
3205858d40211b92be8f924dca9f4c95da25bf3cbc9b7044dfb639dfeb77c354,BC,서울,126,13,1800
106f8bf785707876709baba4db8c43224b821675c4fe9fb5fcdc9d4bf5dd714c,AD,서울,87,12,1700
106f8bf785707876709baba4db8c43224b821675c4fe9fb5fcdc9d4bf5dd714c,BB,서울,141,16,1400
edef83e0f78b250468a43b12f8f669c4ecfc94647304a99cd163ab533f6e346b,BB,서울,105,22,1400
c39ad219af9a4cc76fc7aae229ec101a3c64fda5eb4c6e4158468957a468eaad,BA,경기,99,15,1200
c39ad219af9a4cc76fc7aae229ec101a3c64fda5eb4c6e4158468957a468eaad,CB,경기,7,17,2000
ca72ad0d8246fa731fd3a5813a62e25603dd96e4b85f0218c494decd90273709,AD,서울,149,12,3200
5256e9802147f28e413b1733d21ab6e8b0bf8f6e42a765fe069cfff3ff609ad3,AC,부산,118,19,5000
132cc1e7ce276958e01b38ed694b2fd651dbd8fa01b4a97873155ef0588a5c01,BD,경기,128,22,1500
ddfc7f4e835a6d59cd4faca6804b2f4d4a9e820a0a9fcf09923253876a0363c5,BD,경기,54,07,1500
bc0070d463df591daf66ef678b238abbcfe3115194d3b0f1162d4fbac1734402,CD,서울,161,00,3500
74d0cc07438a43617bcab09a50301bc23f69da2105eaac631737364dfdec48ff,AB,서울,170,16,2200
a5fd86e16f9403cefd9e3322d96f1bfcc42e1618508ea40009c785ab6d4bc53e,BC,서울,92,10,5000
5c766184adf4e35e8dafaee36bd3cca3eb5d87e14df0df94f848437bac8c501d,CD,경기,27,21,3500
9589f72b99d3e41ec56c14a240c1b8f14e7685ef3e1f6ad99090b0449bddf105,BD,경기,12,00,1500
489299cd493cee204ad2e075b34b8da45544ec68f72202c1b9a5a1a7baa44ff6,CB,서울,22,15,2000
c3e30006122771f07b065aa8a5c6e7f2acfa66052f26e3c5c65f449fbc84d8aa,BD,서울,54,19,4100
21c2f1e60ad98afc93e9ca74e16803dea5f77e7377e3ef44b494811f63d9c6bd,CC,서울,126,14,5000
c427b43797cb6fb7de0f7a97750cde9ae63591567425dd92c7fcb66b276aae32,AB,서울,148,12,2200
e28c31052c3ea188b5f2fb046f2f369c6825b69f4687d398932bcd436006695c,AD,경기,177,09,9200
887bac40b5ebbe3741dd9bff6b3b71070659bcfda44ab19edef69e40d325a18e,AC,서울,179,09,5000
5bc992f4a2cfe206ddd5ffa90c90bcd2f0d1bb5a175b05a8008e5d6990b39fc2,CC,부산,171,12,3500
f5ca4a5131538b36246d4dce11013a486b4528aac97c345b98058466d81d76e7,BD,부산,14,22,1500
426ef01352f487e3cc0ba6983218516329b5501617f2fcc9d99ae441e790e2e2,AD,서울,44,16,1700
36ea8a498c5f6873830884def3f7d87baa33c53b75b050569b92304fb2fdba69,BA,서울,30,17,1200
17a35cdf68df4fda9a780394b51eb4e4685203ab30421296765fe919b0d5eb6e,CD,서울,97,22,2000
cf7ade88ba1290a50e23d8dc350c348a899054625e3dbea6290131df8842e772,CD,서울,178,20,2000
7362df03cc727eab3cd22ab5cf40adbba60164b2c7f4a092ab946d60eaf062f6,BB,부산,101,20,2600
bf0f06bfaf0c185d8df7d66d13985ad60e724ffb60290b0c751183b32c01c76e,CD,서울,156,11,2000
5c33c7c84af480d3ece0079fce9ac6ebb186e81614e9f2af85ad7392cc34bf47,BB,부산,131,10,3800
5c33c7c84af480d3ece0079fce9ac6ebb186e81614e9f2af85ad7392cc34bf47,BD,부산,22,02,4100
1052e6dca1cbc992df126d9cedda6d2ea47433b72537ff1733fd9e36d68dd93a,AD,서울,72,16,1700
010fcf4e2516d64f80f4539d9761acfa78dc7ddfd076366cbb7f59587c4af99a,BB,서울,64,14,1400
f4d1813d5d7862488b8c978bf4233fada8d359bad5500d2824611957a3f1dfc3,CA,부산,142,18,2000
356abf11621a3b5d1c90a4b8c0a73af1d7d9bf35a7f580aa812133de707b9437,AD,서울,137,11,3200
8cf88ec5e9f92de40778d8062c245093f2587fadb963b4a9916d17d340ecec73,CA,경기,168,19,2000
fdc26d07eb248305a713c383c3b45786ee4f4c5fea3e5bd24688b5b13c78dbb3,CB,서울,92,19,2000
e11ac8a868e3537e50bf5f86fc31b686d7ddb3b59deb007f05f01d8ac25a437e,BB,서울,101,08,2600
aed71cdebe055025525c2afce30b8a4048ab2c2c885bb8876cc09e8f52ab0db0,BA,서울,29,10,1200
46440844373e1f0fb6208f827596788c47c88b96d0d078d784eaf4dcef2b40a2,BD,서울,166,08,1500
2a8a514391752d415d6bb779223b9002c19ba0ac8bad405e68062a41ab248bf4,AC,서울,115,22,1800
2a8a514391752d415d6bb779223b9002c19ba0ac8bad405e68062a41ab248bf4,AC,서울,125,22,5000
2a8a514391752d415d6bb779223b9002c19ba0ac8bad405e68062a41ab248bf4,AC,서울,137,20,1800
2a8a514391752d415d6bb779223b9002c19ba0ac8bad405e68062a41ab248bf4,AC,서울,167,21,3400
f1487c626f86613053a8182828deab4dc758453fbeb03407565fb5b905641e75,BB,부산,125,14,1400
cb430e7fab4856eb847268531f89ccc4ac1a45ae1e3bbadfdc70ec603c42c469,BB,부산,134,11,1400
cb430e7fab4856eb847268531f89ccc4ac1a45ae1e3bbadfdc70ec603c42c469,BB,부산,128,12,1400
bc7fe7ebd3865a94f0b4ec9995f77e033e4c2bf1ac3c0224992ad9ddd93c1004,BA,부산,145,09,1200
1d0930d0672cc61711d6988bc03e83b75281685aec5e0fcc70cace25b0bff14e,AC,서울,165,12,1800
749677390a7b02564a62489d325731c6c9ffb27b66aa0be5bbee88318b4f689d,CD,서울,173,20,2000
e59534a0d5b5b551a96406400f8940802e702d4152958b5937155bbd5841fb7a,BB,경기,120,22,3800
bf1f9ca01a71adb91a66173844997c6830d1a780c5151051264fdc69bdc32709,AD,서울,99,11,1700
5f4c031d7ca3fb636048ba7617dac9f4449e55e75dd50ed6471a365291ecfc92,AA,서울,95,18,1700
9b681fd67d1ef8d0c449d8b73cf1ca46c32f02bb96ccd7a43d01249a61726aaf,CD,서울,22,17,2000
5f258be3c917bcdfef646657fb84e56a9ffacc26a2b8e45c4300eb82d274c04b,AD,서울,130,11,1700
5f258be3c917bcdfef646657fb84e56a9ffacc26a2b8e45c4300eb82d274c04b,AC,서울,176,16,5000
048388a43cf2d5205d1dc8768f9c772dd53e8cf81a55e125c47d08c0bd4c1916,BA,서울,1,23,1200
048388a43cf2d5205d1dc8768f9c772dd53e8cf81a55e125c47d08c0bd4c1916,BA,서울,21,23,1200
724fde7203b622d7533eb37349accf2b23a96d75b3a3c0f303a1923bdc6df071,CD,서울,119,14,6500
d00383e9caad8528d3f11831dceea3ed1fc7bce1fae6d2cab461f9836a686e4f,AA,서울,6,14,3200
d00383e9caad8528d3f11831dceea3ed1fc7bce1fae6d2cab461f9836a686e4f,AA,서울,56,13,3200
d00383e9caad8528d3f11831dceea3ed1fc7bce1fae6d2cab461f9836a686e4f,BB,서울,91,12,1400
31ec29da900c64c2f9b5edbad2855cec2e6cb965e871347af2b91205bed424ce,CC,서울,111,16,2000
1fddb250d272056e871a06eff434e3d0e813171b93f2f4f1dd9702fd524b58a9,BB,경기,136,11,1400
8df5ae1d3409341355921f4adf02fb82b92b43a370a0bfe623be5ce4781f9a1b,CD,서울,151,13,2000
ec7f20ff478a23ab2d5d54d69517ed6235798e3e9867979c2bfb3e62a93f4bc5,BD,서울,38,15,1500
300aa22a8f27bac55d81bcfc25ce71e9885454afc967d5cda42c43c8094327ea,AC,서울,111,10,1800
01a0539468a6098c110711163dc0b8e59b41e77a4ce64b4c7ccfb66b5299b018,CB,부산,58,23,2000
c3e5cf6b0458aeafc4fdf60bc01d11ad9e06b2535b0151a660eb3d480afbc2bf,BB,경기,89,16,3800
4b40b86fd1136d05fed94de74915e64855d67f5f01158d5f11da49ef60c74252,BB,서울,163,16,1400
d6a13ba5d20debcbfff8eaa31dc95781715bffe405bb1a7b287201cd63450b54,CB,서울,27,14,3500
c2b50dc95e91b4ec6d4a163bfaa3334838506dae393e724e11d7ee9cd89af8a9,CD,서울,148,11,2000
c2b50dc95e91b4ec6d4a163bfaa3334838506dae393e724e11d7ee9cd89af8a9,AC,서울,93,15,1800
2fba3718bfeffad078abb4a3c7934e8f0dcf002fbf7aa9e16f1551d3d89d4da0,BD,부산,73,18,5400
def75267f5ce3a0f066de77e41e77ed21a7fc031434c4285bac71085f82fdf47,AC,부산,178,22,5000
c080de9d495de4dbfd78add213fb96c93fb776560159334990e3c4f586209954,BB,서울,75,16,1400
6592e429d30edb685c95bbb4e8bce7fccccc2e090dd2a2bc519cb47f5cff2b71,CA,서울,74,23,2000
d4bb86fc4bd88e869c0752b4da124ea804bb515f3e1fb1cb64c8bbe04b7ea210,AC,서울,159,14,5000
5008b976646fa6a5bd2de3d90b66b1daf5c6ef3849499ea3edf3c17c051cad4b,BB,서울,157,10,1400
d6009b87d8551f646aa14bd07720ac8a2f232c868ca90081d0e199f12a7e5ae4,CA,서울,121,18,3500
ac7e4b2a2879bc077e262ba99e449862e6452c31c8243cacf9d6c1d496b33761,BD,서울,78,10,4100
9a949c1b1c3017e139271c9d261aff7eb289abb884ccac783c8e922ad9a5185f,CA,경기,115,07,2000
70f2f5ce747d8f6d42c42b81814fb9e27024919e62bbc4607c7832635e1d42ba,CD,경기,108,22,2000
3d3b9d6a4d386b0a61a1483dbe8d214b0f0ecb88aeab2ef786f334b09dd6bdab,AC,경기,100,16,2200
95f127f50e8c5514e14da5e395811b4cbde0ae8cda255da59381c79b9fc5c7f2,BB,서울,106,20,1400
be9610423889994da7498a487929ca920e6ecc80c044619e634fa9ee26118e2e,BB,서울,101,23,1400
05aad6c90af787a74009fc708c7d18244217773f591866965ffb3371998944b0,BC,경기,65,18,1800
1f586afa8aabd5f36ec4fe2927924b3599fe1be4134c4978630d3bf8c286a25c,BB,경기,66,18,1400
e42224d8badc1f88757d1326c576c3e4d6a5edd5b0c4bee7f83c48237ecf1d55,AC,경기,19,15,3400
ba9cb08a255faa04d1cd19e89052eae892943eba364978c1116cf16f74eaa110,AC,서울,70,17,3400
6e3493b3756604656b0323a9bd92715a8e3f27fd5cccbd5754cb3b01a94cc042,CD,경기,181,15,2000
6e3493b3756604656b0323a9bd92715a8e3f27fd5cccbd5754cb3b01a94cc042,CD,경기,181,15,2000
6e3493b3756604656b0323a9bd92715a8e3f27fd5cccbd5754cb3b01a94cc042,CD,경기,181,15,2000
542fd15a3cb70d8f859f12d1c39ec55d17255e181840932cd18dc61159433300,AC,경기,152,17,1800
91c2841603e46a57bd0c632bede9bc97ea1536950885a73c4f53e2a146a827e3,BB,서울,112,17,1400
9d85a8c3eb78d23c1a9cacb56678cee0e0e807d09068af877ae3e17d99e43e9e,CD,서울,106,20,2000
316fc2ea5f7a0522015de7e181dd5346acaa680374ee85123083a8987996a873,AC,부산,35,12,3400
9c9031801936ceda44b32d3cc3c333018870af2b51ea9de1e96f2415fa9961a8,CD,서울,84,21,8000
15e3a869ff1792e7216f6b089544a08d883af3ece151d7964a17c221cecde34c,AD,경기,101,14,3200
206f4de6dfa01f6e18f68e44d6a1e7e23ff46e7c4b479f4f4919cc83cae852fb,AD,부산,58,19,3200
1ca841b2c2a2757e649f52553693ade7dfc31ee1953de0670c1255b872d53273,AD,부산,123,12,7700
1ca841b2c2a2757e649f52553693ade7dfc31ee1953de0670c1255b872d53273,CA,부산,38,13,2000
a266e77e8b570e2b7da9e463b94aa7ace129359fb48a2fcc6f7076d085234f14,BA,서울,178,09,1200
bc89cb0ae04ef0c537691867d84fad96aa415b6a35d4b459fb7a6850e88eff2e,BB,서울,29,21,2600
ef6de949a0655a6db06bfb584cc08f92a467bce5aa179a960b7fbfab75a2d05b,CC,부산,162,18,3500
ef6de949a0655a6db06bfb584cc08f92a467bce5aa179a960b7fbfab75a2d05b,AB,부산,56,23,4200
ef6de949a0655a6db06bfb584cc08f92a467bce5aa179a960b7fbfab75a2d05b,CC,부산,142,17,2000
ef6de949a0655a6db06bfb584cc08f92a467bce5aa179a960b7fbfab75a2d05b,BB,부산,149,15,1400
e62e9edaad9aaf48e9fb0595166671fd9c0d96e2a6f5d1ec840830797de89868,CB,서울,21,19,2000
3316e40ac37aa179dfdde08ccef365c5975638ff224a95d7edc564fff7d781e3,BB,경기,126,00,1400
5b9b75ae79f5407bbf2d8a0ee29ef02d258dcb1581265a3d47ed2bea08dc432d,BA,서울,26,09,1200
f95fd576870ee9c297510f56158d7f8420cf26dc402f97b4def45bbc540f6cce,AA,서울,80,22,1700
c5ffcb52b9d58262dd9bd678c762f5b1cb1a8b79e6adee4e2806151ccf9087b2,AB,경기,126,14,1200
d81f80d32f7a3128aaefe0bcbc452915ef67f7aeb4c05c3077bb14fd07f14752,AC,서울,72,19,1800
8adacee5c599ae08f7901f74fe306924ae04d640669862403ef97537e9c57e70,AB,서울,155,15,2200
667db3998fef549baef575289a195f1cd2dd7f614c68705b681ee61722f5ad5a,BD,경기,24,08,1500
667db3998fef549baef575289a195f1cd2dd7f614c68705b681ee61722f5ad5a,BD,경기,17,08,1500
37926676c2735d0f7c192ca408056b24f04b3d54dd9a4a09cc00b2390903b42b,CC,경기,70,13,3500
37926676c2735d0f7c192ca408056b24f04b3d54dd9a4a09cc00b2390903b42b,AC,경기,130,00,5000
37926676c2735d0f7c192ca408056b24f04b3d54dd9a4a09cc00b2390903b42b,BA,경기,132,17,1200
ccf9e0d831dea8b47708fda379c630536ddfb1a6b66d8878679519a67848afa8,BB,서울,85,23,3800
22621d4316c3a6942349ef6d0fb2c85bc61dd69f188ace9f7d4f4a2e6922e2e2,BB,서울,149,16,1400
cdbdc07030cda065c0359f46fc8939abd24f98bbed427f21afc5e9caaed9cd90,BD,서울,43,08,18400
9c0629f928f2b729085f4980524bde98b2dad7f8fc40572a8188ea7dbc1dbc94,AD,서울,166,17,3200
fade53d48d01b691b073c68dc4c6dddf2312c76e69d02f476470b840d184840f,AD,서울,101,08,9200
93564ea1daecb8807f33d9b5b830d6292561c0acea9b1f273039ecd6fe2e3ba4,AB,서울,177,20,6200
baeb0329b213b8daf6fb138bd74b1842565634fd74b5d64790155b9bec836075,AC,경기,104,21,3400
148a38c3d5c7ff37b49f79faa2b1516a8af0f3ec881c19afe6b6c90fd118d229,CA,서울,102,14,2000
33286bca8e50cb019a96bcb61a18970bf72af660672f4ffa5736d590f4168d8d,BA,서울,40,15,1200
7e859ae4599dfeef42ba505dae642022fb3f97f8885fbf45f2a771f8044cae08,BB,경기,51,20,1400
fd57cc87522c6a1f95ede03e792ce464b7f7d965ad6a5ad81ac6326173afeebb,AC,서울,124,10,1800
fd57cc87522c6a1f95ede03e792ce464b7f7d965ad6a5ad81ac6326173afeebb,AC,서울,145,09,1800
fd57cc87522c6a1f95ede03e792ce464b7f7d965ad6a5ad81ac6326173afeebb,BD,서울,180,08,4100
c36ecf916b650d4352b3d425a5a1a133e12efe4a0324f80edd7b7fb0c45052d5,CA,경기,150,22,2000
f9f4b18636bf40ded81e985a6ec9e24b297060dbf680ea3b87a99f2387ed18ad,AD,서울,130,09,6200
0a5c31defc27d6ee6d3407dd8acaf8c6bd61b4f24f6edd51b50197db42235ce6,AD,경기,164,18,3200
0a5c31defc27d6ee6d3407dd8acaf8c6bd61b4f24f6edd51b50197db42235ce6,AC,서울,139,12,5000
21df721e335b192564798777f8e01732be188a92714c7e5ba1c428fc4492ea9c,AB,서울,180,11,2200
cc5fe075f090bfdc39f2794f4b1da65f15a31c2bd384cdca7e6e67e2ffc2a55c,AD,경기,182,15,3200
50be47035a51383d49c44d3bb7a8d2b8f9e20db47d4db30401856cb7100cf42f,BC,경기,54,13,1800
ee0d3a263ca0455264a9b9122397012066f570a938a4646ab9a006357f4ff36c,BA,부산,101,13,1200
ee0d3a263ca0455264a9b9122397012066f570a938a4646ab9a006357f4ff36c,BB,부산,29,13,1400
ee0d3a263ca0455264a9b9122397012066f570a938a4646ab9a006357f4ff36c,BB,부산,82,14,3800
561814f15d3669fa461b24380bde7e470c4e49d0b1db4b70ff0f8618c64f58db,AC,서울,155,18,1800
eb65ee87d10587d8b77d1787c8a77f2cdb2f924dbd30af9fdf4754037799dd45,AC,서울,157,14,1800
40ae6f73011bdb9dcabfe82dea45b54626e7c89fc5b90858cf47a1ddfd9c776c,BD,서울,44,06,1500
62d992f6bf3eae07a85c1397e0e5bf86ff2041986b660d220c49aa57d98cc1a3,AD,서울,87,22,3200
b5e4dbc1f36abc5ca5718b336639fa236e09704cb8e9bcbc37bd4b4fb89286c5,CD,경기,117,19,2000
6b0623336ef77bf4bf9657eec665e1adb146ec18344bd6f5a5da8e3a9c7d8d40,AA,서울,65,13,3200
b52a6085ad3b0035b7beeeeca12c06190dc409041b6f7bdec3176673b199f44c,CC,서울,173,08,9500
e897f1489776250256887d904189c6ddeeecdc276196cdbee1eedc5038299d8d,AD,서울,140,17,1700
e2edd6aa6c809b89a5edf3ca43e937efa6c60c18183b07448069aafdd0e3412f,BB,서울,154,12,1400
53f12690d4db7ab16652d7ab50508e7a24079da1204e6c806444b6a4c94eb0da,CD,경기,81,19,3500
489a1577f3dc04ac67aa3c7149508700490012aad2984cc1ffc079e128e23ca7,AD,경기,152,11,3200
aa81d6eb88a0a2284977d0508e93d10e76fe9a21ca187f16813b95cc5ee19a65,BA,서울,71,23,1200
bc6551c1c51c4af7f1881e2ae2fc4c7c0972f38bf71b62bc01847e174261d5bf,BB,경기,112,17,1400
af67ae05ee8f932da284c5fbfdd71a2500e7d0caf0e3bf1463b581f7ebb93aaa,BB,부산,92,19,3800
e9204b4e065be9698f16b4649d730723e76d0438455a0baa2c001f31ad1f37bd,CD,경기,121,16,5000
788a9dc024f5381a82a8ac78b898063db13eb579ef28068f956c828b17288573,BB,부산,155,17,1400
788a9dc024f5381a82a8ac78b898063db13eb579ef28068f956c828b17288573,BA,부산,113,17,1200
788a9dc024f5381a82a8ac78b898063db13eb579ef28068f956c828b17288573,BB,부산,145,18,1400
788a9dc024f5381a82a8ac78b898063db13eb579ef28068f956c828b17288573,BA,부산,60,14,1200
9f8cce70b3546b748e15ca2d9e37a1f19ad111c76250ed053fb48b45189dee43,BD,경기,83,03,1500
24ff299bfa7222d96bc8d231c58ba41946ffbc435ce0d2fba0ee4d921783eb07,AC,경기,81,17,1800
ad0de989d162bed85936239c8c13e707b16f466cbcf4e747b0aae29c2ff84335,AC,서울,165,13,5000
bde2ed543af18d757f941e8784551642d0eaf669a0b02fad6c7217b099b0f61e,CA,경기,49,11,2000
265100288bbe68674ea057b24cbcd75841c1338a276e1099f5f7d1a44b27dfc5,CA,경기,139,21,2000
c26d6e001cc0dbd21dcabb738e71d1084eff7dc0d528f3939942de7711472a26,AD,부산,91,21,1700
9d63582be9f39ed2476caa03d665ba6af6fe71ade77dc14f9f6b305d9804d7bc,AD,서울,143,12,1700
f9526ae79934f06a8719aba7906c2a43bc9b1a13638e2654c13c6f11b2ef105d,AD,서울,47,18,4700
a13710b4b0368c82870d653e9270f1082447f30fb7ee5478a7bf5cfc0fdafea9,BD,부산,41,08,1500
0cedc4cbe53a665d80962a33268f664c03dd11c3c2fdc9e9a02ab86d871f5cc5,BB,경기,60,10,1400
a99d7fd1c3ddd62f608749941e2b2d42dc7cdc297f5a03f8605a094965f33f76,AC,서울,95,21,1800
984430bc9baf9ebef647c2d66d7aefa91fcddfc7d04c6c5f0b96d3f854b404e2,CC,서울,126,10,3500
984430bc9baf9ebef647c2d66d7aefa91fcddfc7d04c6c5f0b96d3f854b404e2,AC,서울,73,18,3400
34af087bb7967e4087f7e3ecdb669882db639ac95ac463d295719d140f7517fe,BB,서울,78,07,3800
5bcef5a22e775c5880e5c4416c9097e7efa1216db0102ad45539c66a91938720,CD,경기,164,18,3500
486d2a70192974c6e49223e934db9cc38cf27a188cb6c2ca08e3ea59d8fc4ab3,BB,서울,12,19,1400
c462a9d3dcd678381ff3d664ef5f527669a1da408dc1ade0344f5fafa8441ff2,CA,서울,115,22,2000
efa553dadb32413218f44cc1c809c44a24920a406bf8d7735faf6d3a1074acff,BD,경기,140,18,1500
92c0a0836d9f15ac7b86f1aa23dd06606691e102101d18a96a807a026b8d993e,CB,서울,181,06,2000
583f72b1b70c17d68cd325ced9724555ea869ef4ba56ac0b0f59c66c2aa07b46,CC,서울,73,18,2000
55c2ae934938f5e83f1e1d89c42adc54f8ccf4108ccdda09c303d2e66d208b54,AA,서울,123,18,1700
b95b5f5824022f073fdd3b4097efa439682d48487d6356652350992ee5090ba9,CD,부산,3,22,3500
0b15a20f8e4f84c90ad3c70913cb1a4d7bf39d4d5d5a54b19731ccf10ed5735e,BB,서울,98,22,3800
138096115a6c06b08a1fa82e888f0054e96392d0c87d86695f5eace5afed0e2a,BB,부산,87,01,1400
8bd72d12ceada76b737d869a01f3cb3d7e20818d61fa85a1b981aea00fbfaf90,BD,부산,37,14,1500
1f44a41907a667b6400bc54ae4fdcbc02a2d746bf9c811959949da1d973685a6,BC,부산,166,10,1800
36b632aad7314032dbeff6bd97fe235a46ef78278c995fe212dbe0da91a3b302,CD,서울,165,11,2000
ae28f775fc06ae0ec7258b7bc0b60e5919ff738dfa6e312982214bfa2bb4f6d3,BB,부산,160,13,1400
96c7a795f2bae70ca7450c9f84cbc8ed063b55189e87899daa9e1e66f5ac0741,CA,경기,166,19,2000
bb7732fab6a90d424215e677cb7be427257824c8ede2e6d07b3f7788d7bbc5d6,CD,부산,117,00,2000
3c53ba0fdabf9bc93b25ae367285a3c8533de1dc9ba2e1a58395a31ead1d96fc,BD,서울,11,01,1500
a12250e419d847507e3f0a27b681b78aaf7c7527aaa00cb1b379dee82631c271,BC,서울,136,21,1800
e58b974c82328146f35a8bfcfc82d9666c1604371796196478aabd6c5e6af1eb,CD,서울,100,08,6500
a9b1fdc12fbdf5df432842e1c20b24278e738ce062a10d6cbc735fa1da218056,CC,서울,122,21,24500
1f3742d43ee03a8b28d814625b64cbeff7d725e83792ce87953e83c7f57d9f27,CD,부산,149,04,2000
d5e040a488ce720a000068ebeb835a7965931790dd54240f8a2cb9cfe740de67,AB,부산,178,18,1200
90b7d525d3e4b1a05e7e8821cdc055e1ab4bed883a41e5167f0973568bad00a0,CC,서울,159,10,2000
2a61252f7612b71f4b7ff4138c1b6c42f1bc3358c5506afe1a8fd28f2e4804bb,CD,경기,87,16,2000
5a1ee3d71e6290e269f3528a2c0b139c1099126d79eba4e6478ca4d971fb1dbf,CA,경기,117,13,2000
c13fafed80a3bf1c5c3203c6fae389d840118796b900ead13eb6a7f5e930baaa,CD,서울,145,09,2000
ccfa3a60d39beb89c980bd3c9d325b6ee19563d52d3d4075a11fa33feedfdf53,AA,경기,62,10,1700
1e2a2ec312a0fc69924f6ad3d0c47a71180c785514ee736a64687a018e412752,AD,서울,87,06,3200
486f26da947bfd73df511fbd14d83eabb0fd89ed532688c9e428a8005cbae83e,AC,서울,72,22,5000
4160534a521c931f86b0d4e43a70cf4b9f06218891a0ff23e7fe65a977c76918,BD,서울,43,00,1500
295d4bdfc5ff91ffb5243cd607a24b121a64b2b49a9a4fef4f6e5b14da2cb4dc,BC,서울,2,16,3400
29a3be82e7457e2d9fb1dd5860c2fa2f7425b4123c9afd5d47367ab35198fa83,AC,서울,13,20,3400
4f8da16d68ec5005725003d4211fa07e2057400bf611f0a49bf4d40df7064b56,AD,부산,39,09,1700
373cd7eeab5c43a9fd3833425a946c279bd81a4b086049deed155e6c06e84eed,AB,서울,144,15,1200
96d4ccfa52ac9856d778eb7e9231fa9c23a7e79cc63544c7a049e1664946122e,BC,경기,84,08,1800
973a7df4c2631c9b32b85a2c7a919a950c4c87fe95a3509531343e9e90f43321,CB,경기,95,16,2000
2c72f0e81606e37a58e135d1b9451d65149793f89338565350b2b0845641aee4,BC,서울,62,15,1800
fe6bc56ce34c7b2597ea783250c3eedda9054f619b660880c0c46d7091133752,CD,서울,81,16,2000
ea476b0d37e6d59f3182d76838844b84df5192caf47d5ea6a3b691dcd0c9004f,BB,서울,138,07,1400
d0be110b5d2397071c48c0971ea880621eb1cbe2153cc760cfcb7d7e68a60332,CD,경기,137,15,3500
1624ef39250024e97f803bfb945184ee556ce9858861d921748af5c3a933a4b7,CD,서울,20,15,3500
439a3c56172fa6d206f8623c45365ae5de7c84621e8073654799ab43338283ed,AC,경기,57,16,5000
439a3c56172fa6d206f8623c45365ae5de7c84621e8073654799ab43338283ed,CB,경기,49,12,2000
439a3c56172fa6d206f8623c45365ae5de7c84621e8073654799ab43338283ed,CD,경기,24,18,15500
15450e8cac6e2a4e818f0b9c475291a22d7972e7723ac83ad9bcef57f4f82d0a,BD,서울,99,08,4100
9aae6f963155ecb35416f1b9a90d8ceb0733f329f9565b691c28df9bd82f4d92,CD,경기,127,16,3500
bdfb39d3b5701c09dadbeee18a5a616fc411044a024902833527b5a3177a726e,AD,서울,76,22,4700
f168f86392f37b8ef6116c1c6571e4f13195e173c0c20b4d036eef9b516c292d,CC,서울,125,16,2000
984457618b1a0710124dfc80214e31c5751c9ab9241035c5316e9499bae0dca0,AC,서울,165,19,1800
d1329a2e6d91f07f22ee95fa3d82e60b41bb0796f01a9178ed06472d7c5f474b,BA,서울,11,12,1200
2d327223b720aeeb5540b1fbc8b3397645f2f0094e3da595a8d7a90468e65413,CD,서울,101,16,3500
4619e319192438cd0fc2ec3ee97adcffcc21d51194412c20ff346dc6fac72b14,BB,서울,72,21,3800
3d6e7344417cfb63994889d68feda26c942d068946268aa96087b7ec1b7f4701,AA,서울,72,13,1700
f2480d1a25503253f42b9d52e95e6fd4204da6fa84e26b6886a83af9272979b3,CD,서울,6,22,2000
0ebec3d97b8e3ce2d2ae855d59e9ff4a659d8dd403097c47b05241183c14e293,AB,경기,67,17,3200
e787253ab31c539b7ced0174aaba740a3b2555014cc5605a10a2084dbcc278fe,BD,서울,93,00,4100
84c36d0adad91fb2cfa95ba5cf1e8a174f1865ad2879d530a45df64c4862ce85,BC,부산,182,15,1800
9e73571dd6ebd3e943be183fb7c135bcdd8ccbdbc59ca08becd43d0f18198976,BD,서울,86,18,4100
5be6aeea5e85a0159133662435e860662ca4f9bce167e1c80a5c195bb1ee3060,BD,서울,76,20,1500
9abfd81b4581194e62b5d7a43d8ecb55b01bfb36b47dbf512fc4d0f43ff5ecda,CA,서울,40,16,2000
a5cb291e572865d23446e3c0367c4d0d81e6e601ede6a0ece66e18a4afef0194,AD,서울,97,12,3200
f5b1dbdaa2979ff71fdabafcd44483f5ae5ba169962acbfcc0c85aa363d79bb6,CA,경기,143,00,2000
5acfdfddc0aab354ba3f41df33211693fcd0e9892548d1e39fb67570cd9d4533,CD,서울,33,12,2000
56bdf7ff20d90f1908c762782e7129b63aaeb9c3949bdfbb194c0e59fb1e6fb0,AC,경기,133,19,5000
124e30780e9354c0a7da2ce316eaae074065ae303976c9ef12dc339d746216e8,CA,서울,11,18,2000
3ae485df64811a114b49c8307db073100f0f2a53ab412ac7b29471be38fbaaff,BB,서울,138,12,1400
a641da02d394f8f27a2bb0f78f5501b8db2ea5073b8957575644080bddbdd4be,CA,경기,85,20,3500
3066e90a7f8e5c7133fa52cf42930dc8b86c06e268c5dc56aa1ec4fd086ba2db,AD,경기,157,23,3200
3066e90a7f8e5c7133fa52cf42930dc8b86c06e268c5dc56aa1ec4fd086ba2db,CC,경기,140,20,8000
7b1ad2d14347e939c123f9a94074a8c75365472a9c031340f227084cdb8d22de,AD,서울,150,08,1700
3b9ef35ec4c47f3fb9170383745f3043bd3e629e587fb69c4180794de48ebc9a,CC,부산,151,17,2000
32b4c9422d25676d5061ce3d73ab855ec2ac116067744f4679c2fc20ed3f10b7,CD,부산,150,17,2000
0b9113ea8b7517401a0d45b133c6bdf354707c4bec9340d263a7fb5d7d199120,AD,경기,129,22,1700
62f4ba65d8197b1716895810614e7615dfdd024c2d82d1a797d15150e9f83cb1,BB,경기,66,12,1400
398a1ce28c0e70813b4e2840f5095849f5b8255b285b7af82f62ce608689c304,AD,서울,46,23,4700
6c3c2e097912ebe3050e6ee2d0f503e5195625a42617156134dccef2a0af7eaf,CD,경기,137,17,2000
187a69690030ebc2c6e5d16b3a719af05868185ceddf4bdc1ad49fc5acc0e31e,AC,서울,30,12,6600
38029a3e510dd845d7a24c5e71457883a382ce8c7ed455d67463d159686344ee,AD,경기,80,17,15200
9317ef58ecb39502bbfbe63ddcfb6bc7e674aa7fa6a887596714c8ab93684da8,CA,서울,83,16,2000
c1a6ea19d75cca1c176359c9682e2b387bd0840fdb7536468dd31fbdd615ca25,BD,서울,118,17,1500
12a77d82c71c79772711765d47301e742bf26857f2be79c0a3dc15f0dce08090,BB,부산,151,18,1400
19ae8e9a943eb4eb38bc3076e3104cbe50d74e13f52721228c7224331f83a081,BA,서울,9,07,1200
970ebd71de625345163fbba8177093dc3a475eb729ccca2be0d6a669c466f9fb,AD,경기,171,10,3200
c1762e40a6486183a44ee7034bd6562d01b9c2180b348eeaafcfa03e1458a2d7,AA,서울,18,12,1700
f943c68340685bb7bc8279ba26f9af21fc16ce5f2bd487419377f4ba2d4ba053,BB,부산,157,16,1400
455192a01f8d051d4ed14d80a2f993755f590d09cd9e4a42595b389403d36726,CD,부산,29,16,5000
552d2147c996c57db298b415d1d4ded19b11782f8b1cfaeab7421598e0361be3,CD,부산,167,22,2000
3a9b964185eba270b4fd0ade4d2807111a64aebfe1b51db6f49dac291b9981fd,CA,부산,164,08,2000
ad37003f013d2e8d994a564feade1183908b509a9484abfddda65bbaeb4483aa,BD,서울,65,15,1500
9af7f6672f089ca70a27f05bd690bc341b4d6f7ca528c67912f7b545706d21b1,BD,서울,10,14,1500
7a977405583b9a953d4dd19f4785d6e866e37538c14fe4c2b20a6e842ccdfb8e,AA,경기,168,02,1700
55abe1f11894f3312998c97faa66e32e45bddaad8c5a648b6664b36069219b48,CC,서울,100,05,3500
588065cc74ede89b93e80419fafd0f714921d06d1eb1f0b5caa51bc863aaa96b,BD,경기,91,18,1500
588065cc74ede89b93e80419fafd0f714921d06d1eb1f0b5caa51bc863aaa96b,CA,경기,21,21,2000
574cbe5f5a0812f67417dc93dfe5a891040c945d395e4b6bfa8602dd843c509b,CB,서울,65,20,6500
bc9b45e59b37ff3445ebc1814110711bff079919974667e8b51eff2afeaa6d74,CD,서울,158,20,2000
6f0095014b4a2b1dd8da7f4634281e38bfc28a23add4e99cbab6dd9ce2c26058,CC,서울,60,19,6500
494e7ef1a072bc4a3232898015cfb521a570d9cdfabe13e0da42fed95709316b,CC,경기,102,08,9500
8fe9af87af10118a426ee5d4063d58ef0715c9a3ec3dd5672f6d2e5cddba55bd,AC,서울,162,20,1800
e52621ca051360b7bcba485b3da6262d774148c6f08eea3c8b08b69f55849766,AB,서울,142,07,1200
17edfad67bbf6dbc094fa5c8c24f7be521ef24dca8ae25b59a7e99d8ae74f51e,CA,경기,101,08,2000
fb23098de27b10c48306b5535d65351056cf09f83076569618e22c341513970f,AB,서울,161,22,2200
6bbe3ceed76856b08e125b118bbb9ae6d856f324fd76d42fcbe876b1c7b4278d,AC,서울,58,16,1800
6bbe3ceed76856b08e125b118bbb9ae6d856f324fd76d42fcbe876b1c7b4278d,CD,서울,144,21,2000
b22e2b1c6c4f18a4cda6d5e73ecd4e1652374b926ed02594bcb5a98dcc292dde,CD,경기,115,12,2000
b22e2b1c6c4f18a4cda6d5e73ecd4e1652374b926ed02594bcb5a98dcc292dde,CD,경기,161,15,3500
b22e2b1c6c4f18a4cda6d5e73ecd4e1652374b926ed02594bcb5a98dcc292dde,AD,경기,163,04,3200
344d873145567f31cdd8bfe4788cab9ced7dd6dedee150ef19b8d2ad23ef65a6,BD,경기,24,17,1500
853be06b08e0af53013d9bb932b41c8edd2f64cff40e5163452632b3947f7db8,BA,부산,106,06,2200
853be06b08e0af53013d9bb932b41c8edd2f64cff40e5163452632b3947f7db8,BA,부산,137,10,2200
05494678e8b0fa11c071533b452181c514f422d2bf340197b0e6a843ce0ccfa9,BA,서울,144,12,1200
b1a4dfc84c8eaf63a4cb97eac003195d4525203213395cbe9bcb9a6295d97f2a,AB,서울,87,20,1200
1bd19c351680d555d8a9f3026be9ff250649a30ff4fc6a5b5801a3c198e1ffd0,CD,서울,151,00,2000
654254eefce3c463425461ef1864203f1d2a0123581e39c6f220ecdd1aa12342,BB,서울,131,14,1400
924540b3e35f8aa6c2e2cff1c2846b7ee81a8b975913cd49c54b4e0a57eef56f,BB,서울,129,16,1400
c439087e313723d0dfaf014bf14a7357a4cc2cfb53188c65ca308375367af647,AD,서울,60,18,1700
c439087e313723d0dfaf014bf14a7357a4cc2cfb53188c65ca308375367af647,AD,서울,106,21,3200
b7f1ea522d52b86f972eb83ae450ff71eb5099aaac0f2194fb3fe90df6cee1a7,BD,부산,33,12,1500
fd3682b79556b1c1a3e1a4869f8b91bee4c79d08125134b68d2766f8881e74e9,BB,부산,142,05,2600
fd3682b79556b1c1a3e1a4869f8b91bee4c79d08125134b68d2766f8881e74e9,AB,부산,112,03,4200
74e6a378c85a8e0529270c88947b09f400f566ec81fad21ba521ae72f3c42954,BB,경기,58,20,1400
e77b94b1600089b0690afb2640068f3fdee491e62292786b942930b5bfff5401,CA,서울,167,21,2000
d1246186f8f645d49619f40e8a69c45db8161c9a0475ef4e4ee916c92b7466a9,AC,부산,136,13,5000
d1246186f8f645d49619f40e8a69c45db8161c9a0475ef4e4ee916c92b7466a9,BD,부산,19,15,4100
d1246186f8f645d49619f40e8a69c45db8161c9a0475ef4e4ee916c92b7466a9,AA,부산,22,14,6200
44c2a76841be58214fd0ae34fbdd734236fedf8ac90b0131f4ef749c8eea586e,AC,서울,174,21,1800
942c5498e98183906a731a8d77ee9c2cf0f89170b96b86179f194946d73020ce,BB,서울,122,23,1400
b2c707e44ff39c2012329369b6d22ee40f9cb4d113aa6c45f8f518e9fd0b7bee,CC,경기,45,13,3500
bc448cf699aa6117a8e9e97ff4c6b5dca52cc3db73ff028434a24b6c10e9f20b,AC,서울,125,07,5000
e8ba0fff964638b55cbbb50c18da5cbd92ff97510f708594b25cb18e8c5d7d08,CD,경기,101,20,3500
87f687062c572011e281c01c076b520153bd6d1b62d3283b79c5eaadaaff6698,AB,서울,173,16,1200
fccc264b5f9b6606e439aa21d48d85976c96d282d029e2491d1efb51dfa0dc9e,BD,서울,45,04,1500
4f7055001a7a2f5c37f79a9531909abe9141b4b4d68bec10c34999bffd13d204,AB,서울,108,10,2200
5705a407819deca02fc60bf6946e744781b483d02b7088f2856fe4cb1097ec91,BB,서울,155,15,1400
32bbfbc56576e31a761dee998ea38a5b611c930d8657516409476299d05ae412,BD,부산,108,08,1500
a61b5247a99a7bc600465729bba5e3121dd639ed533f94ae0071f82985eb208a,CC,경기,116,06,2000
a61b5247a99a7bc600465729bba5e3121dd639ed533f94ae0071f82985eb208a,CD,경기,29,09,2000
573a785cf03d52b96a1815dcb89f3d14df98fe23a2a9e1dbf1389bf9a86ae8e9,CD,경기,105,00,2000
b66b03cf91f414ea5a668149a3a85ee5e9bf9438926408a0c49385126c7b8f3a,CD,서울,162,22,3500
3845a40f772ea86e86fa566f0ec7f34b657cf6b03a645e5860099754ecc8ac56,CD,부산,143,01,2000
322c7e9a2f332a48cd2d7a0606fa9e9c1bb5cc8a289ffd92f769640b29d4da44,CA,경기,74,23,2000
b952c027510a99cce17d7852a2a78c9f3dead8a66a47e047fbdf47b72abcba1e,AC,서울,17,12,3400
0b35f10076fb5e67a38a81c8f73da7955b6f8f3bb9d94b0856c6509ec0705110,CD,서울,65,07,9500
f515ce5c980ae0e30a541e34428257eedb90d2eb8b4356db2d9b15e0962270a0,CB,서울,61,16,2000
fd7b5919f150a65a9014dd4fd943060a9cdfe352c9bef632a06710e842f08c5b,AB,경기,90,12,4200
6a41ccd1e28c2f9a559f6a86e3964d1e9a575426dc5b9ae6b7eeca4e0d800a8a,BD,부산,135,11,1500
c76230ed12efdd4257c07d5a5e5f4832d27b2b6ef4dee041409632e1c27ca69f,AB,경기,105,10,4200
476f25c7ee967c29db49e1e9c39ea1087e5733cf24dcfad9804c2e4fdcac9d34,CD,서울,155,09,2000
51c08d5f3334618fcd97628c463e8b5bbd14c1986032618215c10d67d2f798d5,AC,서울,45,21,3400
7b743a7eac7298169719fb715cc02de37eb86ae452f55f9523e82b05df7bd3d1,BA,서울,91,17,1200
4be90ce7202de57c2dc5de24ae4e9702448003302299e864938563352c862312,BC,서울,99,10,5000
2f9a876ce167b7be1f7da599941975e15deea62ae55999328e2cbf8bcea52321,CC,서울,110,18,2000
19e2c7ce9820c25c508b3777b92cb76435f67886535a7586411cf08eaca78da6,BA,경기,129,10,1200
507592ed9b28876bdcdb2df3333f16bc171f2f4b19ccb3d269810c90c5409ce1,BB,경기,88,16,1400
492aef34f3f2afc2649b946397b6ffdd0615f5b54fcae99f07125eadde0d984d,CD,경기,116,09,3500
492aef34f3f2afc2649b946397b6ffdd0615f5b54fcae99f07125eadde0d984d,CD,경기,88,11,2000
6c7d8a43cb4530c43519c3384c71f121d7179449bf4a811f1b331c2eed732112,BB,서울,126,02,1400
6c7d8a43cb4530c43519c3384c71f121d7179449bf4a811f1b331c2eed732112,BB,서울,154,01,5000
fdb6ccf1270262d5b0c90115d7738b7bafe77622cff7bea93fa1553795193fea,AA,서울,44,16,3200
82b9cfc28fc7c5db8afd03955f15cd0ec31e2f8507ef2d9e32edf4650d2f7bb0,AD,서울,132,22,3200
d625edd16dc6ecedd642d747f0daa63069955a47a0d664ec3957693516ce7467,CC,서울,2,20,2000
56647739fd7efd9e83e76819cc834e90ae5f6f3920007d470acba6b3c7a4d04a,AD,서울,151,05,1700
df49aff57ada6a545c8594541b728bc0c2cfc4714424c746179b70590abb4f72,CD,서울,99,18,2000
28cf5c6fa9780c9509c91abd2d512fb965025f1b9d4a37be52142406c5e5d18c,AB,경기,109,17,2200
c397eff5097189b79e368a9b50bdda240b916205c3d0eeb04afb55e057f4a7dc,CD,서울,113,22,2000
f568cb87f93c03ef5368eddf72b1cf2c63bc0fd2b9c06c2709702059c6fe4cfa,AC,서울,45,14,1800
f568cb87f93c03ef5368eddf72b1cf2c63bc0fd2b9c06c2709702059c6fe4cfa,AC,서울,45,14,1800
7e460e6754c9e08a21f62a93cafeba9a5af8d53f5eb7b25b724f2f1b25a23777,BB,서울,120,01,1400
17cc17f5f9eece76a65602468aa403e1941979e683ecffd2c7dcff3acafe455f,AC,서울,117,13,8200
17cc17f5f9eece76a65602468aa403e1941979e683ecffd2c7dcff3acafe455f,AC,서울,120,12,8200
17cc17f5f9eece76a65602468aa403e1941979e683ecffd2c7dcff3acafe455f,AC,서울,49,09,1800
3d4a7092ed30f9c33c2c30ffa2748e10c53459de9a55a61ee11ae636428aee80,AD,서울,122,16,1700
3d4a7092ed30f9c33c2c30ffa2748e10c53459de9a55a61ee11ae636428aee80,AD,서울,117,10,1700
0152d017f80d26a3016174a3a53c6391466ae5f3abf6990fab47ed58625a5e10,CD,경기,104,22,2000
a569984a47571c6eb24029b3e4a60a8b2a41002f019d1285acd8a1266b349a83,BB,부산,169,11,2600
080421dd0e3394eefcdc236d54fb8eab0c5b765af584316fb2b3b1f91af69870,BB,경기,89,00,3800
03c3523c0b4908af9e3f18ea90e8d5ab99d436e443758d9b852a9ab03d0515f7,AD,부산,160,21,1700
fb8ed6a98bcdaf9aa1dc8216ca1120c619d79337fed877dfa0b98f6ba6cc8f42,AD,서울,166,15,1700
b09fa75e82fa5eb7e54d8d094ae2ef80138674ad305865372cbed58266e95c26,CB,서울,83,22,2000
b63407ffb017ad62ec462fe7ba99ca4dfcb1ca7a5d0972403d76f0a2dba98f63,AB,서울,115,03,2200
34970e0dd14514cf17fab825733b902b2b0e87346774f37572ba3c22d5fd92ea,BB,경기,143,10,1400
5c63fb3062cb360cb695ca0fe36978e107f74c18904ec487b0b9dd393c4f056b,BB,경기,60,00,1400
c4376c9c5b0d0de1cc52a840a5c83e88f7af2a1ae52f04115d4ed4956d495b44,CA,경기,49,21,2000
dc800312c8dd9202820915af1ec9376228fcd0335f6823189bfd77c74e0f1301,BB,서울,90,21,3800
f1b24d882658e41595736b327dbc6073f3f564e472a818f0c3c5145f12d0b55b,AC,서울,138,15,1800
7908dd11d38f802435ad72cef8e8b498989eb5ebc42e6c8b19be265f26e4ca23,BC,서울,146,21,3400
ca33312db880df8cfb39be6521376c31b3f4882fdb359816fd00a2b77fa2888a,CC,서울,99,13,5000
578bd54d86db4fad318251691b77575107f1ef7df83ab7a88089cfd1bcae2be2,BC,경기,24,09,3400
de5b048c013351f559bc81f0b6c88511ce2ad655b47d6da71a30ccf4af394cdd,CD,부산,112,18,3500
a727c8b73d8aaaa098ecfa7c482263d660b84df971a270e4549fc774010b8c3b,BD,서울,45,17,1500
61aeb2795e826386e00c51dec806a514a02638aab450c516417a52bf48552992,AB,경기,61,14,6200
cd40b88d0f11f4b48ec1f4b110d4665a1a3ab205d4d9d8fa0548c6d8d1b3a557,AA,경기,53,18,3200
f1463459686d35823f9e6e2a7408a926c07a110698d2b047bd96af8d8e904a0a,AC,서울,42,17,1800
7a119b16ff933ea78da279e2eb9928272452ead05bfe4014550ec47a9a2298e3,AC,서울,100,14,3400
210088dfc1fdf40382263c81d4cbfd70c5dfd21a45af5d90175ecde56a21ba15,CA,서울,169,00,2000
ad80b432d95694d6016a8d62801ed19ee257feabc40411790ea2ccb0474f8021,BD,경기,44,07,1500
5279d3ffa077b3e8a16e010aa23cee5d1dff17864f128a925411ae0a6a4695ab,BD,서울,61,14,6700
75a189cdd066246ecc95242eb96256a5977ecf8d6c85a4a0764097b2b3ff5de7,BA,서울,150,09,1200
7c03d4bcbbc0600c7deb36c175aacbede5aafc7128b62d0c5f1cf592abc09dec,AC,서울,181,19,1800
f3819183c6b1a582bcd9952b7080e278ea6d3283aec3e553d8fe6645b80e8901,BC,경기,61,14,1800
4ffaf4f52737364b04e319c5cfb37094af3aeb39d315d3f29ebbcf46239e985a,BA,서울,84,08,1200
3b9c3c4d08332427ad2acd062d10b018ce123194c1d82a5685d5f43ef650d49a,BA,서울,19,12,1200
80c215199353284500401c95200709d9af3bb638327816ea0b2516c30428c806,CD,서울,3,23,2000
bffced61f116bcd8ec70552dbea3ffc53e25594ec4771f9923bdb518bcf71422,BA,경기,47,09,1200
153555adacef35dd19b62e0d9ef53f3ce5af0096ea8a0b983c5a3ef5d5f1ebb2,AD,서울,175,16,3200
d3071fa41d5cb4f6fe86b235a8e2e5534d2c401cf23ced23fb57ea8854dfa12a,AC,경기,74,19,1800
507ea4793b95f1bb28585491f02e713a69918e32ba5e8ba8749053827f4821a4,BA,서울,71,18,1200
27d791e55f3e690c0e45629baf0e96f1bcb6d3c8b033361d5a0882623ea39d0f,BC,부산,61,18,3400
5f7db2d34e07dd0f304112768c35f9fd2f11d8dfbfe5aba0b19b1a5456f4e62e,BB,서울,82,15,3800
4407e52a506118b010ce7f891ddf37c8872deb0b57fbf5a3f992ff84e9452dba,AC,부산,110,21,3400
14ddcf5c076ef2ca86d3b31b0f622410f634d0d44e4d1acf6400af7b402224a8,CA,서울,21,18,2000
ad26ac142fb59f4222c8a179f539fd49f5c09ffee8a04addae66e6dae0e57a60,CA,경기,101,18,2000
e74563e37dfc5678a679ba92280d6a1803950d61ca166cff50f5c86b7a9b88e3,CD,서울,148,17,2000
ec7325a638ae6ce1a708831aee898d5fcd4a04160cbc47af6c62a196a06bc414,CA,부산,42,14,2000
41963713f2d2a207e5900321e115c3eb0c844a65ae60881adae8b93358fd18d7,AD,서울,179,10,3200
3c7e9da5fd98e620541ab7cbfb469f850492a138786aeb89b82f38429d0524fd,BA,경기,101,07,1200
7dd8a4e51ea337f53011fa9105629abda5379f3210bda4e2e4321c58918ad5c9,CD,서울,59,21,6500
4f74ebc5c02cfe8d56617204e4f46fe0d92f2cf3d9de373e59425041fbfcba92,BD,서울,28,07,1500
9761cb7fcd200e2b871c59135b941df305f5fa9925d334f25770e8be853c3fe0,BB,경기,69,11,1400
9a384dab9870469be03430e190a65d5ce8dc98553ea7899222aeadee3022fdb6,CD,부산,58,15,6500
000c4d4a5c959ca1698d583f66ceeefdbc85fdb76dda99f8f99f74783714b8e0,BD,경기,37,14,4100
9c168a3b6fd92d300ef44bf2647783564293f7af102f53a920e998e80f538a98,BC,부산,120,21,5000
44ee0855eecb35ff14bcf3ffa45852785370a4f9bea036d0bd526f477f5ff575,CD,서울,135,00,2000
25b67e62bd920324824455694b458b8de6ffeafa38a95a46d310d4201e7e2614,CC,서울,98,19,2000
54a4c963fb94df558ab435e98f4d0f4ad1853bf8b11d42f94bafa2c688621cda,AD,서울,175,00,4700
bbf7a386058326b3b2ef4365bc74a4293f813b60556013c16b9cdb771bc2f0d6,AC,서울,88,23,1800
d1df6f54b85cc56477752c727cda1b19b89ba7f0c8f3bb3d3c2cbe24d5677e66,BB,서울,172,08,1400
152786e44995680a37c5fb2b2dd886d400c2b435cdc75aed3f2b63b7c739df0a,BA,부산,134,09,1200
152786e44995680a37c5fb2b2dd886d400c2b435cdc75aed3f2b63b7c739df0a,AA,부산,20,13,3200
152786e44995680a37c5fb2b2dd886d400c2b435cdc75aed3f2b63b7c739df0a,AA,부산,21,22,3200
f722eef7c2a15ed624549d08ca56f1c88e2ad4e4b80ad4d7e3e45fa4470875c2,BA,서울,49,09,1200
7d17b1776abab986346b1feeb1835d363f2f8c47dfc7318a05c70fa43b127ccb,CC,부산,129,02,5000
de3f2570b81a2321cf9ee83cab075f963cac140814fd04b9da6ea820f8d882b2,AC,서울,55,18,1800
00ca4363dc358454c735084689c0ba71cefd91028089309a10b444912f44893d,AD,경기,106,21,3200
57c1e17c17d9ced7a850a7f130fb84801896e119f84a16f008a4ae66894a1022,AC,서울,157,15,1800
1842b9a4d7df507a92b94b04a718d7ddd0f17acac3d53560bfa1184ffab8f773,AD,서울,144,01,1700
63c8ede33eda58a5654bd8bc8b91315de7e0a183d0e5fff2d79987aac9d26b4e,AB,경기,160,07,4200
85cf8804606d5a087d3854caa525765ec97edcf4fc582740e5989d2b15db36bd,BB,부산,87,16,1400
b579601b9b6b67a078d3c4a8bb2b43fd50c8c2b4294556bedf5d83b3a535def1,BD,서울,15,07,1500
dd29cc1c9185adc6f12548c54137bab47e5d604ba6c8ccbfdef9b12adea3e307,CA,서울,150,21,2000
486eb772ee16ff4cea7703384d3e2ec68a6811865fe6e9e1ad9c295efbfa6352,CA,경기,182,18,2000
41721fdc899fcfb4d9971ee0abeeba5038a2bcfe2d8398c80d4e3a1fbdab3c23,AB,서울,108,17,16200
340d5764b33ae0473d17ff1d47a07c16e2dd17fe1f3f8022995baab3f9d89ea7,AD,서울,162,23,1700
d67428ef245507a368660863ea85929148612d439d2c56c798506e1a47840c10,AA,서울,53,01,1700
d67428ef245507a368660863ea85929148612d439d2c56c798506e1a47840c10,BA,서울,53,21,1200
d67428ef245507a368660863ea85929148612d439d2c56c798506e1a47840c10,AC,서울,140,21,1800
d76a0731773a8a59f345fa43c033b132aafb6069002821ea8a0f36bda642c53d,BA,서울,31,12,1200
20807633b96173d88b031d6f33acc7f4b95fb961991d86414d9a08f5b23fb1e4,CD,서울,104,23,2000
20807633b96173d88b031d6f33acc7f4b95fb961991d86414d9a08f5b23fb1e4,CD,서울,44,10,6500
20807633b96173d88b031d6f33acc7f4b95fb961991d86414d9a08f5b23fb1e4,AD,서울,97,23,3200
20807633b96173d88b031d6f33acc7f4b95fb961991d86414d9a08f5b23fb1e4,AB,서울,114,05,2200
00e57f6a0db9bf8d0f9287741b765dad3b91d13c8689dbb392a95061738c4925,BB,서울,80,20,3800
fb3778e6481d70c11a3f3655cbde22d0451fabe9fd2825f4d814be9f9157a763,AB,서울,105,12,6200
fb3778e6481d70c11a3f3655cbde22d0451fabe9fd2825f4d814be9f9157a763,AB,서울,112,13,4200
10635ecd328746a88f459239b13c90fbcee91342fbd68c3196bba0975385dc59,BA,서울,40,10,1200
8df50a749b2739a43bfc84ba78cf37e8ec317080853e402a2a181bda75b1970f,AA,서울,175,20,3200
12e5087f143763f2ed8c02551ac1c274c6c408342ff701fdeeb2998d2b99a01e,CD,경기,17,08,2000
0fbba35b5fbfa64cc1e4f35646b814c4c92d557b23eff09c3d373ab0c8757708,CC,부산,182,15,3500
40b6dd9875fca0b2da6fa2389565bcea5861f899e3e248922beaf43182a551ae,CC,서울,154,13,2000
fb8735da22a4cdaa38f8bde54948e4345ffae683a9543af09089b312b3ba238b,CD,경기,6,20,3500
25ee5b52b21f7ad078a29a9008f6fc904f348712a1ad750b38f5116df20a64f0,AD,경기,182,15,1700
8d783e47ef57fd4e6f63d693896e5c871d4a3d3be492d06b60ce2c99d5fec987,CD,서울,10,12,2000
8d783e47ef57fd4e6f63d693896e5c871d4a3d3be492d06b60ce2c99d5fec987,BC,서울,175,23,1800
b7f8f365046052eec0c8abb19f12e295879cc2b9c59ff3ba803acdae871d6f69,BB,경기,43,17,1400
c51e66490ec7058a30ed041c51f7ac10bb01fc19000ff5fb7a4bcbf994845095,CD,서울,168,16,2000
d2c26f810a142291bbad7d176a7ad0928aa74efc1cb4402778c553ce539b3631,CD,서울,99,15,2000
d23cb2a43ed5aedf902c676d6f48d271406d8866a1182c1c842d6dfc96d38d9f,AC,서울,120,14,1800
efa922f6052bd3983c547f50dfd62994abb5cd20152716417da7562fd199ca68,BA,경기,7,16,1200
5cd1414b9642f895d72fce070ba6081178c3acdfa79cacb0d0a1d41926887da8,AB,서울,129,11,1200
e37cfeac152bb4fbcdfa3da37c18c99979aa27be4a1aedc9c829f0f72829b06c,BC,부산,180,14,1800
753505520d4e3162231df1f08e30dc1a35b5d822bd06e50f126851dfe6b1bb93,AD,경기,144,16,1700
1739beb14c6d547608c8f3ee589692eeff0d4d1f08dd62f50a3ca585b5e8912e,BB,경기,147,16,1400
8f5d053d848a2df62aa053349a1cb47dd01bc75c63a53cf1c3df6413736e6cfa,BB,서울,123,23,1400
a55508c2131ad6b4ca892dab4dab4555bac607c68b1ecf5eef1d6fcdd56e214a,AC,서울,71,22,5000
cf14509d623e630536f572d1bf22553b781903be0d4656a2f01b1a8af6877a49,BD,경기,58,10,4100
6844ceff514984ffdb691a562a3d1c69b07b763d305f6ccfea811bb8bb719ca9,CA,경기,179,16,2000
6844ceff514984ffdb691a562a3d1c69b07b763d305f6ccfea811bb8bb719ca9,CA,경기,179,16,2000
94d71a8850234bfb831ff619d63f29b1571a84cc4de7388ffd07230c11c300ab,CB,서울,39,21,2000
5013f0555db4f05a29e623db55023be57a8a37071452c4914015cb2bd9e04551,AC,부산,56,20,1800
bc1e13563602f1fffac99891fc9f64bfb1aa2abb76f98be1f05d192a34e32ae7,AC,서울,79,13,5000
fea5aae3497c9a6672feaa47e1beda8e7f702b04dfe3765c3516bf10a008f7c4,BB,부산,120,17,7400
583bdbbcd66df8090d1694e20b02722ffcb6299fe4f209383440e956f79137b4,BC,경기,90,14,1800
c1570a6a8024d18089638eff64e35ef1605512f5b670cf6b0014ca896bd3fc5e,CD,부산,114,17,2000
b1c030ce7f615dc5e253a45bcd30075134c01c55c12e2ce691a80d7996fcfb15,BB,서울,67,12,1400
73c9757fcbce49032ffc952b74952060dde7cac876f316fae8715122813377a5,BD,서울,48,16,1500
d743de9239464db71c82b43842d5cb0b1c8c617ab05135c06ca8ca3d74e379a3,BB,경기,177,13,1400
d743de9239464db71c82b43842d5cb0b1c8c617ab05135c06ca8ca3d74e379a3,CD,경기,120,18,2000
9a30d99a086a1d040af06f2ecb1a801269e1d60432a37b0bb352ff2f4ff5a848,AB,서울,66,15,4200
bef32cab70a8f9fc53134c87ce9276ad71e5a4fb1cd9c51446c601af25dad263,CA,경기,158,22,2000
278cd35b9e68f922395cafc925e6d19ab1f54bdd73f9b5517465e7de2d3e33d9,BA,서울,16,21,1200
14ac8148214bb998b1e35f7bb4abbbb1840d5e90199893a8121c10ad43275616,AD,서울,78,15,3200
14ac8148214bb998b1e35f7bb4abbbb1840d5e90199893a8121c10ad43275616,AB,서울,8,15,1200
14ac8148214bb998b1e35f7bb4abbbb1840d5e90199893a8121c10ad43275616,AC,서울,18,15,3400
14ac8148214bb998b1e35f7bb4abbbb1840d5e90199893a8121c10ad43275616,CC,서울,47,06,3500
11f0266eb59ff15fbe56fedd1c83d300846e1b8d36e45737fb6c0261c717d851,AC,서울,82,11,1800
11f0266eb59ff15fbe56fedd1c83d300846e1b8d36e45737fb6c0261c717d851,AC,서울,149,22,1800
3f84e1cd7eaed7d3c3bc20c170358603d82ecdcf44a809675985c6c74dce7ae4,BC,서울,104,09,1800
86038f5eca6ebb8518b0307c0e10c593ebc578bf48f0ed8677bf60db7259c16f,BB,경기,91,19,3800
37a063d5c9006fe653f716db407a7bc2c7e2387660cb1d0a99363ddf5565f280,AD,서울,88,08,3200
9367875c3cf8faffef2fe0f47959441f04e89992a88f199bd52ad0abdff5f9ce,CD,서울,151,19,2000
c19fbd861625589cb6778ee825c819444e52fa4dba074fbba8c3259de18c09f4,AC,서울,59,17,5000
f83e134133f4e6eed05a538cccfefa7b2b5601943474af0d2ec7bcfd4f4186cb,BB,서울,127,13,1400
f83e134133f4e6eed05a538cccfefa7b2b5601943474af0d2ec7bcfd4f4186cb,AD,서울,111,12,1700
dbf59e8c60a4dc9f790d0420732be014eb458f87f4fd106a5207ac359ec38693,AC,서울,160,22,1800
103afce04b18832c7640853eb6aa2b6ab8a17be1d7eefaa20dd6bcd75d29d184,BB,경기,134,09,1400
1a94a0102a953d2f9af52f677bf3ec38a72220ad99f5aeeb6cd84539c17e7863,AB,경기,118,14,1200
36f46337536b898910c3d1ea18fafc2efdf984e5753aa43a83f724c616767243,AB,경기,157,09,2200
034c4e775d298084b27799b8b787fba142292572301baa23a35e0200583687aa,CD,서울,149,22,3500
6fda39d719bf92e71e90aa2a967a9135ea854b8347585add13d4dbabd0f47461,AD,서울,121,07,1700
2b6b83e0d8e91556d79c811d25628213812a58d5ec8ef08e93db1457719858ec,BC,경기,99,15,1800
1eb86d1a7450e9e1d663a71ccfe74072b4d29373080ab5adee4b45eb8c509308,AD,서울,76,07,1700
4261c8be021bc2a50c20e47b43bb3dfe8da915d7dbf852f5d586054f15bd121e,BC,서울,100,09,3400
744407b484fe605416bebf5b4f70e849cb01b96eab0008f26b3a0417ac060497,BC,서울,92,16,1800
7aa5401cde90abf9c79ee3a7d8d42d9239b08abcdd001742feb1d8d0c86ffc44,CD,서울,64,18,3500
1de0a6b7308a80c2e1297d4a1477ca6451d85bfc7495cc160cbe6822d4e92bda,BD,서울,23,12,1500
d4821f39b3fc553cee04dd68dd39fd8aaa9618e8b6c3a44f8ccaefd80269f08a,AB,서울,132,12,2100
a91a2d494049d94d1756206cec377973afbc7dedf177f781439e9c27ce512aa2,CC,경기,54,17,2000
a91a2d494049d94d1756206cec377973afbc7dedf177f781439e9c27ce512aa2,CD,경기,122,22,2000
a91a2d494049d94d1756206cec377973afbc7dedf177f781439e9c27ce512aa2,CD,경기,4,14,3500
3e802ceac1d8c9b05825de89eea256821259fc1fde1f4fa706d30c3048689281,AC,경기,20,23,3400
aff5836ae8ec898962b588f974077868d7fa502bc62d3cd7d895fb99562f2b46,AC,서울,79,22,1800
fb47534bde6a67e93a062b15b96a2abcf268a7115a66fb0b698f83e338913c61,BB,서울,148,07,1400
324e1e1905b00beca19d8665947c12afa8aac4bfa7dd56aeab991db638e182a6,BB,서울,160,07,1400
e9ba2b1899d97d65f01b31540b57060a8b21bc88fcbe34a1a4ec69a0e1801883,AB,부산,59,15,3200
8debf265f4302c4d22c7dee6b108f5bdf09c4432991323e947a2a9ebfd9d6cfd,CD,서울,116,05,3500
5376eacaf341fe420f33c0b68b515d35ab43d185458112ecefeff698db14a6d1,AD,경기,46,09,4700
4ec1aa1c479c0401564fccf81ebbb686a63fba90913d9a7febe5cb7f7d768c19,BB,서울,101,10,1400
765c83c5d74429a79c761fe3070e7ff21819a5b4bb1754929c46aad917fb150a,CB,경기,89,13,2000
1355433494399ca9aef376da2b3600b431d0780c10ff91053c8414efd9b1aa8a,CC,경기,172,12,2000
35c919ef3904b3b1237c24584b699ffbadf07bddd147161315641b15702e2969,AD,서울,117,09,1700
20d0fc05163f8c3f759526c664339d137f7cb957c5a47c57b001fd4d22bff551,AD,부산,91,22,36200
2f6e1dc6db7a911818b29a817a506437f22aba18f3191f85787132d3486d7a25,AD,서울,146,14,1700
14684291f1e8b793d46186645f02fdc985da3a01638f02751bd475906ba09a79,CA,서울,120,14,2000
0fd225bbfbcb7e436500d4ff7d0246d82d8284a5c1393e27e451a57da56c334d,BB,부산,160,13,1400
ac2794d0f4bb6e10cfa900f6ebead87e84daa4bfc0f6c496b1bed3ecfb2f349b,BA,서울,128,15,1200
15910ae3413a0da4af8366d383dfaf63288c6fe30d992abd48425cf60f904516,CD,서울,94,22,3500
15910ae3413a0da4af8366d383dfaf63288c6fe30d992abd48425cf60f904516,AC,서울,49,22,1800
76d98ffed55d9554f9f71a115ace61ad5e8d42a2163cd43f9e8de145de1420ae,BB,서울,109,15,5000
222420df0cb17fb8c5f69db18a7e7cf6dc22ed613b3b4c42655160fa6df41b16,BD,경기,176,16,1500
d116bbd71c7e736f4e0e467e0f07ef68aa679029922525d742ad680166cac387,AD,서울,99,23,1700
26dac43ec962414ab2c3146841d5762711281a6b36d8183e542aaad38cebe578,CD,경기,99,18,3500
881e6d1fddd0f34e65f7b0dfb57d044e83369d3e09e4db028066349b07a00ba3,AB,경기,91,09,20200
883b7e0cae0f677a5d81cad196ab6082ae7c23339d603ecd905588e9917072ab,CB,서울,41,19,2000
5bec2826906ce30a828ae965e1e60181ca90cdbe355308c1cf25e5e8b8da1f1a,CC,경기,140,08,5000
158f4c1b3f4a394fcabdd2a7e7fffdd1357f7a06c87c7cce67559eadc644f5d3,BD,경기,22,16,4100
3460c3ec4859d7604208be0e417f7874316399c959cee77b1f0f9dc557ec6e2c,CA,경기,77,16,2000
3460c3ec4859d7604208be0e417f7874316399c959cee77b1f0f9dc557ec6e2c,BB,경기,32,11,1400
1f7b42622e62bf86f6de0fd27d88e1f8b4e41465f7387b494b43db60026e95a8,AC,부산,101,11,19400
ccd3fc4833a3fe6aa60e1ad66922bffa8d654a7deadcbd661054b33909979f6f,AB,서울,106,13,2200
bd1b148b2a900ded2998497a5fc19c73e132e6e8a335852b5a078f98f5ad38a4,BB,경기,107,23,2600
760301fd0f2988d0fb56a25526e027304d97e8e2ba6844d90f1b13d52fbf7082,BD,서울,42,20,4100
95af2b683cd83bfe88f9df8e93c496e9f12746ed4bd491fc95aa4bddc944f735,CA,경기,109,22,2000
ecf33808250ef9ecf2bd59ef1b6b2b489442520e1604dc4855ed769c8ee2f001,AC,서울,182,12,1800
ce4c52071526abdbf5f14028df1cf38f903c975458594eeacb67e7ce2273e3a9,AB,서울,115,12,2200
3bb974969a6242253bd07fc9a769797d537a9e587d3cae704ab687f47717fc2b,CA,부산,26,22,2000
f5c985db2ef0e96c181521059668c05eb1cebef18bb2d8a385bc7f69002035dd,CD,서울,153,14,2000
8666be8e8723546cb3f51d2a1ccc18c19fc59956d6e97e0ff70b12d9c21d6b77,BA,서울,32,10,1200
038ddf170757e9bc0d763147e9aafba0619db2ef79087e9efe51d1a0fbdbbb4d,AD,서울,175,23,4700
467265eefaa3303d36c884d0a0582beb8a23fabc9dad285b1a17a4a2ce2ca3b7,AC,부산,112,14,1800
5261aee1ce2cb6df0fceef620417cf5671531abf6578aac113df4f3211518847,BB,서울,146,23,1400
5998e08f87fcbb4a9c37df74e71a4d6cfa1ea7492c24afc299ca415df34f53c0,CD,경기,161,13,3500
35eec7ddb1e5ccfe8063d9cc814b5042627154e1e6c2e6e9f8dae3106b49d8ca,BD,서울,113,18,1500
ef174554a70ac3aced2c96792011160572ad96847945f300f6b77c7ea05e4705,AD,경기,153,15,3200
a67fbc956a667553d8eeae43d2f8797d74be9bc9bc7a5a155ac2bdf5fa9034aa,CD,부산,1,14,2000
5e6b157a5df11d1e1acc02e6f3ce55f638d00074783a558f48d6bb9aa054f9c9,BB,서울,87,08,3800
16185cba39c1051312e535a5f2393548127018e7909b27d4ee679f552ab514da,AC,서울,65,08,1800
ce9c61baae3eae5985d3386f8b8ea0c56cdecbfd1f615e2370635023b1dd8729,BD,경기,70,18,1500
f5eb62900890cd34f8fbdb7fcc1765a3300e09fb3965676df3a68a8c4755bd25,AC,서울,27,18,6600
3f43a090284d0da06e40f98bdeec755378567fd18de16833a9e3f2aeca7f66e4,CD,경기,167,16,2000
11bb35ff4f1a8e497aa4e870b91d4eecc811a904f4106c285a10fc98c7803971,CC,서울,154,09,2000
ed6b02da640bab6ea410f1e2b6b3352292e1c45d9132d6c1f8cfb5eef0d55f4c,AB,경기,89,10,2200
2654ce8f8f9278f4e8684340d51e2ae86ecab9eaf2da1559248cd3296aa13f2f,AD,서울,89,00,1700
a24104b494bda84d9175d3fccf33d40915999146b1d00fafc02450e98eef5e1d,BB,경기,59,20,1400
112f5d22824d116de14d3096e7c1d3023bab6ffd290554b38d30af674ea1bf7a,CA,서울,94,19,2000
a3cbd1bc4663335b35eb267320c8ea44a06618f4a400025cd5f52b540c6f65c7,AD,경기,108,10,3200
a3cbd1bc4663335b35eb267320c8ea44a06618f4a400025cd5f52b540c6f65c7,CD,경기,15,21,2000
a3cbd1bc4663335b35eb267320c8ea44a06618f4a400025cd5f52b540c6f65c7,BD,경기,108,07,4100
1cb045405f7f026d82efb04ad2863059f24aed62c49c43c29e746cdf9ea6314b,BB,경기,66,08,1400
8bb219afa8dc3888e98a932ac22b188f4f8f68a1caec56c50fcbb680ccf1770b,AC,경기,23,13,3400
39580299c5b071e7435907a76e7d9fd1569f74c3726d8795f1878a2c704e6e31,AC,경기,58,08,1800
a59bd0077af28115efee26b412c2f20175ec1436a043e50cb0639b1d29dde794,CC,경기,125,22,6500
4e0dcc3fc3bb839333cdfcb41151b847993b99c404c094444ca858bd6d239b7c,CA,서울,73,16,2000
4bc58ca978f7f2857107fdffc0cb10405af0423c06a5e62c1efb54cea5701b64,CD,경기,144,15,2000
19633a74acd9ada6603afd35f0045c513e821aa689738cfa90a949a283203ad6,AC,서울,181,21,1800
9f8e47a1ce993851b2331964afefa4466cd5b9478d62e399cadc16fe77fda56d,AC,경기,114,14,1800
5f2da84ff8ddc133db1e23bcf5c6680773cd63459e8dae07830e87daf07cd5eb,AC,부산,26,21,3400
2d87f78ac8b5620aba1751df6c134680ae87cc7502d6307b8174dfafe85c4af0,AD,서울,144,13,1700
c9fd97f1fd80c81d190a29eee8cd5f1ec2e2deb118a838766fbdacf66e0309b0,CC,서울,172,17,2000
b3a1cf7f2cc64ab19ad423ae6ef8b25d742a12c6f58df436e1a6b6e0f8c0c81b,BB,서울,167,07,2600
5e46894343c8126112452564476e1217435afbfcc6bf0a34ccee7526be95825f,AC,서울,156,12,1800
2762799a7d11e76dc21ac1efe16c87b09e187e13e50da9044c899eea7f7f8b86,CB,서울,52,10,2000
997c35966d773a12515934fecd3887062b078ce1a94e50ed3f71db528e9697ed,BA,부산,40,19,1200
02c07e0b95e787764a820b6fc421b93eb71a0e665ca3046b3dd5d1204dee3812,BA,서울,63,11,1200
a5f84d56272b9847a5dca0658b3f4da6af3c3b24a45f4fdbe5f22007a85fb166,AC,서울,181,23,5000
946849352b92e7e7e380f18bbf24f51a69bebbb7378c2d6667380abb005f8214,BA,서울,27,06,1200
37c34350bbe68857bebacfaa8a67076fa3fd6afd529a395bef11727568ab3808,AB,서울,66,14,3200
983003b86f4d6534256b6df55c1fe204f65c3b0bb0e1226a87af8c6110789467,CA,경기,52,14,2000
983003b86f4d6534256b6df55c1fe204f65c3b0bb0e1226a87af8c6110789467,CB,경기,6,06,2000
983003b86f4d6534256b6df55c1fe204f65c3b0bb0e1226a87af8c6110789467,CC,경기,120,17,6500
b0ba86e7dc1b5d6ca2f60f2714ef69017ebabebcf4734cac9da33fef0d4973af,AA,경기,143,16,3200
b072aaa2f687b520d3eeab414c7b079e3595bcb7c0da684be4679dee04ffcb49,AC,서울,119,17,1800
5acd7dfa29b7a8356d5b3b5d43e15a8acb4843714766046fd4d4dd9caecbcab0,BB,경기,84,22,3800
5c562dda4feb39c4e0a1351780735dd782ec67e31e65528b9baf6e80d6c0ee2b,AB,서울,106,16,2200
d03606434d256ca05da299fc3f9533eeacfd000fdea98e578d8ccb46bdd89b6f,CC,부산,172,15,2000
981bdd1e0a785f3b30a19040ef4c747a041d25305afc3add090995a9c211cb11,CD,서울,16,18,6500
a8cef51c15df390af14ba325247773d4cba204cc89207f170916e1db3f966917,AC,서울,132,09,1800
97ed1aa7f6250866fbaad484c0352ec985b1f2d667e95556f8e2014cb02f17b1,CB,서울,45,16,2000
97ed1aa7f6250866fbaad484c0352ec985b1f2d667e95556f8e2014cb02f17b1,AD,서울,176,17,3200
bc3671519a25c94166b9593ca88d06a5effe4cb4ece5d60e43d2a68f93e20cc2,CB,서울,142,16,2000
b9468f1fa8c45bc46f9cba90d002942ef5dd469a9fee100d3e0c54822c729790,CA,경기,142,17,3500
553c16374315c01d3f8502b6942af73f139dcd5e34690fc308760a6e2f992032,AD,서울,96,18,1700
afd06fa03206343f5a8205539d011ff8f40f58454e328acc0203605198c1bfeb,AC,부산,21,22,1800
3e88aac5510416d635fa0e84ef39353e6a2707214737277ae504dad9aeeaa75a,AB,서울,41,16,2200
41eea410456803cc01eac6c7062063f6e5ea6a9813ba1f54fed2a18734942d75,BD,서울,90,23,1500
41eea410456803cc01eac6c7062063f6e5ea6a9813ba1f54fed2a18734942d75,CB,서울,139,01,2000
3ac91c9ef07d86ad087aa9a55a36e1b5c4bb6721c1ca2a35b5c5a78c5878a796,CD,경기,59,03,2000
ccc2020f3f7b68e3fb468af41c9a2e617bea72b8b6db5c0feaefedf331935866,AD,서울,164,15,3200
7321c399585574371480285d68c35f8b7070be6c02ba62a0ca4091d3918c18e6,AD,서울,35,15,1700
5b11e38981e19509f0f4d70e503acf4ac253e81103737eee597c9e7976073dfb,BD,서울,132,19,1500
131655ade13afce5bb87f14786666b565b4cc8b326e5fd237b4001dd6d8024ff,CD,부산,142,17,12500
5e75132fee4af3e9610aa0233b0396bebe351304be0dafbc0ffc87af7abcc398,BB,서울,98,08,1400
6820adb09b032792a053682783fc51a33d848461f167c24e031a72247bb00fe9,AB,부산,43,18,1200
eaf07a43e8afe5145bab19420e8f33bfdcd214ce204fbc1301ac5e589557657d,CC,서울,87,21,3500
22d1eaedf610dfdccf4c5c0a40b26aa4f2238f8958e143357cb3b4e88b0c3bd5,CB,서울,15,19,2000
f9c99c55a14c5fb743d2c4857b663923b7105808a23319511b827cc24fc63039,BB,서울,79,21,3800
08694f931c3bcbbd1f07268b1e423768d0c775f8246a04b763cdfc6231c16379,CA,부산,69,23,2000
429fe7cd87d9c6df9d1dc5ccc7b34849a11159efc15293c829b7e441d4dea4c6,AA,서울,59,11,1700
758f639dee020584b412ad13c99c0f7813c395bd8e836908d9ecd86b173cfb7a,CC,서울,154,22,2000
9309b34bbe9d4663ffbfaacac0f3067ff09b75760a92b3d30260f1f7ec697a29,AB,부산,91,22,1200
d7f68e3125c054a969621a789ea51bdb1765e15b49d9a79a247b0584712b0695,BB,경기,113,17,1400
184bdc08c3b51c75adaa9d72138d0da96ad8c7072d7c63e85f99fd92d91f1091,BA,서울,97,10,1200
88ebf0a2e0d4c29873d7e62911e3be9cffa2aa3b0d2b79b0af5896dd4de8a7ca,CC,경기,102,16,2000
ac9382cc6fdc78686dc314f6503ded660a771a4455418c50c8bc4bbf6e9d74ff,BB,경기,159,15,2600
82160ffacb2e3a4d77637599c7c29bb9a0f8ec59d562e2fe8cb8d1ff3556c11a,BB,서울,95,15,3800
2bb928b956377ea5dd0b912ed0ecd4db232777712812163094acca19041443a9,BA,경기,14,10,1200
d0bbad988419302357da16fecdc26de96ae8681b98c0e3ad664f37589d3787d6,CA,서울,181,13,2000
ee1293a5e8a1485efe7c54b8a2f406d57b8956df5565849b7f2274fe5e50ae40,AB,서울,115,17,2200
a37a9b87758d9a2abc303105246e585a5b3d3ccf537fd2f75b7491293dc098cd,BB,서울,163,21,1400
96c03d2b97059935d27ff4072539e0dff25e738b20b38fcd477d2cf4ddabb726,AB,부산,157,19,2200
b1c0d613c4562c09075ced3fb2b54e10e05972bfaba3516ab879e5ed183e219e,CA,서울,110,20,2000
b34e0615e4e260b55801e13ad0877aece609b18c97822566add27227fc86d39e,CD,경기,135,17,2000
9bac06d800b634afda1e5584d4f6033b6f5057c5a56b9be6b29b0c5206be2433,BD,서울,177,11,1500
054371e90ff4e8c92b08136ab7c1e217c77fcb51a440d3edff954e145357291d,AC,경기,115,17,5000
098e92585e6d0c97dadec84d58060402494a24957f3977f63daa4a9614e14ba0,BA,서울,177,16,2200
76620d37eaffcc3704b0fdf7cd470607046d22afae7a899d286d8f731cc9b9f9,BD,서울,11,08,4100
76620d37eaffcc3704b0fdf7cd470607046d22afae7a899d286d8f731cc9b9f9,BA,서울,135,11,1200
76620d37eaffcc3704b0fdf7cd470607046d22afae7a899d286d8f731cc9b9f9,BA,서울,81,08,1200
4da7b140f58b3dad35e037030a4dfdb465477804f24e148c011f47c5568121d4,BA,서울,168,08,1200
a1289a3be2340ab038787e082191da684b45925306cdae454e382d71889c8344,CC,경기,158,00,6500
18724d6c25703907fcd03a3aa6f9a6c23e93a1845a9e4aad2825039f5e07d413,CA,경기,171,22,2000
18724d6c25703907fcd03a3aa6f9a6c23e93a1845a9e4aad2825039f5e07d413,AC,경기,97,23,5000
d70fc17efa52236d00317906d0058044c79a2c5dbfb6f04ff85fb9f07189d1e8,BD,부산,55,20,4100
ad37d00ad26db2c79085ce144adcb8c4ea779abce4d0aa7dfcd561a069a4bfae,BB,서울,164,10,1400
a4ea35c16a5dce6d666bd4ca1c615ae5f6b3016c59d13247a239a6819d600164,AB,서울,121,22,1200
f7b498fa4ba8b1a6b78f892c50eed51eb4ec733b23664a8e13fabf9ef1ed17e8,AD,서울,152,17,3200
d7792d94a6674ae50fed0a0ad31ed9fdcd5ef28c1d43f90863adb2924a67803c,CA,서울,110,12,2000
340edf85a0e5f49d34c9980a0155c66cec1964bfe7472cabbe98879b1a51fa1b,CD,서울,142,15,2000
340edf85a0e5f49d34c9980a0155c66cec1964bfe7472cabbe98879b1a51fa1b,AC,서울,68,09,5000
340edf85a0e5f49d34c9980a0155c66cec1964bfe7472cabbe98879b1a51fa1b,BB,서울,34,15,1400
340edf85a0e5f49d34c9980a0155c66cec1964bfe7472cabbe98879b1a51fa1b,BB,서울,70,18,11000
340edf85a0e5f49d34c9980a0155c66cec1964bfe7472cabbe98879b1a51fa1b,BB,서울,176,16,1400
b18449ff7a0f98bda0442e303a0a157181629e77c1b0cb042367fd234f61a7a6,BC,서울,18,13,1800
ccf248df9866e07a4e144029f9e67d76af6e3ed79bb1234c906da03ed48cba8e,AB,경기,34,20,1200
ae75522430fcec3772c0b6da58650cb75656b9d0ab8e714f5a0792154eaa72fc,BC,서울,112,21,1800
b8aa0b545c28271f3dceed3d6dd4be9947fd4f991a15712530ab04439521a769,CD,부산,9,11,5000
860295129e1a6fa26cfa0b5d46492a02fb7e2b48641f385bb8fe97add32555a9,AD,서울,28,14,1700
860295129e1a6fa26cfa0b5d46492a02fb7e2b48641f385bb8fe97add32555a9,AA,서울,175,21,1700
bf99b31c9c329fd960fb59772b6033614bc9b8cb85a09b8c64e9201eeb39500c,BD,서울,42,21,1500
f5bb70cae3c91bc0f73268cb0d52a83b980e658fa71741be974d84f514c1b534,AB,서울,120,16,2200
ed316c14c52e60191e38561b8321dd3a31ed4f3f4951d27aec6f8a5a51052312,BA,서울,9,08,1200
aa73f1151d610a1ba240945a87465a7de52b1361978085a5df5294aaf29dc7fe,CA,서울,116,13,2000
bafb3c0a64abb8a2738a05fd36ff1015a28c2d2d1eefef46b72f8d23baf4ccb2,AD,서울,176,17,3200
62151bc8ecdd6989ff1473ac819dfabe4384facb4c8c4a3d12397266c267fa0b,AA,부산,168,18,1700
62151bc8ecdd6989ff1473ac819dfabe4384facb4c8c4a3d12397266c267fa0b,CD,부산,30,16,5000
a75b605ea3854a15767e74b658148981d3619020c5abdf8136de41810fe98fcf,AD,서울,126,14,3200
8dabfb525012590ef850cf145af5d2c2e0073bd763c8ff10a1f532b8db3368ba,CD,경기,37,14,2000
7ac22836058fbbd057ff24440fc64e667967bd46cb6f1b96dc4fe9006fb54065,AB,서울,152,22,2200
ce9080f237f4e79cfbbabc30a043a3cec04473a729d19eb29e2747817830bc7d,AB,경기,149,21,2200
9fbe0bd72be445471cd583e10d96c915898b17415347f2c399694fe4c28f058e,BB,경기,136,08,1400
ae016732f72c36d9c92edd0e3c642d333d3feffb9aebfef0fa91e8b808e5b1bc,AD,서울,150,18,1700
8e946415ac6e1f87bca6d44338f80b64b724a29de6d0ddd8e21bb176d7fc9a92,BD,서울,169,12,1500
c6e2b3aaa571481414a975a9297387986b17a6764198db317343d3d0116147d9,CC,서울,156,14,2000
d63fd81c119dbbfc92cfbbb892cc71e8e162903122308f30525d7c5ed13654f5,AC,경기,168,18,5000
d63fd81c119dbbfc92cfbbb892cc71e8e162903122308f30525d7c5ed13654f5,AC,경기,168,18,5000
9a7c3e2ada44eee2c6addc192b99c4192bf6e0a78f02adb7f892283f7ad57ccb,AB,서울,169,10,2200
82afc8be78f2dcccf71e8fc99d201da3e360714ef24ac69ca1de748b62ddf8a3,AC,경기,167,20,3400
82afc8be78f2dcccf71e8fc99d201da3e360714ef24ac69ca1de748b62ddf8a3,AC,경기,93,14,1800
302f47c6c7e7fb272cc0d8579fec403cb9baa9ac630486e7c8754473a2113c22,CD,서울,146,08,2000
c0d1378f1f502c598c72a576e75fd8dbf12577137ba51bfb2316b689f378b0b6,AC,서울,149,14,5000
1ddf6d39724b3b383402eb9e60aec654acbec22659961e282db5111bba5c4447,CC,서울,50,12,2000
a1f64d7eacefded1cf66ba43d7a805fc211da0b6f74153812f7b7909eab1f1ae,BB,부산,166,09,1400
a1f64d7eacefded1cf66ba43d7a805fc211da0b6f74153812f7b7909eab1f1ae,BB,부산,175,04,2600
0d99bed50f795e4e20a1d070361004bb101801d29771dcbe140b047c3b03849f,BD,경기,64,22,4100
ee4e0603b160682e3a2b0ebd3058c4c9764027e80e0715f862d9f2d03b20d454,CD,서울,32,08,2000
ee4e0603b160682e3a2b0ebd3058c4c9764027e80e0715f862d9f2d03b20d454,AA,서울,176,18,15200
b813a5be194f3d5ec26c74cafe423f0240ff75d18171a3e59c20cd825d9e0484,AC,서울,133,16,1800
517cabb83c36e86b03a17e36c6e271c18adb3e276664746a9cd1c37ef92e705a,AD,서울,99,08,3200
cc229d23f58862c4395e88f2d68a66be26dfee5a6352c32f62dd204377e0f65f,BA,서울,6,21,1200
12504130f68d29f00426985d580477df1af58232d39b5a98f7c701777594c08a,BC,서울,85,15,1800
27c31a4e65a14d17aa68ef4d309acd8152258714688b485b23e0412296ebe8d4,CD,부산,3,22,2000
d262f9bf54b64d159751fd3e8aef13452813e15de241c9ef3330867e5b325447,CA,경기,100,19,2000
6018b287a334b9ecf841ee41d26cf65c945ffbf91a2aae4ad8ee634189f6082b,CC,서울,160,18,3500
6018b287a334b9ecf841ee41d26cf65c945ffbf91a2aae4ad8ee634189f6082b,CC,서울,141,19,2000
0fa8080dd3f1a10435a76c5e08fee6bfea4c3d02ae58bd430a3e3f5fcaf67e28,AB,서울,89,13,2200
b914ea2c6dc5a5362c365768de8dc414b08998ded5f96e6675688382ef65f6b5,BB,경기,78,17,3800
b6f237adbc99f20f94c6a05c7b5d8d5d1ff7f15f7578393a8022650a3b9c1633,CD,서울,116,17,2000
b8b745f8680c6b5bbddb4f266c74f67c6d36cf21dd253f12cde9593c50e82388,CC,서울,124,06,2000
c5b1f4fa60d44979cce8dbddc3d06d02ac4d711dcd7147cbde1302d45978ea2c,AD,경기,44,20,1700
631b2991d9f04f3bce81b6c89427d8409861988632626913bda34bd5cb8d3dd7,CD,부산,108,16,2000
e146bb3824abe8a102a5783c3da77a9e737be42747f8ef4aa30effee95785859,AC,서울,4,19,3400
71e9b31ec6a3abfce0be60186e13e040394fd2f9837819b8b583c1940bcbd198,AD,서울,33,16,1700
42b892d7b00615a0b4db6c8a14c039b4e1aaf2e90017bfb3139f9e94873696cd,BA,경기,130,07,1200
c7cccd802de7b1d054b8397aef7e7ff0b7c63f2f215123b8f4619ed9e5287da7,AD,서울,86,19,3200
8a3a8ad04a26756a7668bf8e04c958222de9cccdad4b3c7deeb536baa8648270,BC,서울,97,07,5000
c9c73c4de8d2a4d09e6f701ff603b1cd3040be6478dd76b0719127f5db437674,AB,서울,75,00,3200
6c880a3a304f5abd7038e255b90d5a3c64f8c704c69ef2d9496661ee3a3cf203,BD,서울,169,15,1500
81e0cfb7a7fe2d97e27f55ecb28b0e65a39a2e7c637f3ec632b8e255b56ef96c,CC,서울,72,19,3500
135df2e6d6c1715ec177e27e8957a6fe3c8b67fa33fabade65e6dbd1c536f6ea,AC,서울,63,16,5000
a752c878942ee0fef4b52df9ac6e84b9193bb0a3048a8a19c4ef9ebc6f515efc,BD,서울,167,00,1500
35e370b5c28dd7843fb635d46b03879301e1ec0e93520fd4e86af7b0882fef8f,BC,서울,33,20,1800
f0cd831020a741d226c445c847d6d8f8d1f8899ba64376459a5ed53de8cfbd03,AC,서울,31,16,3400
733b98a0f49a87396057fe7ad02f09628c099d678940eb53f828f2ded3db1582,AC,서울,29,19,1800
733b98a0f49a87396057fe7ad02f09628c099d678940eb53f828f2ded3db1582,AC,서울,29,19,1800
ed5b937ddc1d377eca2443ad1724a0f474fc5af2c5a7ba98350ed4ff5a2185fb,CA,서울,160,23,2000
f3b44191b99eba2c6b10040a85de1070b74bf43321efc88f3939b7c35c68d7f4,CB,부산,59,21,2000
8056c6bc6196494075a085ffab3e277fafb23330dc7a1a708274a7498717a57b,CD,경기,102,16,3500
35ca642139764a4a18772cc5d94d6d1d23558efda0ad56f43f45564de55af056,BB,서울,172,18,1400
8aba029c67316bb79748ff279f48e5d962331fea5bedeafacf028ad5ad4993b2,CA,서울,152,20,3500
c26f795acabbc81ec331a496e39ea8f05ca847c5abc86eae1d601a5e63c3eb5a,AD,서울,63,08,1700
59502274c8aac7ff627aa888ce9c744cd04b738b2f389e50f07860ba1bdd1f67,CD,서울,134,19,2000
a9302682ed2af581e596ba7be4e68919ff4851c4a4b6e35a9a79af2bd63787c3,AB,서울,99,10,2200
285c54ce14b27b73691398cd3318990cb3b7d26483e190e6be75a4a39b804813,CD,경기,153,17,3500
d9b8d3373a495b4086bb9f540d9151f4f0dc6fbd7c1b48bb3c05f4063a1736e6,AC,서울,108,10,5000
2f14061ca583c58fd30afde06d2cd6c53ff7774258aa102f11ed030d01900cf5,AD,서울,116,12,3200
fcb0c21d7b8551bcb9824404969552312a4fe06dbe3e17945b6479be8a0bc3b7,CD,경기,156,18,3500
517e793069be8fdb0e6374c265455aac01d78aac90833b5f7594314b974b3e2b,CB,경기,108,15,3500
517e793069be8fdb0e6374c265455aac01d78aac90833b5f7594314b974b3e2b,CC,경기,139,23,2000
6baa8c25d0f138c249484d1eaefa177d7e344ca96d02909b2e0920bf91dcbf76,CC,부산,59,11,3500
77d4e20331fde66b976d26b4ba8d2e56392b7a039c810d5ca4d8bc4850f22bcf,BB,서울,122,08,1400
917f31370a820a3e8be8b0aa174835261ee267d8b1344a5d0136ca551ab26e0d,CD,서울,92,17,2000
886ff59aafdef83f8f2f13639b337ec5be805dd7d22015dedf28593c73eadc4b,BD,서울,133,13,1500
7a20fa85a973605325168d9f39fd2c1d50c565465c156a0c925bbb1e3c9b314f,BD,서울,71,14,2800
d3d967909bbe03cfc189ea32b5c427dcaadbe15eb33fa58d46e006ea48d73f97,BB,경기,140,19,1400
77b6978571ff27ae412076e31afd3bfc4523a0de8d132e2293c636dc83a28f23,AD,서울,113,18,3200
94c54ff55c0e52fb02db6f603a14fd54623f8a440605f67fff26ea365f315f99,CD,서울,73,22,3500
8d63c650cda16f62b0fdfa4bd810a9826466c95ccb5194ead1ead5593ffc7547,AD,서울,49,13,1700
83e835fc51d3e84a1a6849ce2923c1a7910b48af857b67fbcb4071c3dedc962c,CB,경기,36,06,2000
2bc725432d0deff1f96596084d93f5af0cb76ba47cdc0a65cd4f99b3b60581d9,CB,서울,67,19,2000
899ca053c5ee989945f3b381b3991f4ab672384f35f168d5a3326b2b0d0096ff,BB,경기,154,01,2600
b813b5704d1e517a67cd131daabf775db870a9397eff8ec4243840d342bdc56f,AB,서울,38,10,2200
b813b5704d1e517a67cd131daabf775db870a9397eff8ec4243840d342bdc56f,AB,서울,157,16,2200
6a579057a6549776e0dc06864152c4428d0c2a673f419cb69c599283b101ced4,BB,서울,73,11,1400
1e74d80ef85bf190ea32e6c2555419b007a1490bd1e175c6e30f790b42f54ae5,CD,서울,16,13,3500
f97a85994427b042213ba0a88d6cae2e9042b6be7b4445db6aba7055c3d077dd,BC,서울,63,17,1800
5a44cab95eaf5e5fb517f4c404d64f3ef08986657d0569daa2cac3463df67663,AC,경기,38,19,3400
05c7b097946ac174fe717ddb32a0e52321d421cac146496191004d705f82233d,AB,서울,136,12,1200
c07ab0da16f9a49bfb09c34a43d3ee133d5f96c82fbaf6b7c0aed34144d04681,BD,경기,11,07,1500
e8345089a098711fb1a5675c5efd5dbdf4cb5a3a3679b32e04696c071e40fa1b,AD,경기,177,12,3200
28bb45f17c61b4755a1fce5c5768938db8cdcd5641ac930e39f6b5dd4180b92e,CB,경기,8,12,2000
47a93c519086546fc5efda48904f1827b05c6f93b273686856c26ecfa6ef9c8e,AC,서울,31,09,3400
2176441c65e6adf76e97ff277a04aadc6a16a55f811e83ac1295fde54d74b3cb,CB,서울,55,08,2000
79ec011cfdb32f32d3ac11b11d883edfd920c37dd7f2242cf35828499cb2588a,BD,서울,61,01,1500
34027c36c9add78e01ddde6ef75ca39301a8b14f94f3c21b8154a44261b18b6b,AD,서울,172,07,1700
6ce4ace12d6fea2e4b64802da953c5b4d920f1e24bdeaa17b2dda305c0fe89ed,CD,서울,130,17,2000
5b74c44e250ce195de55333d47b4f620989ab47205c3383e552610f5ae10e15c,AC,서울,100,08,3400
2ecbaa1add1efb78035f7da3ae062610128de1e8b43cddac560659a38ee839a1,BD,경기,24,16,4100
e4840297ec610d96800027e1271c11b575382e5c70c0d03b4162c3a246439c3e,CA,서울,101,12,2000
d47d0796bb619e3e2856ded09b573a2e997172c9255a651703a658c09c253fa1,AC,서울,177,14,1800
4d6f53395c5240904baac45a959c2a6c8e7de1c80988c1a5461c2f53dc68a164,CB,경기,5,02,2000
fe5c2e6190ca8344ceed27dfd2a6d421e8c80450512913b74b1344bb6a9674c6,CC,서울,79,14,3500
80419664edfa906f7ec8cd0c4911683fd6b18c04ddc10d5d38de0840ee9eb98e,AD,서울,111,14,3200
bcf41f477ef114b76398f96f54dad90c0e99cbd79841078b8acee5973eb448bd,AD,서울,125,11,1700
a582bc03994c81413b61279eca92000f1e3d094252750eedbfd2f9fd7c18db21,AB,서울,87,15,2200
5ae2adb1707ec28f338734f2b75f1b8556041da46477d055419615063df62572,CA,경기,39,05,2000
776a0224ae9b6e513afcd28e370ffe8ebcc1dd58ba4ac9f86f2ee849e3f03a64,CA,서울,164,15,2000
e8d22f1c69eaba3d56592c28d63bba303713689008e2e93d6a968ebf7a0f75e6,CD,서울,124,16,2000
9c9e4be00a5f2ef187afba26218eaca40d17da261256e5019d911f988c67f8b4,AB,경기,106,09,1200
d4d3bb6680ed046dfeef42a228f9d4e4b92dc60961d3812b81871f15c3535846,BA,경기,145,11,1200
b5233195a964d61d4e9755667d90a5e2ad6523ac845f2b593e2f83abf3f9de1b,BA,경기,154,16,1200
06c9fb712a81af648a47bfcc5c10db7b0946d7dd5b41b8505194cb6218dff014,CD,서울,135,21,2000
ca53cbf8f00a6af42b9b6b3ac484b28bbcb015adffe34ddcef225151051d2c17,AB,서울,155,15,2200
b7d785e8c9bfcdf972c416ed02ca577260071c6420e1eddbcb8f2cf89fe3cc9c,AB,서울,21,19,1200
9c2409e5743a89631cb026eb34ea24500b3e7aeb421eb83792d9e0e94d205870,AC,서울,24,15,3400
88f1832e93f1a7f51d859d795f6b26116a239db1cbbb7abe614f106d0f5f9171,BB,경기,174,15,1400
65e5a620fbcc80d17b3b4e6d71c14fdf2aaf18c99ced3096669ec20a4e8c1f88,AA,서울,30,13,3200
65e5a620fbcc80d17b3b4e6d71c14fdf2aaf18c99ced3096669ec20a4e8c1f88,AA,서울,146,14,1700
d1cc8fb782902815db44cf896972cff8a29fb84960feac9715ac8f8e3086b554,CC,서울,114,17,2000
5de47f320378f3d16350beac2104a2c91aa158dd610ac6e036ff84a0a806ed02,BA,서울,29,07,1200
f0e0c1288da2f4ac5fc727dba04677d249cccaf9c9039790ef52c7583ea8d82f,AC,서울,6,16,1800
9f8de909e84632b567706f7f1e7d71b76c464b789cf7328de73e58c51af9ae5b,AC,서울,36,00,3400
870c71877bf00a4f98cf68912097e1b754f88c81ae03256a536da58fa1cd5abb,AD,서울,139,18,3200
7334e4211d1b2ad71565606296315ea6a0831c3ebfe39522d4905a4f89936652,AD,서울,127,13,3200
7334e4211d1b2ad71565606296315ea6a0831c3ebfe39522d4905a4f89936652,AD,서울,101,22,6200
7334e4211d1b2ad71565606296315ea6a0831c3ebfe39522d4905a4f89936652,CC,서울,55,21,2000
c693539d96f5434bcc7ea87600b0f3b102fc533a55db611d9cdad87aa6bab23c,AC,부산,161,11,1800
c693539d96f5434bcc7ea87600b0f3b102fc533a55db611d9cdad87aa6bab23c,AC,부산,158,11,5000
c693539d96f5434bcc7ea87600b0f3b102fc533a55db611d9cdad87aa6bab23c,AC,부산,122,18,5000
c693539d96f5434bcc7ea87600b0f3b102fc533a55db611d9cdad87aa6bab23c,AC,부산,181,18,1800
c693539d96f5434bcc7ea87600b0f3b102fc533a55db611d9cdad87aa6bab23c,AC,부산,112,19,1800
6eaa5230f1a2373232004133367f56a1d45371be2500d198b766ed4c509fd588,AD,경기,182,19,1700
adff07408008fbf12917c0e7939f7138483a55b7078f3f6805392b70e5275e63,BD,서울,168,18,1500
adff07408008fbf12917c0e7939f7138483a55b7078f3f6805392b70e5275e63,BD,서울,168,19,1500
aa6b79e6c1af0f0ac910b8133cb825d0f971e1513423eee5ed761f646d4513d4,CC,서울,106,16,3500
aa6b79e6c1af0f0ac910b8133cb825d0f971e1513423eee5ed761f646d4513d4,CC,서울,106,12,2000
b1aefbc2b01d92ffe883588eae64e28183eb8a8802e3453b811c72924086ebd6,AB,서울,46,18,2200
197736ac2535e079f972d60e2514212a25ddb615c6b02b0e31b9a5aa8b77c683,CA,서울,123,22,2000
d00fc1c5fc5d38214e3bc6d5e4759169ed1e3d7dcad375747991f4268ca69a15,CC,경기,147,20,3500
db943718ede1ad3b3875e8eef69462e7a62333d9b58a41aaad66236fab65c9fe,CD,서울,115,23,2000
796f00c319064bf156f2163901e62b65b606cffa766c05c13038a4a0ba375ef6,AC,서울,159,20,3400
39048f8167e951841eaea1e18dd5b224de4bdbb3497d31da983fb47615932835,BD,부산,95,07,4100
39048f8167e951841eaea1e18dd5b224de4bdbb3497d31da983fb47615932835,BD,부산,52,15,8000
538303a13a249749551757b7c44392244c6c91c2bae75910e5fb28ace2568f31,CB,경기,69,21,2000
01afb347fe52a1bedba9ccc78d1022c350b05952e96d01dac675ae2310343bc5,AD,서울,104,18,3200
af74bca59d1d2f3f419dd57a3c3d9fb7934e55f7d449e88f32fc30d457d86cb6,CC,서울,87,18,2000
987d8428d3b6029c167f2640a4bb63c7ef0f0fa340aa6d15cc37ef3448304e08,BD,서울,99,10,1500
41b4623edb283b1ce704a9c97043111f8734d527d67b6635719b4f70b8bc5caf,AD,서울,108,19,1700
e23ec2343a032a5d5170d410c91699d624802576706697fbbff6be59b877f6a7,BD,서울,38,00,4100
59bd6f714c36314ff774f5afa531863f3b7c42f7e75daa1d780e2374495dbeb0,CC,경기,135,18,3500
c143891ed61d0b1422f6220cbd6d3805d6b156a1f6ba74a94acce83657a83454,CD,경기,168,10,2000
d39b727fd3b23bb0dfd84c791178d7a7eb9afb80593b1a9af80458d55921c9cd,AC,경기,35,15,1800
602bd384d6c2e7339e85ee81910349a508b44ff6b883a8a91d6b23a72fefb750,AD,서울,95,19,3200
ec8c75510ad3f2b625923131c8b807d397510fc0120c069ff9dac1e19e78fed8,CA,경기,161,12,2000
078cc2eb6b711e353735ef12e563685c1ac66f6dcc7dd2d19ca3066f66d2c087,BD,서울,173,15,1500
2534e5e1dc3da3aceb2ba2d388c08409bb927ccb5220e40a704ec1840d53bdf5,AD,서울,98,23,3200
2534e5e1dc3da3aceb2ba2d388c08409bb927ccb5220e40a704ec1840d53bdf5,AB,서울,80,19,3200
2534e5e1dc3da3aceb2ba2d388c08409bb927ccb5220e40a704ec1840d53bdf5,CC,서울,61,19,2000
c3a1385bd66b6384a2e750140395596549c064e949e142a483e8b7f7001d2ea9,BA,경기,48,01,1200
543b1574e39d674ae3918e50ee41213a4925a35f7d74a4646024c6ab9772e51e,CD,경기,114,15,2000
2358ec51e0e1f353a96f754752c229346e33196974675e3560aea8f8150ed214,CC,서울,59,07,2000
ed9f35ddc6ea6ed97c193a9e0866d84808acdb9d786aa50e779f763d0c067fa3,AB,서울,164,08,6200
ed9f35ddc6ea6ed97c193a9e0866d84808acdb9d786aa50e779f763d0c067fa3,AB,서울,155,08,4200
8a25ae9166cfb359fd1f919c2b01ace375b1263fc7dece22e17af5b79b8bd7b7,CC,서울,25,22,2000
8a25ae9166cfb359fd1f919c2b01ace375b1263fc7dece22e17af5b79b8bd7b7,BD,서울,77,23,1500
e4d983cf2ce6217ad007b478dcbf2d7ebca96944e873ef91df622d4d0e98356a,CD,서울,58,15,6500
4cdc981d97c2942478f42d9adaf4090e63378fe28fe94778ee3693683894a9d6,CD,부산,138,01,2000
4cdc981d97c2942478f42d9adaf4090e63378fe28fe94778ee3693683894a9d6,CC,부산,147,19,3500
3045b8f9c251bd00708aab2818e7a8293a00fa30c32d09591733a29d37049c64,AC,서울,33,22,3400
0e68678bf8b4aaa71fda1bd148e216876c39af8f835be3d9acdc07a98b9e2972,AD,서울,177,06,3200
4414dfb9bd1af0d5ecde0e74b8036f9eb88e17d1b5530a289f4cc0229e076ff4,AC,서울,161,11,5000
a556fb1497a6b10bf792c20eff1bd1af01f4c9b185e8382dc158d562dccdcaae,AC,서울,34,16,3400
c5a34fa45272c3ee51ef9ed668f6529ab2dbd6e81ae66190db498c0515efb4c9,BD,서울,27,20,1500
ed95fabc5477ed245170c8ba0b33abfda3cb34937c8583c5d83386b7aac200f6,AD,서울,41,16,1700
20f64579ab3468f01ec81365f73ca5a3149173d72745cdbab5772608480ec184,AA,서울,67,00,1700
16a815cd49a88b6b90de01800d01926d505540af7abb1ee15e75e0014a61a551,AD,서울,73,08,1700
12bf93109b29423a48f80276fb2ca61920bb528e42a3948bf840cc9736eea5fc,AB,서울,173,09,2200
37a08735f4c046c7342f3bfcc9cf3edd9d462642f989b5ad91e81452aba3859d,CD,서울,159,11,2000
4afa27df5ac04b40a9aac79426c095dbe3a535be70f9e62113d4c6c1418f640d,BA,서울,19,06,1200
c19e64f17febfbc92b3b00d67193c88c4539aca9360cf087e2d6e7793b8dcd5f,BA,서울,80,12,2200
c19e64f17febfbc92b3b00d67193c88c4539aca9360cf087e2d6e7793b8dcd5f,BA,서울,87,12,2200
1e52dc3f1f7bb53478503020aab84f8f39a8818c4b826f4abc1fd3fcef5dae97,AD,서울,167,00,3200
a5dd96db7e4443ca6f6c5d2c3b04355493145434ee66c3f14e4d9252a38663bf,CD,부산,79,18,2000
e152b7507fc28c5153ce31b64cf0176bb02a05ea716d06f67fa01bdbf0f0d6e3,CA,부산,155,19,2000
4c595e3a4460c29716db0145ef88f214e20e7e5245584756434f51eb42ec18d2,AC,서울,48,23,1800
56c57b996a11fbbbb5f1f61d433a802302e715d71e3ab3735a406118f1612be2,BA,서울,29,21,1200
dd93ba2f253f2c027b1d8643a81f16839f339efe497f22e8c10b927b67cda64e,BD,서울,116,14,1500
e3158d0acf9ef137679c4c298da4c8187334b387afa412a91a40c84b54d52454,CD,경기,86,18,8000
10d5cba191a8bdc717ed79a0df60b359787fab5d5e062f7230434a02daf3d08d,AD,경기,60,17,1700
9de7124f94bd7cb6dad5ec40afcd4f86e41f1511fe34419a6bde65792646b9e8,AC,서울,31,08,3400
24c6653bcac5647a3eee70d9e370d1a27f6d732dee8cc0a025e8cc53c7e26606,AC,서울,44,13,1800
01ed0412e86e4b579c8b94fb4264fecf502cb557402ad0f4da694116a3c2e19a,AD,경기,116,13,3200
01ed0412e86e4b579c8b94fb4264fecf502cb557402ad0f4da694116a3c2e19a,AC,경기,34,13,3400
74ba73188c1b4aff2f8c1398147816186ecfc93bca1821bd9322ec93cb055645,BA,경기,57,14,1200
e9e3249b607c62a0a9bee6ed08925e7befcf2257f80fe33180e4e0d565e4c833,CB,서울,89,09,2000
eb58ba11cef72d390b3ab6e4b62b8e39a40ac6cd66b68520d2369769efaf4041,BA,서울,124,17,1200
7098584a56ebb8f4c788a387dc8a4ea2d934fca398a8f51cd4890f06e2bcd66a,BA,서울,17,03,1200
6df88571a557f1151b489985c9ec5ff7a4d0eb899a534bf771da67796ccbc23c,CC,서울,102,09,6500
6df88571a557f1151b489985c9ec5ff7a4d0eb899a534bf771da67796ccbc23c,CC,서울,111,10,3500
6df88571a557f1151b489985c9ec5ff7a4d0eb899a534bf771da67796ccbc23c,CD,서울,89,12,2000
7c6759e4bda4fe86a98ac20e9eaee1cf4c15e9f7d8534ff6c079cff171414262,AD,서울,45,11,4700
e245e072676f570af694de9d193ca53ca48af17a9eda6dbc02daa7d18cd1d3de,BD,서울,146,03,1500
17153a6975af20679ae748972479142876cf52db09207e2e0ddf9cb059270362,AD,서울,129,23,3200
b46ba8bbca6640b65767c232345a11649a99b8e0f1d8e8b9360db31e96145ae9,BD,서울,32,14,4100
63137959aec4929a7c1ef4c87cabf7f381a60d7ee3222f19dbe0dc8b19098175,AD,서울,93,17,1700
b3feaea35124ce527e4a4226820f60269301cc567235b851945c13d54b70e691,AD,서울,77,13,3200
a86967dc112d51e4ed1cb94dd6b49b02227b016fdb6ca4f16d8d38237a57c251,AB,서울,112,12,2200
454be92d0418caa24058db3ddbab4b840aa65b6f62cdaa60e4ce3779fbfd59ad,AA,서울,111,15,3200
87f1ad748131c9dd6e274cb61c1f1c200c4198e6541d17fb0e5719806c390b93,AD,경기,140,20,6200
87f1ad748131c9dd6e274cb61c1f1c200c4198e6541d17fb0e5719806c390b93,BB,경기,75,15,3800
2994b12aaf51598b5ef538eedb25a2cb60519813cd668710cfbd8c2dda30650b,AD,서울,143,19,3200
3026cc12291d2a829738a139c97a6ec0fc39e63279e6ef79ebcf2ab0004ed10e,BD,경기,16,08,4100
c1721f2489ec0976d9267fcd57752d55cb15f390f76d4b8a1d198010997f6a77,AA,경기,28,19,1700
63750afb4aea94d33eef73afeefc7ee47d4ac3193a75895f7db226630f073157,AC,서울,120,09,3400
fdd72843bb9dbaad531ebc8bd2173d3e689757852666a20ecc0cd8b29a3c1250,CD,경기,107,13,2000
bd86c9cc425e4f7b3f3c38c4c6202b8ec357759f497afcb453012bb9626e8cca,AC,서울,33,13,1800
8833c5302471ad319e749bcc5aecfe629a7ac5b6de02a8ee0f6354ffdc75a9bb,AC,서울,90,09,1800
f8195a77d79590a78c5101de460d03ce7901b5086bed9e776b43c3835369b25c,CA,서울,64,16,2000
7f7983a165c246a340667c19ca1f17ecd47932a4a45ebdbd38db5a09ec78b167,BB,경기,116,20,1400
4d513f61dbc24223be5da2576868fa4a67b88210998e23c1488a2ecdfecb566b,AB,서울,66,21,1200
d773e567bb91ba637c00076e4fe8c7a5d97105faec0337bd9245d0547416a3ee,AD,서울,76,13,1700
b0729ce9728a457ed9a26d3e17314b5cdc811fa4186e0b584ead4f3719f57633,AC,경기,132,08,1800
93d9e33d21ecf0a09e26d7fbc10b418fb71518d5237119c0fc9a673f92d416fe,BB,경기,155,22,2600
628e8e2d683eecda85e4cda57ff9fe18bc6897c77135756684951ae50b1b4c15,AD,서울,53,14,4700
628e8e2d683eecda85e4cda57ff9fe18bc6897c77135756684951ae50b1b4c15,AB,서울,133,18,2200
6f03410f87095098903282d9f762a3354b443aea3cf72bc4ad7dfc5d0fb0c1f0,BB,경기,172,08,1400
6e051f52a198e39824569b6820111748078995e0ab231d64abd06d645a24238e,BA,부산,13,15,1200
b9fa55a5333f26515cb4e4135f3632ba6d0af0471ff2f155c36d482999def38c,BD,서울,24,11,1500
3a518cfdd9607f68bf256f20dae246d66c16b9e8e73d72b3a42a5909ebd592bc,BC,서울,32,11,1800
30824692d8d6f89ca987356207a03ed8d96f83a8d5a7c4fcb980f50bf0896257,CD,부산,24,10,2000
f7f38d129458829abc5cec25262020770455b2d09a33578e437ce0d757566e28,AD,서울,103,02,1700
c3b2d58b16a275e1a4ba117ac3f6dcfc449a366d2b5b93a37f233ea16482069c,CA,경기,174,20,2000
2301387751173b4d252e513622b4b9141cd33801add48b7ac35270880c9b972e,CD,서울,100,20,2000
24e434fd52120e767f0a25aa60507cf4dbc4b90f0de43aa19aacd50fe6d2955b,BB,서울,77,14,3800
0b1cb0374d0f0f72ed53d115232d68c1270cd467e80073b2447c5688a941b01a,CD,서울,85,19,3500
48b7dabb8db20088df4cbd00809983fd51fbf735b3d1f9b200f35d4f54385bd2,BC,부산,77,13,3400
5bf0eac24ae54ff19c0789827cf7e3eeceb082f4c6b01bacd72ca65d871da3f3,BC,서울,108,21,5000
2932f50db8b5d8b200f086f9ba1f0f2dddeb4be9f0ad36ed36e71062813a33bb,CD,경기,180,21,2000
2932f50db8b5d8b200f086f9ba1f0f2dddeb4be9f0ad36ed36e71062813a33bb,BA,경기,7,19,1200
2932f50db8b5d8b200f086f9ba1f0f2dddeb4be9f0ad36ed36e71062813a33bb,CD,경기,77,16,2000
6f43c4b98689933e012e7c08a8db069055eb06c248eb69656b840ebb7b00b851,BA,서울,50,17,1200
963e599bd32af4fb726e62b987185f1e3138f0948ae3d23bffe0cb5428dadc7e,AD,경기,163,18,6200
f5f1c355c394598f585aad89a25c515aa2d21680f0ebd283ead75e99651efe71,CA,서울,30,19,2000
1a516e8959eabd87cd90d8b9288e0cad18603a5cd5550e76ee71e65b706bd59c,AA,부산,65,19,3200
811142e991a57562f5acc8c900ddebb6eb11b30c83a4631b95f76d92cdbd03f7,CD,경기,139,12,2000
811142e991a57562f5acc8c900ddebb6eb11b30c83a4631b95f76d92cdbd03f7,CD,경기,129,15,3500
063509b0ba51d1b962fd4a0d97cc36b04593ed6622264c13b7bd3b01a41f12f1,AD,경기,64,23,1700
607a3e883a33393ca16233b9a54c4828dbe43b54297297ee2104d32a9c2906d6,CB,서울,3,22,2000
c1af883941fe138fa36ecffe3a116e5448a170da433ed2aa820a55e74301ad97,AC,서울,129,14,1800
964b7abc31ea63e79827a64659172f8b7e50bfc816360f46e95062494aa8b9fb,AD,부산,105,22,3200
ee1d75b6f015aadd6f0f6563c68068d01466a7506bc7258ad71423fa134227d6,CD,경기,79,19,2000
392e97e4cd9e22e3b5e729c0bd34867d2084ea47343effbb3745db7fbf0d91e9,CB,서울,12,23,2000
92813bfca6da9090088cfd86e48fa68589efcb8a0584004040f80b0d94f1dbd9,CB,경기,57,09,6500
eec269b1696361a2fe6172275db746a5d12365760b49ca1505b30416b63066b4,AD,경기,85,22,1700
10c8a178903a704419e3ee3d38d0f24160a19cb9a6d5511598ca3145ca80a8dd,BB,서울,138,05,1400
03e059a4da5df8bed0a246f7554054e0bd6d14477f21b43fbe8449e8e88c6fc7,AB,서울,79,08,1200
de0565839860ab3cd90eac3545a1633f2279d3231ff3cec9115932ec7cd80274,CD,경기,169,19,2000
1ce0f9a7da0cae82967b113e21cf23abd951068233a7d36b63c884ec8ca857c1,BB,경기,142,13,1400
2db488d30c816a3a1e3d0dabe876be43ad49e9e8f7789400cafd3d7f03cefe3d,CC,서울,77,13,3500
5ee72143eabf92c121254b2848b57ecf287690bb8e840c99b061b9c39a9ac6e7,CD,서울,65,15,2000
fefc6679484fb74cb336365021d773f78a5a351470f83d2a0bd824f840153114,BD,부산,109,08,1500
15bc1fb74fc78ab673b6ef556af9db449b5638a7d32b8c9a76af1055114de71f,AB,서울,144,15,1200
c64f85da211b5aaee2073f37ee4d7ccdf3e16e693c0af28a13976b2828e20d4b,BB,서울,94,01,1400
c64f85da211b5aaee2073f37ee4d7ccdf3e16e693c0af28a13976b2828e20d4b,AC,서울,51,13,5000
c64f85da211b5aaee2073f37ee4d7ccdf3e16e693c0af28a13976b2828e20d4b,AC,서울,39,04,3400
c64f85da211b5aaee2073f37ee4d7ccdf3e16e693c0af28a13976b2828e20d4b,AC,서울,23,02,1800
3dafdbbd00ed0947234c77788e6337dd16cc1c2c67273a2604ef11d106479787,AC,서울,10,09,6600
adab735cc68aca51375f7ce6d10018b5309663ce9950282753ae034076d96ea9,CC,서울,175,14,18500
adab735cc68aca51375f7ce6d10018b5309663ce9950282753ae034076d96ea9,BC,서울,67,16,1800
adab735cc68aca51375f7ce6d10018b5309663ce9950282753ae034076d96ea9,CC,서울,98,20,3500
adab735cc68aca51375f7ce6d10018b5309663ce9950282753ae034076d96ea9,CC,서울,85,12,3500
a83748c7d06b22477d23ae84bd60a67c2bce3c052099e044f575d567aebac656,AB,부산,109,22,2200
ce70ece833e6b982f288c3c201db8dc1b85cae606f8fcf81b6aba0a8a90c82d6,CA,서울,178,09,3500
064000a2b11daf3cb9b039b95846bb63d3180c7777dd8da2bcd3cc6581cd27b0,BD,경기,13,17,4100
f66c7ea0d9aebf47f80818be2e78ceea346fa68e1ee9142a910c337714ba6917,BC,경기,44,12,5000
4ddc89cf5ec9526e40e6a18c056cb9d06747fbdd36bc98ece9d87ce7ed67ac35,BC,서울,158,10,1800
0cc250db0563445f949150d9da1fdca5e1dbca72896cda447bec434ff48c6a45,CA,서울,70,01,2000
4a383e8402aed1609ae9b98c87bdf22a0c6cbf3f6d72411f397ee33432d77a7f,AC,경기,179,17,5000
dfae42d2503d9082a1cf5e75f25734974dac67b89d8fb2a865815ad176aa6beb,CC,서울,139,21,12500
7c8ca2d14f0a6e03222cd32c7507c8b939f14e984303e77533835f1f9badda58,BA,서울,37,10,4200
e640a049b9f02e714532162e68c2cfe708e1849ec5325b7871743b48dc948a47,AC,서울,74,23,1800
4421c3022c2d8cb06baf15c732a4b96f6a3d5e9a1dbedb51ef6c0101080b4308,AB,경기,89,10,1200
30998d7d3bb9442d7f5134015c4123be46572e6b97db96adb5fad9de2a3525bc,AD,서울,158,09,6200
9e98b8f0621300af321d6ee5cdff7e884bc29f4288842cded443bfc274aaa292,AD,부산,166,22,3200
24a339041983ff5d37c86e0c817919d226915c878c2246586439fe56d69868e8,AB,경기,29,06,1200
24a339041983ff5d37c86e0c817919d226915c878c2246586439fe56d69868e8,AB,경기,29,11,4200
fd7ee2ba94df876efd5fab99abc3b006cadca5a5fec33a66580580ffdde87689,CC,서울,91,11,2000
e5c076e88924c78c127ba403b652fe39e68aecb72fb91cbbcffbb15d4f1118a1,AA,경기,58,16,1700
7233a3ca8606c69ebff08f12f033f589be734b622976e3f3b450fa920c7cebce,AD,경기,163,08,3200
efa6e74b44ee27953fce73b5c8bdc5d4796aaf5e5cbce4ad6c487e7fa66768e7,AD,서울,95,11,3200
0e7a0c2e97c80fc9bd3948e4d0d001871bbb2f2d5a6b759ba0be41cbef7bb3b0,AD,서울,80,23,3200
5b9103b12c916881e4e0d4f4444b7dc4440c4e2c0eaed7633c14c5e9fd40ec63,CC,서울,100,11,2000
6a37e3a6a49e39b8637f355086ac9c8c729280af91e0c3ba7dec17e6b4289ab7,AC,경기,48,01,1800
b9862f50f71346d68074aee04079899d349d3dba0dd232cc4600abc6e9a99cdd,AD,경기,135,12,3200
ece8dbdd495cdee98843ddb1934ead806f137a08ef83f494ac09e94098b1dae1,AD,서울,122,19,3200
bd41e3d2bce5733c2da71de29bc458de83c76cff5ffcb3b422f14c587dcba190,AB,부산,169,09,2200
1fbdf235786bc97890a5d9830bd20881544d30f6e5d3ad217f95faceb4410a45,CD,서울,126,13,2000
6f14c62c0845340ae5bc9e4a677f6ffbed04d7e0ed7b23f0ab7161585eb10c6f,AB,서울,64,14,1200
f4e9a2efb61c57202f7d78707a57da7f5e1a8f441005237062b489d10d2f68b2,AC,서울,15,22,1800
32b2ab456ec85d1d5125406129a6e625b1fd3a21456de07ad332c270bdd7cfd6,BD,부산,54,23,8000
6176e00b5ad6490cdca63f81ce5184f502f8304b90c25bad62644ef8c9bfb9c7,BB,부산,149,13,1400
5c5100f0c9ab841f48a4e3e20de2867a89c6d3cfbfcedabbb1c4e821511cd1f5,BC,서울,137,13,1800
99d4b1a01109b14451aaac89ec5b49109fd59d1130d2e2cf7e6d6d35570ee9f5,BA,경기,104,19,1200
99b4e5643e6f3cf52ec8380da14761d50fdd837627ca397621d88f845d79d146,BB,서울,123,11,1400
913fff61841c2586935b5fbd27db6f42c136d855a2297c1e2dc6ec22727f38a7,AC,서울,65,20,1800
5ca426147138bb4206fc0a2b9bb09a96c87d34df625277fa8113bb79502ec41b,AD,서울,91,16,3200
fa70b94418d21bbbadc5a1d7d08fe4c2d35021c587dbc9d9cbdf31a0b099eca9,CA,경기,29,16,2000
d0a655c1b094a196bb3e1808e87aeb6b5d7e8ad2f56f34a371f9d3c927b7bce2,CD,서울,31,00,3500
3e07a6fd574b8a6d7f4555a94a265c23012dacf5fdaf00fc957215a6cef34c47,BD,부산,93,10,1500
72bfe326dc27d03c1b44667372b20e1e5caa622cc3e952b2c523e2b0d68110ff,BB,서울,121,19,1400
82371e76d174f72df806182a195f8d05de5bb1c6776ccb09b6eb17c066acd90f,AB,서울,178,09,2200
7260c9a84bcc4a62f883a696651834247af9b0e14b5bfc5be0a46bb37d163d9d,AC,서울,182,13,1800
317804a7d36c8a8b6c8c91c100e94f04312aadf3d2ef9e431b9841faa97a7154,CD,부산,122,19,2000
c70b384c5bd1bff649fd821a78e29e3dafd154bb0dc2c9971c4d26e00634e4a1,CA,서울,104,10,3500
785d4ac364ae256226cfbea8e1977343e7fb5fa4f60c4580bccdf79786071506,CB,서울,46,11,6500
fa433af8040378a22990aaf46120bcf357c787abe2a0975629230d37927094a8,BB,부산,133,21,1400
fa433af8040378a22990aaf46120bcf357c787abe2a0975629230d37927094a8,BA,부산,88,21,1200
6f485eeca0598064078210eac679a1fb06a70b169687ce38c79e5892d7335181,AC,경기,75,17,1800
065621efe013aafaf20b209ee74fcfe69d4af1499ef2b866d2f203a4ec44d8a7,AD,부산,121,11,3200
df0e7ec9bbdc2d39ac7994e066341742714b1ea345dd7a48312363a6a927316d,BA,부산,114,12,1200
2b218698e2df7763ada1207e79329219df3c2234c8a0154d0b0cba3ead8564ae,AA,서울,22,08,3200
3b4619b54f608b8ac76c0da7f9870c2b0fe34d3a244cfce2f8e880e848ef874e,AC,서울,73,22,5000
9fe42fc7bf651808bf46b8415f8c3d5ebe47c4e4e23caf2ec2cba1f1b0725389,AC,서울,18,19,3400
a073188e78eab914eef461d4a36732985baf617882d3d549b759597fcd14769f,AB,서울,48,16,2200
ec468c6798f55a91bff8839ae626525e1d56ed61e906078e853de165744d2718,BD,서울,129,11,4100
36ec0ba12b4ade7751e8b60e7ee981cf9ecddd4b7dda162ede79b573a14243b0,BC,부산,141,10,3400
25460b91df2bf6e15400712622bf9da9a304f6ad679ad7ecd45689c6b7168545,BC,경기,58,17,1800
3fc9ed2f70ab3851044dfeda325af4842110fe2348841f657a859aaf7cda73e8,CA,서울,142,22,2000
af508235f7f5aa02c4262e325f78352983887f37f51b3180c68f6aa9d0d2e26c,AC,부산,82,18,1800
157af188d3d5e1663cab953ba4026808fd604191b12e47aeb1a0874d9754964c,BB,부산,134,21,2600
8981086cbcefe355c2f6ece1c1f67ef9ac8a72be16780e44fdf7bdb2f8cc4d27,CD,경기,60,18,3500
676c44b5d08a1571d6da50a7af9d4460987e878a7df51d7069ecaaa04920a259,AD,서울,182,22,1700
c9fc2fbfb618b0dcd0bb6b280bf8dc328f4cc721d2deef7dc76bec83ce117ebc,AA,경기,159,17,3200
9e768f6629558bdc0b33f7df9f25bd8989ccd20d93e3065e30ad284778aeca43,BA,부산,173,00,1200
042aeb020a3291dbb47f8a29954d791ca0dfddc2de2d825564ecb846fbc17a8e,AC,서울,138,18,1800
5e68fd3b4fd4f2409c8dabdefa720dc136ec40a1b5dcbe160f6880e70a1eadaa,CB,서울,89,17,2000
47adeafb32d7413760c98617af365fdb9618a2bc30890f553c7e0d2f0c467ce8,BA,부산,34,13,1200
c9e8f9d2aa9abc3040e297bd25478a5db68c8f02e850f6d80b8e5b7371766f76,AB,서울,46,16,2200
53e8000807a8f877eaa52d3bcac29042c3cf3806ee7c82b30f1c0f862ca10cf4,BD,경기,104,04,1500
e07f59e86f3a9df1daa1dc45b00b74a8950cfd247d175ce0fd0d4cd8c70e1647,AC,서울,181,21,5000
c3935d9d6e32cc53d3c587f2f336b5c5f3f15d693f6bb061985c0f3b27569455,BD,부산,100,13,4100
8ba3a10a614d35a98c96897d976a003f687bf2728c7f1c85b35d19388c69896c,AC,서울,120,21,1800
dbf5f4dbe1e647b24a3aeb7d8d25debe50466a803016744f31136d9307770b5b,BD,서울,77,13,1500
39a73382808289d4a0db418f69889c9903ed26b1f0673784ebc6e542773eb334,BC,경기,40,22,1800
39a73382808289d4a0db418f69889c9903ed26b1f0673784ebc6e542773eb334,CD,경기,31,23,8000
39a73382808289d4a0db418f69889c9903ed26b1f0673784ebc6e542773eb334,CB,경기,117,23,2000
b6a5133bb646e0149cd76bd001c44c9540a291c0a1cb0095858ad098c260d512,AB,서울,175,10,2200
b6a5133bb646e0149cd76bd001c44c9540a291c0a1cb0095858ad098c260d512,AB,서울,44,16,2200
682963abbc167df76e7fdfd948501ca52462cee02eeb97ff73054148eb6241d4,AC,서울,175,12,5000
a26de789d1c384b505aa477a7a35e18b026763dff707da01527ae2caa8fefc47,AC,서울,83,15,1800
7f83d329d5447a49add43441627320977a14e6e050fba0c99d14850ad16594a3,AA,서울,94,10,3200
0dfc67b3b6df75c32bb3f3bfb334d32987bf37ecfc491eb27f7a19161ab1cb77,AC,경기,161,15,1800
0dfc67b3b6df75c32bb3f3bfb334d32987bf37ecfc491eb27f7a19161ab1cb77,AC,경기,109,21,1800
a1d12817d24f234db9a5f707454dc3a3dbe930231cb2661085de02e01c7494dd,CA,서울,119,18,2000
0fe1ff1033e6cdc48d74e21971eb0b60cc002a47fa5afdfba0e56e45be4fba9c,AC,서울,43,16,1800
a15134eaccfb06f5312b3b4df8ecb9bb6368ea017f0ae3a19e172a180568368e,AB,서울,62,05,3200
7135a78c650f69eb22949ed0ff2c20f77d8a7c82ea4813b54bd3b32a0d12fce2,AC,부산,60,23,1800
5470001c930c2b00b5637bb8e4234569ac9254ed0808f4a5a95909025e6246ed,CB,경기,50,21,2000
59ce6a3139f3c1f604114e6c2be7a9cd252f5122e7ddfc7b85c8f4c5500d2b6e,BC,서울,13,12,1800
80bce5257d74a77d6f73542465f0d73438953793021b443e1d169ba78e387847,CC,경기,92,17,2000
82986f843e8656bc70fa984d0933603733f9025ae9531771d8fc7a84aeab24a8,CD,서울,122,14,3500
2eabf1c3211538d1249ff872b140f22437121772d49a56cd7dc08c9ccbf3acdf,BC,경기,178,10,1800
b1d6de037756654cfd77c8c0135b88d7a5bb30a56b2d8618917d1b1629336633,CD,서울,10,08,2000
217a7c0e9f1203344b87d713c67096cf61c2f4bd75a3c3b860865fd2b07d5d21,AD,서울,164,19,1700
f4b511151d7f915b23d90b96b4ce170d8f7f3362d830bf496797459ee246f30d,AC,서울,69,22,5000
7564529b983a9596914ffce21b9256e5c99bdab79d1d3c8fcddc67e5dcf7bdd6,CC,부산,147,20,12500
17e85bf67b29cef7c359f429d3396c187b4b6c300137af8236b6e3665b90e3a8,AA,경기,42,17,3200
7bfe224f5eebd11ba22dc0c5dc40fe2bbc96be7300a306e299013dfa9d0c5607,AC,서울,49,13,1800
fb233ab57708830d93b38b9e9eccd96c3a9485d93dac01772bab6062156ff796,BA,서울,49,11,1200
ade2178c6cddb9f837755242877ac03684102c96e73e0b0eff85ae87db1f5799,CB,서울,173,21,2000
29bf33cebdffe3941c0716d7422db15bcb68a1a5d73a2067b2d7c4a9c6b7782f,BD,서울,147,18,1500
1bebabfc0ec785ed60453cdc1df386012dc1a50f524fc425a2154bc4a190ac31,BC,서울,75,12,1800
363472cea5ef9860622edf0b6ac0c80298cf388c8bcd56a7a318d3f515eb04cf,BD,서울,134,21,1500
b291c736bc6af83d815d4b5b8fd8ef0ffecc6b5e16bac71bbf7e977efc2d822e,AC,서울,163,14,1800
01af88aab0277b8b3c4fd5b34a77385c8945be6132ba274f60f852d29c6cf37a,CC,서울,76,17,3500
f8900f1cb1cf6f3facede22ac2e8e7304a72946a4981eb1cd39517ae80aef865,CD,서울,52,17,5000
a15d5738694334ce23c12f53c503b00257163a83251ae2e6f60ff21692f43873,AD,서울,102,15,3200
88333e6d5425ecaa9215cc65560a8263eea62ae8c4346c050700f9f0308a3918,CD,서울,104,22,2000
6a15fc40aa5d006b3a61d5d8de1eb5067777b17d959f595a0d1d6d003e4ce601,BD,서울,96,18,1500
7b8b82e0b5770e1b8d544304164ed26a050924e46dd4ac238bae393902f5b065,AB,서울,102,20,4200
07d13ff1d4fb3016f44f1ecca5c45e0d828a46256f3174ffc1fd7000b12c470d,AC,서울,152,10,1800
3a0f2f12b504649e81c16daefb0405ab2da83b6b2ef19e4982d83426ffbb279f,AB,서울,6,09,3200
359c7e95c65802b27e7195d45f860024e2b61879ae74d3fd0e78f8f7b554127c,AC,부산,39,17,3400
f1db6e2a9f784af9ad0433a075e421ff34948745341abe8fbf47730c26e9fe58,BA,서울,13,10,1200
c07222a91a0c932d07f562389d1787357244b8df5b65a77442b9af5d2987d18a,CA,서울,150,20,2000
57b7dc28e0d9ffc9276c7cacdf421164191575a41c220be3eb590be07a5da42c,AD,서울,17,14,1700
0849368b3ae46d1a9f8ae9796ab6a2e99d90c20cc387505ff3241e462d822d8f,BC,서울,125,11,5000
4a5e01c0c04873fb24e2fbec25999ae8b43c59f55b29450ea7371e896e7b3ded,BB,서울,143,14,1400
0504ffb9cc6970bea2fdd5f4e441e3d266c791862dbaf2a7818d59de4a9c0a22,BD,서울,24,18,8000
c17470df9850f790194e0a7e45fbe12eb03e129a95199549ad5980b75815368f,AC,서울,116,14,1800
3f775a191db84d08f548b2c4d5aceb4990afcf87e5db89e6b068d96332ae335a,AB,서울,62,21,1200
001101bff654009aed21682680486af7fce5cc747f86cb5655234042e63a73d9,AB,부산,163,18,1200
bc37bbd769198f470c3f2453e260735c35a25fa904c1320f37adaea88a4ee907,BB,경기,93,22,1400
bc37bbd769198f470c3f2453e260735c35a25fa904c1320f37adaea88a4ee907,AC,경기,60,23,1800
bc37bbd769198f470c3f2453e260735c35a25fa904c1320f37adaea88a4ee907,AD,서울,137,08,3200
e015afc583fc8947918ed54c44f332452574cc58827043db6f2b2909b5181822,CD,서울,155,08,2000
067a666ac22486d6779594ef65928f174c248522a8ff45ae6161b473ca7b8861,AA,서울,24,08,3200
9e9094a7a59f5f8869573b504c50f573467838d96a5c815998625cc3d4b35e1c,CD,부산,3,08,3500
33e3af87513a56543b8b584db1017ddd105d00e5177a3b26b7a5a39ac32681d2,CC,서울,41,18,2000
050a1523a5776b7a9c9d41f61eb4bb4360de28b7220c72d04401fa72597a2b8d,CC,서울,162,19,2000
cb6d1c11fee222e4232b59f6c9d19f852eac4367b4457c8a2cc740bc213fe3d5,BC,경기,49,15,3400
3b79d2f7386146f833374eec2cfdfd1fa66a382f072002ae4b8e783ff18cb0fc,BB,서울,139,23,1400
d01e1aa271c13065b4f0497330846ae77c5f7e81227f49579a0d6a218613f45f,AD,부산,174,10,6200
bc05b5573b4d554e8e9c4210dfc7d3fb03440acc2c9d592d776b0cc852cf7892,BA,경기,76,23,1200
22c500f2f89fe2aef5340ed67e3d51d8218690eb76da10541d8f7ceef78c9bc8,AD,부산,90,11,1700
4842c950d4958c743e9e375da2be6290de66d1a7a85e77f8581adce2aff9198b,CC,서울,1,23,2000
f181d7177ef4fa82cf78f828a21cf978c1cac23496c4d519d28c58364bb98e15,BA,경기,13,12,1200
333283ba8dfcd2e3c776deb8812950fca064002bcaf57d50da612d4dd4f9e312,BD,서울,170,04,4100
4c1fc8160fe3e5edede7188dfaf2d14bd037ea3cac85ce5f46c5bf50f203c8d8,CA,경기,173,16,2000
4c1fc8160fe3e5edede7188dfaf2d14bd037ea3cac85ce5f46c5bf50f203c8d8,CA,경기,131,16,2000
4d222bced88cbd2cf67b87e421784e46f2cac0e2bc78cb6f1c8b94f584cfb329,CB,경기,135,20,2000
fd9cf7924a905d0bc56f06bb3947658ad82ed1a7f927ea783e668d3edeae9a5b,CA,부산,106,15,2000
fdeb81ee86f53c7192709cfb51c7ae10094c599f323e7f7ce7baac5921868a51,CB,서울,65,00,2000
6dd34ede3fee8b2816521db178d7cc2f28729c86b11099d541115aa3f7550fcf,BB,서울,131,23,1400
7801bd08924148e41fa317082eba49c74eea749fa7903a93e5828a39e20ccf6e,CB,서울,132,16,2000
b463ea1cb5fe44d77b3783e3b088501b1c1ff6e05d615da4f60b0d096be411a6,CD,서울,147,23,2000
f12d6b229e43c84909737fbc32e9413ea5e8b82ab37a3063957e7a51bc0e2b8f,CC,서울,75,13,2000
b3bcb86ebb23410895a0bd064b2fd5185056c7f85cf99bc8c791be4d17fc47de,AC,서울,130,06,1800
ac8d1cf50bee2b975f91a6d564c22d4c0183190b904b55102801b1557f35304b,AC,경기,60,22,1800
935ba4d80b83e8da9a2852a524ec804edfcc5aac800392b27f89290f1ee6c762,CB,서울,67,09,2000
cd143fc7ccc03a7a7e05e058b5696dd9b9734432f9f61362144e3e449d6abccf,CD,부산,16,17,3500
e65e5737ea1a84717bc693bad57eac9c553de92f33ba97e46ce2e41fead56e8a,AC,서울,110,14,3400
5070c5628ea6e989989e005151689eda3b693ff641bf3c32937d9b16743db14c,CA,서울,169,17,3500
5070c5628ea6e989989e005151689eda3b693ff641bf3c32937d9b16743db14c,CB,서울,70,14,2000
78311ed760c5bcf6b88f210e7ba11607dc1bea680f147dbdfe6abb7878d16029,BC,서울,143,17,3400
75a047be8433f3cc0bc164ad6a1335599404912799df8e7feea3cd1938a30122,CB,서울,16,13,2000
5dfe8a01c5006a4029ed1e6e0a1977fe5e8a69940e968d1a728e000902f28080,AC,서울,32,01,3400
3cf6f71ace2b2fc4af5b9f8ff7494fbd9a224c7251ea05b236844756bcd0cee9,AD,서울,57,09,4700
d541959972bc4719cf38acebba416d95f10fd97ff2a8cac9ab802fb2966c3201,CA,서울,11,12,2000
2ed83c3613b7ce062d1c84da88ecf55496384758b65fd98ec1dce16adade8395,BC,서울,53,21,5000
46f7ce5da9bdecbf4d71c49d96979b2e8cc70a0463e9cbcfa16eb1b36e18ca75,AB,서울,84,13,3200
46f7ce5da9bdecbf4d71c49d96979b2e8cc70a0463e9cbcfa16eb1b36e18ca75,AC,서울,6,16,1800
46f7ce5da9bdecbf4d71c49d96979b2e8cc70a0463e9cbcfa16eb1b36e18ca75,CC,서울,172,15,3500
df130125ae34bafa2f607d34b73808e6d255ef3cfe129a61636753a3718ee787,BD,서울,20,23,1500
a588b74a127564b80753cee9df0fee659199fca6edaf30c09d7fb13213c48af4,AC,경기,178,09,1800
a588b74a127564b80753cee9df0fee659199fca6edaf30c09d7fb13213c48af4,CA,경기,29,10,2000
dd53aaddeb2a4273453a72b93be7d917b83bd7a30902821b51597a731b380120,AD,서울,103,11,1700
08f0acf769972898a5377a5fbe695299f9d9d263a6e286d7f110b4645f01172c,AD,서울,107,11,3200
f5727ac46849e6395caeb6ca08a9c8e58c2df2612c4452eb26433f357e0fbef3,BB,서울,162,22,1400
57d7445bda465a02ebc95e5d49a60dbc7a10df4a73cb80b3c123f874befebffe,CD,서울,2,18,2000
97a0f73c26db4891a734b83b299b5b733eea26e601652925beb3e2345bf24812,CD,서울,2,12,2000
97a0f73c26db4891a734b83b299b5b733eea26e601652925beb3e2345bf24812,CC,서울,97,16,12500
97a0f73c26db4891a734b83b299b5b733eea26e601652925beb3e2345bf24812,CC,서울,85,18,6500
b387a391706a689e2b0d355b0ec8886bc3e40df416d2ba40815d76bed8b03154,AB,서울,147,17,2200
66cb7bf48054b0e9ac0753dd9709cf47da700530f9d3133b5fe1fb3616f5664f,AD,서울,116,19,6200
8879f3b7f4c1db57bb4fc7628e9631b61c0e0a3af55467a157d7a3c17c2e66fb,AC,서울,57,16,5000
902814f1276075b22f86c9beb7241298f765a2213f03a9a095c2b31ca7e88f8c,AA,서울,144,08,1700
c483e87be602e7e184808bdd354da0fb4c33a8d47cf0104e2c2eef8426bae55d,CD,부산,72,00,2000
6a49982dab3926464bc59a055b232ffc87d88d3ff361410374bde2e0e943a1f8,AB,서울,93,21,4200
558681af098d350d0648e799ebfdaf9a0268e0c726434aa15f6c9ee11e586d7f,BA,서울,160,18,1200
3a26b185dd6eb095f2c417af2485d822137457ae69d4e6dabb6ba913ea8b43e9,CD,경기,35,15,2000
ba60a7a42d7743cfd08b1e38a3c976d3ecfde219beac0ddd5bca7bb4e7944e47,BD,서울,32,00,1500
ed95a02cf0931a68bde8890fd2841bb37b4b510ff7ef7f1f771d98c3d20eaba7,BC,서울,105,11,3400
e638db5a7004d053e5e38e459766afd262197cd0175cecc265fde8ef6482a205,AC,서울,182,09,1800
b514a74e664cd08cabb731ff6a79562adbc48a1452a0fe7d1a9a77559f6f13b3,AB,서울,108,22,2200
f6b5c7a11b4939b8f172935bf99c1e84b8b177e2425b5818acb9ef255d1bb894,BB,서울,93,20,1400
bd6a452f39a38caa81e8e36d7e5c5091957aa89e0fa1589f89ae26e4219b93a8,CD,경기,2,15,2000
e6af9d4420a156e181fa14ab09278453dc1412f17d63eb9c5912a63d5d1b13c0,BD,경기,109,14,4100
d02cbd76254fd6bed3adc07ac0e5324801c840146ba38a43560d1886c762a881,AC,서울,10,22,1800
1c1c86322faf76ea2e3baa0a5bce198faa01c4de12c810f51a4a62f84d70aaf4,AC,서울,32,15,3400
fea5082a98e1a8a44564541ceaf09efb0fded39071205b67ca701857000131dd,CC,서울,25,08,2000
1f484b41ffddf99cc0755c6184a11a5b9c18e40248afe8ea15d83402ed92d3f6,CC,서울,6,11,2000
1f484b41ffddf99cc0755c6184a11a5b9c18e40248afe8ea15d83402ed92d3f6,CD,서울,11,01,2000
1f484b41ffddf99cc0755c6184a11a5b9c18e40248afe8ea15d83402ed92d3f6,AD,서울,116,08,1700
1f484b41ffddf99cc0755c6184a11a5b9c18e40248afe8ea15d83402ed92d3f6,AD,서울,117,17,3200
45c95c57c54dc92555fa364a53061b1f920fe0a704d1ff08b9b5bd592933b711,AB,서울,102,12,2200
91f120fd65116485746296090f5a87eb03ea2b2e4e363200382ec5c721a2fe77,AA,서울,42,05,3200
e6b331bef811cee601cc36eed9f837bb1716326a9058783894b477d549008b49,CA,서울,87,23,2000
6a545ee7752f9d9f1534f6b9aeffd3077a368284854ace0b309979ab6d20a6b2,CD,서울,96,19,2000
1cd705579d51f390e27e92847b98445c5655b559466aeb47ffe45fab6849d7ce,CA,경기,47,11,2000
79bf606876957d6d7f243b5b477d1391f72aa88857c93e95f018822381c28160,BD,경기,47,17,4100
24c718b8a499e744f7a108d72d473aaefbdc858fb267f61b54186c658a570a5b,AC,서울,150,14,1800
ca14aee95cfbfea604c1c32c927ffb836431d3745581e760ffe93cb080b2f8d6,BA,경기,140,10,1200
43a4f5baf471e38970bd95f09d0777d5b99c6c649b19caa509feadbd9438cc13,AC,서울,78,22,5000
ad1be383f64591f430511315809b8611bad90ebf1d75d9a064393e30b65f2dea,BB,서울,135,11,1400
86f3be742f85ed396d564d0cea3556b7c1b4b0d67f9e1d27dfd37eb1c9faa207,CC,서울,65,18,3500
cb7b9baef53c15816518a15e2dd1efc6a504464efe01de9e87bd73ef1f678a26,AD,서울,181,17,1700
f88aa590fe7df5b5dd69eb26d2715c389c9bce36d763498644a0a8b14e1971cc,AC,서울,60,00,1800
60e7cccc161578218c962700bfc2dbfbe6eb20c299d685570875695df0cd7be5,AC,경기,19,12,1800
a9b82db33e6018d9c6aa52ba069786d27fbbce977729edcbf169d25cb87718e9,CB,경기,38,21,3500
fe81391b997e8b3d7fea2440741bd5876f7006b811d3a60774eb22ddc82461cc,AC,서울,36,08,3400
ad35f2b7b2be274743e1563175044cb92e63251f2909d2e234cfa7c45c6f9c39,AD,부산,138,10,1700
623e271da02a0be52dd8a58c6c0d0ae9dde76dc24b0f3be3efd6e7587ac35585,AC,서울,166,14,1800
7033dc368c6495f82e61aec5124c5c11ac84efe273209387e6fbc04c68e82efd,BB,서울,128,22,2600
f00f9be342829e146ddd7565d86b5ea23af57687432eb676460f4df6a05abd0c,AC,서울,103,13,5000
25dfca0d04dbb52bcae53549aadd519b89b7f12576721f673187ecfff99d79c4,BA,서울,94,02,1200
e50affe4204b0604e88dae725f5725b1885e2856cb2d3fbe97a03449ca36bef2,AC,서울,54,19,1800
08ba49e1267d7f4a848092d4339e576e153efea147e2ee5fc68b2e3a0df9d1dd,AD,경기,76,22,1700
992a5f8e84440f75e4da3e54e347f00ccd16373790301078d89baf57d2eef1f1,BA,경기,25,12,1200
f4ac48e03c458c71d277f1678ac0f8660098487216144ed09e3c9e6880558103,BA,부산,77,12,1200
9011681d7ee485aa1811939fe01b58d936f229a54027bda818d61beadec13993,BB,경기,146,14,1400
47d8e832f6e38e5e0f26f2887a59bee9075cd33b4e0bba8b23f76d59fbe37807,AC,서울,160,21,1800
483add747ea5140c04035347130a27c01a23d5f138ac36e11ce8abfa2ba30e6d,BD,경기,172,17,1500
ce6518a5b1fbdbd6534644f58c8c1915dac260a77ae26378075dd10d25153251,AB,서울,103,16,4200
e72c2e4408a66acffbacd5114541466538632db4020016b1bc44d6f7666d089f,AB,서울,113,22,1200
193064fc70171cd6c82f940e69ca2094aae2b4f79046584ef840a53984413860,AA,경기,106,17,3200
fc1dbace2437716a67e1d19e7a7412e135a27c0ff65a341c7b525d275ecfbdbd,BA,서울,143,08,1200
13c8c3054889c0507c1c08114b55c1a1aeee7f74ba1e465e119b0113f4a7e83e,BB,서울,171,08,1400
8ea46415f3835b78dcb45ed7cf75cfc7d8286a3c85ad43ceb0bb7792801726cf,AC,서울,9,16,1800
cd5be995ca6ca7671256e061a5a2903b30d194f17ccdb006b270ab26cf0a647c,BA,서울,9,17,1200
2b9e76a5ada70e14c5da2da6fa37198c3b6ba88a08a4c88e3e7805d42611d272,AC,서울,118,16,5000
f52c392a55c004460edecabae3f223d6af508840a90f2112fa5938dfb58549a7,AD,서울,104,09,3200
bebf0b36161b140d60c81567a638a09dfa75dd07800b1c8b984bd805fc341499,AC,서울,162,08,1800
abed9d27253898089540473c3fb7080efd60face74084233aae199704baa6957,CA,서울,155,19,2000
ec9729e225157d2fd2765d2bfc9340a0d2adf328e8c207af49b514a4a60c5bed,BA,서울,89,06,1200
a544a567e9cd3f5e8595de50ab451526ec322bcfbe44b217ed0baf3188edf4c0,AD,경기,98,19,3200
cee69c7ce3a9f1e360655ac61376316ad9c2ecacc17ddd46c928f61e5085c1ca,BA,부산,118,13,1200
4b38e4a189dfcc8e82c0a1394f6ad6b35d9ec7ce8f4dae16dc754cb7b301c143,AA,서울,13,18,1700
08c15c2258d8f77c43511c5446b728f64c6fe22a5a2cfd2db9ab0e8b9b211a13,CB,서울,52,23,2000
08c15c2258d8f77c43511c5446b728f64c6fe22a5a2cfd2db9ab0e8b9b211a13,CB,서울,52,23,2000
3b073596311e9056a3f8a1cdaacf6a8511fa83a8728184adb535fc1cd7b280dc,BA,서울,135,09,1200
503488d228c08d3f6d72809447cf6e4e934d3600444112db4e4c88191a861a5b,AA,서울,182,07,1700
503488d228c08d3f6d72809447cf6e4e934d3600444112db4e4c88191a861a5b,AA,서울,99,08,3200
28b82422cff34fdde5bfea0a741c0a267988c1970ad7c51fffb24d94d0eb5e2d,CC,서울,42,23,2000
fb5ebc38e90c9b5d83840ba178e20866075d6efb5974c110020806aabed851b0,AC,경기,105,21,1800
1e20e6ffc6d7c244924756233679a7acda5bc8298ee8d4d6dfadbc99922d7439,CC,경기,123,16,9500
707d22bf265fb67d56754a6e6ad44c260ac08907b3d829b99fd0cb0b1e249991,AC,경기,157,13,5000
316e54371284a7f7ad59ac805c070c98297a91d5f9821d943930290edda21c17,BD,경기,114,16,1500
c6ff733526b0cd57a18724ad66c8f7c0275b8e33d2b8d6bb84dc96c3b44b69fc,BB,경기,68,13,3800
dc4d322289c94159fffcd53a6789fed6ad631cbc2345b67f8c1cbc230c3108b4,AA,서울,126,17,1700
311eea880a99d96201dbf7af717e8295e0ec50f9f87a1d79ff0e94d01a44622e,AB,경기,97,17,24200
17d10cc8d157b3918acf8f7f56b928a83a9ac70c4369450ada0b7731d5755718,AD,부산,87,23,3200
17d10cc8d157b3918acf8f7f56b928a83a9ac70c4369450ada0b7731d5755718,AB,부산,163,23,2200
6175ef997858e6df4d6d8c7c51eed0fb7fb13b9ea0206c05d07d57288bcdef4c,BD,서울,123,11,1500
03c456eeaab3cc47108d1a8ba6be5c56b830050eb0093525d4861c78d81c12e7,AB,서울,41,17,2200
abbd432bb368314fc4be0fa5f45cbcab8a4b4d806216c056f9973df1d88ced86,BA,부산,26,09,1200
abbd432bb368314fc4be0fa5f45cbcab8a4b4d806216c056f9973df1d88ced86,BA,부산,96,11,1200
b5c26620ac29a1f257ad70c3108b11156c93a18154f6d8467fa6a341705fd3c6,AD,서울,83,13,3200
58de9207d187e65d8d5ccdc0babf516320f0e871ee5917dc0b285ca79f99a962,BA,서울,84,18,1200
4a4d1c8493da6bc66c666f88eaab720c271cad56f078240b242602626dc01e84,AA,서울,40,13,1700
b17084ae069d67f79bde5fc03ed636dcce058f8efc438e3865d5e0b0bc0b666a,AD,서울,35,17,1700
053a115e87fd3fe0b524b5bf036f98bfc4642d9e7fe55ac1a2c00ba5b85b3c93,BB,서울,63,21,2600
053a115e87fd3fe0b524b5bf036f98bfc4642d9e7fe55ac1a2c00ba5b85b3c93,CD,서울,121,23,2000
46caa99b6f94aa1d684fe4abf0ef610119566a42f94e07f6f4ca6ef371000179,CA,부산,120,22,2000
fbb9936ac1d091cea406dbeff4c62991c471f26b8d8355f563b6b4e065668002,AD,서울,182,15,1700
73d7a829b9a7dfc21172b36726dd62fed54d38d1128101aac3634bc04f4226b6,CA,서울,10,00,2000
318838af5456e02f3835504c09f2221efc977c9fa720e0754c704808c4d2bca0,AD,서울,53,07,1700
08dea5397f1aca072aa4b7e587335142195304e484d7f19df369a66bd65ba910,BA,서울,44,12,1200
08dea5397f1aca072aa4b7e587335142195304e484d7f19df369a66bd65ba910,BA,서울,15,14,1200
e09772ebf9b2e358b8c1e5726db10be77d1bef5c4fa439fc3019fb8872e1732c,BD,부산,173,18,1500
aef77b087c75131b055a17f039c0f0eb16ebbbe4ecabedc7479c34249fbe8f0b,AC,부산,91,13,5000
16caf40aad3ff01516cf3dce4cb6c406065a93cf86961fbe065ab4492a262175,CD,서울,126,19,3500
978810d5b5f41101df4543256c774f43649969a3cb15a25a574e468cf7c5faf7,AB,경기,117,20,20200
978810d5b5f41101df4543256c774f43649969a3cb15a25a574e468cf7c5faf7,CC,경기,138,18,3500
ca2e4e8d9f6fb8b2cf4a05cf6d4f9e681a082e67379f0e303134de3527d84d1b,BA,서울,123,07,1200
7dd2a78cf3bdf0c267ceda524232253532e15d53638baa731238034002e19544,CC,서울,74,08,3500
3e95f9d54adff32318e71584aef47c0392785575c8a1a372b5d3c602cefca06a,BC,경기,151,11,1800
0e8e73127bb7d2dbadb7c5cc3c3de8157156eec96a548b6c8cdd9514637e1480,BB,경기,134,20,1400
379ae5435ce6b494442ca8022d40a0fcdebb516550a023332cb931a85c3a9d7d,CA,서울,117,16,2000
bdbadfcc994eddc147e29ee4fce69550daa3e5477192cd703af4aa624551ec93,AB,경기,176,14,2200
59a76cde51e25075d7ffe65a0dc64dccadca7f97d5955b693748a489058244f8,CC,경기,72,21,2000
a2f2db690b58c696118a8e33dc1b38dba9c62ec4592e8fc4d8faf00e2aa23792,AD,서울,99,21,3200
49567b480b63287687014c25be584d188aa7baaf1f022db067046c8c803ac554,AD,서울,112,14,1700
febfa5a5a4f7176b54b3548566eb0f8357fe09a02fbdd0c7dab23ce1a70db7f8,BD,서울,37,01,1500
db5a5772398ae74ce6abc2bd60077d321d36c78cfc24e74501489a11ced8266e,CC,경기,149,17,3500
3ec95df1b522289e07ddef5c9c8af24ded107161d06f97bcd7ffc12cc2cc6007,BA,서울,16,07,1200
a7583e6c591e071a8b836cadd3df4cac4d9085f63d4fe3c9b3885edd335717cb,AD,서울,87,07,1700
f8a93e7dd295ee0202ead4dde96f01fa73570ab498abedd457f371fccfc373d8,AC,서울,61,15,1800
30b61bbbabe78706f06a04712c15ae8673b41d39a71e4a7f7dda9cbdd1f45076,BB,서울,165,04,1400
30b61bbbabe78706f06a04712c15ae8673b41d39a71e4a7f7dda9cbdd1f45076,BD,서울,72,06,8000
ee4524eed196781d3f0c91f428a8a8dde41f5ba5fa16edd7563a1a38814ee5d8,AA,서울,20,22,3200
abce87def87c41ca9833c8009c14ff7662382bd612cdd9295feee6733a424ab9,BC,서울,91,07,1800
5ae41102b40648f29f0b6d9cdaffe74ea38b6e3527f49873acbf3085276effde,AB,서울,156,14,4200
d189bb882b283b7efa655a61a83e63a70ca2cc68f628e9775cbc65bf9f685c7d,BB,경기,131,17,1400
0b1c309bb33ff34b02639c597889d67b4759bbf51302f20b3e91edc42a724432,AB,서울,55,20,10200
45ae93cfba220817905fb5bc9e0f0b6d5126196c47c7b8f00c9ce388e15610c6,CB,서울,61,22,2000
27064613db649993e227fc676c676354c0df2bbd70230d680e4af33b433e13ee,CD,경기,93,18,2000
7441482344e149d8fbfb606094214ede95cfeb4e25327158903e9102b659dec2,AC,서울,41,19,1800
d7db9f95e306af41f68a885d371ef058c9143c252af324f4ae862d874c16a56a,AD,서울,176,09,4700
a98b2aabf72c488d232a904e0c86f2532834edc1b32120191e7c3e8b2fdb35e4,CD,경기,57,22,2000
d73d06d3fd2a80e8763416c487eead0099b2bbdaad28da948c4834e37f4f37e4,AB,서울,156,14,4200
7f17cdbf70c40b89fbce4d7c59104a30a4bce0c6c83dbbc24121b65849eafc80,CD,경기,115,12,2000
2df816c1c56eba7a9bc9d58ea599bc1487a3b4579f2f9ade64a88fff91ce713a,CB,경기,4,21,2000
c11d620f48f8bab4a05e3540a54fe0962e89de2192399cd304cd0f4087888711,CB,경기,31,00,2000
9215165d0b1c8152ff0b95f92d205b0758ef667b7084003ee2fa7c65198682b3,CA,경기,110,21,2000
c2cb620f465eddb9532e49636cdbf82c7e74bf85a3427080fb2d6dcbd37bd39b,CD,부산,117,16,3200
5836f08a10405c0049515b58fe074a4053721855c35939ec0586848b2d41aad7,BB,서울,173,01,1400
9b7a3cc0bbc5577be984f982a1b0c29fbcb3987dff8ccbd5fce996afc5a28063,AC,서울,153,07,3400
b8d1ce910d49e554dc8f2a8700c6d63de7218e847ff447aa1859b64a733cb2f8,CD,서울,151,13,5000
1ec7b99751e3c06383306ef4f3ea73a94407083b54d715f4405187823d328ff1,BB,서울,107,13,1400
75f0d47d29ad51d1cbce812b1d3ff76a04d29cd6042576bd9e1efacada8d6bfe,CA,서울,146,19,2000
3bdf9796dbce684f4126f35aa15a8b540387a9872f8d5bc288b13f1f2e3738b6,AA,서울,154,14,3200
65a7781b3e91b7138d8447417b4cca9e17d264e607f377f27396e6702bf04945,BB,부산,125,08,1400
4738cc354d7e7d2e189fa7c57c2de5bf768779e2722226fe9a9ed85677efdc1f,AC,서울,10,15,1800
2e743bb96587fd8b78cf774e8e8d19f03bb355e7d9895241580927035928285d,AC,서울,137,12,1800
4dba7947dc3b9a376df06a1135aa06cea7b7ff7d601603e5168fb8d961fbe43e,AA,서울,72,11,3200
68a9c11fe722b1ce06ac4a2059aef9961f84c17963571c7544357e43b8ed6788,CB,경기,46,21,2000
68a9c11fe722b1ce06ac4a2059aef9961f84c17963571c7544357e43b8ed6788,BB,경기,38,22,1400
f5c4b1c8093b9453a78c371addfec8c8e8f3126f69e4df383c78b48b11d313cb,AD,서울,70,00,1700
f0d8004a2ecdf524ac4b60b245dd358d537893901a39bbcb91d727433f57ef08,CA,서울,145,12,2000
a424e356b0f1951d7a0c8fb7913b477e23cd28704e1f0ddef956b9ebcfcffa82,BD,서울,67,12,4100
034a8dd36d206ee6608dc7558eed67b1f6e9afd127e0b1ff7e3f14816ae4a328,AD,서울,108,21,3200
2dda6c84ceb813411143c21a59af19105045295f9c43e368bf14375a07c2bfbd,BA,경기,90,11,1200
63d8a39750875a36cfab253509777eb697b9f4c070280ab0712010cb284a4e3a,CD,경기,151,15,2000
a32fad4c2e54f7dc3fe5cabfe4fcc248d9ec7e3cd31a3c1c81f77fa6186ef2f6,AD,서울,115,09,1700
aea6b8595e17ae2c525705aaeca010a03ef47456605d5095c77c74bebe7476d2,BC,부산,138,12,5000
fad5a39e133a4e1c11e7d78e4672b9d6cd171a2bd3c4331dc5603a20ad7de09e,AD,경기,180,11,3200
c1bb85b172e9ab6ad7f2597876b5f643f809cad0526c433caff836085da9c39f,CD,서울,118,21,2000
01e54b1f897499bf56c70500f2f7a73ea6596068cf666e349bd336e04f256368,BD,부산,10,17,1500
a2afd280873410eb2ee62997cd22a099e6e6a5ac02be855f334f6acf2c43ed55,AD,경기,140,20,3200
af82287411707b41d40befa2ff6579e7e68abbe4b232d8aa7a2339e642d954d3,AC,경기,24,02,3400
7edcf27897ab44d6399d022630f858cc51e6a9657ea3754c7629a4d9e589b6ca,BC,서울,87,16,1720
49eb2d467d278a3de17118632be2a7305d2f52ecb75243a2681f217754b55030,BA,부산,167,18,1200
b65bd80e70ed3cb671789071d5e38b8f82cf4755ae432f3361640a30f915463b,CC,경기,125,23,2000
8b0b007a631a977f7ccc3115227809324a2db35d82b04fd3ab2bfccd468052b4,CC,서울,65,09,3500
d805149b4c9d22a534b89b64eb506337a2afd67e9ed4910241eb9b73810236d6,AC,서울,92,14,1800
ad0fe3620fdacd4262ba056fb5ce647133a56e6d268a991d6fa85947efd90e2f,AA,서울,64,10,3200
0fbd32b18a119535e7ec559c04fc4bcba092ab223e2ee3f40c609b795be094af,CC,경기,65,09,3500
ac5a07cfca3b7ea5897bc4b0b8377214700ee84fe08affd98ce7554c75db968c,CD,서울,12,18,2000
855f7ec6c834830d780e857024584e8bca73d6c7135be4e2e270fc418a86d8e9,CD,부산,102,17,3500
3e25093874681f376d620ee1d0e9949e0a4773c5519cc535641259104972e3c0,AC,경기,181,19,5000
83399afc9adf1141b9123793e4ef2cc6e244795737c68d4a23369410b2134739,CD,경기,147,17,2000
926090fb53b27b8e909b01d625941ae5585b4e6427683f29ff03afb95f0a956b,AC,경기,70,08,1800
3ecb91c87d90d45fd77b49416104aebb9777316d92974c46ae9e8205e698e8fb,BC,서울,60,19,1800
06c1ad32bc9d8ccd2abba06a747a4b7168242948f7bf1f6ed1c397a3b724216f,CA,서울,104,23,3500
5d2e188a1de94a4f4efb66344f31e7231c4b273d3aef494683aed4427daaea2b,BD,부산,69,16,1500
7c24d864dad687e08be3caa8b17a37f3c78231ba4c2ba04ac718fd25ca08a23f,BB,서울,135,09,1400
fc705f3a241fda5dbd989010f9961a9d2d3df8daad1ac622f1b01c5807d2fca6,AC,서울,17,00,3400
6c7b7be0e3f74d7ca97a4bca5fe9b0556b71b4226a5f6177a62ae768e8fde46e,BA,서울,6,04,1200
b483a3391d9d7839015e9aaaf2b4b25778ccddd9bfab4582b27ce3ee74b5e53c,CA,서울,109,10,2000
463d302d7e3e299512ae61ccd7abd19141e590cebf2db72f0833bcf6088dd01b,AC,서울,19,00,1800
9a0f64093f83900c1035a0852a0ad860a0c18cc13829084912a87f76abca67fa,AC,경기,111,12,1800
6a877b94cbe63f4d37973c0590eb2dabe8dc5e496347a1ee29e1a10d06cbfe09,AC,서울,113,12,5000
dd12ccd78b7ca0e124a8171170accc008a680885323a91f28d3ca9b301d6d889,AC,서울,167,22,1800
073563505d26cc3b48d93b7ecc9c31b82498d7fdd374fbfd6fc68e9764f920bb,AC,서울,120,07,5000
aacb94e65a6a7219481f657e327396df3ba3af8dc0eb6d7c0c28fc2a6044fa91,BC,경기,120,12,1800
c87b8119b89da0e6e9c64f6634eb66134bdd266e0e0d6d5b69d90aabd0c9fa47,CC,서울,22,15,2000
549524d80f4eb4d6b122af9f14a09b864977bfdc03952c4573ca6a017a18f522,BC,서울,115,15,3400
ac573cd9502473038d76a2322f4162a351265f25fa6e36c34f2f177fb4648922,BA,서울,54,15,1200
a5ca80ac05a8487c811aa595e2b05513ed7b8a0dfc8a92b6c373293eed68c1f7,AC,서울,87,16,5000
f3f1de44770906d154c6152a454276fd8c10e92e14aafed2591850e5cd60086c,BB,부산,133,13,1400
003f1b83c61b7d51ccead9cb7626c2e511588da58b7d2b21253df7a7dbcf6402,AB,경기,176,12,1200
9ef443025cf1ef92ef25343b85d381a5ed8859e59bea85aabb26fcecd95f1990,BD,경기,25,17,2800
e13d8bf697788f0e07c7b7635fda11c42eb7f07d7b596c6be9d0f04c1602d133,AC,서울,99,21,3400
c6ba5fc47ded5b3db152db74eb0e65d3425a8d9f4c98066dc55261eaaaeb8620,BA,서울,43,19,1200
c6ba5fc47ded5b3db152db74eb0e65d3425a8d9f4c98066dc55261eaaaeb8620,BB,서울,55,22,2600
a2da6f9e6a402330b2fec6bc28ee5508979099edc856b2c37fdbb714be7db2db,CC,서울,130,19,3500
ede15fb70ee2d50b218e7c3940ef2ffe1446171c72e0ce1c7583347507cecb74,CA,서울,175,22,2000
3372944ece159c455dba35e6b12c56dd5fcdded6c8adfdb2f3e6a19fffe8798d,AD,서울,78,13,3200
3fd50df998594e38156e7482d7e54e6c28981e00507e38d63223b66778943872,AD,서울,176,18,3200
cc46cb6442a715c3f46efd1b713d84bae5af3e630f81ded91e69dcf3bf579beb,CD,서울,176,20,2000
0b07c2f11c2f1a45ad3d37343a8ef0a63b430502a762471f88a59be1afa1d1a1,BA,서울,62,20,1200
870a74e7c2ebc8db6e09001897b1625b14262df5ac0852bee1f91220fe798ca7,CA,서울,121,12,2000
022dc70631c7f31d2475a9be59028335758e34c9424347c0a58c3dec74220637,BC,서울,121,15,5000
6849cfa3c1fa7c113c0ff3ff4146d06807b4dd0c98693d7dfeb446055849ea3b,AC,서울,71,20,5000
005deead9af3328a1332dfbb41c1927ab90b5c395f243e92008634ac961b6906,AB,서울,177,16,2200
960bad0e4d613339453b6eb38885c8cc7e900854b87b9833af935832333bb4c6,CC,부산,31,12,2000
6188ab0b3afec08478fa3661cac3655ee4256bff7d72f3662f3805e47ea90fbf,CD,서울,24,15,2000
cbf06bd684e6368f2beaa4ee24664eae3dcd12675a198480608cbf36b2cf1ac3,AC,부산,61,15,3400
1866cadea8934cde000d2296b8ef0f164101dfa7f422db6c2782d80d176f8160,AC,서울,15,22,3400
81fa08b9b961ca258b43b135917a5ae255c540fedbf0827d5fae1907162d2924,BA,서울,33,17,2200
81fa08b9b961ca258b43b135917a5ae255c540fedbf0827d5fae1907162d2924,BB,서울,149,09,1400
81fa08b9b961ca258b43b135917a5ae255c540fedbf0827d5fae1907162d2924,AD,서울,79,10,1700
57ff124e66e23ad7bb9023703f11c9b7c35701993403572863dd12b6bc16d0d1,CD,경기,35,15,3500
48895bebf9e1eeb829f8cc790f5655d20a8f0af62f3c742a15594473861e4bdc,AC,서울,140,08,1800
76578c5975a18848a0a4e5a3ac69e3fd23bc2099b2b160618d4acc1f774da5ca,CB,서울,58,17,2000
f8d7574c1ef1d72feb13378e31e91bf945a5e64e0a9678e4eb0f34dd645a024a,AC,서울,141,08,1800
f8d7574c1ef1d72feb13378e31e91bf945a5e64e0a9678e4eb0f34dd645a024a,AC,서울,56,08,5000
f8d7574c1ef1d72feb13378e31e91bf945a5e64e0a9678e4eb0f34dd645a024a,AC,서울,4,08,1800
d5bf9a97dedfe45038dad62583542778af821d7fa94ec68d4bb425fff0b7fa0c,CD,서울,104,19,2000
1a17fbff33423bb756e2afe2d6e54aba0375e069f390c3cfc717607615423293,CC,서울,163,08,3500
664ec3a12154fe94d87be684022b9bd932c799ca3a2b586f81aff3fb99ac928d,CD,경기,113,00,2000
28204e57f235d47e6d8b0d58134dd668dc7c4143f0aca84262a45c191a8dd5e9,CD,서울,167,03,2000
fa0007a4ac5df9e47efacda21c6da647f8abfefd55640b86bc59963d22ba8b86,AA,서울,68,15,1700
e801b0f151c531585e82b4ba461a8a0825ff7bf12e8bfe6a90739dd831d193fb,AC,서울,118,15,1800
25ca3a69002adc80dbbf6fad2688e6b64e306041105eb390352b45f47f8e87bb,AD,경기,47,17,1700
9fe6f66220a13b85956fd30d9d5104092aa8a6a80299c823250214a822a882a4,CA,서울,138,17,2000
b02696de76b0082228f78b59c51633d69985c90f394e6bd2aa65da9fe1ad3ca3,BB,경기,87,12,1400
1e50e733b0e61b693175c793d3966e261ea245360d2f2285082f1a691a67284c,CB,서울,13,20,2000
7e0be9a749cc2d45b17682f17cd96aa04ae16099924806b1cf33d649803c981a,CA,서울,109,13,2000
54455d5c335019f7476e590229f8f1386b4c1865c045392458593ae3ac9af0ac,AB,부산,105,15,2200
4b0ec7e4c69eb7368bc8de83f724ffdb9931f24c29d04829e843c78c9c36c56f,AA,서울,128,19,3200
d73c844c14b4db21a9afa36fccb0d8b39aa6736df711249504d8da86cccdc0b2,CD,경기,21,11,2000
d2cc0a047ff9a7eefb5c6054fe7e4401fe21810cb4b6d955df4430e2182e0c44,CD,경기,144,17,2000
ae463b4279f836c491c7dce95595142054c548fb18a5dfd7b153083ae8050fb1,BB,서울,97,18,1400
696634ea60ad521b2b7a2c3546d92ae48ee3dce49637a8c44a15101d838672ec,CB,부산,38,21,2000
38e6330eff066693ffb5bf9d5f2fcca35cf1678defe37c16f644d4b57136d538,CA,서울,149,14,3500
4de7086a4ffb7006c7307a05d802753b0e9d531d51c4b28cc741eff6deb17a76,AD,서울,74,12,1700
4de7086a4ffb7006c7307a05d802753b0e9d531d51c4b28cc741eff6deb17a76,AD,서울,77,14,3200
8a60fc84e5858fa6de9a0cbe8177fa8c88659a014feafdc658e2de62733c038e,CD,부산,178,16,2000
2744c4950ca24e8a6201ddf19bfdb5f6a8453bcc34408dba832ba6e2409ce5c6,CD,서울,10,20,3500
02387e501c6d8fddd68f75dabbd82e9d103509dd74c53b42e78a5ce43990c004,AD,서울,102,17,3200
9e00a5375079c72b7da714ed194dfc889759962693f56f48df97de64f8e81eb3,AD,서울,158,11,3200
74fcee0d24460fc09c96c30e1c7f239c71aabd6d4c29aa1b6e95cfcafb0a21b6,BB,경기,80,14,1400
74fcee0d24460fc09c96c30e1c7f239c71aabd6d4c29aa1b6e95cfcafb0a21b6,BB,경기,80,14,1400
836e08e5c515248f85d5f8f97bbce1f3f74a72ac2b775aaeaf000e05ad7e0047,CD,경기,4,19,3500
a3ddc62e2e54ea198ee2adb37369ffc8df097ea0076b4b102c348faee2f15b86,BB,서울,41,11,1400
a3ddc62e2e54ea198ee2adb37369ffc8df097ea0076b4b102c348faee2f15b86,BA,서울,144,11,1200
a3ddc62e2e54ea198ee2adb37369ffc8df097ea0076b4b102c348faee2f15b86,BA,서울,155,08,1200
a3ddc62e2e54ea198ee2adb37369ffc8df097ea0076b4b102c348faee2f15b86,BA,서울,168,09,1200
80b693ce186997abc827bb620afc38943675a705b7e2e4fc0559bab007ea2bf8,BA,서울,64,16,1200
48f0ce03e5fb8126075475facbf254800de1e1d0b5e2ac444302f4d599e065e5,AC,서울,146,18,5000
c6fef080eef4d695935afd58ed582cbbc55f52b48f666218c3253a3e8ab43a94,AD,경기,85,13,3200
0a040f50474dbd23703872f4509cfa806f9771f002216d219434516729a6e7a9,CC,부산,71,20,2000
46cd1211fdb9d1398906f884a34704791da70e677f33dc2043157e547e39a83f,BD,서울,10,02,5400
e7fca6859cd50ef77c528d7aeda1b3e8dd1144b42b4f321ac6e047517811b8a0,BD,서울,15,08,1500
507dbda3102c0d5d031133061ba5b3bc44b05ca1042fb731acb7b02edc74d8b8,AC,부산,95,09,1800
71ad1af87734c67af211050f1dba010d54320fec91d923eb0d9da9ffdb27b55b,BB,서울,151,10,1400
71ad1af87734c67af211050f1dba010d54320fec91d923eb0d9da9ffdb27b55b,AD,서울,125,17,1700
ec841c119097a8e1a10b12c3987ab96e9321069e9856c80d947295b4412f002a,CD,경기,3,16,2000
e060d69a2c6e5ad28dad0e60bc13d5a3d7955c572b8949b63a59a7ffd1b1fba4,BB,서울,155,19,1400
d58964127107cf7abadb87bef6a8b0848db026c8a1ba4f31b8afb506e86e733d,AA,부산,140,14,3200
e32bbc73c2c8624995d87fb1a03198cc087b02f482f725d873a6c08297a1cfa0,BA,경기,138,22,1200
e32bbc73c2c8624995d87fb1a03198cc087b02f482f725d873a6c08297a1cfa0,AA,경기,11,00,3200
8e4897d2a385ae4c1bf45cf0fa94376e652dbbf8daa4b468ee567f61ecd3127d,AB,서울,103,16,6200
d7be1565a57ac82cf3f568a4dff03f499b0bde73c19526d27dddcf43ecfc0ced,CD,서울,6,16,2000
4d63cea85974e5559119d5a775015372b17d13cfefe923e1f996766342319ce3,CD,경기,107,21,2000
368c10003db1c0f31459f3774200e7421527246e342b3689084e99e68de14310,BB,경기,67,23,3800
9ec7960dd61cef1e7ae396095aad24b8cdebf66e016d4e80c155c30f1de268e2,AC,서울,50,01,1800
c9de0c58515e4a4d10153d99445f09364bf0e0c93deb19a08d419b7900436789,BB,서울,154,19,2600
6fff2a8e999d732a44cece5c28e7a76857730aca76d8439cd8e4867a8c8e349c,CD,서울,86,23,2000
f611b6efb8c0b6a1300eedb86b4fca061338e94f4e1857916ff211e19c22c0e5,CD,서울,21,10,2000
c54661320af7a046fda8112039b35d71d8574ef07ffe89636eb69780fddea15d,AC,경기,101,15,5000
401ac4dec77a644b2e66f06264a169de4d6e7d53bc6fffe97e6858110251efe9,CA,서울,108,22,3500
166087a9b3dc99a04a8cd05b731533114b3e991293d2f4ceaedb51c8029285d1,CD,경기,123,12,3500
0d487b23609d15dc527eb2c7c5f182498e53ceae0fc8621e55f058edc45ec608,BD,서울,84,17,1500
b2d6349689cea1a0db7729ef10c6c804330138c6761d8464fc007a79470fd829,AC,서울,91,13,1800
51fd0bd8a54b40e1828ff66338850d6bb698c395d32777147370b1f1e8de8309,BB,서울,77,02,1400
cc759c69de1e6dd15927ec7e6465a8dd17c5cca5e1344730a05f697d79c8ada1,CD,경기,61,11,2000
3e3346bfc35e4d8c8d045ab87b033ae75747c53e8e75876215fcf5773901347c,CD,서울,100,18,2000
5824c71e9c5cc6a5a9408e7bfd70662188aa18b6f05f3e156d78f1ebd1c1c432,AC,서울,144,18,1800
ebe285002b55ba689554edf7d360fef5ddb39f6d7704e9f43e2890f874cdb1a6,AA,경기,68,23,1700
2c1f13bc8751fab6ffbb9f35b0dd9dcd0e14f795bb0423dd3472d6037e206af8,CD,부산,50,13,2000
2c1f13bc8751fab6ffbb9f35b0dd9dcd0e14f795bb0423dd3472d6037e206af8,BB,부산,27,12,1400
2c1f13bc8751fab6ffbb9f35b0dd9dcd0e14f795bb0423dd3472d6037e206af8,BB,부산,154,12,1400
2c1f13bc8751fab6ffbb9f35b0dd9dcd0e14f795bb0423dd3472d6037e206af8,BB,부산,111,15,1400
9725f0e593553d355b2adab603fcb9ec30f7e33dab2266cd170230a96739614d,BB,경기,60,18,1400
f63e6f1c8ddc8e70ed469d1dede2e33e7137372d38c953c218fac655bc2f1e21,BA,서울,18,20,2200
87bdf540b9916e72bab44e39fd88fa52de873d1ffa961ed387b19983c4f62f37,CD,서울,92,00,2000
59d21535770d491b7bfc57c78e09d704876fcc5e0e03ec2f8103bc77016dd06a,AB,서울,38,12,2200
60f6fbdee9e08ff7ab4e0c01225dc7e0925043c1774b18958757a59b61522cc5,AC,부산,108,22,1800
34a05472829148aeec6ea9814747d26d30e18ff02cda38fba5a3158cba5aad61,BA,서울,17,10,1200
18c800967a4e337e8aed8db41ad57a269c97e591b36d5568dcd9936132cfdbf4,AC,서울,25,06,3400
dac83483fe3db0e5a6799f3ecdb9c5a0293a03f3d05170b42d5cfbe9c784938a,BD,부산,157,07,1500
60ed513b176a74938bd1496fdfc7cce6d8108a4edf8b12b9822597ff60124df1,AB,서울,51,14,2200
e9c176474ff1d1b135c5797546af627a1dbeb1b10f81da82f5f3d20224a2986c,CC,서울,64,19,3500
eac49b5f7eebc6a4400fbd1103f0e6b740b390b74c44e9b50eff6b654a78f84b,CC,서울,77,11,3500
52d480b2f84bb676ed8c45513d79591b35080990390e3973823540904616b9dc,AC,서울,163,21,1800
6cd8b83cfed3bf6cf3cbe3b7a60096a9a7db352ba523c773758af75312de4ebf,CD,경기,114,19,2000
4d5c3647a0e81eaf0814772e7ed6641d631126e91492658098812027e5f0bd5a,BD,부산,158,02,1500
a820dbf0cb24628729fe5d8d178ac8d69260a0b45e7740a05b018eb9e53955e0,AC,서울,107,16,5000
529a6bc813297770548b4f0520dde098d055e73060b4aba6144fa2f3243ab5f6,AD,서울,155,20,1700
57c6f9a972563ed8c34bbc8e69863888e7d6dc02ff01cce13c1ceaaa9967e160,CD,서울,157,07,2000
80c88765361bad556a87233171504a60361ae68a1e14cb730ddd2f6e0ddbec5b,BC,서울,79,11,5000
8cc30f79e6a7d09d3546a5b3a10a367e8f02c4e68a7537a34d2d1a8b65fdde51,BD,경기,139,11,2800
b5de43801c13752a0aefa7664ba6ba0c4bb86375d63a66f4f6186c81b5d7a236,AC,서울,93,21,5000
dbe168c337bc074700c20526cdfa2c9b05655c778d20b86ee8ada52cadfe8fa5,CD,경기,147,21,2000
0ca0efaf166f2df9cea0bf4bad2a50e7290d1ea0b82124b28e5d52a00055f305,AD,서울,73,10,1700
0ca0efaf166f2df9cea0bf4bad2a50e7290d1ea0b82124b28e5d52a00055f305,AD,서울,88,20,1700
0ca0efaf166f2df9cea0bf4bad2a50e7290d1ea0b82124b28e5d52a00055f305,AD,서울,88,20,1700
46d8ff9f60f60f25cc1fda11147d63d2243fee5720917c017537b6f366246892,BA,서울,175,11,1200
8a938090c975ff72d3fa049fdf74523433cd9de35519069cf765d81a82c26a41,BD,서울,180,22,1500
3393d8717952b77f94ac39c78782546261f434413e0cdbfe3931d5b39159dc9d,BC,서울,50,10,5000
a8ebc6824e59f783ceb1ab0f6ddf07583e6ab89c96e4da6ec912f91a4963d92c,CD,서울,99,16,2000
667f415f3861a1e2055a50641908b013dd5a2aee8413ac60f1cd15f99cc368c3,AB,경기,101,23,2200
667f415f3861a1e2055a50641908b013dd5a2aee8413ac60f1cd15f99cc368c3,AB,경기,101,21,2200
667f415f3861a1e2055a50641908b013dd5a2aee8413ac60f1cd15f99cc368c3,CD,서울,2,09,11000
11dd08302db055c185ce00da46bbfe69d260e50f7411cf29ef237c02986fa171,BA,서울,107,20,1200
11dd08302db055c185ce00da46bbfe69d260e50f7411cf29ef237c02986fa171,AC,서울,140,12,5000
8b8e96bcdea25febf83fbd8c707107ce447109da57421afa218e54cdd6c6c0e2,BB,부산,106,10,3800
1d88ea96b5fd5427857491ca843dc471904f560ed80646bb441b19f8495da5db,AC,서울,39,18,3400
1d88ea96b5fd5427857491ca843dc471904f560ed80646bb441b19f8495da5db,AC,서울,46,18,5000
43886a49622288ee63a029b75acbdde63091b5a8e02083c9cfe45c95f95c25e0,AC,서울,161,20,1800
31ba41ef3795afc71fe17575e58de7972b745c6bf0027a6b336a855a3bc2b5a2,CC,서울,77,23,3500
ed8599ad2b602788cd252037685b7271996f6a52539dda440400b0fa51996c88,CD,경기,71,15,2000
12b36853e3d165b0fd057238c0be08be3f00fc3fa5165f895c7173cf392bda3d,CA,서울,135,14,2000
7a068a0847c3c0a85ff656be0a6ae01b20fee01f106780f695e1bd5ab886f4f8,CA,서울,163,20,2000
40f62a0306a9f0046b77af472cb968804c37474692c86b3ef82ff2e4d2da4fa3,CD,서울,164,21,2000
0c6076c7097464770d1d3a9f4f01aee877beb27af62ba46e0bfce73873ada702,AC,서울,25,00,3400
c41b2daeb5e37a2cf2b5d944dd24f33b501a44922458d60f77e8c34f41337bbd,CD,부산,122,15,2000
d102836b2c675671807844f4af342d540c5a3deed5735dc18fdd4d15c2e22c8d,CC,서울,80,11,3500
47c925e6204c3c9a5a5ce20fbb2b0967be85162cef7fa0d74ca80a3017cfe99a,AA,부산,37,19,3200
b100852c4d2fdcb14881b24156f2456d57fd69d08cab3a5bc7d69dc07611124b,AA,서울,29,21,1700
12a67f79f987e76a248301febd23c1bb3a0ffdfcdf66c381f328f638d54d3db3,CD,서울,108,17,3500
d0bdbd8085c9e035ae688676370a521a8c4720b4ac8c9292f52ce1704913d1a5,AC,서울,151,20,1800
687000fa4a10698d8e1dcafd585b85c8ad88bcc7ec6c35bad0dd2ce38b2aaa00,BB,경기,76,22,1400
86a917e339357b089452ce4d4675db356c1ab80ef1b36d8488f8c91e12c1c4ff,AB,서울,101,15,2200
aae4525dfeda167805eb536c6a14b6a08b9fa381f72207c8e675fc3feabde469,AB,서울,38,13,1200
9d3dfc788591114de3ed89dab7865b788530fe026d7bcaac5846bea7a98c73a1,AD,서울,32,08,1700
df58b221a99f4a3248c3221b8c0edf534f802a4f473ba3ef6bac37ba033e12f5,AD,경기,54,11,1700
7e81b93a4b80426c5934a4a6d764095595644b7e76539437cd949316b6ad3389,CD,서울,32,11,3500
7c96d7e28744135b6a6a556f7523a90297538502c2d45c93d847faeedc3b761a,AB,서울,142,07,1200
0e714e093370acfadf3812d8732127dccc767662eb450781632b384ccf1701fb,AC,서울,100,21,1800
0e714e093370acfadf3812d8732127dccc767662eb450781632b384ccf1701fb,AC,서울,134,20,5000
a00c4d63c12f84b991428e1cf467f6a70c4630f5b454daf5010b248e7a81f0f6,AD,경기,161,17,3200
7410ca4cd367436b1097e163a111d7c588ae8533f484ab9d6ef9b0d7a6828305,AD,부산,106,12,3200
799b7950dcf18d7da58d3432f18a49569443e47facfe38621207e7f2f80f4a0c,AB,서울,83,23,3200
16b05d4f1b353e0fff16a58615be0bf96c544ccf38ae73efcd43992d693a1a3f,AC,서울,3,07,1800
e7eab7a174cade60515195df5127aa382bf19638aab2dba1a5e18ccc7bc40ac6,BA,서울,4,07,1200
0f987774599877ba944c5a25bdad980131bb83fcc3359d64d768399af722466f,CC,서울,71,12,3500
abe9fddcaf6135176b659f39b2d419b2107ba31a9a8c8e87ac6a5866b83f4e1c,BD,서울,164,18,1500
cda58bc2e5533dc807304c8dccc2f0a6cbc72bdaac6e2be7d68f18319c78ffcd,CD,서울,107,21,2000
5147b897cdf949dc272bc251cc51827df1be562b4b20728ca5d54f41d0a26426,AD,서울,30,04,1700
f7f7aee5053ff72f549406f01a7e8c57edb406502b0612bc7019b941fd3746ac,CD,서울,22,11,9500
e82c8b17f764025bce2009fd5378ba9afcc781a1ed2456b2f1285405cf38a1cd,CB,서울,4,22,2000
a220f68bb6ffe8a6c4a51e83df47d3f8ffc4f16d2e58139c7c980563b140b805,AC,경기,166,18,1800
976751dedd7032ded5853fe4327f67c09d76b927d367698a457d38c668a001d4,AD,부산,107,17,3200
de98e08ab9250d01023693b83d271bd591cef73897e9f650cab37865c35890ab,BB,서울,131,16,1400
de98e08ab9250d01023693b83d271bd591cef73897e9f650cab37865c35890ab,CA,서울,123,22,2000
1b64d5ced02d52d40bcb73870df2b50d1b6ee1c97bc50fed08cbb69fd0552d30,BA,서울,58,08,1200
b4185cba6df35fc2a0a8fff1fe9ea293d6f41903adad4748008e4d693179d7f1,AD,부산,95,10,1700
b4185cba6df35fc2a0a8fff1fe9ea293d6f41903adad4748008e4d693179d7f1,AB,부산,116,17,2200
b4185cba6df35fc2a0a8fff1fe9ea293d6f41903adad4748008e4d693179d7f1,CA,부산,62,22,2000
7764f99f02d710c7fa8b630576ea23d5922ea784411b4a62e86b31c5add2ffb4,BD,서울,30,16,2800
39c39c72f6995a51c2d7b02cb8e4b492fd887fb6ec6f89524744ba7999dcf5f5,BB,서울,28,08,2600
c5601c2ebb6f5f709b910545f4b3d5a2cdc4c40e0f517750ed84d85fabb45e2f,BD,서울,102,03,2800
e480d93e032fdd441a723ee62f9e84dd7ce7d1ee95af5f085d8f7505ff74a245,CA,부산,53,17,2000
ad1acebc0f111ad7b3c95441346ce340a6bd59ce76c83371cd900550949de7f5,BD,서울,69,17,4100
501af63278db1d62ed132091fd2b6f41374ab383fdfa5e4a57fe8631ee33b207,AB,경기,17,23,1200
9b3b7a9515c22c197374de4aac0c34efd50176cb68baa609ce600ab78f12a6ac,AB,경기,91,11,6200
1fdb7bc636b13c39d3b26c96e6b0346275a6607d4f6f13d9fe8836512f3522af,AA,서울,161,14,1700
1fdb7bc636b13c39d3b26c96e6b0346275a6607d4f6f13d9fe8836512f3522af,AA,서울,167,12,3200
dbdbe978c87d3a50a4757918d4ebf0b05b4188bd5bad373e178d881bb16db907,AB,서울,129,18,1200
1333f020c6243e28ca051aef8459b6c21e85b47efab754713954069678c32e79,AC,서울,10,14,1800
6d192cc7f38e729a5d36c0626d0847c6bdc63b99a0fadb994edfd104cd9e8b36,BA,서울,52,02,1200
fbe2e3cec5be6bdce184edd2e9b7bd1ca6eebf853e51bfc5f453442206694e2a,BA,서울,98,09,2200
60bf27b6637a329a3f4fced7b621af749c76275fe6165abaef5fa268a129d4c3,AC,서울,101,16,1800
216392545ae3df7eeddae4c7f8ca006a2bcf872cafed89597e44d816f0e862ff,CB,부산,165,00,2000
0f5be05aa38fcddf391015ef9ffe3d2687d64266564389f837e9fdf9423408ba,CB,서울,60,00,2000
68b93361758a707271d5548388b17b09d4b41cbc63a88c6da90577b6966d7420,AD,경기,173,16,1700
b460c0cb5c402e1c70b7f394aaf5be03536cb1303096bfe8bb3af956e04f7dff,BD,경기,93,23,1500
dbbc62fcfb45978c6ac580f5e010146654c3183c54bdeccd7ee8a00acb59bc00,AC,서울,33,18,1800
5ca47bb88310ef8853fd969ed681933b8c6c54a2d81af9c97ebb04851c2221c2,AD,부산,174,09,3200
91f3b8f7b4a13b06855b35d4707ba1a84b4dfd321488cb2c104ed254a1ff22c7,AD,서울,49,14,4700
9c3fcc554dcc541803354451594846d5da2f4efc05aee8db70ec314e6e53bc15,CA,서울,68,19,2000
0b3b9406ab3218337e5c8b3516e23ee2fb91e3537542e2c5bb8f017bca5e53eb,CD,부산,9,12,3500
a75853f45d234ece55efac15391a541b639fa8ccc42e4af7ba5dc6650646117c,CD,서울,94,00,2000
4fe1d24851dc6bc423db6fee273b37ac5017e9fe36921e51fc30f4878f67727e,CD,경기,171,18,2000
c7232b6bd5a3d0ab8881a37cd3d960f3874a20096d10a4914501f3651627a6e7,AD,서울,42,23,4700
834edea6f9f131783628c3ffb9ca8b8916cd7625ec0eff8e135ee6ee326285ec,AC,서울,37,18,3400
7c0c3ab97f8cee1a6e5c73f3d340f183e6964f7634f0224a3d412fe632639c27,AA,서울,15,20,1700
c5f62131652c0369a09c7e1a7d1a5b2622256e65f72e234fc2b1e9af57dac0b3,AB,서울,163,19,1200
44bf1884695ef211668dc6695f834070885526d1279267c5dbfcaf585fe4c47a,AD,서울,43,22,4700
3ff5b076909d0c7b7d1d1c744285abf0a6cde95bb4d830ed7de7420619a7da4c,AD,서울,108,19,3200
eb68be75a876e313c343a9155a74a5f0b2be836e42a03bc8134da0ccbe928b64,AC,서울,72,19,3400
a6d21e728f26340b68b851e3f617f994d536a7fe9f87ec0612dfb9076cc3b499,BB,서울,78,07,1400
1bf472418b10948e269289339bb815217e876a9c21db9d862714e20fe3da8fac,CD,부산,1,15,48500
45e235075e0d86109aa50b34032265974e0adc243756c58312647b8be8ae8295,AD,서울,41,14,1700
2e63ec8b0f5a21606e068cb51dc5c7c9248d9dbd6de7f066703d82d5dee96bbc,CC,경기,139,16,3500
c0d8ca95aaa90db4396d41729f877476f107752cda41769bec54f3ca0ab0d40c,AD,서울,172,19,1700
5315a6efce62eeebff9897818b52a921cb3210e11f1d05abff2efbdf2629d738,AC,서울,25,12,3400
5fd99ba98d42814e2b5fa83d359e60ee32e0caa0a62113bc87391cd422a62166,CD,경기,138,06,2000
5e949fafe173a9e4a3f9f781369bd1240a073b2d4a7c1e04a7c3d5ded891d742,BA,서울,20,13,1200
f9842c9d7c85a7ea8ae42c421031667d987f1c9607d3c52aa1f8069bbb49dc6e,CA,서울,129,21,2000
3155e1556283c6bc43e213fc76b4e95e1201ca8fda67242c8b255ddf794cf64a,CC,서울,127,11,2000
0399cec822f024c79cc0005fe72b8d7f45ca6215cc42ab9507cba4fb0e7491fb,AD,서울,115,10,3200
0399cec822f024c79cc0005fe72b8d7f45ca6215cc42ab9507cba4fb0e7491fb,AC,서울,81,08,1800
60818bba786a5fab22bdf18678007575e48d889c669737d206884f43cd58609b,BB,서울,100,02,1400
80c82ebc32f8e35c37aa7210b389517cb873e8bde480cf93a0ea11f22a86d6fe,AC,부산,66,08,1800
a84b5b0d2d2f980ae9154effc0f8840de49406cfb3b3aa65eda406a0aabe434b,CA,경기,158,01,2000
57b3bffb034c87415dd86be177e262fb2e9d1b187169089d8be5a29afdb464c4,AB,서울,93,16,12200
57b3bffb034c87415dd86be177e262fb2e9d1b187169089d8be5a29afdb464c4,CC,서울,54,15,2000
3f8b654ec94ab97d419b7d9cb48a72db37433f0d3f5a48514af5d5d78d9dbb08,CD,부산,58,16,3500
3f8b654ec94ab97d419b7d9cb48a72db37433f0d3f5a48514af5d5d78d9dbb08,BB,부산,89,16,3800
1d1acfec8c65b24e8c6fc6c44e96300db556de787ec36e60b579be39716a878a,BD,부산,23,05,4100
5fb1e21816a225cc67c0cc2fe44d9d953a799bdac6a1e838cb255967e4b273bd,BD,서울,58,17,4100
238a0fe170a06891987d6f054f91ca58daa4e027b0819bc878e934679878081c,BA,서울,28,07,1200
90278dcf21ca822c5b029240527a844fd89c533ff2ba68e8d49101d2c8143237,AD,서울,145,21,1700
01cdc3302441b9608d018a76fc62e4d1025b333c96305ff3a3ac80518e2e92a8,BA,서울,101,10,1200
7d3a8c8ced3eabe6effd5c28ef9aa3ac72264e7f940f29216647cb209097b2f5,AD,서울,145,23,1700
088a12f771107ab985ff39b716e3c03c7773625224d31fd69713a960271b02fd,AD,서울,75,16,1700
ecbf893697a8250819a8d12d20fc45eb27b05ea865867294abc32b9f9bfcdb8b,CD,부산,137,18,2000
0177bac1ec3da1150a6549c07b45ab77a12d53c8fcfa2b113f60ec7647472031,BC,서울,63,08,1800
26d8fe5cfc4b25b5584fa7c9dde42daa5440efbe3e7aa9085e94198b1eeeb15b,CA,서울,135,16,2000
6b91fbd162b184015e703bfe8d759a65cfbaf4b96e2ff624ed734272780c1889,AC,서울,82,20,5000
97845416ab654765bd27995e5164eaa0252167017f78b97429487d97014c972f,AC,부산,102,16,5000
f3bd6fcab11083f9b8782c4f466293f750baef6a55ce00cbce6bed730d370d06,BB,서울,39,17,1400
73af44f10e915fdd7018fc8449ea037dc667ee917bc45a5c5652cb2b739ca426,CC,서울,163,07,6500
ef4f793009fc0143abc5623da48c878edb47698da9f725923930679976367383,AD,서울,81,15,9200
3a875c83c628478e535a8d0b4db789f58333528cc6493b525073d32dcd4e0fd6,CC,서울,91,03,3500
e063af8ce3cccea80debde750e4cbba7e2cde99bc7d9072854da4bb4e92e6859,BB,서울,130,21,1400
7fe830b1f1779084ada277526ea83375ccc680f6a37750565c8cfb4fb17337a4,BB,서울,175,09,1400
6bfc551a0cc2fff8f7ca9297cf7f44348ee51b7deb129b0bb6f1c5aec4d83570,CD,서울,3,02,29000
4c77d5a737231b8f0726950ffa3dd2d246d615af118a5931e5496a92dbdded65,CB,부산,25,12,2000
e7686ff88f8a12563c0a087a440a08eb5fa2a819872b7b1f7b9fbecae6fd274a,CD,서울,146,15,2000
0eb72e47b9038d1cbadd5d2c139c5dbb0618039cf412331fea1aa686716d8168,BD,서울,5,11,2800
bffc0701c82597b56f81af472b4823a29eba8ec77bdd067d1f85107eae6315d3,BD,경기,38,10,1500
823bce64701200dd7d3a912beb77928c6ae5c99c614f6ba749a338fd1d846343,CA,서울,108,21,2000
fa29eac83c1900e68457d16496b903fde286232a55fd5c44d19a60e2b7aaf5ee,BA,서울,57,09,1200
b0e76870568ae5b39d7c47bb890a8ff7564f9ca3bccbfdd1f9fcb2bd4afd7ee5,BC,경기,160,13,5000
c4bfb1ea9397bfacf0425bc86f59e623d73e24e96585c53df7a8a37337602b07,CC,부산,116,15,2000
3aa29ca6251d13d32974743dc9d3f994569d23d599968b5383841b9ff939aee1,BB,부산,152,10,1400
a40193f5be0297f662ea5effaf0799541cb3eab916b5199ded146e9b0a43e60f,AD,경기,93,20,3200
1bb12cb5a9d2d2e981d506a7315185aed5c5757c877583899f776b2454fcff38,AC,서울,49,10,5000
6d6ea662d7531593d583afbb8dfdff8722c30842b744d969e194468131d4c36d,CC,부산,163,21,5000
6d6ea662d7531593d583afbb8dfdff8722c30842b744d969e194468131d4c36d,CD,부산,148,15,2000
7c5cfb6a8923b9f875b4422a086685acaebf1ec419b2da109a5f42883d82de69,AD,서울,88,19,3200
c6f84c4a9c764aab3e609567b0f65b713c9efe4f3196555de51d256ce5f4f6e6,AC,서울,17,20,6600
28306bbe59599079be642ec7c8f4dfcba4ab7d4857f68b77bde342d5156914b4,BD,서울,31,16,1500
d6379aeff326eaf0a04acc3322482e9ab866cdccf02ff369026d0b325aff7a67,AC,경기,38,12,38600
3f7de95baef7a3b35b80ad93972a56dae7a7a42d51ab41bf2d0743900f00fe38,BC,서울,97,21,1800
a8505ed7f5478c5cbbb015c5f6addfa4a8f80bc3eb9445e221f26cecb90d8a64,BA,서울,157,20,1200
db0f99eb25f3d2d2245384480a39400bf6ae51097216b677c278218fbaecaf07,BA,서울,112,08,1200
8864a67acd725f9c6cbd8a9933b8dd0e4fea4117af80da0ecab6856f56f27802,CB,서울,34,16,2000
9cd7225f0e7fbe8f1e0e08b30e7f1e0e5aeac61e893b6ed02c08e29142a93bce,AA,서울,52,22,1700
078f89a61857d10bc0ce55dcdbf92abf1c5fb9c532074c30cfc89963e20803fc,AC,경기,127,12,1800
2c6290d88765c328950928c44409692e68206591ee37d6e9cf26873c95729cbc,CD,부산,85,21,2000
3ad1fe28a4b5e08655e25a03f3e7e5fa1f649cba611cf0cd5579473d7796af8c,AB,부산,80,13,3200
40ddda100633dd4413bdd23fd02fa4f11d8fa89e52949ca051009f2e31f94c53,CD,서울,6,23,6500
be15de3acf504e44089853fd9700d9e0e99e2933a0e9896f59567c7ce3c1e368,AD,부산,178,08,3200
685f272dd165845a4bd8edfed01aa3697020bf07f1443c711a699aa978117a60,CD,경기,102,07,2000
369b941138383e29392c1baa4c7334f526ba66740c6c0802e4d574c66ade0318,AB,서울,29,13,2200
9b422e1adc31eb0d82340f73f3081e7a13fdf29bd969791afcc71376bb9684da,CD,서울,57,14,2000
2172e6603c84f75e04064aa7d9f0cbec2c104108d35a9bbe6797d35ac7b95791,BB,경기,61,18,1400
2172e6603c84f75e04064aa7d9f0cbec2c104108d35a9bbe6797d35ac7b95791,CC,경기,166,10,2000
2172e6603c84f75e04064aa7d9f0cbec2c104108d35a9bbe6797d35ac7b95791,BC,경기,172,07,1800
4e4728e1c5e6d2ac81782a47e3b81aac656c86f7f9fc4af380ec456f1606114f,BD,부산,21,17,1500
ac66e065f86ca117f4f9982f3c9d6424f5952c31068c39b2b91776615bbc0cdd,AC,경기,54,19,5000
fc521344e64a41b79fd6e90df35202e3affcd262ed0ab1c8fb4aee3ac0335472,AC,서울,31,17,3400
aafb4e329cca45ad6ca81b6c1cd9f829ba4e2a4584a994b9161b47b61bb41cb2,AC,서울,165,22,1800
b3c967ab0008dac15a07ec945b7b2e173e14f1ba88e2ce427bd6ce004c05deef,AC,서울,70,16,3400
acf92004c537888ee0f7129e89f4dd71ffae0cfbefad81c7d0c9d68946e72fe6,CD,경기,1,13,96500
22a89c1fd52177efead9e4c48f369b5e5ea381ffa14939d64bac2ba86a7c17e8,AD,서울,104,14,1700
503006587aef515a10ed7256898d1306fc3560b60bcdca758995d1c0b8540260,AC,서울,126,16,9800
4a091cd8e984ab9c65cf6e7ad68fe46241f6d7e6ce2f7161300614077d636d16,CB,경기,47,19,3500
c802de54404395cbf4353a3e28efa259b8b0ab6ff2848eb5424f0d98940ee349,AC,서울,57,14,1800
d520a273248b2b6b3bfcb3158eaafdfb9e2a7d8e9b49a33e356eb325bd65a385,CC,서울,160,19,2000
94a6e1c6165779bef6d6bb2055a73e0651c0ff722c18504735decf9a33e20bdc,AC,경기,88,21,1800
7a2936474e9fffae3779429f8b985bf9e4b7a39ac58fb46e06fd87acb4c77778,CC,서울,155,20,2000
bb0a5b4ee83e3c995459b98039b41e13e7828d666c1a0285f55a7d0e777b8f5d,BB,경기,99,08,1400
2d580dfa4ebe04b09c57895c317115a12209d62f27f43b7e135175225c625cc5,CD,서울,121,20,2000
756495e7d9282161dd1e35528bc893ce786c24e6034a7c177002758a2c6e8b7b,BB,경기,124,07,1400
5873e9f6c6387c28b51e06df4c1830ff00ec043a0b233b510d4bbe411ba5bff8,AB,서울,143,13,2200
74b9e64715b68495961bab6165b560d353a2e1fc4d8087edeca115a9bc9729b8,AC,서울,107,16,1800
e90117a0d24bbbf580f1f82e15cd8f3f0e7d5c391539a33b3ac0962712d58bdb,BD,경기,72,09,1500
f69f3270003ea1e558b526b918fdf2e68b8046f93abbce101d696fb9238ec2bf,AC,서울,85,13,1800
1a1432038a61ebd7952deb2b358f6ddd410cf30128fb72d6a73f15aee06ed857,BC,서울,70,08,3400
3d08ead01fe56ca424b882024447439bfce20257e4750a147e46810f9ae51dc3,CC,서울,82,13,2000
cf637b4991c3df316df86e80924b4f2ef3dab7c53715305b342c0250a6408537,AC,경기,97,09,1800
adbbe42b87752973e56d38df2ce37926d89367054843b0141cf2311140650d40,CC,부산,87,20,2000
69a3e434a0a4bd71aba9cac0636fb7c2c189a14289445f7a080bf7679e4dc73d,CA,서울,122,22,2000
78dab7234cea0d074a826c73b6bc9bd05e69eecbe8fd608076072829ab928f34,BA,경기,95,13,1200
8378958309f38f23ff5b40d6ffeb6bac027aed2539643cd4b6fc458cd5625f92,BA,서울,58,08,1200
1a9941e20002c5a46fb50046d74cbff10cb3fa2ac2c89beba7b552b146827079,CC,서울,67,22,2000
1c9a363cf4b922b4a04df77816faa7f25aa491d82046f1457b723965acf9085f,BA,서울,70,07,1200
1c9a363cf4b922b4a04df77816faa7f25aa491d82046f1457b723965acf9085f,BA,서울,123,07,1200
c4a8d8838f33dc9b4cb409881c222bbeb78dfd46971c685260d083e3471028ae,BA,서울,143,19,1200
de9423ad57ded19f8d831a222e74820a11911fb2363ecad8fca45e94f840ab14,BA,서울,50,08,1200
e99e6ead6f1c9c7bbe11cafd26d6dbc1a731b3222cf13cd0cba42ee5aa96e26d,CA,서울,65,08,2000
eba4808fe7ef20e65a706a7bb33871b6a54de1c553c4dd5999b59589ec2f6545,AD,서울,169,11,1700
80f04d3396c0ca18dc51d534926da9c6b5e56bd21a0c92419d61ff15c3b96fad,AB,서울,178,18,2200
ba77a03f9f8afcfcd371d6ecb62af1e76f3c764232d47f3adb53bb584fb5c60a,AC,서울,30,21,3400
570b9b96b3a1facebdac698a759d28279ea951eac385a9f3529926426a7948f6,AB,부산,87,23,2200
9f04580d6e6f3f9ef8c36d435801358e3ad2f8a05ce0b7c570dbe4c483072b17,AD,서울,117,22,3200
2c8e815ed284cc67b5b16d6513d4b99276997073ba6fe1797c5eecbcfb789c16,AD,서울,9,12,1700
baf176151cc0ff44cea732adb3f47147a43c81f3b05ba8b04cae2d2b6885d4a6,AC,경기,40,00,3400
be2f08d53b01018d63847b402cdab1ed7af589bb7b0ee5900a4bd2725dfa7484,BA,서울,2,21,1200
5f2d4b6de45006ca681a438cb543fc252d7261419e93d2351f7aef73de242172,CD,서울,15,18,2000
b113732f45fc0567320de8987fd36462b8e02763a4513b551e5dc034549b7bee,AC,서울,18,12,3400
b113732f45fc0567320de8987fd36462b8e02763a4513b551e5dc034549b7bee,CA,서울,16,22,2000
06f8acf24f82402ab4a6d90e6b6a57ad49c916c9110aaade30f7718e6028d448,AD,서울,143,17,3200
3b75433a73af0beb06e57936222dd422805e4d9245cfb093c6a839aec5b09081,AD,서울,164,02,3200
902abf0f8207369b147812c2b63d33255c22073093043436a3ad6949869654ab,AC,부산,95,15,5000
b63fe0281216ded13e6a85a75015ef73087bc895471f86b1d28b3fbd8427969d,BB,부산,102,08,1400
d61852e16acf7533d076dcb13b997ae4691f49270529b7cb0e8b54619f26ae99,BB,서울,138,16,1400
ee03f665b46a506985ed1c6f060b3b88210f8de06eb64afdc21c763687130dc0,BA,부산,18,13,1200
996d008d1de3956a0138a4d5814a88d1413bcea59159fd3a90dd9a96a2251f53,CD,경기,95,15,2000
1fd0fab9648c6093e69730b5b21496b5b56b15ef9a6dbdb71edd96da4e26c8a1,BB,경기,15,08,1400
47bc1b5ae41b636b54482fcb68d7caffdf2e6f6e13d1936c05a4d1a590f39872,BB,서울,118,09,1400
f97701724de52ba7e638dfe868a3464f72924e1f00d5aa0fde9a082628f55670,AC,서울,15,08,3400
f97701724de52ba7e638dfe868a3464f72924e1f00d5aa0fde9a082628f55670,AC,서울,31,08,3400
f97701724de52ba7e638dfe868a3464f72924e1f00d5aa0fde9a082628f55670,CD,서울,2,08,2000
94ae745ab05ccaa2bde1da596e261e3369df79e93ac020e3307a46ca9525d72e,BA,서울,168,08,1200
aecd6797440bcadb1dd9c84eeac98262bffcdaab16038cab0717616a2beee0df,AD,서울,176,22,3200
7631bbf170eece62eb72cabfa1537de0b55225fe768855bae3298645c6d0d861,AA,경기,33,14,1700
7d6be6a93b4674d8fdd25b4c1b5dc01541d29ecb1547c4b686d7ec2878dc463e,AB,서울,149,20,2200
b2c87929151ec19352114dc556094d74601abebb0d52c17e392dbae8799bce48,AC,서울,36,08,3400
e63aede43b92079e83921254441efb1519b85e2079583e10a9eb52e883243a1a,AB,서울,176,09,2200
83f24d8b2b3b074aee638487d4d82a3a2f34846da4232a281fdd9c72c5284408,CC,서울,73,13,3500
83f24d8b2b3b074aee638487d4d82a3a2f34846da4232a281fdd9c72c5284408,BB,서울,134,07,1400
83f24d8b2b3b074aee638487d4d82a3a2f34846da4232a281fdd9c72c5284408,BB,서울,89,13,3800
83f24d8b2b3b074aee638487d4d82a3a2f34846da4232a281fdd9c72c5284408,BB,서울,110,08,2600
83f24d8b2b3b074aee638487d4d82a3a2f34846da4232a281fdd9c72c5284408,BB,서울,103,07,1400
c1534bb413fba4d810eb00f3ca1e75811eb76ee3d9b3585bb60df7763d347ce7,CC,서울,39,23,3500
2fc4e065f7d45c9fdf8367b18538922517a5bcdb7d7b5fe4743fccf1c5f3ed5f,AA,경기,177,11,1700
107aea2138933ee22b98f428a2558552736d7220a1319c7854a9bcce846f1a0d,BB,서울,119,07,1400
224f56c14a0970fee59e718dc7af5bc6d655c263f88db226239b036bbe00c1fb,AD,서울,154,03,3200
9d39623fb846daeba4c0f33dab173ecba3300f5150435d04aea2f018390fbc43,AC,서울,63,22,1800
843d8cb9d8dd1ec96af5bbc90a53a807d40ec7f7cbb9a34f8786f5588ef9c213,BA,서울,163,14,1200
51d579af2652d80b28dac614dbc0a0ffc79a77dc9610e1a1e4eca29223319ad9,AC,서울,149,12,1800
e3f4af35f82811293bd3101eea673118102442bfb3de529a4a5af7274a2e7815,AD,서울,102,09,1700
4b933f0c5435389ac541537b150f9e98dc73c1e0d86568a10575043881891d28,AA,서울,51,16,1700
d103d098cddfc5bb66a5b0ee9a61ac18ac85090d977008714d5ed07b22890c5d,AC,서울,170,12,1800
fc8e08a5bbd9799e0eaa31dcb9a94f8ec591ba4fb3ea6ad9416eb0378822896d,BD,경기,50,23,1500
6cac75cbae581d138bbdca66366881425b5cef779436bbeb8438a7131af0d8b6,AD,서울,155,08,1700
d0947f96e9b88755caddc8104be4203df49ebbfe260e8d5c21fd39e02a39e90b,CA,서울,167,20,2000
d0947f96e9b88755caddc8104be4203df49ebbfe260e8d5c21fd39e02a39e90b,BB,서울,43,20,1400
d0947f96e9b88755caddc8104be4203df49ebbfe260e8d5c21fd39e02a39e90b,BB,서울,154,17,1400
d0947f96e9b88755caddc8104be4203df49ebbfe260e8d5c21fd39e02a39e90b,AD,서울,164,18,6200
d0947f96e9b88755caddc8104be4203df49ebbfe260e8d5c21fd39e02a39e90b,BD,서울,109,13,4100
86a08000df19f34e71b927b7a7dff62471cf994a5ea17ab9775ad27f5781fc4a,BD,경기,107,13,1500
1e6626224df8055aa4fe455f79ada2953b9d79739f520cd836f239430faa0006,CA,서울,171,23,2000
12e57b1f7183c217b1eaa0f32a0267246d2da16a804b893f6f6d1e27a47c317f,CD,서울,151,21,2000
69a146f99f7458064c46f87692337a6e5bb25baf8db693c1f8dac0a937bd7131,AD,서울,133,05,1700
0f7df978134f94fe982bacadcb1ddaab2512cf552f13c6dcf1754414b509817e,AC,경기,10,00,1800
0f7df978134f94fe982bacadcb1ddaab2512cf552f13c6dcf1754414b509817e,BB,경기,59,19,1400
0f7df978134f94fe982bacadcb1ddaab2512cf552f13c6dcf1754414b509817e,BB,경기,61,23,1400
0f7df978134f94fe982bacadcb1ddaab2512cf552f13c6dcf1754414b509817e,BB,경기,65,00,1400
0f7df978134f94fe982bacadcb1ddaab2512cf552f13c6dcf1754414b509817e,BB,경기,24,01,1400
1e4b66b84eb8d2c010cab2d1ad0949368bd4dc3a525e89c5dac38978a4ff83da,AD,서울,48,10,1700
c9fe055c9e480994afd11a24ff63863419f9f7c067d4924a5f914595739707bc,AD,서울,135,13,1700
10a11c1c9aedc06310323223801a89ae6d48cc31d857aa9d13e7adf7af7bc069,AB,서울,99,16,2200
7f50a5aa8fd0147d837e630068621349ddbc25577324967912351d38d68cc8b5,BA,부산,42,10,1200
e4a9d28204051b3a8d8873efb3c1089d98be08453588b69aa4cd7251d96f6792,CD,부산,2,17,2000
c3741d6b4c830c8de42946d6c63f4cc8e87c5612a5c6f2458fd134e493ef2e3b,BB,서울,130,13,1400
00987aa36f1b92f5308ff8e25e9b865e435624a77ce3c885fc0d32f2d149db27,CD,서울,144,20,2000
25e5914a588bd5c03ce8aa3cb47feb78b055074501955031c525ed797b4ae297,CA,서울,121,00,2000
a21da0b3797bb457a12e0d6f135033b1a9133974a2d309742a4cf88534a452c3,BB,서울,106,11,2600
ad954347ea76eae23f9d5565f7745f1e3d57e064c04c5ccae8341d98d2fdcc51,BD,서울,8,14,1500
1f902353e9d6b2efc19c57b2360f98d9566a39bfcdc3650239be96a8a84f1b97,CD,경기,15,19,5000
e1295484fad0059aac1665e707796bfeab905a41955a604063cbbb193bd349e9,AC,서울,159,13,1800
de1f7fd8ecde0b9d41ddfc2729b6140294ca7e2673158f00b1610a4185c3ade5,BB,서울,175,09,1400
f0e1fa69bb724f7ef3c07e40c31dfa4e0777abebade9d6e19ae4f1f8a7b81f28,BD,부산,43,14,1500
9e64d50777d35a15473ec326b6d5e4d6ba3900ac6008c0007b375e699e502bf6,AC,경기,33,22,1800
370d0c74d3beb27d025710c311f678c514b97baa3ed9ffedcf408ac3595f0dd4,BD,서울,58,03,5400
69406dbce623ff627f2533d77b01a62d2139b61a1b318e83663320e582443acd,AC,서울,182,08,1800
2c73959de5ecfd038b017bc07a493e9cc571ec490436fbd9535d2fcbf0dfed3f,CA,서울,148,19,2000
0f1987220c7a43700085234cd7810ef308fc5275e84eab2f8289ce9aa7037e7e,CC,서울,66,23,3500
e4e5b10f06eae44aaaa4e704d467faf9d3a8adc7fc7e62935b2e80d940081e63,AD,서울,176,11,3200
2635d10ad926cdb6494a850259662ef7e90e6b06f7914c83dd65f6795d070959,AD,서울,97,12,3200
708e652ca224f5f66f084a21204bf272f61d3e2504a36f8facf140e946dcf399,AB,서울,113,11,2200
05115e3ff8c68ef18ba0d70510a127d83f6c3e4491dda16724714aaa5de3d1cf,AB,서울,135,19,1200
2332dce52ec0aa9e30dc3660040c23d9e622b82cbf5b774c7d4235187117df50,CC,부산,74,10,2000
cce025afd188f3bc2ee7ad73ae537e6d1341f0b6b577fd05119a20ca0601219d,AB,서울,144,22,1200
917cb72184ae5beffa9e00d85370dfd19b698cf48f13148f5cfebbdcd62bc44f,AC,서울,66,19,1800
d534df63f824113877fa31ad32b80238e6edf6843630dd5f6d298c79b840b6c1,AC,경기,45,23,5000
79137caafed8171c1f5627f6a92df7c315f37cdc56008c4ee08d9ec7803c19e4,CC,부산,65,20,2000
11eec33503c4d26b250351129a56f46dcb34193ce8cfdd9fef5584c8b2459dc0,AD,경기,153,13,1700
436203bdb374b900ce4b4f4cd69b99cd6da3556dc92278da9a5a2520668c5216,AC,서울,48,22,1800
b7c840ec73e47a3a188e21e3124466873275f1564bf401362a1907b2763c614a,CC,경기,129,07,3500
375eb6123b6bfb8f699d871988309ea360b919a8002661e6c44d1ff2f38aff59,AC,서울,148,23,5000
5f95396c4a7fcdf2899582d7763b0bd4a6cb971936620e11392a138f48548c74,BC,경기,129,12,1800
fcbc076018857243fdf2c9512c3aba1bffb79d716e60b6c5424018bf5453a1c4,BD,경기,56,09,1500
68bfe462281b1534cae35bc160657c752c1db7866d9fac7283b5c7afd1f3d3c3,CA,서울,17,21,2000
591ce7c2e5ab09fc00a0851c9d566ff0f1ddce69318180b712aeb785f266d910,AD,서울,174,19,1700
cb3599fa67119b2f018855af6798d439f98275bd23412e0e4a4deb934379a7b0,CD,서울,154,14,2000
4a2ad6c0d9ddc2a4d5fe1464a21af98b1715ee221e47ad45821f2df586c90e5b,CA,경기,142,19,2000
7784155af0f4927034c3c2c89e0c298944a07f3a8cb5eb88a270980baebcb824,CD,경기,153,16,3500
2d32beeec67218baa818b53cf243851880b58d24796e5134e2c13b1018d52b2d,BD,서울,29,13,1500
fa8907e0a8dfa25cf5c537452b92b379d3efd669a737193f2bd31f90d80b1bec,CA,경기,30,20,2000
dde115070546415c0c8f672fce8d8245dfc46dd355a00507d3f93afd638baa92,CB,서울,52,19,2000
d4dea2b7db0e03c08be13527c12fa1ecff3670a71570a0089eb65024b8252522,AD,서울,113,19,3200
dce9ba2e7fbe882ee167d867d59797fac2415c3dbb895a1c2fdea8be33fcf803,AC,경기,15,05,3400
4aa425b197f2a256f5422bebe0eb9ea263d0a4d96fe49c93a6bfdbfb4d05e7a8,AC,서울,14,09,3400
611385fd960a44e56e84e40694203daa90225920bcc020235335cafc049404ec,CA,경기,181,22,2000
dc434000783f70065672cd924178e585fc69b1645a43434f652116e371ddeb3e,CA,서울,18,11,2000
8829e3cddb389863179b8c70e05d78811bf9137659aee1fe5bf03a3f23451f8c,BA,서울,163,08,1200
2fbdbd7d35f3e3fc8a1037ba362e972b8079086cd3552b9c8bd434967104e993,BB,서울,86,14,7400
f2260430f189173425a88783c1d759772848a25bb892ecc85b072fe3640fb526,CD,서울,118,21,2000
869e39d3e3539f7a6b67fc9a24d4648fb0c014956ab45e1ec7e20cbb7cf183ee,CB,경기,25,19,2000
0f76a0a359e3704995c651c8687e91abed37eface195f1695ccc3657eda3784c,BD,서울,153,15,1500
3a398b118832c1ba0ac25200a829c5b048d03c7fa158668602d8e52d0c766151,CC,부산,77,14,3500
a7802caa2a433f650913e76ededf4665b2b5c765b9d1d98475872de05c86cfb3,CD,서울,108,17,3500
071ddefdbca9d0a2523aff2b729adc5bad174c338fdc121b4f76100cee9ba91b,BC,서울,29,10,3400
fe20fd120a5578a730348bde3f88b508cb6f28543e7f538155be10f96b0c6351,BB,경기,45,12,1400
991922a819f6f4080913be31277b62bf3a64253616fec2d2e8c3fc3ac7b8b89a,BA,서울,59,07,1200
2ea70c369b18b8ee24b8e439e6a9d1d61d344a4629e6d535511426416d3aecca,BA,서울,85,15,1200
2708efee0c739ddba94c69e2a99db7a9e4cd4ab1d456fd4ee056eccf6cd6edc2,CD,경기,58,13,3500
c7a3cf33ac64884284e3ec90b05a4c5868d2bff35a863bbb2d7e741544e7ef79,AA,서울,40,02,1700
5415f6e36a1b2da3d01101ee10d7be5e84f023dfd25d375368476d5c82f3904e,CC,경기,73,08,3500
43ac024240355eb6acbced1e46acd2786067f9364448ef36505289946436cdc7,CA,경기,175,13,2000
c869085b34d54dfb2bfe5329f89ca3ca60084a2713d8fec23df6eff6f08dc3ed,BC,경기,114,19,3400
316192b0bfc1223cc55e13ff48d445116b6696c6b54d9ebb34ba5b3e2203952c,AB,경기,115,21,1200
d3ff9f36e27fde7e620addb5fbed2b6e2aed47ab9e5bd139951611b43bf5ff78,AB,서울,99,12,2200
d3ff9f36e27fde7e620addb5fbed2b6e2aed47ab9e5bd139951611b43bf5ff78,AD,경기,57,13,1700
d3ff9f36e27fde7e620addb5fbed2b6e2aed47ab9e5bd139951611b43bf5ff78,CD,서울,2,15,2000
e0d8884ad8b61fd99a017a831998c5a74c142f47ab5762278546896705278f3d,BC,경기,102,10,1800
5216f9c66d0edf75b48da31729b57b8f51ec76cc520bc2953f79bb7672903479,CD,경기,4,19,2000
0a5c77020a7b21740f1a5d888a62fa7a4f8294f0187b1fb42e8ba21232be7ea3,CB,서울,176,16,2000
601da2d5cc4baf936a9c712fe2cf475325dee4dc93d098f3008f651fd7a317e7,CD,서울,120,09,2000
daffdd6d568d11da9561fc7be1acf6f8238ef4b16b0e2630a09a85853a8349a2,AC,경기,33,23,3400
703ef509a98eb25791f7c7a21880bdff8d34252562af82e7d914048615110728,AC,서울,170,07,1800
df1725106d0bb4573c771e04fb345f07af4922a9cf4b751ecdf1f73cf5cc0f17,CA,경기,153,19,3500
df1725106d0bb4573c771e04fb345f07af4922a9cf4b751ecdf1f73cf5cc0f17,CD,경기,155,19,2000
77bae66d91947999ca5279f06ed796c3ce04fcba068f70903cc4dd65860c2518,CD,서울,20,18,2000
76701473f5fa39bc7a3097697f523fabc6748d66ccf78de5f003fa901f3b825b,CD,경기,29,11,3500
a946535ad44975e61c133eb5f0289a51608cd4ac42096308950f3652ae1011a5,AB,경기,66,14,1200
baf78ca6701ec1b6911eb1d2115c996339d3c15cc95ab7b8165e5d3cdcd3c293,AD,경기,151,18,1700
9e66fc2703fc410be56e2e373e41827fcee18a0225ff05dd3b0db4ac0371915f,AC,경기,146,20,1800
ba2f296ae00f00cdfa1b8c550d96fe65118e6969298a1d9968f192af36198b9d,CA,경기,110,18,3500
e3e3f43bc35d30a8a5df07e1edaff732621be8918e6de81aa0ddde7148a4acb0,AC,경기,76,11,5000
367d487e65c7951633147d751d5c7a89bf46a111b3bc619cb7f636b2d201f9ef,BB,경기,145,17,1400
e083ea2a80fcccae781694ed68ee417c1e3d782b7be155e8f7d8168ed9279719,CD,서울,2,16,3500
48de7c72ba4ee6b6f4a1ff1f30f791fcdf9d34aff07754d40f65c22c52daf0fc,BC,서울,48,22,3400
b38b9d2fae10f594fe7b75a3d922cf01c1deb2a234bb573e19d8c6b1d2997776,BC,부산,176,11,1800
63301258f4f73138f049bece272f2b8a5467119031a3aa06b7615b06154845ca,AC,서울,88,10,1800
f65154994a6582a7cbfd0c07b0cee6a1f998b55c0e59b75edf970fdf0cb7be6c,BB,서울,100,09,1400
687668aa96e534089f4dd6934de30afb1dced5b72e0b129d4748ab8216af966a,CD,서울,15,18,2000
afd0df717c634231a83cb03f304b6ce5684e9d46edbd7f9fc2ea99403307f268,CC,서울,84,04,2000
5f4150b0f51a712720a21f614b56c0cdb4848986ad5271567324827f1cb75a1f,AC,서울,130,22,3400
bc583e977b9088cbd349bcfdd13a76433d47f19abb69dc2a3fb4c14107b71bf3,AD,서울,166,20,1700
1ba8855eacfd1091d741ebfebfeec5ec7d36daf7d04c79e26a41cfc18000aed6,AC,서울,11,13,3400
4854ece263a7ef6e82d9cf50a7607b938b32ad0e51b094744994c0e90f84b425,BB,서울,149,07,1400
2af18c8d9fb51a3bd94f4836e0dbe451444d4500aad6c7cec798852a708745d4,AD,경기,145,16,3200
86640df304b1e8a83b4c656eaa62473fd7d42019b2dfbad2aa892a6e91fd9af1,BD,경기,31,06,1500
00ee519f975720589f06388a2bcbbecdc7b9f4d1a52e31dab01e8f8fd7555648,AC,경기,173,00,3400
b0f584a39599a075d37a0959384c64a95b70d697af7e2d8396751704e9125cb9,CB,서울,34,15,2000
23443e2b226c48901436e38b0cb439089407368d5d8c3529559cbe1d2cc4802f,AD,부산,103,19,3200
bb896482a95024d4caa5b5be8e12eaeefd739e0f77e36346a334012c1ee3b850,CD,서울,32,08,2000
d3db7589b1a7a91b245595bad86d327cadf8e8556569c8c2d0ea110425fae8be,CB,서울,82,03,2000
bb34a86768c16f9904acea7e6fbc5d4e72521cd39858ecd76eed54320b1f3c45,AD,경기,74,20,1700
9769f55403a268c1674a931cf537e306789e684674b01546c5ca784987dedce6,CD,서울,107,23,2000
9769f55403a268c1674a931cf537e306789e684674b01546c5ca784987dedce6,BA,서울,162,07,1200
9769f55403a268c1674a931cf537e306789e684674b01546c5ca784987dedce6,BA,서울,163,07,1200
9769f55403a268c1674a931cf537e306789e684674b01546c5ca784987dedce6,AD,서울,169,08,3200
d45e5a59950779dd615783d87a15b1ebf339194e4ae14939b18f86327ca26448,CC,서울,63,20,3500
4bdb73482e97d3770f19cf85e39b07af13f745bd8c134ed4d4593aaefa3bc6d7,AC,경기,86,20,5000
957495640efdcd0e8e703ed0357cf8a80f5e322d858a79e0faf8bfa6aaa6fbf3,AB,서울,58,12,3200
d3fc32797af695a617a5ab4560a813e3d4af05e98b14ae4fe916ab052283f840,CD,서울,162,12,3500
392d60daf38d4dd60decf5139529a76c21ed6380a499ea7e3693b0f1478208df,AA,서울,39,09,3200
ba71d54105ed3988b6c86e905fa1961ae49504016d02e93cf3ab8c91d1a93bfb,BB,부산,105,11,2600
cc9b553389756a0029dbac5b6cdd0a1bbf062cb11b6be42ed8b36ba59058fa7c,BA,부산,41,08,1200
fb5ebd4024fbbc6e201fe9400e5b14e56f26a3156bd63e3bd5a7c0b93311a3d3,CD,부산,141,00,2000
8e14562613063f3262872d200b14b820f46983d51843c2392ca4cb6979cb6840,CD,서울,3,10,2000
b3d63c1f03040a9567ec1c094be7690a7808d27d689911de47855d4e0e97e106,CC,서울,79,16,3500
21b9973cbf61444cb6231b890b8fb7c90a5a0a890220bb5822e13d3298ca6001,CD,경기,174,14,3500
a890ee929c832fd4cf6a1da233543caba7e45eb6de31817905734bd229d4ee95,CD,서울,32,10,3500
18018a5191a7a3c06c85bc6b0c5a552cc4bcce181f1754966db83004c16ece11,AC,서울,31,07,3400
bc13442df39cd94f209d463b8a7317eb66b04fff84c206e1e2f3807bf99500f3,AB,서울,43,12,10200
a42df5117856e44337abbf22d499662bee03bcf38a10009d874d1358bd73af3b,AD,서울,125,00,3200
82b724e80f27b80c1225238a38411f6c9b7fb49ead54b190acfb93ea200465e7,AB,서울,59,18,3200
d0eaf903281bd3eb95786dfce75408cf0b1041c7c2280c8c95d4849e576e2f76,AD,서울,116,10,3200
76a593106fde45b16d3fecb06e8541f0b9a9ae99d21727c0102cc2a388d34eec,BD,경기,154,22,1500
d00a0baa0426e0d6bcde720edac6deb79e1fd0d2e04394ef6bfe4f1e1c3fabd7,BD,서울,43,13,4100
80947ea4bdc677410f96aa6380b0d462f2a5363c451e5206d2e22e2f3abe613f,CC,서울,179,17,3500
80947ea4bdc677410f96aa6380b0d462f2a5363c451e5206d2e22e2f3abe613f,CB,서울,10,15,2000
80947ea4bdc677410f96aa6380b0d462f2a5363c451e5206d2e22e2f3abe613f,CA,서울,112,18,2000
80947ea4bdc677410f96aa6380b0d462f2a5363c451e5206d2e22e2f3abe613f,AA,서울,133,19,3200
c626e90d9c4acb262a0741b711eed4ec894df272f7cd4306368a975a96ccc948,CA,서울,78,11,2000
198ee94b95c1df1b29797af85d24c541f80e74fd48d899960567ba65a7f8f7a0,CC,경기,93,15,6500
198ee94b95c1df1b29797af85d24c541f80e74fd48d899960567ba65a7f8f7a0,CD,경기,3,13,24500
41ab4441978d2a13ad098cde36c54888d7f02ce4200e3417c1cfb1b053500d96,CA,경기,26,21,2000
39fb8df2b97659ba06781f9b9a8d4294abeb385c70d6530571a7795e951d6e37,AC,서울,142,19,1800
95616c3f685a3ee9e9b6c8ca5e7bf44190c187e69c21797c8220c04075cb62f1,BD,서울,89,16,4100
009d9519cc8de317ac5be1fdcd3f4d1505be964fa1d98058968f47d58ceb282a,BC,서울,117,13,1800
244a78a3498ca94caa3369cde93c6f053d47381171fd9df5eb2b51be7828e500,CB,서울,112,12,2000
660cbf66af799e40a9efe6d2de0bc0ae46148ea9fad8b5fe60832b7558a141aa,CA,서울,137,00,2000
68b6d71f8e9d019d72abc0800d0e7baa631b921b19b6dbbba2bca1317b2212f0,CB,서울,53,12,2000
06c32eb3e10fad9313b36f28c97823582feb1cdfa2bd0054e4746fc18bae9139,BB,부산,167,22,6200
1ff8d0351df8edc4419534583954bd27052fe45cffb18ed48c981239f6cee0b6,BD,경기,139,14,1500
45f4298369b79834f2a36488e6e4b02de3e7dbb67c6fb9bc939754445178c930,BD,경기,35,22,1500
e64509eec7b7c36fa65258fd8c69c640fea51d17ddb8168c2c177c10edf71b86,AD,경기,159,15,1700
1f4dae56b1433e71b9a6b35762b385ed16c0cb39882653163b02ae2dff19549e,AB,서울,168,12,2200
c262744ed277edf8dae3edc9a9be69a5dbe5e09205d33c5ccba1d8d92304805e,CD,경기,74,12,3500
4fd187b65caf1de45f295af959c0d3a6b6c6e7c763612d41d74951a76ba99553,BD,경기,54,18,2800
4fd187b65caf1de45f295af959c0d3a6b6c6e7c763612d41d74951a76ba99553,BD,경기,20,16,2800
25e0197c4891667ef839f3d6e8d67babe8310fb817e06d3d9c0fbe82771d40cb,CA,경기,172,00,2000
446b65a3ee40de3ff1fb4da5d5c85f4d290d2a44a492e120a62dc3e93cdb0b76,AC,경기,88,19,5000
446b65a3ee40de3ff1fb4da5d5c85f4d290d2a44a492e120a62dc3e93cdb0b76,CD,경기,143,19,2000
446b65a3ee40de3ff1fb4da5d5c85f4d290d2a44a492e120a62dc3e93cdb0b76,AB,경기,120,20,5200
446b65a3ee40de3ff1fb4da5d5c85f4d290d2a44a492e120a62dc3e93cdb0b76,CC,경기,162,03,14000
aa21ee044030803787d09cb08e0d831fe1a9d7ac9d44fcc5012e0a9c20a32118,CA,서울,127,13,3500
18404fd533e1f11d3512e6e7e362c2add5df4aaf4cff20c6a0d81ac1c87577e2,AC,경기,68,15,1800
95fc777654c1a7f6ccd9a8959d1cc222c7a83fb42247a30988295eb8317237c8,AB,서울,164,21,1200
27aa5fcd1b8b53dc7ec47c51829f46817d87783ee763b3cdd7609e450c38dafe,BD,경기,135,15,1500
ba4c5c3b0ea98632bf8d634b21e8da318522c22a30f89cf0add67c3573578d12,BA,경기,133,10,1200
fbd484551bab47e48663a9c3756893d2db4684a3b7f3a0faa7bb3aeabf2ebd86,AC,서울,179,14,1800
5be63d3dff5cba2279356333e292c5f081a91f1a8fb55ce95f2f9545da25bebd,AC,서울,72,00,1800
2aa529a91d33d81fe3d71ac775ebe7ab7a36b6c475e79960ed423eece794c7e9,AD,경기,115,17,3200
8b745d8894523662eafa97404eb74e2f4b06168a3259c872bc90578c6acec979,AA,서울,173,19,6200
e353c9e907b85f02605ca3dde2ba6810cbacc20a0200107655bf14eb74785c9c,CC,서울,128,14,2000
915fe925e13421d7977ec3a9070e494ff8fcaa9c2606ef6b514029c22d0c4236,AD,서울,156,14,1700
5f64f30a413338bca040f3f53014df2d1a229a24f429885cd103a6087542d4ea,CD,부산,149,22,2000
584f3a1fd2e272c80d9cd12689dcd65dd9c98633fe783e63c965bc3c901947aa,AC,서울,64,08,1800
abc8b43a3d1e5bf9abd286c3e4ba22231e4593ffa4d5253e3091dcb9ad964e9e,BC,서울,130,18,1800
75775b87a67d3ec2b6042602e20fd63a2dc169ec9f680463883feea0c096497f,AC,서울,66,21,3400
8e59643dfa89ba7bf276dd4ac173c0996c62b56ec388d330f5bc326b0388a6ed,AD,경기,171,13,1700
01a8dd648f234520f50a8b9d17303d022e72abca4406be0f019066646ed5d84b,AD,서울,124,13,3200
c0083e5018e81fcd3b5e220fc1fc018e75bedb72086212571265eb7ac4c48bee,AB,경기,79,12,3200
85d43283f65058fc609228b2ee2ea584a9ead11d1d2611ad3b7a7965c4564174,BC,경기,32,09,1800
79971b3c2a462e2e402d2cd8b24d4ed7780a80e09b804efe79992056f2a6f81c,CA,서울,102,16,2000
0b28b595d9ab652ca09e83bfddb8d5641f7938846af347438c9f6a04b49a1135,CD,경기,127,19,2000
d14af4cb19589392ee67cf88035614f59a34c6cbe73567e6d304e364ab41525c,CD,서울,2,16,3500
d14af4cb19589392ee67cf88035614f59a34c6cbe73567e6d304e364ab41525c,CD,서울,11,19,2000
0852e387e991226e5a5faa5f76695bb4297cf9409b2828e107ac0e490b1ec401,AB,서울,101,23,1200
e96cf6dfcfbce3777d3ab48c7a2014c03e9a1921056e2b423a1c9b9d0d8ecc66,BC,서울,77,19,1800
492c644d3a6dbbdfabb7fb576a28249ecd4c28bacb0dac9ad591f76de3a474aa,CD,부산,119,15,3500
ed6f4b7d98a5593da7c208afeb13da79daf1a0ab73682840508bd52a7239424c,AC,서울,30,18,3400
2938c2a09872a1ace4eeb8ee629c68645e44f3374cc4203151dda9c3f8bafab4,BB,서울,141,20,1400
11d692a0d6127876dfcf465e9a351d9b73786aabe3e65817dd0acf02b3d030b2,AD,서울,6,12,1700
f477a4101e0680a5d27cd12caa833b11b129f98722bbf28950036988b806f2be,BD,서울,60,12,1500
f477a4101e0680a5d27cd12caa833b11b129f98722bbf28950036988b806f2be,BD,서울,96,13,1500
65123115903142995f6ce57b4ee327b5be5d6c475650cbd7a9ce7c7099b9d530,CB,서울,37,15,2000
72da13044bb1c9b211a8789798b64caa68137256f818697cf1da8564b4cdb344,BB,서울,157,18,1400
087cbb5112e7dae1e35f486f9b5ec1a7106b889fee3ee84faa434e54e03d9cdf,BB,서울,170,21,1400
cee0d1cf839c661f9d132d1a7ff526e27eecfcfc3f13fa222f4c4c93abe47e0e,AB,서울,176,18,1200
d6e7216aad9af8bec359a1500e64a12430d0bf0e8badeadbb6574a9fd4e3e44c,CA,서울,38,20,3500
da22093fa900de39080ef1d91f1dd9b4680128b30c0f2c630a8bc774e0fbbd4f,AB,서울,154,16,2200
08345f3292f211e1aec36172fdbb5fe5c5deafbe3d1fac8a2076761e42e30057,AD,서울,80,08,3200
1da09f7197d66eb1ae07a3f71e22a7b8ea20be67e12e5507fc1de0dfc536ddcc,AC,서울,109,20,5000
c1a4a5eb88fbd19887abce5b864c606b38920d06ef3bc6dd910c92a628020b26,CD,서울,88,04,2000
c1a4a5eb88fbd19887abce5b864c606b38920d06ef3bc6dd910c92a628020b26,CB,서울,2,04,2000
c1a4a5eb88fbd19887abce5b864c606b38920d06ef3bc6dd910c92a628020b26,CD,서울,104,02,3500
c1a4a5eb88fbd19887abce5b864c606b38920d06ef3bc6dd910c92a628020b26,CD,서울,109,06,3500
e5201685afb04461bb630c644bc350c737e0b338c4a2ebe221d1d3a1e3d47ffc,BD,경기,145,11,1500
ce9d4be348466f582d54eb08f5e7e9d03697fe6832ea837f3f5b01d87bb739ce,AD,경기,175,14,6200
9cb11765c56fa6095609b0a22adfa43cea6517c3b421bde8673e34e2aec4c920,CC,서울,139,07,5000
93a51140e5155f322ddf7adf0609acbbe522e62d8eaca843f9201ceeb2f09533,BD,서울,90,21,1500
89b96ebccf31850e1956eccedb0bae898a900ad4399160d5c91675d411af77a2,CC,서울,59,11,2000
89b96ebccf31850e1956eccedb0bae898a900ad4399160d5c91675d411af77a2,BB,서울,97,01,2600
89b96ebccf31850e1956eccedb0bae898a900ad4399160d5c91675d411af77a2,BA,서울,47,08,1200
082e94ca72b4e4826c79fc833a1c9fa9d268de1fc50313616dfd60819b3f57e0,CA,서울,100,08,2000
8d7405d0e5d2d9771fdcd6ab2b3d7bb8b595b1a971a41175a1b328f8da341e1d,AA,서울,151,02,1700
eec9e076ba2c130975ad1bc6dfca37d4bdfa58c9cc973d1b52d67dca072f62cb,AC,서울,25,07,3400
eec9e076ba2c130975ad1bc6dfca37d4bdfa58c9cc973d1b52d67dca072f62cb,BB,서울,91,08,2600
1c6dc0ec4fe6a67625d259d9688f9f5fac3fc29a125c6cd4416e8e6fa6f8c047,BB,경기,118,18,1400
bd0ded80998e3f103aa306bc4dfcb988d0f1af7efe84b0401864eb67e78c5833,BA,서울,100,11,1200
4c5cc5a5b0d52bc0a680b500b3f4b3646ac61266fec13aa43c8df85a0bdcc0ee,BB,서울,77,10,3800
4c5cc5a5b0d52bc0a680b500b3f4b3646ac61266fec13aa43c8df85a0bdcc0ee,CC,서울,62,18,3500
33699e739ff5716336df53c1be9e4043dde0475497b1818a1bca54687ffd3dc4,AD,서울,112,13,1700
be65b9eebe17a7b1356440a50478b7033d5800725150aaa6dc4fdf16e6df468e,AC,경기,172,12,1800
c542e91ca5c65e5cbff4c29edcdec993d6a475aea3df2b46b938c4c3145fcfcc,CA,경기,147,20,2000
f28b4c24e87931520e0d694218918abe5e09cd8a28ab540dada9fe26a02faf30,BA,경기,22,12,1200
f28b4c24e87931520e0d694218918abe5e09cd8a28ab540dada9fe26a02faf30,BA,경기,21,09,1200
f28b4c24e87931520e0d694218918abe5e09cd8a28ab540dada9fe26a02faf30,BD,경기,102,12,4100
f3be8cea462d675965c3de0d9347f1c30501922bd4de7f5ea46405eeefc22fd0,AB,서울,163,17,2200
a8cdba7ec19dcfe548f62de939027336bf71280f9a0018e94c2f2d9a69ea885b,BB,서울,115,14,1400
e82877ff75c47b15b4b4b64f983807dddaec0565400249a78c06d00382803605,AB,서울,139,12,2200
c4976373936e6a15054a5ba124398af3142b3d378abffb94429a541e3ab01864,AC,서울,27,22,1800
79416de50910146dd9b57d8794f3b387e603454e46ec663fcdd640c64a3839fc,AC,서울,10,12,3400
a0d3c4409ba2b828ff85a12293236776fa4c91747457b84dbc07242e548285a8,CC,서울,158,13,3500
35bc350f6d8118285aec4fb87599e8e9119aaa2d0c1ed980e7e4ca1058b61ff1,CD,서울,105,19,5000
f3d108f076ec6eab07be295ea97b77bfa1d806b55eade42fdf3acf487b42a1ec,AC,서울,28,21,3400
c7a3c5fa62e1852db42e7f39a8ed3bf28b26f91b02eae72bdaedb9377f97d60c,AD,경기,121,19,1700
c7a3c5fa62e1852db42e7f39a8ed3bf28b26f91b02eae72bdaedb9377f97d60c,BB,경기,145,08,1400
7c62d2afff19c0d85ac3704e64d9a6376c0894c2a3d09cb2dc0652f55d28eb24,AA,서울,25,21,1700
573c2a7011ae471cb1879d941839b1f6f983897d4fb27df6393f1d071150254e,AC,서울,25,19,6600
c64e5d2c66227ecaf565472f01cd5e5eed4c804b62c1d12fe9c4adceabcf6d0d,BD,경기,142,20,6700
66b64ebd15b91afc2b8adae6f3793595d75f1fa63ddacf7b3a131aafb116cc49,CC,경기,136,15,24500
70b1a6d062790f19b8124f514d49f172f8f501eecf2c8c8621a86de4cb1e247d,CC,서울,97,22,2000
f8231da1a3b6b04b5b8c2ced8d2ee7c80e0af38a2872440ed6a82c6a9bc63464,CD,경기,93,01,2000
1add6613d445b164c74299ebd428ad054977336c31dd952062437cba9bca4065,CB,서울,56,13,2000
247b5ad3057ee45d5a56d58c54f3b96a4dc0dddbf0a0621e795361f1fa3426ed,BB,경기,123,11,1400
cc389d442194ce7e85dd5539f99f0dea75160689153619cffc421bcd95d7fc9f,AB,서울,170,12,2200
cc389d442194ce7e85dd5539f99f0dea75160689153619cffc421bcd95d7fc9f,AB,서울,175,15,2200
cc389d442194ce7e85dd5539f99f0dea75160689153619cffc421bcd95d7fc9f,CC,서울,139,17,2000
cc389d442194ce7e85dd5539f99f0dea75160689153619cffc421bcd95d7fc9f,CC,서울,61,09,3500
46e892123e14b88576d544d6a58c2ff144fc317c51f691f60004f9a37c901503,AD,부산,180,16,1700
dbcd3f25681c208baa3fa8427add987800295cf1f384f010159c5b2164bfa22d,CB,서울,77,16,2000
4428ab7ddf71d83f0a65102abe6b2f600324c2005c9ee64edaf311cc8cd852ab,CC,서울,91,03,2000
b2a5dd2bcced105e27b3707e960303e6e940b63b1f11a9fa81bc023a7939f9ea,CD,서울,129,22,2000
b9a473fc817ccec172a8dfbdb6a041602634ee8e7406172a3c6cb131e2f653d6,BD,서울,91,08,1500
b9a473fc817ccec172a8dfbdb6a041602634ee8e7406172a3c6cb131e2f653d6,BD,서울,126,08,1500
e69ef68d2de4b76dbecc7342dcec08f89c0dbf14515f9ebb6804666a93a84e13,AA,서울,174,21,1700
bed1dcda7dc0756139fddb913059a13c2abc0e05b612be35e5954236172c18b0,AC,서울,23,22,1800
1f8fb917c4995ac2e2b5983f013f4d0990f9d55086bd4b71143f38e91ff45a3a,BC,서울,147,09,1800
32560791e24904a58f36c0e5ffc1676123aec050a3b9a5473e3f34b58e5f21cb,BC,서울,127,17,1800
cc564ada3722226a90a3dc57d7608ee74fcff32ed0faa3d9d5ebe36eda178d5b,BB,서울,74,12,1400
c62ff78a7d2bac81177594a886014e912e930edabbea078b058b37b76c0161bc,AD,서울,148,06,1700
ba454c063a2b678cfa057d3138fcc70a64bc03615276d92e536974b1d2e94824,BB,경기,143,06,1400
ba454c063a2b678cfa057d3138fcc70a64bc03615276d92e536974b1d2e94824,AD,경기,116,13,3200
30af035682211642298e83241c3fde6c89bdae2ba23319967a87738b1bbd7733,BC,서울,88,00,3400
59c3759efee477ac8d7074d1e299b3477425911c1f93f4175a7508f559ac08bf,CA,경기,60,22,2000
309d1b49d28d568ec82b210f41001638b9e85ee4686361aee845361a58e39c8c,BB,부산,60,09,1400
a8792155c876d691aed9f1c997a052752e18c71cb0d7a9d83a17bebf5a6522de,AC,경기,79,14,1800
45f9282728c4a2858dd01e5cad6bb9f971700776953e7487b3f7d6779129bb7a,CA,경기,142,14,2000
45f9282728c4a2858dd01e5cad6bb9f971700776953e7487b3f7d6779129bb7a,CB,경기,55,16,2000
75af7de4d4b267f6aa8dfb42d1a123a63755dca2ad0b60a6440348b1ac9a992e,AA,경기,57,18,1700
3c8d5199b8af2855689e3623a8838f07d06fb14d20382a373e7a200e76338778,BD,경기,47,13,4100
d6c7bf449eceb72e8f446c84fd3fac7cd5918b922ea54238d8314659659d929c,BA,서울,157,09,1200
d0005018764270dec870f6d88ba30532c4fbd2baa4aedb92cb1f438d77e9f22a,AD,서울,146,00,3200
63e7687e6f5333dd485f6c589f7ed4a8121bf83509fc7cf26223c151449c8a92,CB,부산,9,08,2000
55e441c7434f460729a59d5b3161a65bbf92825343bb1506c692ebe32b0650f3,CD,부산,168,12,5000
7a622af7f7d3cc72915dfe09d663e2e74bc62b0e4b872979ca08d657a5c976e2,CB,경기,159,19,2000
df667df848b2a3421780af52d5c1939b2af267759a525f6fa25795044185a08f,AC,서울,23,18,6600
adf713a7fdcdab567590818a2e62dbc9cf44481a1b9034bb3abd50c84da2dc26,CC,서울,79,10,3500
7c476ea783a4327046f858174964ee813dad6cbfc3d30e34579e5718e5e9674a,AB,서울,57,06,1200
79439b1d2ce94aea7a2a36321581c748c5402e6370e7fe945e8b6a1a14118420,BA,서울,141,08,1200
c62445a9cf3964e5d4a068c455fccc324bd1c179823f5418c4e4ebcc65b38e30,CB,경기,47,16,2000
29553ad9907df2678b1f8a4cd897a00bc6893d17cb2ff3569fa25b2d4d1b66e5,BC,경기,70,21,3400
a9fe69fd2432b6bf43812d1bdef277fbb41bbbef87b96f2275320e5e854d14d9,CB,경기,49,03,2000
a9fe69fd2432b6bf43812d1bdef277fbb41bbbef87b96f2275320e5e854d14d9,CB,경기,77,23,2000
d1386dff0b32b2b966d5eea4ad0f38ebfc3ef6f4e27520ff6b36e63f719bc366,BB,경기,77,10,3800
fad570b57fa38173940f6528bc371563410629171aca385a5eb756acb09a1758,AD,서울,170,21,3200
ee8747e75ebfe818e76e5cc36b9bf281104293171ac7ca5c176c411ccb3aadef,AB,서울,169,20,2200
b3941b36079fa2feefc0081c71c4ac6db1eff78942c2d45109e669899f19810d,AC,경기,53,14,5000
044caf05f7d7279dfe371c13f7ad658531210dfb89cfd8370bb14bc925f3c85d,AB,서울,154,15,4200
2594e7c243f24015b344955599eaca5a1040522afd0f56cf5e3b6398acd91796,AC,서울,144,15,1800
8c429c30790046bcba70c77a677197b0094eea3945b11778b4808b0f4f9ebc60,BA,서울,167,11,1200
45f3b13b3c87a7dc86633e7421acea389aebe9d00516599f64261507cdc71be2,BA,서울,37,07,2200
c4f2c76690016ae5f527606814aa38691e2e73a829cd297e76356f3fb79d0eff,AD,서울,23,14,1700
80d14bc6fd9c728d85da15615d634b312e452573c8ccc07b793273504d74d54a,CB,경기,149,14,2000
80d14bc6fd9c728d85da15615d634b312e452573c8ccc07b793273504d74d54a,AD,경기,108,18,1700
4b299a34ab132dc75862b844b37cd94cb3333d59ff18851381cb2befa7ee9965,CB,서울,109,14,2000
5b47e451a8d804ef1884a160119cbb18b5d38d055da50f49973cd82f380b12bf,AC,서울,148,19,5000
56f760eae12e71adb35851f6d55209f195118dcb93d1637548d62c780f40b1e0,AC,서울,101,14,1800
d944c0859e7b14201348f41be4e1fbc1d0f9eb6636c8983cb7a4177f11658c85,AC,부산,16,16,1800
013b6df93842fc3fad01fe290c86089debb6ebbb8d25a41b860b7a8fc806a921,CC,서울,84,01,6500
013b6df93842fc3fad01fe290c86089debb6ebbb8d25a41b860b7a8fc806a921,BD,서울,69,01,4100
10aed2c6120fbaf45490626ba7705ae179d5faf3a9ea34535a33d1f75a8b4036,AD,서울,110,06,3200
8352a8df94256d96c4cbef727166ce323029155c9be952fac09fb3f45a41ad01,AC,서울,16,12,3400
8352a8df94256d96c4cbef727166ce323029155c9be952fac09fb3f45a41ad01,AC,서울,15,15,6600
8352a8df94256d96c4cbef727166ce323029155c9be952fac09fb3f45a41ad01,AC,서울,50,14,5000
8352a8df94256d96c4cbef727166ce323029155c9be952fac09fb3f45a41ad01,BC,서울,6,08,5000
68e079522198c52d91dfb8d8879e11768b9154384112c7a0657388281712aca6,AA,서울,42,23,3200
08d08d19eb0f744f4a692355014f642c93693869ae29cb9e745de5d20953f13b,AD,경기,118,17,3200
bc391c56d96ff93731c10295d21892fd315ff1744960933ec2d812a418adc0e7,AC,서울,100,14,1800
e951e68b3e153ff0263ca89fa438ae9ad3280388de1ac57765536fbb112dc614,AD,서울,112,08,3200
3b442b4aca8e72b80fe4e31f70c1382bb479f8be89cdb82a5269389d8d461e1a,CD,경기,173,19,2000
8aac19c5c28bd7e2627242485fcaed8adb0218943735281631a190e81299c2d0,AC,서울,116,17,1800
38f3532401dd2f95a5280f5d66b5d0ff99eb0f7ac226054f71ae521ed4a56714,CB,경기,73,21,2000
e9ca6ebed931df0a3744cdac4ff4087b5efe98eda5ee4a9117d216166a74551c,CD,경기,167,16,2000
840741c0d5d6e100382dd4ecd738f66c8a74d955be79e1c22b083235c44db4ae,AD,부산,115,11,1700
7da32c14101fa04e1e66bc60f8a446d5a3e8d7ff1f6d3cb9d29d7c062b44d879,CB,부산,53,21,2000
4e71ddda708c7cc333c97f40f4305092dbcaec6aee14fc6730d8e6a3f178cdb0,AA,서울,164,22,1700
f75c0b793654d69d63416fa2d735be8db82603ec2556a9c5f9affadea51f260d,BB,서울,78,22,2600
6566b311fd990819e79df88e877587a8f217d585d793690b3fa3db0001643347,AC,서울,106,09,1800
ce3aaa5c05459e0770085856d7d7ed632ecfb0fc4e2480ce7389088ba9d20a21,BB,서울,141,21,1400
be9830cf9adf0daddc6e549c45467a5b8134b46a0225b14e728c805f3f08ff30,CA,서울,134,22,2000
7dffa677e2323f938ed1896c99381ba35bfc665353dfbbce47e93efd6f0fe298,BD,서울,15,21,1500
2f20408b4ef276304b5b45edd52e74b43d00add87c18c903de8e4dba4afad9d7,BA,서울,44,17,1200
bc3a250d950dd1c3b2d48d737c7a402a46303b3e23d62cdf95e7013118104521,AB,서울,46,07,4200
44c452dba845ff3fc07994ec4fc0e8cb8a85476ff658e54a6d6bd0fb1ba78b5c,AC,서울,51,16,1800
2e89a7d6397bf8e8bce8b583c14f4c2857c2dcc9f50cf15dbc5af6bf71078d19,AB,서울,112,14,2200
2e89a7d6397bf8e8bce8b583c14f4c2857c2dcc9f50cf15dbc5af6bf71078d19,AB,서울,114,16,2200
bc850ecbb2fe6e2d3813e6913eee44657b49445ba1f01d7ac5470566b236ae9e,CC,서울,105,23,2000
609cf9daa4d34ad539ef2cd2ca6f346dd7f2e71c6fc6d6abe4a10f1e49f0a2c0,BB,서울,63,08,1400
609cf9daa4d34ad539ef2cd2ca6f346dd7f2e71c6fc6d6abe4a10f1e49f0a2c0,CD,서울,24,13,2000
312742acfdc29b8f26d1cb3a77433d41afb08274d6b028628db2e13e5a8465d5,AD,부산,136,20,1700
312742acfdc29b8f26d1cb3a77433d41afb08274d6b028628db2e13e5a8465d5,AC,부산,62,19,1800
424b47001b4791d6ddb5bff433c3e416a855aea4de3a974fbab0808195a1e13e,BC,경기,74,22,1800
2e3f60946746dcbd3b7f6b8e993e7a9a5955f2839718a06dacbe8f0505666282,BD,경기,46,19,1500
3768a5feb74bd4c6c3b6af15509410e17e77b136b6b4dfdad3c71c2de7c5e5d9,CC,서울,88,20,2000
dfb873def786a4d3122f86100cbb8f94c0a0f92327d9cdce40911703faca6ce4,BD,경기,31,16,4100
5f873bcfcbee899b5dc6e6afb156549d5d679796affa4a4a9b2704fd9bf86f82,CA,서울,112,23,3500
dd3895a5e666ecb65b5569b0f2bd79cde9b9ad7f385a2a6172f45e8e4fb7782d,BA,서울,151,06,2200
8c8a005211b13679573237898c2d82a740ab6cfa0acbc60a7b7a969f5ea69b37,AC,경기,68,20,5000
cb9e13e95c544383370c0a1da5e10589f27be5a4bc25e119bc4c6e6c4fc5058e,CC,경기,84,09,3500
cb9e13e95c544383370c0a1da5e10589f27be5a4bc25e119bc4c6e6c4fc5058e,CA,경기,85,11,3500
cb9e13e95c544383370c0a1da5e10589f27be5a4bc25e119bc4c6e6c4fc5058e,CD,경기,165,08,2000
cb9e13e95c544383370c0a1da5e10589f27be5a4bc25e119bc4c6e6c4fc5058e,CB,경기,73,18,3500
cb9e13e95c544383370c0a1da5e10589f27be5a4bc25e119bc4c6e6c4fc5058e,CD,경기,28,08,2000
4c8cedd5945bec63e19cd5673db2507aca32add1032e0fec9ca9fb2f0b0427de,CB,경기,77,17,2000
50e696d9124b866545393c0e8d719fb02a8ea4c5a971b523b9165ac2f5dee2a8,CD,경기,114,10,2000
ff382e6a4c18410976e546885d744d5d756710f6de71b33c97ff437e7fb54f89,AD,서울,115,11,3200
b0a3e287393e83af297eae638666d0b8cccd1abc2eb13b05c74fce2c96757f8d,BC,경기,143,20,3400
53239ed46a02ddd2ae713073f1f4fa1622c54752eaa72161e1d2628c86d359e0,CA,경기,116,23,2000
2fdac18a6b518fba67baa168a87ce1344be1132e10a6d36ded4584c5f5f80c70,BA,경기,10,16,1200
02fac57615c817130df3b8434030b944c89962a1eb3dbf007f8d0757287f3dd9,CD,경기,158,19,2000
dcacf94fe126cce08fe4c0477b9cd1a2f97caef6b8fd8771c7565e9cb503c7b4,CD,경기,179,08,2000
dcacf94fe126cce08fe4c0477b9cd1a2f97caef6b8fd8771c7565e9cb503c7b4,BB,경기,174,16,1400
dcacf94fe126cce08fe4c0477b9cd1a2f97caef6b8fd8771c7565e9cb503c7b4,BB,경기,50,16,1400
341ab99b32ca8676cf45fa148f9ec05b5fd2438fea90eea5acf18d4e56de8220,AC,서울,122,22,1800
954d2b405482f20ecf2748ee3f2b794f17c1ff6644f41ea41724cb856530db34,BB,부산,74,13,1400
954d2b405482f20ecf2748ee3f2b794f17c1ff6644f41ea41724cb856530db34,BA,부산,23,14,1200
954d2b405482f20ecf2748ee3f2b794f17c1ff6644f41ea41724cb856530db34,CC,부산,94,14,2000
2e6e46fa555697a371b8ce9a7b36daf78f729822cbaadc70b0c7527fc25ad539,AA,서울,76,10,1700
8a6ef9747a621d32107903b8ddd3c0c8f921b69bd4758b83f4de3ddb916d4274,BC,서울,118,15,3400
c1e31788207d2165246ab3dce575510ba8922cff8c134d0ebde57c6b4e304b5f,BC,경기,77,21,1800
0a30c020de633b9e42263402631c6e87bc4fc71f4f90c5e1181dc5311846d0ae,BA,서울,168,12,1200
6367ad249e37ae162d1325ecc9745fd2e12888f7d8aa21919e7479d8eac76927,CD,서울,117,16,2000
c5cb9ea509193ccb2755ba0ca244cac02df172d3fd7baca5eaae5561f9ca0809,BD,서울,126,20,1500
d75f54012f1cf782579ebc98241070b76dda2faf5782bcc502554d58acfcaf88,CB,서울,58,20,2000
7e789034fbb0ae15516a13a471bb9952b52105e843f311fd93e768c9ed91f6e7,CC,부산,112,23,2000
d24845de0579bfb4aa50ba84c8bb56366cd97fdf14259af9093ae384f293ad53,AD,서울,138,16,1700
0ee27a3c7305a406a2168f68245f8ec4f2bffcf019649cf05af893fb297e77a3,BD,경기,181,23,5400
625a3fff0afc75e45119fee97a6b8b6351c4b66f0e7cda055298543e1102ed31,BB,서울,137,14,1400
2f0b225b06d1145b1d2ced050aa987069e32ebc1308ceee60e69ff302b79f012,AD,서울,82,18,1700
23134f4c15a0abc90257514c08cfc8e32b25c06bd33ed30839a2a90bf399b754,AC,서울,176,20,5000
43d5ecd24dcfd4afb373067c739de450cafa50cfaf1830610fb31f2252c9ccb1,CC,경기,101,20,2000
9b096b0b7a9d8f3df6960c31c6dc4af05a180fba1a2424892a78617f9689d7eb,BB,서울,182,21,2600
3ed9a0f73f8a09f84479c94376559d8f4f0bcfa26fb7d4cff6ff2938a23d829a,AC,경기,182,20,5000
412b50932af9bb8f5775b75270477f8d587628883cd5c059dc4933f72753c584,BB,부산,110,18,1400
412b50932af9bb8f5775b75270477f8d587628883cd5c059dc4933f72753c584,CC,부산,126,16,3500
412b50932af9bb8f5775b75270477f8d587628883cd5c059dc4933f72753c584,BA,부산,46,12,1200
0b0483f4219c681f306a3cc212c5f3b0d6858acef57032bfcf3c8414e64d582d,BD,경기,167,10,1500
93863c9d261698144655ebbafdfa4ffa5ce6ce7a7e6d5a2fe5204e196e787488,CC,경기,72,21,3500
93863c9d261698144655ebbafdfa4ffa5ce6ce7a7e6d5a2fe5204e196e787488,BB,경기,57,11,1400
9e1aeea40314976b8cc4b1250a7a0a3c0634e79078a383178456e090a1561ff1,BD,경기,19,20,2800
9e1aeea40314976b8cc4b1250a7a0a3c0634e79078a383178456e090a1561ff1,BC,경기,83,23,1800
9e1aeea40314976b8cc4b1250a7a0a3c0634e79078a383178456e090a1561ff1,BB,경기,40,17,1400
9e1aeea40314976b8cc4b1250a7a0a3c0634e79078a383178456e090a1561ff1,BB,경기,112,18,1400
9e1aeea40314976b8cc4b1250a7a0a3c0634e79078a383178456e090a1561ff1,BA,경기,59,08,1200
9e1aeea40314976b8cc4b1250a7a0a3c0634e79078a383178456e090a1561ff1,BB,경기,106,08,1400
9e1aeea40314976b8cc4b1250a7a0a3c0634e79078a383178456e090a1561ff1,BB,경기,180,09,1400
9e1aeea40314976b8cc4b1250a7a0a3c0634e79078a383178456e090a1561ff1,AB,경기,164,07,4200
9e1aeea40314976b8cc4b1250a7a0a3c0634e79078a383178456e090a1561ff1,CD,경기,178,15,2000
1c3b08ea48d2a6d20607e72a41c3f3fc346cffc9c52a3fc6659c4895ee423566,AD,서울,149,09,1700
312278e7fb4efb0ed465846041453f010ce5dc0a01e424a3455d7d01e3b3e70d,AA,서울,84,20,1700
fea4ef038576e08a204b9cc9f6e3034d4f8f0cc533787266610f9e86da0965d3,BB,서울,154,18,1400
901a8e48d45721d02cebf4a72e7b571676fb9a27a55370de3fbb05d2e3dc6b16,BB,경기,109,02,1400
c84c5ed63789c2604d39449999349d51093cadff82d7d68b44205fb0c89b3bf4,AD,부산,21,09,1700
c84c5ed63789c2604d39449999349d51093cadff82d7d68b44205fb0c89b3bf4,BD,부산,23,07,1500
c84c5ed63789c2604d39449999349d51093cadff82d7d68b44205fb0c89b3bf4,CD,부산,125,12,2000
c84c5ed63789c2604d39449999349d51093cadff82d7d68b44205fb0c89b3bf4,AB,부산,178,15,2200
c84c5ed63789c2604d39449999349d51093cadff82d7d68b44205fb0c89b3bf4,BB,부산,156,22,1400
1cc4569e13730ce71a562cbd4e2bcafb315712a9bf2f2ae1073d228f65b9b8db,CB,경기,100,12,2000
5e0639dd5b31145d26157e622caef5516c027ad20d4b9289241bee42374d0809,BA,부산,145,09,1200
3528d4640252fdfe760b7c56a92a5993c242300d54702d1266949ce7cd62c474,CD,서울,64,09,8000
3528d4640252fdfe760b7c56a92a5993c242300d54702d1266949ce7cd62c474,CD,서울,22,14,2000
3528d4640252fdfe760b7c56a92a5993c242300d54702d1266949ce7cd62c474,CA,서울,128,11,2000
142fd43334d660e63cf5bc05a29b28f4d52b7060859b231bbee025efb5b15125,AB,서울,43,15,4200
c869cdb8f4eb326c46066f2ac1605241d8e83203fbd0b07deae230422339a92a,BB,서울,63,17,1400
33e869b10193af50c77bf75f5823440361058fc10d61c41c2345d13131766e02,AC,경기,38,21,16200
24fcff36ba8cc4905fd36878af081fc75d923538a1ed772369d985624da1db3f,AA,서울,126,16,3200
5f3f02b7f5e0e270426bada54d21f0ef3cf39f30e23f5ab630cb61e6ba5737d5,BB,서울,77,23,1400
a81289177caa9d5d79b149636661146be54f9151a837fe05386f4840ddcb36a5,CC,경기,36,12,2000
80f25359bfdd33e1074f18b895947d679a78969d157e79a42b2874fadd766501,AD,서울,127,10,1700
3e8dded4343f52632afbdb1e3f59f055236d1515e98894bbe25a1ab316324213,CD,서울,140,22,3500
3242111f5d9272e35af0c47d0fd05a1eee6449f58875e5d2e401b681b970743a,BB,서울,27,07,1400
6c13353ca867a1b72f28e47f7d4761d9097305a483c7da516bf5c4734db0b017,AD,서울,68,08,1700
96a1d0709c451c81179126bfc361d5e1ef62fe0fbab34837d016c56d5648a37d,CC,부산,162,17,6500
8850673821fb375acd738118f9a951b44d697a0fa32c9a934e73f84a166b4a71,BA,경기,53,12,1200
8850673821fb375acd738118f9a951b44d697a0fa32c9a934e73f84a166b4a71,BA,경기,51,09,1200
b0cc0ca31c452021da2fb729f097d4f4c7fbf14d6d5f2b01934bcedcf125a8a7,CB,서울,40,20,2000
b0cc0ca31c452021da2fb729f097d4f4c7fbf14d6d5f2b01934bcedcf125a8a7,CB,서울,40,20,2000
bbb7500a6a935177c253d80b021bcf6206fa13118bfd6234efa1717753a60c4f,BB,서울,52,15,3800
bbb7500a6a935177c253d80b021bcf6206fa13118bfd6234efa1717753a60c4f,BB,서울,107,06,1400
bbb7500a6a935177c253d80b021bcf6206fa13118bfd6234efa1717753a60c4f,CC,경기,159,19,24500
8b2926b843e93fffe2467d3311c7bae646c1c6c5b0a81ab98a136ce7a5561510,BB,서울,13,23,1400
1f71d08e09fb4617349e159370673d1d4fb5a425083153d4549a1b11351b6a71,CD,서울,114,19,2000
38287bcd366fb02079c28916a6b973187ea523ab4490452da44778266a803644,BC,서울,173,20,1800
a910128640ff9ac0f0f85945307270360a6e23de317dac8aa4ad3f1630fefd82,AB,서울,180,01,1200
0f9c4a6414130bae25801619a3d3657dc1fb22bcc7d04745c440c9b913c73c1b,AC,경기,131,15,5000
f28bc741f1b8db0d4b80d4af5ed559b353e6e981ab5e0067c5304d0a3e0f01cc,AC,서울,36,09,3400
eb65029f8f824a40a206cb2ef9ed6da49ce9d2d49e057f6f983e53cba041db32,CA,서울,160,07,2000
84cfa19c4a1f884c3cbd3bd47825fc3fcb159dddcdc0376e1845476c470d2bce,BB,경기,131,08,1400
f1d284af0caa57ece7a1d2f62ae8512ec09e0106c071f786d2aedab7762f78dc,BB,경기,29,10,1400
f1d284af0caa57ece7a1d2f62ae8512ec09e0106c071f786d2aedab7762f78dc,CD,경기,90,16,2000
f1d284af0caa57ece7a1d2f62ae8512ec09e0106c071f786d2aedab7762f78dc,CD,경기,64,15,3500
f1d284af0caa57ece7a1d2f62ae8512ec09e0106c071f786d2aedab7762f78dc,BB,경기,82,15,3800
f1d284af0caa57ece7a1d2f62ae8512ec09e0106c071f786d2aedab7762f78dc,AC,경기,29,10,3400
f1d284af0caa57ece7a1d2f62ae8512ec09e0106c071f786d2aedab7762f78dc,CC,경기,91,15,2000
8f86feea9e257e06a394e7ce98b7daad591fec2f97607449ed8f172975ed9ac2,CB,서울,19,20,2000
ffe382c6fd72f707ae7f838502e7a9ffae7ed58dc79c8a6fbe3f046041efa1a7,BA,서울,71,01,1200
16c0da5bcf204c0453c5abec4db8e0e1277267e14e5df9cdbf9bf7da9c3b7a8e,CB,경기,16,17,2000
6a865532dabe90b88808902cde0a284394cde4816bfcc00a049a936e57e78fb7,BB,서울,144,17,2600
9119854cb3f3b015fa618b78543153f609069cdac4832956a7711fdbfbf4cd69,BB,경기,145,21,1400
92bb5c877689d392652bbd2f8a03f5cad0aee45f0786b35a106645e928f7a978,CD,부산,9,17,2000
7c05985efea68a77fb440a060050bbabbf2aec272ffd17d1056f4f98aaaf5451,CC,경기,19,21,5000
7c05985efea68a77fb440a060050bbabbf2aec272ffd17d1056f4f98aaaf5451,CC,경기,31,17,2000
7c05985efea68a77fb440a060050bbabbf2aec272ffd17d1056f4f98aaaf5451,CA,경기,24,21,2000
7c05985efea68a77fb440a060050bbabbf2aec272ffd17d1056f4f98aaaf5451,CD,경기,91,00,2000
7c05985efea68a77fb440a060050bbabbf2aec272ffd17d1056f4f98aaaf5451,CD,경기,119,01,3500
7c05985efea68a77fb440a060050bbabbf2aec272ffd17d1056f4f98aaaf5451,CD,경기,131,20,2000
7c05985efea68a77fb440a060050bbabbf2aec272ffd17d1056f4f98aaaf5451,CB,경기,82,20,2000
fa1058549829ee4e76aad3b866f900bf2411a1139b424c313e6d6914e35c4113,AB,경기,87,17,4200
6ed2de525c91a277d6f0280e730f8a5f89de0c44855acc0919b2a996f3c3fead,AC,경기,59,12,1800
852a54c04f455b388ddbb0a9f7ac1902603fc99deaf312592463971bbb6cf2a7,CA,경기,94,17,2000
e26c446245fa2c3cf55e6d30d17deae499180cdfec7672987822cbbde3097b41,CB,경기,131,17,2000
d5d49e852bcb26864c88f99744a61ebf9145be61628e6de5043939d48fdde62b,AD,서울,107,20,1700
d5d49e852bcb26864c88f99744a61ebf9145be61628e6de5043939d48fdde62b,AD,서울,107,20,1700
ca4c13f849b4a1dc128eec313f92452187614379a7f631123ed341f7cf78776d,AD,서울,61,23,4700
43c42f38aa5b69df8d3d2bdd22ac2a47c01d7d662daf2d856c3270f1aaba8d5c,AD,서울,94,11,4700
d3fc3ce1d8d037cbf192ed9f09d332e2483a0c7603927fae73106a6804df3a0e,AD,서울,180,06,3200
ce87baf15c0f41686864e5ad625b02c18e49c09d3fbfb0de72d3528c0ff6e7e8,AD,경기,156,11,3200
4b83b3f629abf441a38e37a45b9f435a087d07f21e1bc959526a7fe0b4ab37c2,BD,서울,172,23,1500
2582712a5942edab598632918bcddf5c1ccc0df6131191b7f9aa472a966aaaa2,AC,서울,78,21,5000
12ae4500ddc32bdb1082b56b2d5fa4985601a0ae79dc127d7f4a75f472b799c4,BB,경기,133,19,1400
90ea528101db71b3c2e42e53bd7dd6dfd2e395a6cb37716d999190307c05d951,CA,서울,75,00,2000
85e51ab3f98e397a90132c2cb0a9df110c3d5bd9c1216404defa5885c1bd075c,CA,경기,123,22,2000
ecd912956fa16fe537d92219040b2c56fbaa85779f93f56c7f5f2d6a761adc51,CD,서울,3,20,2000
dc8eda1de3942bd8b9d0514b12c6e7cf3cee801de0a13632d3cb4b2bde82cd86,BB,서울,129,21,1400
fb1ebf2c2dc42ad6e9d8eae8a2df9f04aa12813351f5cf24dacbfdc4e69af4a8,BD,부산,51,13,8000
7b5a597e74db702cbc18d4e1c52fae791b400dce482d11ffa43a381633c031ac,BC,서울,171,13,1800
8274998881b72a98840db9cf662f08f2155e125812e918cece75c7ee07f4f2c6,CC,경기,167,15,2000
e6e3cbd10363a35531153ce499f5fac1a13c0c0b76955c73f0f02013df657a64,BD,서울,60,16,1500
e6e3cbd10363a35531153ce499f5fac1a13c0c0b76955c73f0f02013df657a64,BD,서울,82,12,1500
d155dd58cd6004c9140bad4c3190d99000401cdcfcb6b821ae2e526ed2755280,CD,서울,2,16,2000
2193d601945113098155a2b2a823bf72f2c21128d9858d758881271d78f329a7,BD,부산,20,16,1500
874bd2957265f93e641e5885a3746d55ee66515ceeb37cb8fec1c083ae49ac56,CC,부산,123,19,2000
594d326a3e8624de062e936fe1266eab83dcf313e2fae2d5ca252df65420e5c9,CC,경기,66,07,6500
02abbe477704896321444f09e63b415903d8fc57da8c08e90bb426b7bef0940f,CB,서울,18,12,2000
6355655162c26385fcc20f55b409e609cce65f1774bcc182d91e0edec3f60e79,AB,서울,81,15,3200
50cd3fc996412706ee34010344d35bf83aedae0bddbf0ffaf980779557a13631,BC,부산,17,16,1800
1bd84aa23fe16da43ade9f94de9fcebb764a7830713b2e262533aa47feb03d6b,CB,서울,43,13,2000
f22a442dbf38a99a110ae70c71a62753b88795a44184bddd13d3535122b4b4b3,CA,서울,62,13,2000
6a07bde89ccb9b3aba72e226d16ddb7e12f466b18bb09c629111ecd3054a0654,CD,부산,71,08,2000
0907551c9dedab12c92338fdcdcf41424543d487020c8933f7fed9d0809a360f,CA,서울,48,17,3500
c036951b7fd7365857c545b4a594c85d54c93cf8648781a2cfeabba4ba506c6c,AB,서울,154,18,1200
4de17148275fbf323c9cbfae37ead56433bba83b7929e6ada17f157177140080,BA,서울,16,07,1200
da49414317bed71863c8fa910a041971e9e68d98f81d48ee451a2307e46d4227,CA,서울,114,21,2000
88949072fdcd085b498473053e575714b8d70924b3b4f16e80ea7dd6be352f7c,AC,서울,110,17,5000
6b9e407d0a8cb38f30108a71cffeb932397c7c7365be82acf47b14e98ee77fb0,AD,서울,9,08,1700
7929f7b1997fc8471dc1665e4f49870aa64a102f5905bb904e6f9607bfcd433e,AC,서울,136,07,1800
7929f7b1997fc8471dc1665e4f49870aa64a102f5905bb904e6f9607bfcd433e,BA,서울,23,09,1200
1b1a2665a2b4d9dd692a8bbd2858098ad98736413ddf7b9e6d8a846f287162f0,BA,서울,3,07,1200
1b1a2665a2b4d9dd692a8bbd2858098ad98736413ddf7b9e6d8a846f287162f0,CD,서울,57,07,2000
1b1a2665a2b4d9dd692a8bbd2858098ad98736413ddf7b9e6d8a846f287162f0,AC,서울,83,16,5000
1b1a2665a2b4d9dd692a8bbd2858098ad98736413ddf7b9e6d8a846f287162f0,AD,서울,97,08,3200
1b1a2665a2b4d9dd692a8bbd2858098ad98736413ddf7b9e6d8a846f287162f0,AD,서울,99,08,3200
1b1a2665a2b4d9dd692a8bbd2858098ad98736413ddf7b9e6d8a846f287162f0,AC,서울,49,08,5000
1b1a2665a2b4d9dd692a8bbd2858098ad98736413ddf7b9e6d8a846f287162f0,AD,서울,43,09,4700
1b1a2665a2b4d9dd692a8bbd2858098ad98736413ddf7b9e6d8a846f287162f0,CC,서울,104,08,3500
fa4af9465b12a2cbea1f230031683288eeaa6ed5c367f3df704c8eeb5b293d9a,BC,서울,23,00,5000
b69ee8406e353e5d0105c8460290e3ab229f7d65fae97031702a24f20250a126,AB,부산,149,16,2200
128fd90958e2492c6e75794c56dc995967f282b76355a846571035e85d7409a3,CC,부산,100,16,2000
59c28afa5219bd3c3c0960afab45fe97f16a17ea377e26072662ffee19e3b17d,CD,부산,133,19,2000
18c2399873b5eaf87a8fd8b83ae42662673795290aebce5aa54e1fa345ead3f7,BB,서울,149,13,1400
52aacc0c8fde431df6f5226905ae4bbd31a9ed41dd11bae55718d644aff7abda,BD,서울,118,22,1500
3e92d3e3cac3f0cf1c8f3aba64b1b104e904574802d67d7339cee2ade3cc81d9,CD,서울,144,21,3500
2cc7775874958ccaf49964f61c7975f05666a0334d4ea3d7ef9ded7e50812257,AA,서울,172,12,1700
745be6914f944136346b35a73131b1f26ddbe0f8de8fe576c46d23cc668bab67,AA,경기,11,13,3200
745be6914f944136346b35a73131b1f26ddbe0f8de8fe576c46d23cc668bab67,CB,경기,8,10,2000
745be6914f944136346b35a73131b1f26ddbe0f8de8fe576c46d23cc668bab67,AD,경기,94,09,1700
7d94da8cc490325b2c1f1b325b346885cef63638a0479f1bbd4371fd056fce9a,CD,서울,120,22,2000
69d69984b364804df0cca9df074f028c9c4d4132b42985b09ba176fc19bc3c5c,BB,서울,91,19,1400
6cf972e55409b2680c20e165d023ed79ccf6bfc3100e47ec742c99a546dacd1b,AD,부산,84,09,3200
1f860ef03bc4b6fde990f9a308e1161f816207e198783b9186a86ed630ab8539,AC,부산,73,21,1800
1f860ef03bc4b6fde990f9a308e1161f816207e198783b9186a86ed630ab8539,AC,부산,73,21,1800
d2d178e6249fa698d45f7af49ea5b6e37d05644e2c738f56ba2283803cf1fd46,BD,서울,28,21,1500
ee3febfb3af68d76491d251a6ef2e9b557686c0fbaa95108d4b5b2fa5c250ef4,CD,서울,159,19,2000
43499aef69b212355b06a0c7ec963fe8214054cacc86f1c8d921caa2e8305946,BA,서울,141,17,1200
4484f085665c75c01daa219fa3227de292b50803e091f231fbf0d1d984b3eb9a,AC,서울,137,18,5000
72a7f17346acca6199fd551526968fa219fadcd9c8863d7217f5daf8db2433b9,CC,경기,161,13,2000
5172aacc3840eee90eb6403c989d143755c42448c15ed005e1ac4b99ee831cbb,AB,서울,93,10,1200
d054dc13c0908042e1cdbb93413e3c919cc47a869c8dc131a99c655944056a9c,BC,서울,93,16,3400
8e19c6701f63ebcf23f46a70b95a2c22097edaf36589595738c1ccf1e1c38e60,BC,서울,111,18,1800
fc877bd23a08e0715e8938dd04d66d4d1c0139e741bf10006243e1b19613945a,CB,경기,15,01,2000
fc877bd23a08e0715e8938dd04d66d4d1c0139e741bf10006243e1b19613945a,BD,경기,43,19,1500
b30439109fd2a3716e4f838d4dc29dfc44465ab85fe45d95829db8f7d8cd1703,CC,서울,141,20,5000
8d7842f6c3c97ce1bf56e17c0d149300563a4a4044a7cd6cc0ba66fb2cd2e7ce,BD,부산,175,18,1500
4f585b516858b68ce8377483037d768fcc27c030fc101e852be35cf1e19e76a1,BD,서울,84,11,1500
90f79e3cf879a80003a1e0fc30be0e3c5ce7330b35ef145607d95ff718a38227,AC,서울,24,13,3400
0cc74a888eb70fe7eba0d2b5c4330078e20c3ac115fea4b90aecf73892efc045,BA,서울,70,20,1200
405e2fe9a5df6690429e11cadd2259f842669bad5e6d7a0dce29f925b6d2058a,BA,서울,147,08,1200
969520b7f7e1225ec9848ec7e207e158ac4684c921a09b884003cea430a7efc6,CC,서울,74,23,3500
d32127aa16ee6cff2a5715b7f62f2c3cd44d72c3b1bbcf39781ea1614b414f11,BB,경기,134,13,1400
ed1dc787ad0d06d28df7695f9f35f5ca86233c9a1377c76c6e85363dc893638d,CD,서울,142,23,2000
ed1dc787ad0d06d28df7695f9f35f5ca86233c9a1377c76c6e85363dc893638d,CA,서울,177,21,2000
218f6ad8042c32e80e3fe9004c315b789b7fa3bc2eb9c6e20d0ce15ec51b25b8,AC,경기,3,20,1800
91b08905b95da41696c2abf6d8e7e2147ba0d1466bd5df4287f159ea375f1efc,AD,서울,121,20,3200
0622bce4eac75204afaa3c7152903c521e2d8ab12adfbedabf6e43bf680ffd5c,CA,서울,105,18,2000
5fd8fb7daa6724274aa4ef8a4c0f3a331afdd69d7b905fcb361e2d1f87205562,AA,서울,68,14,1700
fcad7a6f1face9772a54cd752931124b37c67ab2b4c66b85a73b350e2d3d658c,AD,서울,134,21,1700
0f3a75b39e08cfe1981ab7ee642c817d9bff3a290e653adfaed86e9add2a7e9c,AA,경기,57,16,1700
1a1497e4df72e52b61f38f331769e351f78383f51cd1d7b31ce058d16c1bd0e2,AC,경기,56,20,1800
a0db5cc1a7744272f4466c9f266794132fa134079d77210c88919387bdd4c63f,BD,서울,80,18,4100
4110d7cf3ac68e671b470c6881dfce4ac90cfff564a135662c88de774acc3e8d,BD,서울,125,21,1500
9181507feefa9d7211b777646cccf749e203ef48a261bf8b39c30319030e8d5c,CC,서울,27,23,2000
b97424c6c1203cc666c7ccbe2aefd45b3a462a88580996ac76dd87674d1be509,AB,부산,84,18,1200
6f8790636b3c9c8a47ae7bfbefdcd5f15a213ced44e33def598c36678c52b53e,CB,경기,63,20,2000
c77d834c508a948eed888bdc0ef654ab9706d6969770e34c2a342a2106b5094f,AC,서울,26,21,1800
b8577168a402e8cb53f6362d51ec1801b5995a2be675fec13f9b03db1fa73f5f,CA,서울,181,08,2000
c07b7679b8d5f7936dbae752e4f62dbf82f4e1670045a430c59c311af3e1a4db,AC,서울,47,18,1800
8dd00ea5b57a2634744a7cb01109ab768b37b1f5aba3d825cca7b41ab7544346,AC,서울,146,13,5000
3a5f5fe54a3f341f6a2140442eed0b9bdd95aa24fdb60f1256e3c22456a2e0b0,AA,경기,58,23,1700
a7cc5298c435561c27175228df7138f922525ded4124db8bf8366fdecc33dca1,AB,서울,157,08,1200
74c9cc2373a75a5becae538bd2b20c2850b862ce77ee079228f4705a46afb291,AA,경기,36,20,1700
de285dcbd503197e6737c39da90856b26370bda22d8888d1d634a3e4df59871e,CB,경기,19,08,2000
b7a066b196b6f6ab107562817a89214349e90e6fa65ab115fb2a94038b19aa54,BD,경기,177,10,4100
e96647392d6d80725879ffe23e1c3b5a6f2b472b44b82ec6bf130e1221fef131,BB,서울,48,16,1400
a2d89254a5f3dfbed3d0141348d684c77b74d6809961aba59914b17209c6d0b5,CC,서울,36,12,2000
c9aed228fba930062d4f95ec153c0e9c3536807fe2c3b6ef3dff56f092c79412,BC,경기,40,12,5000
49150216fcca8e36b4c18997c42e104f8024030377a0f748b59962293c238fe6,BD,서울,41,17,4100
5f8357720cfd107eb705e8ecd73e955033cfff806df48df003d3011340d12ee0,AB,경기,53,16,4200
d723ef7efa21cc3e536ccb3d3da2afe25bb670df92262070c4b3e59901163477,BA,서울,74,11,1200
d723ef7efa21cc3e536ccb3d3da2afe25bb670df92262070c4b3e59901163477,AB,서울,105,11,4200
d723ef7efa21cc3e536ccb3d3da2afe25bb670df92262070c4b3e59901163477,BD,서울,8,17,1500
d723ef7efa21cc3e536ccb3d3da2afe25bb670df92262070c4b3e59901163477,BD,서울,56,17,1500
d723ef7efa21cc3e536ccb3d3da2afe25bb670df92262070c4b3e59901163477,BD,서울,69,16,1500
d723ef7efa21cc3e536ccb3d3da2afe25bb670df92262070c4b3e59901163477,BC,서울,160,16,5000
5b31c279bd5b7f0e649eaf515b3b5aff31944799ef00e65a63e43971c2e6a687,CA,경기,12,22,2000
01ac44dd16d42aea1a770b4487606e1635f2e2a3cbdbdf3ac8cdc1656c16eac9,CD,경기,147,20,2000
ac346951e788f7d1926f2b5aa8c8b0f6eee70b6f33541af93b226956b33b396c,CB,서울,15,15,5000
c57136374377cb58747ef09ccb8e0a29990048202c5006227821b2a3f02bd9fc,BD,서울,47,22,1500
dbbc59af887cea70fa2cdad6fc9020e293ae65a54b1762a6b0127750b76a684d,AB,경기,80,19,3200
f7817295d0675b7ee9feebe4b6e80f5625ced136b26a569cc92d593af17e55cd,AB,서울,49,16,2200
b4cf3faf38679f9d95e6caab38e237a628cced915d17db3f3af929eccd058126,CA,서울,157,19,2000
7ce5f5f6ed3c70237dc0a2eb223c9fa1fc171d1fd70a35c301c521de46722cef,BD,서울,166,06,1500
4b409a56daf27f17d85fcab02e7579edc59542e492da6955ce1d4e9608db9718,CB,서울,16,21,2000
ab372e6364071b7d63d85b621fa44e79ef284f4423b544007847f4f9456b9b16,CC,경기,84,17,3500
58cd0b5eb163cc27679196225297d2cc5357461e78d7f55c5b3b185652d4f1e7,CA,서울,122,07,2000
921fb1ef325ecf0d2ff54367ccf5bbdf54aa65ef5624ee3fe38dbc597d09ea12,CB,서울,52,14,3500
1153426db3813b9423a44bf9830c685a38413240be84d82fcbbf733ea88e7670,BA,부산,70,12,1200
cccbe9772bb8620be22c40bc3f75db9752121cd43312ea1b0fff2f01c14a3dab,BB,서울,44,20,1400
cccbe9772bb8620be22c40bc3f75db9752121cd43312ea1b0fff2f01c14a3dab,CD,서울,94,21,3500
cccbe9772bb8620be22c40bc3f75db9752121cd43312ea1b0fff2f01c14a3dab,BB,서울,55,23,2600
cccbe9772bb8620be22c40bc3f75db9752121cd43312ea1b0fff2f01c14a3dab,BD,서울,91,22,1500
12f6ee23bbdb1e8c1ec96e25348cf6f0357097d35e21d0355268109666a5b2bb,AD,경기,180,17,1700
5a11f76829a1f54b277f96a295eca61f0f8a3479df3a850c64c91b11e38d0f2d,AD,경기,149,17,3200
79306ab34c68d3d08da1595940984ae186bc11fea79c9a9b711aabfd2ff9fdf3,AC,서울,142,21,1800
8784ddeab35472ab43dd990cff645062e6c53dede4ed38f1aeb979fe6f6a9670,CC,경기,25,16,2000
9de697b405294636f568513a31d84fc585653cb8d9dd093f1ee0fcdf11480da9,AB,서울,112,22,2200
fb8fffc88412e1e54487471b12aa9a5c31e2ef056ba554ad5d53cb4ed135d799,BB,경기,143,19,1400
b465b8aee3033aeb6f4406dff902c4474c45934a882a3af98009cfaae45ac6a4,AA,경기,152,10,3200
2e21301ec6f596f16fa87da056e9c2144c4e366824d58c41f1b47fcf5afa2672,AB,경기,94,23,2200
5a2d885626b7fc9caab4bf827425b11bf18d5445d0ffa4404a4567b627b56941,AB,부산,91,10,1200
99119df7abfc83b7351fe332ab331ec4d14e2a1dbbaf62bf35c8bcf6413a5bff,BB,경기,30,20,3800
a5d26e08b2bc0767de5df2bdb2401b556d4aab1351683f1bd545710b061549af,AB,서울,93,00,2200
2d88571c2d6c5d067547c6b5d2720f3bbf0e270c22e5d53254b87739136d4fea,AC,서울,88,11,5000
08053710faa08950a91b51cc28e7d4e3848067df397d701ccf8dd4b6b1786855,BC,경기,96,13,1800
4dbec75ea5fcc7f6d2c7c81c6e9a0c1d4f496e2334c1a81cadf85165862d1115,AD,서울,59,06,1700
599d888bc15b92b5d15f416360157b94912a6cd7acb59ff0d56cb464a64f640f,BD,서울,60,07,4100
f31ebe0fbec3851deedf7f491fb462463ad73147d6175119603f5ef0a778cb50,CC,경기,119,00,2000
1afeca154d100fc3ce41a6aa60632225abb5eaf5bfaa4d3056e07a017cd0fc22,CA,경기,157,16,2000
5a48015e411e37b036b3b4cdde86cece061d57b38eaa48f4d1dabf3571e8e1a6,CD,부산,118,12,2000
5916ea6b5bf8d2ce65ab32557214884b33f1318926d4c1af515ad92ff0041459,BD,서울,167,22,1500
402bc7d2e7ee05482cd3dc0a8b51e118bfc3e81290a1a30dbf872bf48707106e,CD,경기,114,18,2000
b7dfc71692068a45420553ac682d480e2fcd3dafdb4357f5b740942e733e8a1b,CA,경기,161,03,2000
097d0d866e7c89223da191f73dd3264ff83a085b567f65e1546a0f9176e9e3d4,BA,경기,106,07,1200
ff02d3300f25594bab555a8be3bfdc34ad9a89389ffd61d87c2b33d488db5bab,BB,경기,166,13,1400
7c61f09cb15d85aa1c62ea3d8c35f3af8a87fc911be9964dfd18d8220ad3a99e,CD,서울,96,12,2000
7b638e4cdb07474bafe92948dd394dc0fbd3a52c90e0e4128c6eacf6c6fc6cbd,BB,경기,64,17,1400
7b638e4cdb07474bafe92948dd394dc0fbd3a52c90e0e4128c6eacf6c6fc6cbd,BB,경기,45,07,3800
7b638e4cdb07474bafe92948dd394dc0fbd3a52c90e0e4128c6eacf6c6fc6cbd,BD,경기,6,09,1500
6e650174b0bc2fda18a9ff2561065b255475c6383032615fb6dd0c7adc028def,BB,경기,139,19,1400
0e762adaa4131fcc9f7ac571a634331d8596671a35798a1218f3e68e78f9f574,CD,부산,141,17,2000
ea379f4abe139eb0016e196edc24f151a6d0926ec9bc58b0e182291097bbe567,AD,서울,131,17,1700
98b29fe5c3e88685abe14fb0174c1e4bd775b9e53f90a9c995449fa2dcc331ff,CA,경기,98,16,2000
7757a4793153cd065df93ef96b35aff713ee08911d5a65975637048fbc83009e,AD,경기,168,14,3200
d8b6bab4f18fe7983bf0b9344bc34323ae8dc700b5105dd892b6479fb2ab8f3c,CD,서울,142,08,2000
734b636310e9358af3cbe5f2098405f197716d945c82542ca2754162f69003a3,BB,부산,54,09,1400
41187941884bdcca9f428364d6e91e7f0f1f43a4432cbad3322b9495a7609e84,CD,경기,2,14,2000
41187941884bdcca9f428364d6e91e7f0f1f43a4432cbad3322b9495a7609e84,CD,경기,57,14,2000
8b29db110047b27c525b59ae654275db060e4115add9e89ab67437f5be4e9ff6,BD,경기,7,21,1500
5fbd60022ca5592b872f09322090b7a01a113bfb3db05812dde1fd03cf00b138,AC,경기,42,16,1800
26390dd4e6f2f56733dc433219512416985892a64608158a541235de9772965b,BD,서울,163,10,1500
26390dd4e6f2f56733dc433219512416985892a64608158a541235de9772965b,CA,서울,138,15,3500
5912aaa870a9f784121332feb41aec49ec5b526aaef25752a0aeffa1d5d1e32f,AD,서울,78,10,3200
f7d769725b660859363d4503b134f2ec2141140c72f3f799109d3f9f527efbb4,BD,서울,30,01,1500
a6b4939ac3c7cbf442e60c2164f786c8ac22f5f95c9ee0658d7bd8571ca67528,CC,서울,84,12,3500
0d3dea4df774353e0eb8f47b37577f6ac574cd82457461dfa679dadc34d34b7e,BC,부산,97,11,3400
15b5bd81149a886dbaa7e5a56e8cf99f0ca69fc238524bef9dcb0069d02bb76c,AD,서울,158,18,1700
b4fbb32074b28ccdbfcfc1ffa6e74a49ead4e7cfb0a3a519719ce1c7434a22f9,CC,부산,75,19,3500
9de2a630382e3ea04138cec9da8d1962d35cb59ac6c4d795371f01d496eaae2e,AB,부산,172,22,4200
4b097c5db016db931df9741ad0ac50c9922cada27a870b75283d520d9ea36b7c,CC,경기,86,17,2000
0fee4b0e5bba7606dbc24883482d5f7b6d73541320dc5b67ae623d50e50fd215,AA,서울,160,18,1700
351a886cc4a02f13c9b239f7fe1a8772fbef52f9d03f5baa70dab2be27b6c6a0,BB,서울,140,10,1400
6e02e0e9dfd738b569270da4a4130d63c4151c3d587766ee83beb2d14cc8b2de,CD,서울,169,12,2000
07a6c30af7baabfd519dbbfabecb5e19695056e7eeba3f4fc6275fde575dca82,BB,서울,175,13,1400
660be95697cc001508c5d48cd4bce67b8c47922032997c525920f5c72c77c611,BA,서울,113,14,1200
1a26a516fd24f91cc2671a163cdec042a9e462bbc0c48bc5c02d37fd910cfed9,BA,경기,109,12,1200
d76c52edd0f97758bbb5b87a9c3b31503b9284bf4d87538049db9e1ffd64f3d1,BD,경기,69,16,1500
3ead64184f76ca7f64013517d5ae77ba0920d62d5c58637f1888484b05aae87e,AA,서울,101,23,3200
6c2b2bb8a61f369eda3312f785e5df1f2aed9cec251a91a1357ba472fa553c64,AD,서울,115,09,3200
6c2b2bb8a61f369eda3312f785e5df1f2aed9cec251a91a1357ba472fa553c64,AD,서울,125,17,6200
96c6cf3974a7162f933c9a6b47c829ed03a9f623926e725c5a23bbef37f6286c,BB,경기,153,20,1400
89a333b5b61b8cae6d5f4505bf7f3ba440572766b288285d96d3d2398b42fd91,AD,경기,127,00,6200
24de3081f275188623276fee1634c1f7c3db68a7884d9f2ffeed972e069f1682,BB,서울,167,11,1200
24de3081f275188623276fee1634c1f7c3db68a7884d9f2ffeed972e069f1682,BB,서울,57,17,1400
24de3081f275188623276fee1634c1f7c3db68a7884d9f2ffeed972e069f1682,CB,서울,101,15,2000
24de3081f275188623276fee1634c1f7c3db68a7884d9f2ffeed972e069f1682,CB,서울,121,07,2000
24de3081f275188623276fee1634c1f7c3db68a7884d9f2ffeed972e069f1682,BD,서울,29,14,1500
24de3081f275188623276fee1634c1f7c3db68a7884d9f2ffeed972e069f1682,BD,서울,104,10,4100
b1284dce2b7985b26979041c583a1f317ef0feb34073b1fef5ad252992c30012,AD,경기,170,08,3200
c6ca393d2732765f18c7c35d79f393f8b1b1fc10f0e1f56f16e1d30f4dc35757,AB,부산,70,17,3200
2466188edc17dee94fc24a46dccbcdf9002f3808dde1a16bdb4cbf2981d79143,CD,경기,132,20,2000
57ecfdd99a57be3c3c9c630e06c1e78c9eef055bd4a62cc67a70972478874a7a,AD,경기,168,15,1700
cd940ab16198d92426a5d10d29187f53c24e91105246823b3caec3040b751fea,CD,서울,4,16,2000
6491aeb1084a9d641251e11195cd0d16e9c6714ae5828c0e9c0382a714430f59,AD,경기,30,06,1700
d23ecb305ec6bc369b2e592f5b31b648ab21a38008f21605623d175bfc453ffe,AB,경기,83,21,1200
1cc8a2dfb4a588ad184072742f23f3dd9ba9baa6e552db752443436a512c30f7,CC,경기,94,20,15500
53520d788dc0fe04f8ee32a23653c40a7783f9484fd407b0bf72b6597da80691,BD,서울,72,12,4100
b6a4aed4c272e2e56836806747b71148077daa53f92778d5bfaf33d5583b7c91,AC,서울,99,19,1800
917737aa3a6587efe13a878cb59dfdde95c0089f6a3e2d4e2ba724ee6cc4b4f2,AB,서울,89,16,2200
829e06e7f4b1c843425c385d8d3a4539ebd65095cf79ea49e8e60dfacddd045b,BB,경기,130,09,1400
874bde7ac2ab0615036548ba72287bc2bbd6a214a6c4067a7c9f3e7a24d5ed60,AA,서울,151,23,3200
dc82e1ad234a7736bb98d5a411d32812081f1f83bf5302ef9ef30a56c778a3c1,CD,부산,2,00,2000
dc82e1ad234a7736bb98d5a411d32812081f1f83bf5302ef9ef30a56c778a3c1,CD,부산,93,00,2000
3db3076a48a7f2274e7dcb715025f54439e1537156af931f3d1b8599ae66f8ae,CC,서울,97,19,3500
375d7c7c9b9336c5b50b533b6e6ceb622bbd2847404b4076ee92f252d57ad652,AA,경기,144,22,3200
fd5b0da78e04709f99a533ae3dafd9e0b2d2bdda094082b7ca5d7a43717cd4b0,BC,서울,28,15,1800
a4eb9e84e68b37b46745e6d5e538548262082ff165dbb3d70df75a3376dd4e16,AD,서울,129,14,1700
08377a08b7e655ac102667a2d63158eb7bbdcf60fff52b5e576f5ea68b3026a3,BA,서울,147,07,1200
30f1db96e0e5924e98da26839ce1798a056a91c677addd11fd20b525d8aefd9c,CB,서울,79,20,2000
30f1db96e0e5924e98da26839ce1798a056a91c677addd11fd20b525d8aefd9c,BD,서울,24,17,4100
f9aade6e31aa765dee5d0d6b23674b8c93551cb18a1ab55e1400efef367077a3,BD,서울,104,19,2800
deb1cf89bf12214fa4f0f46931e95f90b9199d91d9ad5e4fb6bf53d521ddb304,CD,서울,28,16,5000
5061e6f98ca8514c83568fdd6c5a79eedefa2dd39b4936475906b06fd7bf9bb8,AC,부산,110,17,3400
f81d67c14c50fc2ebc3c2e983707e996b757858e161906a6bce0203ea758b017,CD,부산,128,18,3500
f81d67c14c50fc2ebc3c2e983707e996b757858e161906a6bce0203ea758b017,BA,부산,18,22,1200
f81d67c14c50fc2ebc3c2e983707e996b757858e161906a6bce0203ea758b017,BA,부산,164,21,1200
346b2da52f8b067259283d98ddcfa50ae6822187275c2406b062f019b9f494a0,CC,경기,77,16,3500
346b2da52f8b067259283d98ddcfa50ae6822187275c2406b062f019b9f494a0,CD,경기,130,00,2000
346b2da52f8b067259283d98ddcfa50ae6822187275c2406b062f019b9f494a0,CD,경기,156,01,3500
346b2da52f8b067259283d98ddcfa50ae6822187275c2406b062f019b9f494a0,CA,경기,143,06,2000
4d025f9f677e0bbf952c464460e99aa1b0701ae0842b9200b5fd12b9d780c9b3,BA,경기,81,18,1200
022ae898b550eaa5a9f9ebe25c4b0f80d721fce74bf21ce14a56cb2426521d66,AA,경기,44,22,1700
09eeb1f90b10c575d31d42dd4e35796263bc038d9e29d63447df01969fc9ada7,AD,경기,138,15,3200
8168b1b3fe06785f662dba75d3b027971025dfb2b34936d5ad7fe81547f86edd,CC,서울,120,11,9500
8168b1b3fe06785f662dba75d3b027971025dfb2b34936d5ad7fe81547f86edd,CD,서울,6,09,32000
1662fe38c472ecc9fd6df101734c1f137fbbe4d504179a3c4511c11543d65551,CD,서울,16,12,2000
76af8de623eebe6c84d8591820aba7c2ad5958c59ab2599a18d266d6c8c8a81a,CD,서울,117,03,2000
e726f7a194e2ce608ffce363bdc9fc0006db168bf5322c791edd9e1ab41623e4,BB,서울,62,15,1400
d375fe12839e61571bb34b1b8c8390109044ec85892308db7f0bbdbc457dfb0d,AD,서울,42,17,1700
c4ddb230652e8db63168bff9bb9ab1379581c2d90bf0ded68492b78ca763b59c,AB,서울,90,19,1200
d6710b40b687c344373c4d104bbae902f1f347af944644c12838518bf4ce10b1,AC,서울,18,00,1800
4ce5a6913cf6f3dd291c297c6ad0807356d18787f3e1d8ba976005f5f776ea8f,AB,서울,64,16,3200
46d5e5c23847861a0440463c325558fd2cc8242fec4983d1c7719483e1820e60,AD,서울,38,20,1700
5afc94dc7db20712f04ef2da7aac4e9f9062a865cc59a4e24d289baf78b73a69,AC,서울,11,07,3400
5afc94dc7db20712f04ef2da7aac4e9f9062a865cc59a4e24d289baf78b73a69,CA,경기,110,16,2000
39c461dd7bc4927da130a5e78941b8779838917b056a8b1ad8473510fc89273d,AC,서울,38,08,3400
70f2fa91fe2151c62ab4ddc07cb33fe14d0be3e4c9bde7f0de9210ba2c17b7b8,CB,서울,15,22,2000
5681511d2e2f7b1ef66f2c4516c971a17fe4de13774e7c1781077340a2701fd2,CB,부산,25,16,2000
79b98749efb17345909c488cc6e7b1bf78f1b04480d07a0c12ad1c77ef7f7c06,CA,경기,115,21,2000
97f95ef4835667c299c17be4bfd5d95796163afeff0cc9f21f3100b131a15d05,BD,서울,49,22,4100
e4f6317c9e06ee3a009be49107f3a77494b50e306148b1a8ad1261c3490732e1,BB,부산,34,17,2600
daa9f04517145529fb9dfd412eb9abb71d682918a66cf3244810fdfac718aa0f,CD,서울,3,13,3500
cb43cb20d65bbe4e921f029ec6fcd07cc02a6785e1a9cb104da4a366fe561e16,AC,서울,139,08,1800
35f706eb070efcaf18ca9c5d8e11decd9dc9d2640a506090da0ff029db8929cd,AD,경기,106,15,3200
4ef1fcd441e6f9328d896a1abadb9201242ad05998a152c5a330139d0359915b,CC,부산,8,18,2000
3a68d95f4179020e8e2264d0525b6a73cf21a0342d27edf3a11a4cc96b09bd0e,CD,부산,176,01,2000
4286e87d7e480b9bb540df09cff5e864ae28187faecd45e2b426b07b6b2d544c,AC,서울,67,16,5000
97f5dd9f5a92e1129be0a61c25ae926ac70fbcba175fdb4a50492aa86a650bbe,CC,부산,173,11,9500
ee894fc35cfc4a8e9478199075d592c285d7d58a5d591c11cd0095e6149722e8,AB,서울,145,23,1200
c0f3e382edf59ca761d7a10415e3bafffb3a08b94a897c676b2e9bfd253d7582,CD,경기,10,19,2000
af3e036215bd1a3ecb42e9c32b0fd2ef942c7676bf721208a743b880b00629a3,AC,경기,167,16,1800
522a8554185f810a333e26c85eff3d695d3b9b7d862dd765eed5c6af4c46b682,AB,경기,170,16,6200
55c65222a97ba300236d4f8b1d080683b8d14a7cb29a8fcb2d09b30773426657,BA,경기,176,21,1200
4e6530730aeaf8d61e24ce487d1ac62f6d1fa10ade2f320cf294a2970a18d2ef,AC,서울,30,10,3400
6850a46c4d3e2fb60ae68e1987f9f773d105d8a68bcaeae5971ae4635938ecff,CB,서울,25,17,2000
360f3c322979ec7aef30c8ae90c38593f219f6b501ba173da2b6dea601e9f8a2,AD,경기,95,12,3200
360f3c322979ec7aef30c8ae90c38593f219f6b501ba173da2b6dea601e9f8a2,AD,경기,94,11,3200
360f3c322979ec7aef30c8ae90c38593f219f6b501ba173da2b6dea601e9f8a2,AB,경기,31,09,2200
50df2584583c2154e3151972230ae2de3a1f9f4d47378cacb35e86814c0559ef,AD,서울,101,07,1700
42fbb3da6b125110ae28dd699480c026a543b9c5c77f49142f7befd583b0c235,BA,서울,3,08,1200
eaac4e639dec182b5854a39885c269f91a78dd2544d2ca324b674b979e487c73,AD,서울,102,13,3200
eaac4e639dec182b5854a39885c269f91a78dd2544d2ca324b674b979e487c73,AD,서울,143,13,3200
018ab5b549c7e852f0a10042aa806c1d5e46e64ef4e6564e650190ea94642cb4,CD,경기,90,22,2000
2ddd35de7617080094a13b8895809c1a6c43c81dd1158252fab1e04c20447a75,CD,서울,155,14,2000
aee7da880b01f9c09be5f8ad628941e0199b6bf8a290da89ef594ec89859a3a1,CD,서울,103,23,2000
eec184cc3c3384b59a87bb63e20b91eacd29b251a1f7780481357f6d1015d4ae,AD,서울,169,20,3200
eec184cc3c3384b59a87bb63e20b91eacd29b251a1f7780481357f6d1015d4ae,AD,서울,167,20,3200
8d87104c46fa368b83353e3a17fcd2110d81fbad476881a2642483de9ae6856e,AD,서울,175,09,3200
450ac54b96e332012755f28fd94b0c8555fac78db184eae437bb9f7080cf3819,AC,서울,115,13,5000
f8932c61180d09d1d9c19cb8a146cf6a84ff919810c11d2289e5684ff1fc50c4,CD,부산,108,19,2000
2ef3797df708fad674391ef2b717da0fa4199d2acecefee7c430afbeb8819bf8,AC,서울,33,01,3400
fb6673bd03e8a713257cee3475d989d1f87e1466026d17566bc9860ff9bf50f5,CB,경기,15,13,2000
768bd8b5d983fafe9b765f8bd356e111c112fce99a313bd1270a88cdc8e0dad3,AD,서울,77,15,3200
8cee0d43c9d3d9b11a1453417b3b87a9f487387f8ee6d866db7a3199dc8c318c,CC,경기,114,19,3500
c26366a3e685fd78e096eada6194c61c40fbc1fbd6a7bfbac58e29b72041a0ee,CA,경기,24,22,2000
cb421c3b52ec9cd3c72d4ec4e7e98f636df992a9fda0584d93c2afeb657ba871,CA,서울,176,16,2000
e395e0c2761d628919b106d9fa942ab3d60694ee9f232c85df682db930ca49cd,AD,서울,134,18,3200
8a9f5d1c9200f81adbc1b0e5e414260e78cd3a93b521c2c97b5a991b46e3bb31,CD,서울,85,07,6500
4638a34e21c52e00f69a642f79ec8a9a85f940dac42c29fbeb8584781f05bc9d,BB,경기,92,16,1400
6081441cbb7a931db1853c37e7f5930cae42b9d72e009176db73b19447757dd2,AC,서울,142,21,1800
1ce975ad6b672eedada2461e94c8fb804840e707c1006049d0aa98f545918b35,CA,서울,171,22,2000
1ce975ad6b672eedada2461e94c8fb804840e707c1006049d0aa98f545918b35,AC,서울,21,22,3400
4a7a0f15c8f818427233f1d3d065c60e69e33535bcd4d35d85f780c2f572c162,BA,서울,8,09,1200
b5322000c47c9de284590baba016f4ae167a4fc97fb3d5afd8813bec8136bf6c,BB,경기,178,17,2600
75e6ec9a723256272b92bee6f4ede9f7a93d0dbd4bcae5576bca40d2c7b0fc5d,AA,서울,27,09,1700
daad73c0bbd28b4332b416bd4db76fc4ce9ba46c74f9a52033e93226755d13ce,BC,서울,34,18,1800
183c568d0b768ac5f9b445664ba98229439a879ef18d30b0dbf7df8c4ca7cb16,AB,서울,109,15,2200
80b3a465571d4d2ecbf1b5383454f7134c4bd3ae4c8cf4aebe8c164f07bcc122,CB,부산,38,20,2000
5949af373e863c17cda0434bdb3b77378b203dad155e7f6fad9cabb5951d93bd,CD,서울,176,04,2000
a8d32aa1d95eafe1fc2855044103dbfdf1d923063ff6bfc021fd1929a873c4de,BC,서울,63,13,1800
037140273010cc2950023a50476dc91c6926d9b88d804d1bc82d3a3774f1796e,BA,서울,8,16,1200
929e636f61b843f8b66c9d1c111783d0494e52fb319374a5bd0c8f065e3f4a80,AA,서울,97,18,1700
789e205be5df9606f83d45470bc5abface030e752f7f32ff945315fe7d08f5dd,AC,서울,154,10,1800
8f08b9a07489d2b386a00dfc00468b078a9ca5cd471528e7e2f56624d1cd2798,BA,서울,24,12,2200
98dfe04158e01bdc50766d99cfbf44b539d316f23b2b84bae16a4d50f01459f2,CA,서울,149,13,2000
292b703405c89909377828984a39a919f32c3b83d5f26b246406c7926d18efc4,CA,경기,33,18,2000
9bd232856942c3b3f5a42b139f3062f395917d6d6e517df9128f9fd919c9468a,CB,서울,97,21,2000
b12dabb3fe5be0cb17271abf7b2dc38e3e42ac4f08f684d430a5421a10153924,AD,서울,97,20,3200
240154d6b71afe6a26f7208baaaa546e5771fa68ec2e4a13596b084c30df69a6,CB,서울,123,22,2000
25c396f025dafb9a308f39bc79fd5873d9a5d0a30ed6b3f5870f3bbdcc99db57,CA,경기,135,19,2000
37f82cd51f25a1d419067a3b0710209387f316d3057519023f68d6bccb0f8188,AC,부산,94,13,1800
448ebf58517cb99cf51d3fc2b94e30e53310b1c738abf82eaaf5f8ffdee64ab9,CD,경기,16,19,5000
5895d2c51e752c1219895bdd6bd7affac337afc65e0dec8651b206a116b8a9e9,AA,서울,162,08,6200
7a26563d0e6b2fa5bd68fdd2f7c2d8c882ff6e6394ba5631656cc12bb4e11e21,CC,서울,101,15,3500
4985fb70b4066fad518ef349034ac812880dff9c1a296034696e7c2ce2d8512f,BB,경기,86,07,3800
7e43d0ba94db348febdcff93d982b0dde7733ac80762c6ea5df0fdbd83e62c37,AD,경기,160,21,1700
a8c54917fba703292e2a250d9cc3b3754b0938e2e6f97b51472e3424b83ff456,BB,부산,96,18,1400
051ad33b1107ce2bd04af47bc737995b8cfe3631cfabb09348b36cc71a098b42,CC,경기,55,15,3500
ae5f126a8890a60a20baee6689f229a1625564df1cf3d7b322eee9c2f58e476e,CD,서울,92,19,3500
6836fe7d745fb2f2105c56949d4c7f7d5961638e118fcc22df6898c55a3d4a30,AC,서울,151,22,1800
3640062cf05f8295211bb6e939f9229acf2484e8d19fa1645b98e564393a18c6,AD,서울,16,18,1700
4a1d25113bb97fe1985b1535e4c9ca167c4bd3724d98b0a0cde076c529b7cd4a,CD,서울,97,18,2000
4a1d25113bb97fe1985b1535e4c9ca167c4bd3724d98b0a0cde076c529b7cd4a,CD,서울,8,11,3500
69b8af1c84f37424c1be9a2ad084ce57114fa17b2b4cfe368acea133187f0b8e,BD,서울,35,21,2800
c38e2755cce426748578aec4464d6152e5e9e7d3762eb40c25357671cea17498,AC,서울,154,23,1800
8a51febd1ed745c07322841efd8890871808b250777506a57b2630a5e03ede6b,CD,경기,87,17,2000
8a51febd1ed745c07322841efd8890871808b250777506a57b2630a5e03ede6b,CC,경기,174,11,2000
0fd42ff404b42a31ab8938f87e7cc86817fe7057e93861c6d0eccd9ecadd2c96,CB,부산,41,07,2000
6e504657403488912a3dcb694b2b7313c96f23f87d7fcfdede611530883971d2,AC,서울,16,15,3400
8d41aaf97bdab3acbd4a5df91d43360cef7523f423df1d4fcbe6b93d5e1f6b6c,AC,서울,175,13,1800
bb1f368d66293798774a678b28c15a3487b38b42d38b20af4d756694038f4e16,AB,부산,123,21,2200
fd53e83564399307a464d67ea5e1a6fd43dc24dacc9be339d5a7c563f00280f7,AC,경기,74,14,1800
0093c67a6ec7bdb86a27966c52f605dcad99c70d329bd06d6534def435b75390,AD,부산,181,20,1700
25c037c98a1554343115c3c72ef9ba7ce2af393179d046591baa80f177db9894,AC,서울,26,16,3400
25c037c98a1554343115c3c72ef9ba7ce2af393179d046591baa80f177db9894,BA,서울,86,21,1200
a1d3c81d1f8de24fbd8fb53bfc1903fa566357bb34738d32c4ab8359ff65544c,CD,서울,152,01,2000
c9f4cd9cb05463ee917e0a5095c0b5c7abd582132e2d84f30245e68071972523,BB,경기,90,16,1400
b53b1918d3e581375d180374fbaabc1ab034a5d12c39b004137f8692f5b6701e,AA,서울,57,12,3200
9db9ee9e9b9880d0ae3b9d046679b0e910f3c0e12573d6e735752a52ec7a642f,AC,서울,49,19,1800
7d959589dce5d512b55a1db3dda009daf7022931e6a6be36a32ff4bee921b0dd,CC,경기,83,06,2000
37bad0e74939e9232b98c21ce3e565405740d6d5f1dccd4179259db971f7dba3,CC,경기,104,22,5000
11635080796203e2f3ddad1d4208913946b57a6cc31d4caaff3f8f5867798eab,BC,경기,14,17,5000
75f8b0342ed1fde504da5bfacf52f43b3fb20973137c97bd5f65a3bf3009bcae,BB,경기,130,10,1400
b48562d70963b28049efd39892e118170174c9a2bc462d04e779ded52f61a61b,BA,서울,118,10,1200
4a43f5941b094d941e09c32155bac585ff781a5d4fe1bd94e60f0da64f0bcbeb,AC,경기,21,10,3400
01c65bdf6c75d07493b14820b268ca227eb0a15fef24159d17eca58793317082,BD,서울,68,14,4100
e78007c5d74a2a87ea3487f3e2efa364b52787dfd1027dd34fdd97d456e14408,AD,서울,108,00,3200
22a39855320377d489faee6c18061d3381e3e5d8899201798508b7033e9be526,AD,경기,87,07,1700
6ee7f6a34f4a3f1c3c040ef095088ed42445904f9c3473cf9a0734f61816114d,AB,경기,123,14,1200
fe0f6edafd8e14d38883de578b766f39c086d70e3f1569f89be0f5c64aa984c1,AD,서울,178,16,3200
fe0f6edafd8e14d38883de578b766f39c086d70e3f1569f89be0f5c64aa984c1,AD,서울,85,15,1700
c280270645dfda2fa51dd3d04cbbc0f2a01ec8f1c0bf86667d36703aea7d7422,AC,서울,9,17,1800
2c80c1202dece7bb855559207ac934b2ea99a51a4745a4836eac22c87158beae,AD,서울,50,12,1700
2c80c1202dece7bb855559207ac934b2ea99a51a4745a4836eac22c87158beae,AC,서울,175,09,1800
5e0cfbda6c198c0f58bff9343f3a92244982b813e1d4bfe202590492e3130807,BD,경기,131,09,1500
593abad47b47c353a39a2c1f4fc069c432e1531ba4271624d364f0cb3ae8ab7a,AC,서울,84,08,3400
f4ba60b99be8f318da5acd80265e64fe5aec4ba40f14fbea15135c02bf366dd0,BA,서울,27,21,1200
0bb667d1db305384d8b1566b238bfce2076250115a01ea6d50b449f2c249ca90,AC,서울,105,21,5000
9cc042d7d8e7799372a4b61cf059ed7f3ee956b7497dcbd554d51fa01531b8d0,BD,경기,49,19,4100
b8de4d6cb85b42e94e204c4ce13fc521eb98b07a97410810de02d08d6707a3a9,BB,부산,77,14,1400
a7cdea1297b65495e64aa745506f93768e697cbe1c935672dd38de461ab445aa,CD,부산,33,18,24500
323cb7d068b941c8a61a5738a62949d0dfc962f1cc23fd46f86013cdc5dc5455,CA,경기,26,13,3500
2ba4f82198d97c577fa741bf6f194abed251e30253c0bcbb581d7b6798858ef6,BC,부산,73,20,5000
033e48e86dfdb3894d63caee90f6a67b25a60be92afe2e298832eeeda68bb571,CA,서울,134,21,2000
fd8b7226138d7c6b41e0c83cb9fcb9abcf60b3141ba6e85937d25f31a1ef102a,AC,부산,6,17,1800
202a70e83b2358514f21919359ce942fe611d8d0db03ca9787880178ad3400a1,AD,서울,160,15,3200
f183426d6e3d8d0d629d896d6ba385604957770af85fc73ac0c059b959d0b537,CB,경기,150,23,2000
1558aabf41596ff5125eca476822023895155392490e79f66defcf8f53adbd04,AD,경기,141,08,3200
2e8246b603ddd732f1bf6f423e5660b0de7a621d7c759d4ca93983d971efd62e,AC,서울,112,01,3400
483cb8eb4d09955d54c5395f82661f3322237a6d2784d8247aa6da37db596f63,BA,서울,38,19,1200
d667f0ef060b07b857f07b331b1644f7570973735acf28e6553af10e289b6657,AC,서울,136,10,1800
d667f0ef060b07b857f07b331b1644f7570973735acf28e6553af10e289b6657,AC,서울,65,14,1800
6c6c5f0d089654ea8eda5ca21fad4102b3ddeb7a8533eb3c028ba50b3f8508ff,AD,서울,145,17,1700
af6a1b9c85f5ce15e08abad9326536397ad154e161074826123f7b6624464220,AB,서울,30,15,4200
af6a1b9c85f5ce15e08abad9326536397ad154e161074826123f7b6624464220,AB,경기,28,16,2200
143b406392250ed28ac240ab5d77c0c1336472bffb88b0b30b43dfc809f5591d,AD,서울,118,16,3200
1ab85a2a1106b0836bfda2ee79792e25867d17863e18aeeadc47e33c2944ec64,AB,부산,105,19,2200
2b48b9d3652c04da722fc38dcc615fb4211b015f759af9964dc4281a8a3058aa,BB,서울,148,09,3800
2e8af143a9d3ce02cff1379f1845d979f3a1d9b0b3d50bb745674c77e80dc6d7,BD,경기,27,16,1500
045bac8ec8475ca880f36da031d7a10c3388cf204bd72e0c91db8b5972f32f0e,AB,서울,79,14,3200
263da2b6cab7f3fba3f3a0867712b3b24849c4b1aeb9c1039c0fbc7cbe23adb3,BD,부산,80,18,2800
cb6bd63608383cb33753e8c0a78af3e07535c57493aaa894ea36c4d255decb2f,BD,부산,62,21,4100
5bb7ce2d913c51f146fa2c6c4e6810be1e483db0f37abb314b36eefe4b3a2d14,AD,서울,168,18,3200
5bb7ce2d913c51f146fa2c6c4e6810be1e483db0f37abb314b36eefe4b3a2d14,CA,서울,129,13,2000
5bb7ce2d913c51f146fa2c6c4e6810be1e483db0f37abb314b36eefe4b3a2d14,BD,서울,63,10,4100
43c5cf040a491d339658625ae13df5f49d7efbba5aaa10ef33da7b496f7346a5,BD,서울,112,18,4100
4a79b02da9d93bdd39147bc0f7d83037accb0f5fbff85f34121afa09af194433,CD,서울,126,09,2000
ae3d0159667ffe44ca1077b6b8aa1dc874812f235cc9f9ac0379a9b58e572b7c,BA,서울,43,23,1200
1f23308abe8001ce0c2ca36e3e9facb3275d1e608ce60bc0e0a7e065426e98c5,AB,경기,111,23,2200
ca99a7fab963b88d65293c698215b6af7fcfd931a6444b159560c7d47bee6a7e,CD,서울,139,00,2000
ce43217bbe4d52d65890c2fbf91dc1a1212bc6c18058afe27a18317430ed4c5f,BD,경기,61,13,1500
59c9fb0c42acb0dfa8b2f7c9bcb4831acfa2a2a3178d4adb29b0b379c24bb7a6,AC,부산,91,14,5000
3fe479001438a3fe7e4baab67593df624c8bcc212f16d2729873a97050050b7d,AD,서울,140,13,1700
3fe479001438a3fe7e4baab67593df624c8bcc212f16d2729873a97050050b7d,AD,서울,139,15,1700
35f40fb194a0ec6a409256b1e7a5a0b47beba65d1029d5f6f2070a51d48230a9,CA,서울,90,15,2000
29c5640eb830194188e9c49c5964cb193d6f50d57b65141a55f887f8b9da8c37,CC,서울,38,09,2000
888f386f5455b310d6d9b6fbcab26e7be921d546a5316f27e3816e2d75975d97,BC,서울,138,16,5000
d76c7dfa566760ac953eec7316500b2d922edcabc36d1ec2e95d6a2009b8c66f,BA,서울,28,08,1200
f9f7bbd113a8082514f622712fbb0889b07fb68643d86e6191ff83675cc744a3,BB,서울,77,13,3800
e0454a09a6320f54658d7ce053cc6b9cbafbd45a2c0ac1b378b94eb4de5b5647,BA,서울,58,18,1200
0ab063f28ee109f3e216fd32487671f3cc92d3b9e8dd42a9f950471b840ccb0c,BA,경기,30,21,1200
d3796925aec00c2145cb5c259a3e603ce5dde1c9e31aed04c52b1f5db04651f6,BA,서울,81,20,1200
d3796925aec00c2145cb5c259a3e603ce5dde1c9e31aed04c52b1f5db04651f6,BA,서울,61,14,1200
d3796925aec00c2145cb5c259a3e603ce5dde1c9e31aed04c52b1f5db04651f6,BA,서울,62,10,1200
3524fe74f877eea5cd958d467c61ca5a90c89b9e778be81ea53483a38b6f06d2,CC,경기,76,22,2000
3524fe74f877eea5cd958d467c61ca5a90c89b9e778be81ea53483a38b6f06d2,CC,경기,27,14,2000
430ba86e7f34f5fd82c0b8ed170afb2989e5f64fd2c252867cc8b5aa6b6eb972,BB,부산,173,12,5000
430ba86e7f34f5fd82c0b8ed170afb2989e5f64fd2c252867cc8b5aa6b6eb972,BB,부산,166,18,1400
430ba86e7f34f5fd82c0b8ed170afb2989e5f64fd2c252867cc8b5aa6b6eb972,BA,부산,28,19,1200
430ba86e7f34f5fd82c0b8ed170afb2989e5f64fd2c252867cc8b5aa6b6eb972,CD,부산,10,07,3500
1f7358c8ae1677ce41cf3c064bfe3d6c1cf11f2934fc6ceeb3819198bd6a20c7,BB,경기,135,21,1400
64c8e193dd7daf725f9eb54418167d47d475faea94885c9957e7455a4cca87ff,AD,서울,140,08,1700
55b4aaccdd8c7f7e88d48a9f8e1aebc557725b9dc9d31019efcb9ab5ee6055e6,BA,서울,9,07,1200
9dd2d5ff56b4a5faa88f2c85820466757af8c4243887d07316c5b522a8cb0d6f,CD,경기,180,12,2000
4e9dc66f22f0ea736cd096c753710e6ea64014e8c57830fa4a9011362d9da6f3,AB,경기,111,14,2200
1db4923d246ad55b392656a89d0e417683dbacec3f68d595830715d43c8e1258,CD,경기,14,09,2000
ca3ebb3007a072e4d9776a3ff1a5824a530eb7fecb6a293fff3182e25a9f254f,BD,서울,143,23,1500
63884529d6df4a55a8ef08b03ca65646462aab264775ce2ae856baddf9103ae8,AA,경기,167,12,3200
4b14e181d20e7b2fc6f09c5bb63f7e092441cbb8a86a120eaf509a95cab1c1f5,BC,서울,154,00,1800
261d47015e768b3ba9a08df0f3610a0434addc2b1a22396c303397bbbb2fd7c1,CD,경기,108,18,2000
a904846eb9ce6b81e11bb687fe3b69b8e9322bf46729c7d037efffb453e4bef5,BB,경기,90,09,3800
7ebb94cedafc0fa6a75c9f76933470e058fde392a2cee7cc275e0296043aa427,CA,경기,168,16,2000
7ebb94cedafc0fa6a75c9f76933470e058fde392a2cee7cc275e0296043aa427,AC,경기,77,16,3400
87e5b5d54bac7d9fc0db157bd8c9b60ff124008fe0c26cfe41be246502502c9d,BD,부산,42,02,4100
6d9403eb6e3b994845f292830c8b800d84f96f229b6800a9ff4769ca0f42c268,CD,경기,87,12,30500
6d9403eb6e3b994845f292830c8b800d84f96f229b6800a9ff4769ca0f42c268,CD,경기,105,10,3500
6d9403eb6e3b994845f292830c8b800d84f96f229b6800a9ff4769ca0f42c268,CD,경기,126,10,2000
6d9403eb6e3b994845f292830c8b800d84f96f229b6800a9ff4769ca0f42c268,CD,경기,101,08,5000
d2588d42f40df5c94361fd998469a66450050386d755292fde56a11f9115a56c,BA,경기,45,14,1200
d2588d42f40df5c94361fd998469a66450050386d755292fde56a11f9115a56c,BD,경기,36,10,1500
d2588d42f40df5c94361fd998469a66450050386d755292fde56a11f9115a56c,BB,경기,182,11,1400
d2588d42f40df5c94361fd998469a66450050386d755292fde56a11f9115a56c,AD,경기,151,13,3200
7b2404ac6f3eef539646eecc0fac90f86f7ca0f439e8dd78be8f4f435eee2f10,CA,경기,40,02,2000
8becf02c221de9aef325059440791766d82f4690675c03c29948ad758f68b370,BB,경기,132,08,1400
ae88970542b2dd323b0cb45a653de0439144d960e7ed4ee5277091cd0939beb5,CD,경기,141,16,5000
a9a8cf06dfd9ff425a78ee41dc3d8612ce7ab6cb166b48420ac705c7444e614e,CD,서울,152,21,2000
8446bd715246904abed6c68167cfe0ef1a2104c3536ff3c6dd3155bf137e6b4e,BD,서울,83,00,4100
42631262d18f21e9bd593429e176978e8e643824a74db3d884798234013c871a,AA,경기,47,21,1700
e9f42a31eb6b93a04b99e74ca5853e8185bb9872cacc902c6a399c9bd24d113d,AB,서울,159,10,6200
22f4406604a502a0f1bdbc3e284af0109f62b9d06e7b7e1d2a796f151f942ab1,CC,경기,91,13,8000
f2aa8e1304dcac50f98fe8800e842e31cbc0d952c0e4cb198554ffb07c0708a3,AC,서울,79,13,5000
f2aa8e1304dcac50f98fe8800e842e31cbc0d952c0e4cb198554ffb07c0708a3,AC,서울,106,12,3400
8e7219c238f92b02874bc18981beeaf3df8b27d5fa3b234e83427e8b3773b820,BA,경기,152,23,2200
8e7219c238f92b02874bc18981beeaf3df8b27d5fa3b234e83427e8b3773b820,CA,경기,155,22,2000
f09670b6046ea877fe4c1c74836e66b7714bc3a5799f68704f1100cbf11a53d3,CB,서울,41,19,2000
f09670b6046ea877fe4c1c74836e66b7714bc3a5799f68704f1100cbf11a53d3,CB,서울,129,08,2000
bab41167d0777f211ebdebf6a13a101389abb60519c48683da0451871ac5d676,AC,서울,162,21,5000
bab41167d0777f211ebdebf6a13a101389abb60519c48683da0451871ac5d676,BD,서울,132,20,1500
be0093e94d39d14322b58b9e285bbb0648d89d62e7d99b46f47ecee01c63f5bd,BA,경기,8,17,1200
473d81d8d4c291d3b49bab554f5cf2eb334b8067262d78b7b8fcd4862914e3cf,BC,서울,31,08,1800
7672c993c09db5d878fa0f3bc47d2439c4d917d29a6224fd154c4f5cedef4d09,BD,부산,86,19,1500
255ad901ace669bed560dbbc140e5e7484b06fe1651f2a08fbba18165fb6d2f1,CA,경기,121,13,2000
c5f1ea9cbe3246e13fa00f3caaefbb368161734b015501704e81f5a508dcc31b,AB,서울,41,16,3200
56beb45454a008ead17e2e1eecc1a643589c6775a59129bfd28799d2df7638a4,CA,경기,53,22,2000
19dab9eb38e812bfed3c5870364700e8e73f31b87b6ec37cda0f1ae5f7c90666,AC,서울,61,10,3400
ab339a3a413cfe20b3100212f0a9cb5a10048b9e029082f5e3919a7f7c1166c1,AC,경기,180,16,1800
8180c426c16229ad46fc9585bed1fcf47f652422d4544d4054f77c995c1d2b7b,CD,서울,101,10,2000
0baf3aaa000cf249364dbd57104ba299facde83c8b33d1a0d09b23d352d5db7e,AD,서울,142,19,3200
976734e84ae02f5671065c6b23e5c6c9e84a1ee07454e8f981b99b065652e96c,AB,서울,102,01,2200
13e0eda86513ebe500eabb4d581de84448aa5ec8008fdd82045512b4b2d6e158,AA,서울,147,09,3200
7079c1132f5b2e7e9ea83c5a4745a3a77b9c41a7f18dd627d40ffb39989fd2a3,BD,경기,90,18,1500
7079c1132f5b2e7e9ea83c5a4745a3a77b9c41a7f18dd627d40ffb39989fd2a3,BD,경기,52,10,1500
7079c1132f5b2e7e9ea83c5a4745a3a77b9c41a7f18dd627d40ffb39989fd2a3,BC,경기,55,17,1800
7079c1132f5b2e7e9ea83c5a4745a3a77b9c41a7f18dd627d40ffb39989fd2a3,CD,경기,18,18,2000
7079c1132f5b2e7e9ea83c5a4745a3a77b9c41a7f18dd627d40ffb39989fd2a3,CC,경기,168,15,3500
a796a937eff8d5d12dbe0959be099c26fe58ed52193be59181ae9d9192e7a054,AA,서울,146,17,3200
d827f059f7101f53a8a50fa3378525359634c349eaebea0a0f3033f0b8efedd8,BB,서울,148,16,1400
989617e3b25dba2f53741365a42490d265cfc12faad11626a7d009280ff58db3,BC,부산,52,12,1800
83b7f5f962a7711f7338a0e911d3c6c6effb0c2275c70369de4400ec01ad45a6,CA,서울,31,12,2000
bbfd7b6ecee0d45c8cd3e6017ce52d4bab19da07728cdbae514386df2ba1eda1,AD,서울,154,19,3200
56386c7fa88cdfc860d21b89f1a59d3f979f6deb3fb5e81a18fa9d8301fc5ef7,BB,경기,173,15,1400
e042cce5c0107ffe00104d7de9cfb207d06e3bb8bfc029848c9fc22c75146c04,AA,서울,30,19,1700
1909112688ee0d0f835bf0ccbb0f182fb2b8d74b9d14922e7960dab444e03fa4,AB,서울,135,10,1200
782595281033b90af1ea3af0b3ce21f2206c17f5258b15a8aeffe32e50636bb9,AA,서울,140,08,1700
f52da06b8732fd364b5d5cff5a0325d68bd942f268c60180b630d8c730a9925f,AB,서울,109,22,4200
a76726d12b0ffaf0938637430dd70dee34ae1339110072af5228fc2843cd027c,AA,부산,53,23,3200
91103a86d3da352a529d490c639a1ac445731976c0ec1a678b3a8c3dbf46dd8d,CD,서울,108,00,3500
7b0c34bf9a72ffb7dc8e09d849d101a2aaa8d496d9e6b0f861845fceb51ea4d9,CA,서울,38,23,2000
ad05bd22897dcc630e6de300c16b2577ae623d836d4c87d10f86b01f0a9e6efd,AB,경기,173,18,1200
64541ae83c1b37d10d17dc69a62c088a63ace01f24ce0b73c1eb48a927840a3c,BC,서울,172,07,1800
6461a5bec83c060f94f70a43d919ebf5f0c1986cb1c190faeca6b2e67eeb8033,BD,서울,25,13,1500
5df0187d191320a3936da4bc50a21dde593818bfc64dd9e73b403afeafdfc667,AD,경기,180,09,1700
155710d04c8a4609b091513a67c18b039892fe89cac5c460ef46f4cd726bccd0,AD,경기,107,13,15200
8245550e251c2333f665e5ae02bfbc95a2be093f0ef1966beaadbe5239ef3aa2,AD,서울,178,18,1700
f28ca48c19206b5d1c4c4d8bb4ade2caf1efe3364bac9510d567e630c536d404,BC,경기,153,07,5000
e33ba16c6162e3c4b3ad2afb7cdecc685d70f73e710cb4db5a4ffcd855507bed,AD,서울,130,17,1700
63885dfb05ddbb2cd7de3a6e7b208f729e224e0ad66c058c1768b5e0842e8497,CB,부산,7,21,2000
698bee405a202e98c56f03c3d1c47840adc04f607d64fef1b40e5a4d42b69cdf,BB,서울,84,23,3800
76d3c7c9e4a1f8b22aa0230974baa864ddb9ae4775cc3a4d6c14dd90823d88d1,BB,서울,176,22,2600
3e08a0b2e92cd685c32442d3009222f82b47b8de40e1dc52101a112c2f9a644e,CD,서울,2,12,3500
a26889719e12943852ab2d91809fe8d0ee092b38dcc493e8bc8fa2b4e1ddac81,AA,서울,111,23,1700
68546c4f4052fa7b3d6fca4744b8859e72929bdecac43a40c3c6522de8ce995a,AA,경기,174,20,6200
729d137f3521a782f6b9796a2def9a1eb4008c0eb8bbce680505c5fd65fadc29,AA,서울,76,11,3200
729d137f3521a782f6b9796a2def9a1eb4008c0eb8bbce680505c5fd65fadc29,AA,서울,44,22,3200
729d137f3521a782f6b9796a2def9a1eb4008c0eb8bbce680505c5fd65fadc29,CC,서울,43,21,3500
729d137f3521a782f6b9796a2def9a1eb4008c0eb8bbce680505c5fd65fadc29,AC,서울,47,14,5000
729d137f3521a782f6b9796a2def9a1eb4008c0eb8bbce680505c5fd65fadc29,AC,서울,128,23,1800
80770cf108852d8cff0f99e0ab5fffc0a9eaa1d84bd4482be2107b81553f2225,AD,서울,136,08,3200
17a25ca198d174d41ff6d4877d5626e075a828d672df695b3fee4c66e8934aa8,BD,서울,149,02,1500
e148a97932988be92776f53cc8b5851f626fe8685a51aa28a3e8d9bacd7ae805,AB,서울,117,18,2200
152d74cbb4a2fb5fce3faae8397119870327850ab51a61ce6f902db8edfcde43,AC,서울,79,12,3400
a58c192a65d29c8daf4c58ab62e6d6539def2852977f6fedbfb13e74858fd9ca,AD,경기,142,19,3200
90bbe0c4401322713d3ab39967e6df4ee783608107a41ac12b373234daa6bf4f,BD,서울,54,07,1500
e9ba0c53e67080bd391f3d4159e365c057c759af5f554634a6edbe71142ea6ef,AD,경기,110,09,1700
25e85d20c63821d82c9e6fd03655f14461715fe4d56987250d4d6eff3955546a,CD,경기,3,17,2000
e7f24cc632960e21f251a0d70e51bf85cf48dd06c51620777f9aa725ac82d013,AC,경기,31,23,6600
038c1230aa8dfc589c43d34222ca6473624283a82e7df66598cf73be72ee8b17,CD,서울,110,18,1700
cad08207fb57ebb8c41daa1f73485fd275052dde3fcb32366c8b286b30497835,CC,경기,78,01,2000
6aa8d9acc6a26611be8d67363cba08fdbfd77b4746b9bd3b50a2aa766d3d2974,AB,서울,132,21,2200
254f44bbc5432e216ccf0bff1425d7c1d04482bea66e6e99aa30df7ec495deee,AD,서울,66,18,1700
966d67292b939fb5dfae66e91167fb2237f7f30f5e2531e47a63838641aac09c,CB,서울,5,10,2000
171e2bef82a8be85218eebc1669fd2fa4adb7c627d19995bd7e7d26734e091b0,CD,경기,48,13,3500
171e2bef82a8be85218eebc1669fd2fa4adb7c627d19995bd7e7d26734e091b0,CA,경기,118,12,2000
171e2bef82a8be85218eebc1669fd2fa4adb7c627d19995bd7e7d26734e091b0,BD,경기,50,17,1500
d44975452a909c3ef3d677221ba9d90fece05a99938bd07816461ba90fdd8077,AC,서울,158,09,1800
4d471c301c7e4adfc36eef2d2907a65cd4ad8648ea704241b7a13620f430953a,BB,경기,133,14,1400
58790a817d3ca4d4ae68f76c99047fcb48e6bf9d2076eb947a6c06b68182287b,AD,서울,177,09,3200
18269b9587406ea5c381c5724373dab8ce206d7fddd0b7bd8fe72a12ff93f43d,AB,서울,51,15,1200
18269b9587406ea5c381c5724373dab8ce206d7fddd0b7bd8fe72a12ff93f43d,BD,서울,7,13,1500
18269b9587406ea5c381c5724373dab8ce206d7fddd0b7bd8fe72a12ff93f43d,CC,서울,34,16,2000
bc414c7e300320e12359e9292ea6c73b99ed3326440c40801533fc00236e7aa7,AC,서울,134,19,1800
31612ff659e481fe84c35ad3d45f3c144081d073b0ab1adc5ad90dff78424baa,CC,부산,143,13,6500
3210f017789b072774cb8dd1a533230c9867dce9c97f0e861b51d97024ef0f40,AC,부산,41,20,1800
59b03918cf6bc43577374b4a17d0b1aabaeba5f4f96c0b0893b241fd27bc100e,AC,경기,103,22,5000
20f0be85e3a3f573f3700bf5395348cf27caefb8a80a50d9dad5366ed4e3a662,AD,서울,100,20,3200
30e6831d932dc6785737041a6e7ff416110192f76b803b6547de3f9aa86eb770,AD,서울,27,12,1700
75fc0a62bbc65cc84825e6626680ff3e1aa89b48ce5b292f527d02361a942239,CD,서울,146,12,2000
653c44d6bc021896a28865eb9520b4a28e11477c95e217bb4010a67253cffc8f,BB,서울,140,14,2600
2bb3796a0b21c6239cb4f58670494d7558697d07c232749b01551dc197974500,AC,서울,30,16,3400
19d74529fdad16b7c7eaa6f1a44f66c885813dc4b2a3f2e411830bdc0d953195,BB,경기,143,19,1400
60ed29c725b403895d37b53cdb75dd525735bb81c3c5a66119bc1e80758c19c4,BA,서울,43,10,1200
ff5419512b11302bcbfbce3a9057fc166716162ec382982e490ffcb4b8276ec9,CA,서울,69,18,2000
c788b9adda0e3320b9b744e1d6a70e824e9d3c35b56b4750e6d52c4fc4634d09,CD,경기,3,17,2000
834cd288dc310d7a5faea5b91ac7d2e3ec3b8d2386ad2f1dc2744c7da5288d0f,BD,경기,113,06,4100
2aecd3e2afc640903cb08d5fdaed60c3dc4b0fb373fb4300043ce69d3b728d3c,AB,경기,98,08,2200
56e274518711e783275b64a6b0b92044791a8a1d9d574ee2ea0f17078fb2ef32,BB,경기,86,18,3800
c086c940543bba801901f8617654c1545fc1cd1f5e3e9e8dbbdd26e062e7e5c7,AD,경기,150,21,3200
4113843e4a760802845a1d80450a98a194e4f1f5e072abf172e92955abf9a835,CD,경기,12,04,5000
a5c04bbbac0bbb315ca008279b4a44b774390df4bf3691355f4dbd644bbcae53,BD,경기,182,14,1500
170929e4e5d5fda9a16421859c6d92714b3bde6d7d8c00f68da9bb3b369c239d,AA,경기,181,20,3200
2717a9f67e301062cd44c51bd12970c20fbf9debba86b5f687867fb118c2779c,AC,서울,48,09,5000
f15a90f60e724e1e8ee65f97238415047a06d53aade333d6200044fdcf9f2bda,AC,서울,73,21,1800
04dac2555fc0f11a5df873d6395c7b5e8df821e4bee476af1e204efe2bf4fa85,BD,경기,38,16,4100
fd121697e8955e291192f069ada41ad60f9f4d70bb73271ac3b022d9087881a0,BB,부산,41,19,1400
22d3ee83140274cde242eb29875c6d15ac318ba1be507a7756aedccca65bb522,AA,서울,92,16,1700
cfbc9f4f95f6b609b263a27bd72e08a95edb548fb3f9629d52cf6e3c73b3b077,BD,경기,75,07,4100
938d2ccad54e140d418bd6ad91d86080589abddb653f5a28df907e5f842bd8d0,AA,서울,54,17,6200
a7dceb42d013a2f3f793c8bdecc14789031eb48f5c1f211bfd09878d428d943a,BA,서울,140,12,1200
03dae5be7fc8ca3fdd717f0571d78d37b6410d80f655123f16f9f04b287e4c76,AB,서울,154,11,2200
b345938ecb9728a97f03ca1a9df8b59861e76e7afb1083df3423909fc69b715c,AC,경기,25,18,3400
f44c96e3046bf0e4b2a7fd720b23105a7d6ee69ce3aeeed7dafb030611faefa3,AC,서울,41,09,5000
6df79ab8800ec2e88405c33922089958906afa58d5c1b7cee2c96f3a95774df5,CB,서울,175,18,2000
71cb9ec1153cca2364caa6f079ebbbbbfb58bebb9959ea3a3610658d25e422bb,AC,서울,78,19,1800
71cb9ec1153cca2364caa6f079ebbbbbfb58bebb9959ea3a3610658d25e422bb,AC,서울,41,13,1800
eafc6e2e7e81583049826b3de81135e5160727c053063cedbc6bda0d95777fa4,AB,서울,41,16,2200
ce6504003fcdbb5cae901a7f5ed39ceca8e4cd7f6d103ea20e15bd3f06429c5a,BD,서울,50,16,1500
1dffc83bf22639bddfda8e93a62b4ad133b9bb5a450e2fb945e76d0a2cf8a108,BA,서울,114,08,1200
31109270bc800f0930850d513d1c75f18ea246a58ede21792abae7703715df4c,BA,서울,160,15,1200
74dbe14c974dd7e52fcf742b1c2ee6c8ce32de523d44fcdc256862c3dd740610,CC,서울,116,11,2000
478e5b557233f670cda8a52b5b9cee4c9292bc7b5e76aee8741bd99d2cc3cd95,CC,서울,36,17,2000
8560bedda31a074ca459cce9c0b9eb0c4323412e4f9dc8cea377f279693f1807,CC,서울,138,10,2000
9ad9771977417d872ae346700f45745ed4319749c46b362681c97ea5290305c4,AC,서울,46,21,1800
f96d4bd992aff0448d91b80ca2f61a97ec2cc79c4a2be919a6c33ada77a36cd8,BB,부산,129,15,1400
3f82c9a506a610e2edad9094f7664a324d636acd49b28b20d5b0fdbf7b4feb45,BD,부산,64,10,1500
fbde39be9458209f845d19bc0c9bd3e0d886728467a07de5e5647a4d2476e27d,CD,서울,20,21,3500
fbde39be9458209f845d19bc0c9bd3e0d886728467a07de5e5647a4d2476e27d,AA,서울,1,15,1700
fbde39be9458209f845d19bc0c9bd3e0d886728467a07de5e5647a4d2476e27d,AA,서울,23,10,3200
0b3c646a65f7ece862b29d83159705e941a4bf4e08bff8f7c39f588f90992084,BB,경기,118,17,1400
32d41000cf7d0d4288463bb8c6608ad0a8c59fd8fdf6308373a8676a04ace5a1,CC,경기,141,22,2000
79835f1a2a9e728a4da3c547d9754dd41406e81ed9274a09f7e64a15c559a22a,CD,경기,4,19,2000
87f6b2115453edb7181c621977c8b40467215969bc3397430d4b8a021e2ea891,CB,서울,21,12,3500
a691ef949a334bb9ec67844c90e91d85491e902cde1dc10243bb918545d0942a,AB,서울,150,22,4200
997f4da5b6c2a5c7ad815759f0361bcb807ba5c0dc25e739970db55a776697a7,AC,경기,140,19,5000
711c8d7eab3086047b60581653df4d97ccc257e95120622fd42c22fe9c01607f,AD,서울,99,13,1700
ca7a875e9136a6c14536d2ac6472d9e730390a8a22d46b025e9e2a8247340ee5,BD,서울,143,09,1500
83a179a19cf9f4a2c8c59f1d54bc99496ae577d37deb3566b9a9818a90273886,BD,서울,37,09,8000
2fdc72a29258398e1d96a4b44d9c1bd7d04813cb11f0a03f69cfceda3b2416ff,BA,경기,89,15,2200
8c54692bcc5a4e24a9ece24b15bc9b6257f0a9f7f9c251ed0c59c79b5a95004c,CC,서울,171,11,6500
ae20be75f11f93fe4773567c13bf255703bff1b6d882064feb7fe7baa83cc6d9,AC,서울,33,09,3400
4cd0da19420963d212184f51e32a95be0ba75b8e1553bb17f2658a169bfaee33,BB,경기,50,16,1400
20680a54323be87aa4096e3be90e9ed297c3f4c72f6b190052401bbd358ee6c3,BD,서울,152,11,1500
1983935f45b581702200a55281aeca08b4533735bc11ef2f887568e7bb213199,CC,서울,45,10,3500
b00a1bfeb3726734e710353cba22efeb29a9591da1d15d892187035463a633a5,AA,서울,23,09,3200
1f2c903067346bbd812a4e959861385174306373f82804f970440e02f27743b6,CB,서울,160,23,3500
d5ad57297116e353e8b61412f7adaa0ecbed8f79dd8995e103a6a8afeb26b8a8,CA,서울,83,18,2000
c1f834c7efc32c5c7b5ecbba4b7d941edc7a297648dbcb999a2944446c086086,BD,서울,30,19,4100
c1f834c7efc32c5c7b5ecbba4b7d941edc7a297648dbcb999a2944446c086086,BD,서울,53,08,1500
c1f834c7efc32c5c7b5ecbba4b7d941edc7a297648dbcb999a2944446c086086,AB,서울,47,14,4200
c1f834c7efc32c5c7b5ecbba4b7d941edc7a297648dbcb999a2944446c086086,CD,서울,86,00,2000
61d4a90d36f529d05092eb7124093b86539127743aba1218f88881fff40be1bc,AC,부산,105,22,1800
9eac011add4c907d13dcaf150da5c4f9eddbf13dddbf73547596d6792b6053dd,CD,서울,117,10,2000
e5ab8049dd7f8198f988094fa46ed49895f54f4e4f409a86992aadcb5e31eaf3,BB,서울,151,00,2600
eac4334939d0d238126a8a3bae31d2472e0397c3ad3fe064198bcd5f3db6ccca,CD,경기,102,20,2000
5b7855c97d92cc1a4d26f3ec7cf212a48765221a40dbfea373cc45daed003a65,AC,경기,69,11,1800
606f77837d54d53e1387a5ecbafbd5cfaf225374f94d4aa793508f6010d51288,BC,서울,106,08,1800
c1f288fab007e507947b803300ef0f5d980092ad7c7c8032b72f1b770a25d1d2,BA,부산,38,10,1200
adc72bfc77fcade26452b3cce12a62f7bab8091f7ec97cd48cd1a2c49e26194b,AC,서울,107,12,1800
bba7766c4fefc582d6ec42f725729e467fe7ecb9d59f3c6a815183ea629cc17b,BD,경기,27,11,1500
7e28536bdb2f25f221fce6d4cddbae2dfb405cc0457a6ce8bf897c6b41039a15,CD,서울,102,23,2000
3080e30817d7561d29c044d0380be553bece6394391c9136730c690ec60ac7db,CA,부산,128,10,2000
2d597dfbf97d2a4d6c5fc35d603228fd714827f40c144cd2a5e0d0dc8d73d92e,BA,서울,10,16,1200
4114e3a635fc262ed223ad257ab506bcc0e80e97b48c4009a090f80c412513e6,CB,경기,114,16,2000
781eaa09edc0c02d0bec68bff5ca602ec3549fa9b438efefa952048b9c35b9c3,BD,서울,65,01,1500
7897641fa2d651c2723c366b7b4ef392dead502fcc5fcc91f8ec93d13f9a9c70,CC,경기,83,18,2000
addad809727e9eac4324ecafb12dde732303e19672ae4ee66885097f04d18cb2,AC,서울,171,03,5000
b6af684cdda3ed310f0efb176c08bf104ea0983667cdf22cfc59e8f457234ac1,BB,경기,174,17,1400
c3c3cdeae04757327bd8f4c30fb500b08e2e20f2550a60c4ac59193fbab6f398,AD,서울,88,18,3200
9081677e1275e629fee174ac627eb9082dd46a703fbf359ae1baa2cd30a4a144,BA,서울,44,14,1200
03d01b8bb5492770ec36c83de392019ee1fce644b0cea70a055e9f4e087e8572,AC,서울,118,16,9800
f29a17fbaa30298d969db73cf7783aceca193e6e2b32c517360eed5bbf0abd7e,AB,서울,27,17,2200
e01fbb9a111738b3fcbfeb2eda2d1a6cb6f95f00d48cdbe884dfdea2ba5465e0,AD,서울,110,19,1700
77368c5a59bc170e594b4b223298af8760aa432a241d3cf83207912443834499,BD,부산,14,19,1500
1543a47ed8921bc5da6c051c30bfe935ca3a9ca3d438c2a4e6d0410c3346d049,AD,부산,170,10,3200
ae0c5abd2b57cf8dfb018b1fb5a5de3c9d777eee27f8a8a111f4cb60f6eed5f0,BA,경기,140,16,1200
5e1b131ae91019e4540c421aca1d4de69c270b09e0580068c5d642c747bbb043,AC,경기,108,21,1800
2736b53643dd6301db1b62ec08e98a12ab420a02feac0fc86a049142cb1901a5,AD,서울,102,00,1700
17e7dfecf7042ce8542de94b26a0f72955a85210dd817b57349aa76ebbc0ae40,BD,경기,81,22,4100
18b8bda871bfd25892ebefb13e24816cbdf4296ce7bf01f3be7ca1e05a6e0d70,AC,경기,99,20,1800
c4d34515e5c9ef9747d5a2c8f4c747697c3ab5ff8a8466efad0685e2da54a855,CA,부산,110,17,2000
2066eb07e0e4ce71b8b3da6ce2819cb4562d7c271f73c3376ac6cabcc7eb7a4b,CD,경기,28,19,2000
bdc46a4f0065887e196ad41a694f8aaac9e4edba9d21ebbbd98abed4133b01f0,AB,서울,34,12,2200
a64199b83ac57120a92176e0b85fe8308446d9aaee10efeba95dab7bda354c8d,CD,부산,49,13,2000
0c3f21b4605eb4a7f902f6e1479c1564deb2234c5dec54395cbba1b9f44cb074,AA,경기,25,08,3200
7c0d261e5453edfa210e50de025443703f7b64f8058f01babae9627e6136c412,AC,경기,10,01,6600
afd41da861933638ff091bc3d708454bf6aca3d5f60e8bd6d38a482f2bed36c8,BB,서울,166,16,1400
93a148b828f4247697db709d9fe3d8790c40c1cec62529ad8cf732044d4840f1,BD,서울,56,08,1500
f5d6b8719c9939b117850c467191102029f58a9ca94829a3798da4b217386ae8,CA,경기,49,12,2000
3f290f4e7fde97f9f11fcf0f4817c4b9791e1cd49c387f43f473e332669c7202,CC,서울,115,17,6500
6028c65626014bdadd3c564e0bca9040f48cb8f272fede9fb08a302510989998,CD,경기,21,11,3500
a3f127df2d8b790ad8f01f42e94c9f747472f169c4f45327b2c9697fbd2a1253,AB,부산,111,01,2200
454e8ffbb1558983c1dd40373d255f04ef8e6d0ffe923a9f9b43927d0c967bee,AB,서울,93,13,1200
454e8ffbb1558983c1dd40373d255f04ef8e6d0ffe923a9f9b43927d0c967bee,AB,서울,51,17,4200
454e8ffbb1558983c1dd40373d255f04ef8e6d0ffe923a9f9b43927d0c967bee,AB,서울,21,17,1200
7b0ec895166e44f08af1e2d42d18aed30bec8b02db10b68ae17c3e518ca57f98,AC,서울,110,18,1800
de02aa1d5cba041fbb57a5b5e3c92986201b179ff73344a41275dd4b62a0c542,AC,부산,136,20,1800
eaaecf0f229250c4ff8dad70c1d552667bb95919d545b3e1900e58d9f92b1b03,BB,서울,137,12,1400
adfdba3c5184d2a726844d537afabe5f154f80a09f2ad54b41b17d61a34b9bce,CD,경기,16,09,18500
22400931bdf8d0ca7875d46a44f83b3f0e4ed118c8fbb267fe2933da6506c380,CD,경기,172,17,2000
22400931bdf8d0ca7875d46a44f83b3f0e4ed118c8fbb267fe2933da6506c380,BB,경기,92,14,1400
22400931bdf8d0ca7875d46a44f83b3f0e4ed118c8fbb267fe2933da6506c380,CD,경기,92,12,3500
22400931bdf8d0ca7875d46a44f83b3f0e4ed118c8fbb267fe2933da6506c380,BC,경기,48,16,5000
9971cf2b436d4b6d9ecaf9bb9bc7ed472e8cdffd2eeccd7c8a6a74c7be908ffe,BC,서울,44,21,1800
022a94e801b015adbe35df05e46cfe677330a0cbcb13370b8435f726cc20b7f9,BD,서울,141,22,1500
8c1090039a9adbe7065809094bd513936b412b8822a4f65ae313b3cce16cd430,AB,서울,93,13,2200
c321177c4f1ad7bc682b7b4c3a1dfad0f2962fc8dc8e69d03dd5b41e3cb29e12,BA,서울,26,07,1200
4bdf689d238ccdb14d8675e36b792cfd2e0c8a4888cce1648b4207e90e55b9b5,CA,서울,180,14,2000
f4414d1b2d697666424a1334384461bd31a7c6aafe5de4908132841d9c1dcdd7,CB,경기,103,21,2000
f4414d1b2d697666424a1334384461bd31a7c6aafe5de4908132841d9c1dcdd7,BA,서울,15,15,1200
e6f9c317c57a749684f9b9e54d9bca650dc1a248fb33bfffed0728396b2379e5,AA,경기,13,20,1700
8822d78b2e9b3d0fd5b6595a41fb3eaca3af04f95e3002b0c9fb59bcda726d01,CB,서울,143,00,2000
8822d78b2e9b3d0fd5b6595a41fb3eaca3af04f95e3002b0c9fb59bcda726d01,CB,서울,172,12,2000
4ae8f2ad202103747e0a9531df73d6910d1fc2f44de5ae373c3e529c76518333,CD,부산,114,16,2000
beeadfb76f76aba9d19efbddd09e35b903a3a2389e534104a76293e1d5af5f2a,BA,서울,176,12,1200
f0390264283a493e1f43af3bc65c115239d4b5d21999e96c608534118e2d77d3,BD,서울,31,22,4100
13b69c693aa6dbace629d6e217d0473ef39a11964acc5ef4e2e95b03f5df03ca,CA,경기,168,14,2000
7c91887c9aa4c1a6f5ef0291cce78da79865db4cbae9caf6a17108a876b47686,CC,경기,127,12,5000
7c91887c9aa4c1a6f5ef0291cce78da79865db4cbae9caf6a17108a876b47686,CC,경기,160,09,15500
3b3d37db4753ec211e849f9e6d929350f2b3d1fa813645704183f535b21b4b27,BB,경기,140,21,1400
3f76768d7b51146604b0533da696aeaec777775b4bc8470590f11c9de38cfc40,BD,경기,12,13,2800
808fed37a0e50f94826b20822c81e98c38c8af20e55ce513b2634c7b11daca0d,CB,서울,116,19,2000
2ec2f46a8e55febcf496363324f1f0b584ea6d687f14e334d7c7165036a0d2d9,CD,서울,9,15,4550
0ec501aaf47397ab58afeac30f592916d16b37516a5481b50d96ad4f98254d97,AA,부산,54,16,1700
405966a833f69a0dc9ad4064259163840f321b9e25b89bde8fa577a30fd9c1fa,CB,서울,177,18,2000
3c5c10faeb48d5b2e351fc5786d3c87af9a2b44b2e77b3aa6d4a4d744ecc888b,AC,부산,13,21,1800
189893d5bb2165ec166b003639318583e8a6abd1b05c008ac9dd2fa01da850ff,BA,부산,164,08,1200
751cb8c0c8f55ca343bfa6d118454d78227d8317fb709488b60b55ae0923b1e7,AC,서울,93,15,5000
0b74abc725861147ce400c454e395ded3ffeed2a8a29e0027fc64067dca34e9c,AC,경기,62,11,1800
d4839730b0066fe21f8b4f159dcbb57cab8b2ccc6430845f62c93082938de479,CC,경기,143,16,3500
d4839730b0066fe21f8b4f159dcbb57cab8b2ccc6430845f62c93082938de479,AB,서울,169,10,2200
e1f5e7c4939ee55139365d474bc1248b4dbd99dc074653e0a1eddac8c39eb6b9,AD,서울,135,07,1700
a7bcc627ef15f60da858ea0f9016fd67ff02acb5e8ccd8efeed9ac1d776254cd,CD,서울,56,09,2000
bfa480fe55a7a55a0920c10b2af82be7d4c557bf5f9d4a1b30c1214e717a50c2,AD,경기,162,18,3200
462c017cb303076dc480f0e58124948543eb13d6a032f958aa729939a2b333ab,CA,서울,126,14,2000
a86405acde09f7d7a67efb9b7c19b535c7d2b7693097368072b7009ed3b167d8,AB,경기,175,11,200200
026fa682096f4fa2db2c39291b00f1d5c0af7848e4d5e2b1ece97f72f74ea186,CA,서울,144,19,2000
026fa682096f4fa2db2c39291b00f1d5c0af7848e4d5e2b1ece97f72f74ea186,CA,서울,161,18,3500
5f4134549228485b58fd7d9f8b5e903f53769a9173a664bfc6eaf7aa3f430ed0,BD,서울,58,19,4100
9f886d7a5ffe66a311a5a651e60a97b10ee9e99c6adf696e2b6d97a9c0a7c2cc,CA,서울,135,20,2000
3d3bc49b476071f269f731e87a09fb3a99dafdd469687cadddb505a6b18db94d,CA,경기,125,14,2000
1bb07ea6492fb6a1c7b4119a97746f622edc18d9f031a35d05b5ed73a32eac58,AD,서울,30,08,1700
5be0d14c4f2a20d872c9e8bda3a9334182643f329d608fba9787f8b00b2ec885,CD,부산,119,12,2000
d74888bba78a9f2dfd50622c99c003e878075082df8ff47976e0ce2f26df8e24,AD,서울,160,20,6200
5936a8332c8c12ea2c7fc4a3dd690b0c19c9abfe477e54fa3a3124c22c996fda,BA,서울,91,13,1200
f990224a73e5ec622553d986ba7e1abb1d3b2c70f18fa200e7d5c54518471e64,CB,경기,133,19,2000
636b9129afc453f3206c86b728046c00c2d30312e994b72501fc961515cf6b14,CA,경기,112,18,2000
cd73883d7deb9075174e15e5dcd416bb3f17cbd3305dfa2f9128395b6e621ae5,AD,경기,172,06,3200
0d48b9dcfaf902738752ea16fefc10001c04a8d129c834526b11e00c13b172c1,BD,서울,57,10,4100
ef01706b4c7993243d1ad1e67ce577bf835e1e574cb95a557b89b082ba1c2eee,AC,서울,40,19,1800
9bb982a17ed565f2237f8c8a69aad07de208ef36cfeabd2097415a467a11b482,CA,부산,52,17,2000
505fa5be3a233f3cc95db0c6a1c2522dee02b30aa06a234e159d30ac01a610ef,CD,경기,6,10,2000
3bcf5ffe99ca12d2e2979a06ee49b1094462cd52c7a4954a44d8dadcf580a35f,AD,경기,154,23,3200
d8bccee0d8691c0b07e8364050761c87dd1e309267c88df9549833a5981d8d34,BB,경기,43,15,1400
f5a6002446bd1abf4197eb9ec3fd111baa105d9389a2a143e39849a32c65180b,BA,서울,51,08,1200
cb630f7727a7839d79b0d5e817088793c55ea6e3fda41cddd69bb9c6d5afa7b6,BD,경기,12,21,1500
fe09be44eee12e681f6a7af3240ab8cf052af218b3c2a0498c69d618758d736e,AB,부산,177,00,2200
f52db3ca56e57d74c17ebb84a00c9fafcf3128be3eebf138584508dbb5492a76,BA,서울,21,13,1200
dc7347fc5c3d73108baf838534d3f30a851d0099a5f753e7b80bcb0c8dd3583d,AD,경기,86,19,30200
dc7347fc5c3d73108baf838534d3f30a851d0099a5f753e7b80bcb0c8dd3583d,AB,경기,160,19,10200
dc7347fc5c3d73108baf838534d3f30a851d0099a5f753e7b80bcb0c8dd3583d,AA,경기,148,15,3200
dc7347fc5c3d73108baf838534d3f30a851d0099a5f753e7b80bcb0c8dd3583d,CC,경기,132,20,11000
de67af3b73c5216ad934d69cf703fc593c65a97821e1d6c79cf66cf3f7b8fbe1,AC,서울,164,19,1800
bf7b06488233bd3b9aeea61aee3e688ec5083fc3be24bfefc6f3e71e6071db9a,BB,경기,146,07,1400
429281555c9949617eeeae76422dccc5341d21bd0635c8a31d9c8369480df4d9,CD,경기,132,10,2000
2ea9844c140ce53b3ada79b7f03c2a2bdcd6a5e0ed5ecd174d43b1d55efacd9e,CB,경기,34,20,2000
14013cef970e2f44bfe739c348f16b71d3183d1a22f61659263a4a83531aec58,CD,서울,159,18,2000
496444bb66106157817041182e559d77eaa6474f659d10e8312c318e6bdfe954,CC,부산,66,12,2000
2907c43cffced2602b612d5f3a1e933a1a1650dbaa6c6ce0b74a7f24f1bab4c6,AD,서울,86,08,3200
9767811426cdbfd12f5a6f6a2c4268c1f6cae0615ffcf42df4e0265ce0136bc9,CC,부산,50,11,2000
c171b7864ae67a2f6a6d089ec8f4b30c70d75bfad502f044b984f3b9624afe9c,CC,경기,97,12,2000
c646f0311e5b423b3de982856fcf3c6a28112db2b3da09815be27ad0aac186da,CA,경기,30,13,2000
612ef658aa707ccb6134f796a1912cfa5ba21a068b2b2c73f7cf1d68e6ed5ab5,AC,서울,69,21,1800
b73c96cf870979b8939336bd9372f5bdb4d7d2c713556c6e5b43b9c7f7158185,BA,서울,98,08,1200
345baf40e29b5e3090955296fc7bb73eb3a39f71cc61c58a34d19c4e4cf23c0f,CD,서울,128,21,2000
adf75db1fe5dc96f461fdcffcb7a6e02320f324ea489b09fe354ccdb4c5ef99e,CA,서울,142,01,2000
c6432f83030ca2a0341a065e07be28c17b1c1a0ee708ed1a82274cc479afd272,BD,경기,78,09,1500
c6432f83030ca2a0341a065e07be28c17b1c1a0ee708ed1a82274cc479afd272,BB,경기,2,10,1400
30eb156677b23d2dee00ea30234e1a21430176dec503aee5f737031bf3bae868,BA,경기,22,08,1200
39feff877a32cb8c3d93cc259ed2329c7ce3785d365bde75410d8b11dfd96012,CD,서울,172,14,2000
7fa28cf97f60ca67cad91adbb9eb3a21fef46bb53df4681def6f4a3efe72c662,AB,서울,147,08,1200
1784ea818851405856d5bf37536f482fa793c3820a6e6864f852ad89a4067ee9,BD,서울,164,11,1500
7109da611a8825dac12d7b15c2a4964fcd11120f1714ca0d6732782a4d4373eb,AB,서울,77,13,7200
768e0c7ae0810ac8b24e4c4bffb662febb9f343a6284a297259f7e4241ce9244,AD,서울,163,06,3200
1c7454450a4e93143e9f9d7021b2a7e118a77a023f52828301ccf5492660541d,BD,서울,153,07,1500
524a727aa2cfd4f85072cdb5c1baabeab4ce04b0941b9a81a85e62170ee294d6,CA,서울,25,12,2000
cfff025b92bcb3573d3895fc354771a8bf95b4a820889de637425b4d69816cd3,BA,부산,105,09,1200
6e875581a3288276c7025701a2001cc60515fd693145c61e93fa7c4d1569060f,AD,서울,66,13,4700
905a8b3f454bd29de0612cbf4e310c24f97fe750468860c889f78d00a8e3e3c6,AD,서울,123,12,3200
905a8b3f454bd29de0612cbf4e310c24f97fe750468860c889f78d00a8e3e3c6,BB,서울,175,11,1400
905a8b3f454bd29de0612cbf4e310c24f97fe750468860c889f78d00a8e3e3c6,AD,서울,142,11,3200
905a8b3f454bd29de0612cbf4e310c24f97fe750468860c889f78d00a8e3e3c6,CB,서울,49,11,2000
905a8b3f454bd29de0612cbf4e310c24f97fe750468860c889f78d00a8e3e3c6,BB,서울,103,11,1400
989a10a9bfeeeec2058b070fbf3427d1d2f7316a5183d64f68e5280160ade483,CA,경기,64,21,2000
989a10a9bfeeeec2058b070fbf3427d1d2f7316a5183d64f68e5280160ade483,CB,경기,8,19,2000
989a10a9bfeeeec2058b070fbf3427d1d2f7316a5183d64f68e5280160ade483,BB,경기,41,08,2600
989a10a9bfeeeec2058b070fbf3427d1d2f7316a5183d64f68e5280160ade483,BB,경기,76,20,3800
989a10a9bfeeeec2058b070fbf3427d1d2f7316a5183d64f68e5280160ade483,BB,경기,83,08,3800
cfe405da08009aa277e67d59fbdfc49a0c09322ddd07c92a20d5390a6e965bb8,AD,경기,43,22,4700
c168aa59aba5512aec939f26b1e1f7d1d297de542b1c55c71bd0673c33eb5a2a,CA,서울,177,23,2000
aa8757d7e745bec70fe666c51ec5a23f63acede134be70f93edf526dedbf91a7,BA,부산,7,13,1200
76a79c9c525ddfd207c07bf27024d72ad5b4c534011d95f2c6eaed44ed0aed0b,AD,서울,133,11,1700
0e1cdd645b606bfe7b0b06c2211678450507ae3cd25888d781bedd5ae391e326,CB,부산,58,22,2000
1eedfdabb07c5cfb8c610c8272f969ed4bf11165a4d2b6bb1bb59e32c7ed38ea,AB,서울,155,20,2200
a49b16c0b9a92c0b88d8f22d99ee5ecd29b31b118ffa7a0a34734e87fcf55f82,BD,서울,12,18,1500
4c6272ee646f7bd9b16b89829fe1d7bed6dee4e75f92cca35af0c00997f819b2,BA,경기,33,19,1200
a2da86a3f9aae5a6112789ea0fc1a72b7db5da233553b9457fa7a66153f0d1b2,BB,서울,114,09,1400
e2cb0721d17bb8cd75f283f344b5e670976d049be09795938565d0c7eb68f045,AD,경기,155,07,3200
2ee4f432d446c0440c7f9a5985ca1a2c5610486cf384f7b65735a5eceff0bd99,CD,서울,21,19,2000
2ee4f432d446c0440c7f9a5985ca1a2c5610486cf384f7b65735a5eceff0bd99,CD,서울,57,22,2000
f9c7a441fad46cd53983e754b269bd50146d9e4c641f73f0c876b1e85c8d407d,CD,서울,169,03,2000
6746f8430e041d75242fc0549bf2f028b7a9f3069cb641c20912892cef62585a,AD,부산,166,16,1700
76da827a6d88856f0909cd6a19906dfd68170d675b7063b209026ca9c88bf059,AA,서울,147,21,6200
c96e8b25893b23b8a25f348cff676cb01d29f5af46afd05f15cec43e98c864b4,CD,서울,118,15,2000
c96e8b25893b23b8a25f348cff676cb01d29f5af46afd05f15cec43e98c864b4,BB,서울,112,08,1200
75778684c503726d05a4aac07b37c6285e1e85949f92cca71854c57151c3dbae,AD,경기,10,13,4700
46409122f6c3cc5b85a1017fdd2031157a5e793702beee80d4cb0e382913af8e,AC,부산,143,11,1800
409a5beafbf616f9d50c68c1d4c710498b96355d411534bb973cc54fad2c1124,AC,서울,12,23,1800
409a5beafbf616f9d50c68c1d4c710498b96355d411534bb973cc54fad2c1124,CD,서울,25,20,8000
409a5beafbf616f9d50c68c1d4c710498b96355d411534bb973cc54fad2c1124,BB,서울,154,13,2600
08933d93022638d53ba66756ff455bea6c1eed0cb63694db1af7d66617471734,CA,서울,38,07,3500
eeb6deb5a820ecea5caaeee6277333634d95994abe5ce0e00ae902e369cc656e,CA,서울,167,23,2000
968bc2b39ca8cd90ad4eb46a23d8ecf025f5fce7c8dfbc97b91b5f48c8465c56,BA,서울,8,07,1200
1ce1c02ee1b3389f99ae0f50dcabb39aa5de9e72906a300618c2eea2fde1e5a6,AD,서울,82,01,1700
8599cef83be2b04b953fe6566b2980b4895e37f017e7f7cbc4510d69932d7ddd,AD,서울,145,14,1700
9c0123ea81d9304bc1a2ad1cb577b80d2732ca89c26a85cc0b66b84035af2ef7,AC,경기,67,02,5000
d27926604bdc7f02664c664845bd78ed66f7e1e507379a048e1ef08ef63344cc,AC,서울,12,22,3400
d27926604bdc7f02664c664845bd78ed66f7e1e507379a048e1ef08ef63344cc,AC,서울,14,09,3400
1e9b9c3bf2b5dfb8012a0a6e8e183ed119971183bfea1da2bef7712d4f5c470f,BD,경기,68,23,1500
8fff963c30e79f95a18e80b71cd67d4a28e08ecef0fb662d007777131cc64a25,CC,서울,128,18,2000
9367360d9dfcc5ea23fc95318784adddcab15dcc83c0d380bba3055ae590a0e2,AD,서울,117,21,3200
dd1aa6e88ca4934ce3a56b7ece88dc50df49b3744185f88c43fb9647cefe4d0f,AB,서울,69,08,1200
c94ba0d2539ba87dbf415a4a97dd1fc425f458e3ab9b0dc1d3bb5a735ce687e8,AD,경기,167,20,3200
8639dfb57fc03be5fa7ab8dd22dd9edebdd8983c5d012757f83cca2168773e0d,BA,경기,47,13,1200
df58c80053365dadc9c61aa098fa389b8c6d88c99434222681c59f75d5834d8f,CA,경기,143,18,5000
5987fed3cca6bd27b06477bea2a3b1d3130f251a9b4758fa84fc0c0c136fa1c8,AC,서울,176,22,1800
71a08121dbf80daf9a05551a09a1f11129b9496080ccda95f13613ff4a5c0f04,CC,서울,52,19,2000
1fa93bafac800586bda1e02c248bc56be412ff6181b3a5d81e92f0db8d9a2ab9,BD,서울,14,03,1500
03d063c4d233ebcef0917e66c3c0e907b37e549d84a30172202d91e5dfe0352d,AC,서울,107,20,3400
d79b076a3e94d4f38e02c773ab4b2c61a56d73949027049400736918bca5b7f4,CB,서울,58,13,2000
7f667b083853fa014c76d524e66598d04edd73be307a2b37ee6b080754e33942,BB,경기,161,17,2600
a1da0a76c9d3ceb98a6a16c10b1a044b8549ca836d51a575301078df2dda8e91,BB,서울,11,17,1400
a1da0a76c9d3ceb98a6a16c10b1a044b8549ca836d51a575301078df2dda8e91,AC,서울,19,13,1800
5e89574ef68a4216146c18709bd90775d4fa0188d29c0689b49fd494bc9d47c1,CC,부산,80,22,2000
c2f9db40fb2b29ef80d06c4b9b29ae9b96cf0c17acd727ccececb14ff1da49bd,BB,경기,49,19,1400
339a2b92e751244a9be6d13edc426507b84e4a0a8c0080d0bc2dd4ec8159045c,BD,경기,53,22,1500
bd8918672a0d11f1178d04b358f4db2c7871a7fb9639cbde772cc35067f01145,CC,서울,37,22,2000
f4f1689f3adcafc17d31eb6981f5727b1fa55a57e5a888a50cee71f023f85b9e,BB,서울,148,14,1400
044cd1c30d69fa3634453f4fcb132f9fd2483f6aa6dce31dafb8d5a973b1b79d,AD,경기,132,13,1700
2f4ae328f238e4c39b2258bb9ff9f2daf75bcb0da68a979a5a8f464a24c8ae81,CA,서울,124,20,2000
7336f24804fc5cf840c9afc9d0c995ddb72e76cd3459d140b1d7b6a9ad76e4d1,CD,서울,15,22,2000
808dee5d57ba345e052aed9b52b0c99460562fa499bd65e478cc79a338510656,CC,서울,105,13,2000
5cb9bb2f8baccf76e483483cd920c4167ca61a6402db3127bd7878d8a42fc937,BB,서울,54,08,1400
eae86b26855c669cf43976750996f67d79de582a3185e8304191b55a912ecd2f,BB,경기,87,18,3800
87fb4d11ee44f7432ce1d43358f0a86697a7f35493d4fc76e102b161b358bc9a,AD,서울,155,18,3200
87fb4d11ee44f7432ce1d43358f0a86697a7f35493d4fc76e102b161b358bc9a,AD,서울,162,15,3200
87fb4d11ee44f7432ce1d43358f0a86697a7f35493d4fc76e102b161b358bc9a,BD,서울,18,19,1500
3d95b7ac434929f14de1bdfd6e4d26f88a3ade75a07025bb3dd44e2a0f55c39a,AD,서울,145,15,1700
34ed305db0ff40f9c66191a503ea045e2e8049d3a2d53ce227835b8e52f78789,CA,서울,110,01,2000
90684247caec8edaabf5c0b637c3a3749d2461cd2d97cd47844bf3d60db852ba,CC,경기,72,23,3500
3b06e7805db2a1871c2e9da00eb81a2389dcd569972b26cb81b8803428946a81,BC,부산,164,13,5000
c1554de0e3dd8cf7078df1690d56c4577f274ef7a38321164800f276a4e39ae1,CD,부산,18,02,6500
c1554de0e3dd8cf7078df1690d56c4577f274ef7a38321164800f276a4e39ae1,CC,부산,161,05,5000
deb57d1932a8549229d595a7a5335acf8a8c211a0b7a06cb9e5627c80e790474,CC,부산,176,21,2000
deb57d1932a8549229d595a7a5335acf8a8c211a0b7a06cb9e5627c80e790474,CC,부산,144,22,2000
698447d0f6af94d333d1f6f40f8361144f0c6c1a8c502f2e6c0a0c3504b51566,BB,경기,115,00,6200
d4564436064c0a2111b4a32884efee33f077ab4118382ce2ab9d2b3447f252aa,BC,서울,55,13,1800
56e3b931070f45be2148d70a9f8badc442591b99372cabfb58f99f000237c7ff,AB,서울,104,08,2200
eb83bcedcffe303dc6f2616eaf9089e10e4568868fd144270f77bdfe855c0764,BA,서울,15,00,2200
1b15839c507ff049cd7c4d55521e5cccaa9358b77f80d5f71133b31176c9397b,AD,서울,102,21,3200
a101e7491da601075eef76ef84d5e550babb2564535d45ee6b34cf45b618a6b7,AC,부산,106,08,5000
3d397cb088a40b680265fc9a8428023b5ae79b83666fe6887a9743d93a6ba806,AC,서울,23,19,1800
3fe18b7a12530b462f17435e5478bdc10b4686019a81c87959f9eeb6d43d7f43,AC,서울,36,17,3400
bd43f5c2fc8bc6c5d5e8e90d70a4f08290dea5d327ac7e2ca40544b0c73e646e,AC,부산,111,08,1800
07bb863df62e39a675341d272e59d7f8c96933fee029a7a4653b0d2490f5b544,CB,서울,11,17,2000
347fa039ae5e27e8f6b42848c44c9b462f7ef493d320823c9d22bdc8ab3102e9,AD,서울,162,19,3200
347fa039ae5e27e8f6b42848c44c9b462f7ef493d320823c9d22bdc8ab3102e9,AD,서울,182,17,3200
a85ccf5184cbb48633292eac063005df221bf9256ccd0e4d6e3cde92cafe1996,BB,경기,126,08,1400
8bc1f962a0b4ffceca0404f9254bfb093bd85d2286c243c24bfb3f39605c1d41,AB,서울,111,13,2200
8bc1f962a0b4ffceca0404f9254bfb093bd85d2286c243c24bfb3f39605c1d41,AB,서울,107,09,2200
40330e5e65e46eba79ec04b315b9615f6e238dcc3d19c706f896515ac0b957c6,CD,서울,94,18,3500
3b1b082ecc7ea3631851f7c162b53638fdb85c2ccb0024dbe4add91ddba35b45,BC,경기,31,17,1800
fde74c3f11a486bc33d52fd18cc1d6dcead00c06dc092d5a17c313011098ef63,AB,서울,149,16,2200
af5a9f788ab36917631ec7a8100390687e43b00f9e11f03524c4c4579962310b,BA,경기,140,11,1200
6908641ff376f003713fa79a011113dd4126c1bd7c2d50b5a6e770c116bfb742,CC,서울,163,11,2000
a53bb55b7b7f78e4d030109cbcad7d7c412749dce672fd799b5072e1e6b46ce0,BA,부산,150,00,1200
890dec1917263bf850c18d5e384b7102aa66b792cc5bf149f28eadbec2b8722e,AB,서울,156,12,4200
890dec1917263bf850c18d5e384b7102aa66b792cc5bf149f28eadbec2b8722e,BB,서울,118,10,1400
890dec1917263bf850c18d5e384b7102aa66b792cc5bf149f28eadbec2b8722e,BC,서울,127,16,1800
890dec1917263bf850c18d5e384b7102aa66b792cc5bf149f28eadbec2b8722e,BD,서울,126,09,4100
890dec1917263bf850c18d5e384b7102aa66b792cc5bf149f28eadbec2b8722e,CA,서울,115,14,2000
1affdad96e3bc50a9d9a1980bbf5e0f086b19926f6818375e6a3e87d33a42237,AD,서울,144,22,1700
f8643e5bb11ace1d98167a95cf08bdeeeee6a12b96e67108cbec95777a09449c,CA,경기,149,18,2000
797981ca599600141ef9e9348f81b7adee4a23dbebed390436e9ec4e0d4e728f,AD,서울,51,16,4700
efc01eab97ceac25bf43587dcc0536645ef1f1aa566e5101f6a1d5f33c8f88f6,AD,서울,159,12,6200
e7887a4a71f4bf00e5cf5da65dff615193b736d23d213ea43f00b7ba11ee2513,CD,서울,165,16,2000
3266b0505f52750e974042da679022dfe3a80acc5ef132b52ee1636576e1de66,BA,서울,169,11,1200
3266b0505f52750e974042da679022dfe3a80acc5ef132b52ee1636576e1de66,BA,서울,163,12,1200
65775119a7f97fc0750b28305db014c8bef61e4507cbb0f7a550ce3a025a96ab,BD,서울,173,10,1500
876bc48b2b3dc204c6cd2db381981575138f4b3652fe3fdecf565b1962423d81,CD,서울,87,19,2000
895bf57f3021f4a6848473230758502cef694669c961933c0d8b300eef5b1159,AA,서울,178,20,1700
f54fd74801a2376dd64046bbf3a7abf723f7449874b8cb20837b6f48bf4bdf9c,BA,서울,9,17,1200
30a6dc96903b020e3656166bc647faa9e3b4053a4fb7c3f9af5029c9c52c24f1,AC,서울,123,17,1800
43b8946183f9a10c48405701f71db884cfe27924901da84b862a79c84cc872b6,AC,서울,109,21,1800
c12113afeb67ae371de056385a5b6376b0967ab142601ed5ddf44365a32b69df,CB,경기,69,20,2000
c12113afeb67ae371de056385a5b6376b0967ab142601ed5ddf44365a32b69df,CB,경기,97,19,2000
880ee9cbcc572b1fcef6891053d0b53a9a3edfa6a21a581dfda2cce68a98da3b,BD,서울,115,19,4100
b3c90dd860d41f06d02d53d712afbd1d0db0a39041f98ab5bb4bca05d0ce7818,CD,서울,92,13,2000
3ba13df0db46f4a0dfc8476db5050f3bcb7021385b47a54eba976893cb4dcf73,AB,서울,161,16,10200
e3906eea52eb445a1fdc759f38caee70dfb4619463514e794948e686192b216c,CD,서울,122,02,2000
9e1791b23f01ab0e0b507db1695bc48e447d93888d57902db3fe91f4ef164d93,CA,경기,149,13,2000
1d7b5e3048c29176459ceec2a92c0c7814dad1b72de5e0fdf081b7a770230cb0,CD,부산,55,23,2000
b45d5ac9e66b3f80d28421b862aadb42f013aca3b84636e9ce7564add75d782c,CB,경기,8,19,2000
f0ea24665d91492418d580a21af28f3f06ab752896ecf840d18ba26a8753032e,AD,부산,165,21,3200
e233b1aeb01153810aac4a3e9594dea0c10303a0c82e9e344f1d558e4d518799,CC,부산,121,05,6500
05e64e44a5fb5623e68a300f7b69e7f49c31bd4b6938f41d861f5a2963ba7090,AC,경기,96,11,1800
3ed05f7ef79223c8b812187976e2ed968348312020449c2ed754fcdcf4edfc78,AB,서울,97,17,12200
3ed05f7ef79223c8b812187976e2ed968348312020449c2ed754fcdcf4edfc78,AB,경기,169,19,2200
8192385634d336d26fc26620897ace7b19134655f8b6910cac307822f14254b8,AD,경기,90,01,1700
1457234ec8f322f5e6fe9e667b96ca6371a2d736ea2079c29b98fe1dfc113b96,BD,서울,81,19,1500
6175ff2bd00c5d2a23b1160b479591852b268ba1647c1df4e5a30913bb177e8e,CD,부산,172,22,2000
f3f5a1ddd5680b4741a624c7a2d6598b3ca28710b91698e38f8ac3e523315e8c,AC,경기,161,20,1800
de8ca2b65bf38267a11bc496055f30560df26276d92c589c00da850ddf833d9d,AC,서울,119,13,1800
d9b8920585359b682afd99ea0597ce3fcdaed27ea3a6c0971e6558b511f35687,CD,경기,29,10,15500
c3c0d86db282f69e3212cfeddfced38ef93fb227561f049487bed711a02f9dcc,AC,서울,21,13,3400
51b04a4b2173490ef4f46f0ef79508cf7d5d8709ba2f99eb475a0a023eebfb18,CA,서울,172,16,3500
892369640a9a17c7b2c4ef59bb3ba69cde8b0632e2911f5784cc0b35ff7b0aeb,BD,부산,34,22,1500
5a77920d20607b51a63b3e759ae20773323c9a79e7a752ef846b41e1ef023e65,AC,서울,167,18,1800
f7b806c74ab7fa5e4bcf880b73629f2b5d265781020fc90ba19fe06d5b6839f8,CB,경기,13,20,2000
9be1408b959468cff93e96ea288db708f6058ca791a8f943c757738d602f9738,CB,서울,31,05,2000
9be1408b959468cff93e96ea288db708f6058ca791a8f943c757738d602f9738,BA,서울,178,21,1200
a1c72bfe774feadcccd229e96d8134647143c144a32e5f566bf0d3c655645f60,BB,경기,88,10,2600
a1c72bfe774feadcccd229e96d8134647143c144a32e5f566bf0d3c655645f60,BB,경기,145,09,1400
5f38fc923aebcfc9d02c1b65f2e782e5a6a017e5c81d80d9ed5bb8616693b117,CC,경기,105,14,2000
51a3cd29c433b1b3a1b198a0076d15d0ea6ebfab97d985558095233cab2bebda,AD,부산,161,14,1700
e6084796d64fb6c87c25a8093033ad261fe96ae5a4c684b6ec6c33af1d67fb42,AD,서울,152,15,3200
e3ac2b6b83239101437bbc957a842fa2de3b3569bd3a50d995ba5095e34506e8,CD,서울,144,23,2000
9c469791776d699726294b467ea14454658f858991843e7217d6c476f52002cb,AD,서울,174,19,3200
89a90617438b56fae4132559b45b162fa29e2f9a475fd0ef7f6b89b8fe1304ee,BA,서울,49,17,1200
ce12253300c496a35cd3195edd1ad717c5ab0cc9ec8e8d6e5f76e44d605c6c26,CD,경기,6,22,2000
74ebec491c2ab3a7b0cb8e19fa8bf885d088905d13a302873dd9e4f99c89491d,AC,부산,182,18,1800
330b2121451f18ae856aceb0c3b591f869871ab65cbdbf07ac6075e593c8f8c8,CD,경기,87,23,2000
972c85e2b487890bc6ac521b0041638d87c5736990fe0549d02a7efbf2133e7b,AD,서울,116,17,1700
972c85e2b487890bc6ac521b0041638d87c5736990fe0549d02a7efbf2133e7b,AD,서울,109,23,1700
438919b1f5c0076a188459745d9c98b8d03142a734da90336808040ab61d4926,CA,서울,5,18,2000
2a3b6953fd68e404c7966021853799218d625af38b0dabc7b4ca40505a61df8f,CA,경기,114,19,2000
6d6984e79dada32d2ddd399a970bc71b4012e3cb489159a21e773c5833598afe,AC,부산,63,13,1800
4f0170812a6ba3acb3c0c3769e1dc8b000bfb23338a26dc8deffaff1736839d2,CA,서울,138,20,3500
2085f83aa4558ed90e55277524c02f8875547ca054298d9c5ecf2253eb331c41,CA,부산,138,21,2000
8306f782b812d0df473551697eb44e74659792a0e9cc9fee3cc3d2dac570b80e,AB,경기,156,15,2200
1c88a6f56b52cfe7f7993196a9a12a29f01e9d925bc366f37b6ddaf27e109d34,BB,서울,180,14,1400
91552122efd610439fffdefc0c5c416d724218d035648c5197b0c8d3ebefaba9,AB,서울,117,23,1200
580cf7d0022bbd876ac2fbac08010d7720357411efc5c79e00dc5066d3775403,AD,서울,112,22,3200
1a8b986d84c108fe68cd27384c8e6d927e58fd520d651afb1612bf713a91048b,AC,서울,44,12,1800
0bbdf35911a15798429501d06ca4d8e70e1cd66c33e965fa95e47cd588ce7021,BA,서울,178,20,1200
e3b0aee8a8e206272daae109afea81a15a5ac75e021146713b394bca790dd82c,AB,서울,119,14,1200
0ba0d0e1c006428e4989a5e927c9b1fdc7d955776a85b8533c53fa16bd16dc4d,CA,경기,126,11,2000
46d6d60c24718b128ca9f06a86ef9890b05a0feb65805d05db51ba5085d0a4c1,AD,부산,144,15,1700
332d281f0decb99ad764832e1e322ca13350da1bf2c8ba201db1196e65d5d709,CC,경기,171,14,11000
332d281f0decb99ad764832e1e322ca13350da1bf2c8ba201db1196e65d5d709,AB,경기,170,18,2200
5e499dc8f4e5dc7ada831a69bd8da0bc26c44205368b24c18dc2f2d5a765e41e,CC,부산,128,03,3500
5e499dc8f4e5dc7ada831a69bd8da0bc26c44205368b24c18dc2f2d5a765e41e,CA,부산,112,00,2000
5e499dc8f4e5dc7ada831a69bd8da0bc26c44205368b24c18dc2f2d5a765e41e,AD,부산,122,20,3200
d4014d85c0a6ea932e4364d3c54ca1b44dc33ce8804bfca8bf9ed64d4679dfa0,BC,서울,112,12,1800
6fd29f9f4ea461087693e3ea9b2f550530c20a6a5821b9c1200b25d631574bbe,BD,서울,109,17,4100
e0ca2dcb2fab2f76c02a74b94e5955bcad58e484d5a24cdd6bcf1e145df12448,AD,부산,32,09,1700
e4039b2fc7436d9d30162b1205f403b0195b5c8b83ee7e39c987729e49989c8f,BB,경기,77,21,3800
e4039b2fc7436d9d30162b1205f403b0195b5c8b83ee7e39c987729e49989c8f,BB,경기,98,00,2600
bd039c7cdf592dabb58a0acb52ab4d9a23982ff40af4fb00f0952b8663d8abcd,AC,서울,17,10,3400
097b8f643d425311b443a2f67a13f8518112aa5fc79192958f94244e61000984,BD,경기,50,08,4100
b2ee0d562169e7a846e74f86411b8866ab2cdc2be01683bb3b77f33e876cfa02,AB,경기,76,00,3200
ca2df3271f7f45d74ac7adbdbefba4856fcea04c4e4f08a6934ed2205695db17,BB,서울,69,23,1400
46ed9062be1a437b549a222410ace76753de5ec89c7e94b37e316954fdb0b6b5,BB,서울,124,18,1400
b284dab863b1ec46bf10458f07d60912d1765ef1ce190a1184d1b2ff2c4996fd,AD,부산,124,08,3200
d26eee01163316ac2679e5c18d5a1cc2a58cf9325fc29cd76abcb89301741aba,AD,서울,152,23,3200
fe32b906227664f6bfba5daf01eb59a9ea8ad7012478ed4cfc9ab7e91bb387d8,BB,서울,14,21,1400
fe32b906227664f6bfba5daf01eb59a9ea8ad7012478ed4cfc9ab7e91bb387d8,BB,서울,156,19,2600
6a5bf628bc1f4457e06d2bf791d5e9ab86da3802da956d985c5838113de73ea3,BA,서울,155,05,2100
e9979fb347c0832d09890daaebdc8419103ac3b44bec149dae9ea025ac962539,BA,서울,139,19,1200
b7a05654481bbdac9f8d1ece7434c8fb7f4743e18fec9b526d8a7c77efb1952a,AC,서울,58,19,1800
4369f3639638e338fe0c821381e0b165f316227519afa431700ced2b76a3e403,BD,서울,173,05,1500
0bf897710eaf60244e560b7e498b0288feef13c7361802868220208b80ee2143,AC,서울,36,15,3400
822a118df18289892af724d5e5d7d7706763b763cf9868a2c73451cdb7cdbb46,AD,서울,130,14,3200
3c35b9d196d9225b86e115443a6499b6c9d56773318e28f00a0886017f2c11dc,AA,서울,147,14,1700
b41a0ef99afd1d13a9eeae5379a6a03ae38deecb712c2c90cdea011bf1db5d41,BD,서울,34,14,2800
a1f983c18084bcbd64c9829b70431436c9f6847174c1f3c69e61dc9a54f2a183,BB,경기,171,12,2600
472da0f4c8033598ce47641d3933d025a627eaf7e96211b96bee6de74b50da8a,BB,서울,169,20,1400
0b08dbbba2f09526c31b68425a980afb4773e660289235d38e5cebdadbdb993d,AC,경기,24,12,3400
bfd9ce344d008cd2a3860ead73d388419a68f3f9c770ae0b073e2384b68eac83,BA,서울,2,07,1200
add0fcfc04f7c83f371ce82cf1dcfe0323e36df6c00abfdb5c5fb32fba417f22,BB,경기,164,17,1400
a7de1b6abea52734621e62d9e50d7fb2ea4f2f97247f106aebb7e07c09bf8fbf,CD,경기,136,21,2000
8d5d2a2eb43325137fd46b7f5a0d7e845119b938923d86f5e62bf26bf0bc2e8d,BA,서울,67,13,1200
ba589b6989fb74f7a862f0e395a9106b73ba674ae35d4377ea09570524d133bd,AD,경기,77,06,1700
fe6df89a31405a47ddb06c246f1790b9a53cb555cc48ed501fa961b4930ed073,CA,경기,159,09,2000
85c79f97dba6cd544119c8c3f041fad4e0989863d50e80a6382841e6711ee472,CA,서울,91,19,2000
52ecb3d1a52669a2b198742ab7517e58edd01cbef86e5b8cb410cd602026a6ec,AB,서울,100,21,2200
61f510df0096fbaf461ac7426bf2cb3044cc0024aa85f70bb9702f2231be6665,AB,서울,57,22,1200
265a492870dc9bbe879c79752071da29f2696e34bc23ac0207acae436b1a6924,CC,서울,102,08,5000
3d61c04b91d0056d4e2aadfaa27b0a0f20214aaaf610dc3a3d047a20cf56a576,CA,서울,129,17,2000
e028321306f74e323aea12a4b30cfab7b391ab5b83ff9f63b53e747a84e9a61c,AC,서울,38,13,3400
22013c06e01d409a6ff079692855a8790a50961948d5b7b424071ab1c730db24,BA,서울,38,18,1200
6df13211858aa46dc3f4c04c31f4ca1ea95f96a53f756c2d32a4a4675403d288,CD,서울,102,01,2000
6df13211858aa46dc3f4c04c31f4ca1ea95f96a53f756c2d32a4a4675403d288,AB,서울,107,03,1200
4253914549f1fce1b567e2187cfccc2b4ae4f69294f270a4b261a433ae4e3bc7,AC,서울,88,08,5000
7a1791bf228af4b2a2b9d819f921a88ffc433c5c3dfb6b888cea20d203904ee5,AC,서울,147,16,1800
46f0a975c9c312248860b84aa7b668e723c1b80af299a56037840dc9b0d1dc6d,BB,서울,159,15,1400
ebe5582302a03d2757818195b322a867ccfee4bd0f31df1208b3ee5ca459c595,AB,경기,47,09,12200
e9a978fd9a29ad7ec204975411261d81c94caac876402e4529349102e6262226,BB,경기,120,00,1400
b2fa8cfc3191f778c03ccbf6ea9417eeec83197aed86d3576665ec61352d4d4b,BA,경기,18,21,2200
8b04ba224354b6cc15bc647f23b31d8582c6c3a584b9de455e7560c48469f4c4,BD,서울,33,07,1500
2319da50ffbe5fc9a4d06d6fdec4af6e30592c0c4ce972d3a545c38cf94dff16,AC,서울,117,05,3400
e4535a6f9867f8938388fa6597d8d13f261960bb068f0209669bb093e1ac2e68,BA,서울,105,22,1200
454b870babf9c84556cb95551456188db44b8c11c3673856f091feefe7a9b480,CC,경기,51,18,2000
4a7a0cd5e9d2fa1407a692ff321ee666181d3e84068fc78c2589252088ae06d5,BD,경기,94,04,4100
46e21213cdb4773c384dc4a28194f808aa9acd971c26b4d5f129818b581a5ea0,AD,서울,153,08,1700
66f15a7792c8ee7b7b6e23b24f5e8c91b7db31a6cc8c1403bdb28cec5e100314,BA,서울,151,09,1200
66d90ac5617d9a750f2a34d627934d2cad30604269affea3cb867cab0f6e277f,CC,서울,98,23,2000
0b6d00beecb99dfd3fd4ea0de654535ef5b195c99981c5f307e2c3bc6eeff523,CB,서울,13,21,2000
d34f2b094806f8a11feb54c2a40673dbdc38ff4508c9a3705c7e6c128bedba61,CD,서울,2,21,3500
763d0b2532bb3a6a1a195c290c7dbea62dddaace54bd4c0e77b020bd6fcf9ba3,CB,경기,90,22,2000
107208fad5f85814ffc3988f28da771926ee4eac2019d096c649e6bc443753ed,AD,경기,121,21,1700
e1066b046f8b8c703d00472a124344469d66521b8f522212cad6556fe0c7913a,BA,경기,165,08,1200
e1066b046f8b8c703d00472a124344469d66521b8f522212cad6556fe0c7913a,BB,경기,149,07,1400
e1066b046f8b8c703d00472a124344469d66521b8f522212cad6556fe0c7913a,BA,경기,179,15,1200
e1066b046f8b8c703d00472a124344469d66521b8f522212cad6556fe0c7913a,AB,경기,87,12,2200
d22b0f6d9a2938e39205759411761097a9f6f843fd0789b15145bac7980a753a,BB,서울,149,18,1400
ddf1ac69c29e599c68d5a9ca9b3f47a57ef9da855924089310585858259915c5,CD,서울,180,11,2000
cc7f44135f16b39e5f9f3e59e7bd699267baaa6082e94ffa453eb4f51e9b8657,BA,부산,4,05,1200
a1f572dde05da1a08858f01c98971d1b252d30be223df02dee16b3efe77a07a8,BD,서울,36,09,1500
6e1de3283e28f2100bc401c102eaed8d7bbfff08d9bdcfa198f8cca1f332700f,BB,서울,153,15,1400
6e1de3283e28f2100bc401c102eaed8d7bbfff08d9bdcfa198f8cca1f332700f,BB,서울,153,15,1400
52ab1fcc8137a257de5526d92fa621becf76980aa53409953b50bca7699d3b10,CC,경기,115,17,5000
6336df9fb283ad3602b2ef806fda610ca65fca1ac56826e9fa2d7e7059f46219,CD,부산,2,13,2000
5336d002d5466dd1f39a4a1aca1c990193fba9bc34ec4366845c851e9babb4bd,BC,경기,7,15,1800
b89ba3743eb18fdb96e2d4a0e50dc462db9ac475f9a4872bff45cd8e8e7c577b,BD,경기,14,09,4100
b89ba3743eb18fdb96e2d4a0e50dc462db9ac475f9a4872bff45cd8e8e7c577b,BC,경기,24,12,1800
616a9c23c46b05ac8892aa6c68b0ce8c83c2055a7bd14f3ea5eb92b6f47c4ccf,BB,부산,69,07,1400
78685d316356291481db1afd00e8965a361910918e3bb392ca409e781d9acd08,BA,경기,75,19,1200
4994656e79e860c343ee255f8ac09fb1607f345cee53b0de801d4ad0d762b5f6,CD,서울,93,00,5000
3e59037e086e4df3288f2226e9ceedad68a4022cfed361de356f248ed45ad2c7,BD,서울,36,06,1500
66dfda561802ed9aa5b80daa4a4af1ab14d0920877abfd6a4f9d7a48c8d0f5a9,AD,경기,153,14,1700
08bcefae84689251fe3e52cab64a266b85c9120735c0e6430a77756b9dcd51a3,BB,경기,127,10,1400
08bcefae84689251fe3e52cab64a266b85c9120735c0e6430a77756b9dcd51a3,AC,경기,64,11,1800
24b1062ac19c8a9a5166b6f1bc9fa7af80746a33e08bda0e64a0a3668a5ac12e,AD,서울,123,02,1700
57bcbd5884d9d334df45c57b2b15c2b51df687bf0f3e9350fffa67aa02d9945c,AC,서울,44,12,8200
1c2f90494369d88d40fc4bdcb44db6a7b1a308924313b8e88908bfede2c48545,AD,서울,122,12,3200
a410c7124ea8cbfc65bad61ff097858693c90ad2ee617431cf19e90599d45051,AD,서울,168,15,3200
2950bd84df9ada3a3f43de164a701c04c57987584d9bc598fc4afa010fae747a,CD,서울,136,21,2000
99b84f6a9aa29dac4897290472903b36b9bfbb94384425a7df45c28ae87e183f,AC,서울,57,12,5000
26d2e9a88ad7cd6a689522e35a13fbf335103fe40364756fa063bdde53626198,CC,부산,10,00,2000
5ceb5ef40dd4d7af0b5af26218362d9d5430b0f75c6bb289bf9668c8d0f17e40,AC,서울,38,19,3400
5ceb5ef40dd4d7af0b5af26218362d9d5430b0f75c6bb289bf9668c8d0f17e40,AC,서울,76,23,5000
6c1b5b8d1142ff93333920f6ed5c5e87a9556cbf8f15e8fa81d31248889be98a,AC,서울,46,16,1800
0a2e64d686f7c8474f98826001afc0362b8336b03780da2482f369e7210bdb6b,BB,경기,126,08,2600
9492a91cf647b7c7769241463738b88e539cb613c2e8ae863a5878dcab30eae4,AD,서울,180,20,3200
a9ab17325c37acf66ec5788b5afc80826c71a84828a3ae5cb413688a09f6d27b,AD,경기,77,15,1700
ca3b747ebd7b7fa7a114153e7f5c3b760eaf3b6c5bccffcfb6618c7c58dd819e,AB,서울,142,20,2200
d86989599f058b7509d69131b1d1a010abdc352c5b59ab7075fb01036a4a1a30,AD,서울,117,14,3200
db9993de305554aeb877e94a936040b5849760f798626f8b750d53c5ccabf643,CA,부산,122,19,2000
d0f52b4d4c2b71c990438b03953ed822c96e1c345ac6a59b9f9449416075fd3a,AD,서울,172,19,1700
a17dcb1a7425bd84ed2bd612a08a43bc63dbee87c7d25d5a6e7518f0d187fe8d,AD,서울,100,11,3200
320d1cdb227245764a271b641eeeb88c7f4fe1d7eb1694dc4a390d92b7ecf924,CC,서울,23,00,2000
7475b7032adb52ced4f70602159b55ff71b7a4a47177a9dbbceb06c27afe12cc,AB,경기,112,19,2200
70d4aedd1f93e2fa031357e5c2bd790845f1a70f95c20d0175981d2ebddb0f88,AD,경기,134,22,3200
a6ddd8aa5b84fc6dc4b0db623b1e066c9ea32b33253c9998874b4219413795c8,CD,경기,99,07,3500
d5a4a2abe9d6cef0b3b9bedbfe54657d4566780fae00c21171ffff00a1c35919,CA,서울,89,09,2000
a7f54acb09d4bcb29e6b346ebe8f2cd1f0b52f0eafe7c9c58a085fb8ac42f043,AA,서울,25,08,1700
e0c62afe566638dc7ec64e6ac75a2ed32bb3b5075e8512839a6a86688accaf39,AD,서울,179,21,1700
2c6d00bc205c4a6008717cea1264d4806cddc71f7cacc06abf99fdb2555e2c9c,AB,서울,54,10,6200
37b6d62c62f4a2823f7786d61822465078ad6d86886fe6989ea7a3042bd5b043,AD,서울,126,09,1700
e40a81760100901ce03d1b3f3a6a5ebcf241d332dcdc77aaa6bf71aec7aa11e4,AC,서울,15,21,3400
6b017003a0ddf8f7df660e3a57d229e627610a45c8ce7e6aa2baac4458b8ed06,CB,경기,2,19,2000
c4f16e1f0fec8fd851c36a19aa58a74fbfa416129b75f408250a9fa268a4a9e0,CC,부산,112,13,2000
c4f16e1f0fec8fd851c36a19aa58a74fbfa416129b75f408250a9fa268a4a9e0,CC,부산,98,11,2000
c4f16e1f0fec8fd851c36a19aa58a74fbfa416129b75f408250a9fa268a4a9e0,CD,부산,63,10,2000
3b935d4d78f3bb9403c327daa6c70c0866cfcb3e161f4d5fd93efe5d4ed58322,AD,경기,94,12,1700
3b935d4d78f3bb9403c327daa6c70c0866cfcb3e161f4d5fd93efe5d4ed58322,AD,경기,94,12,1700
55b595bf85687419a57a9cb2454971ae9bc6b81140aa6a3ee023f7842b239d4d,AD,서울,109,09,1700
4174cd77f59b7569a03b23af631bdb5b3807f83ab8a37e13355355b254a5741b,BA,서울,25,08,1200
03150f026c6e8a4f239ccbd1b793bcafce3d45a30859e2f0a8f2b586500255b4,BB,서울,116,08,1400
f3da4e122c3d589d3cf063fa4753459cc92a366d4baee1a9653a1551f527df48,BD,서울,126,11,1500
05ec6616447d15b41f83b5798c997653baf3f4bfb179bc205d52d299f89aae95,AC,부산,29,14,6600
425613d156f600a3d7b93fb91c044f2db429a0426f86947328dfc20349325883,AB,서울,110,20,3200
488634beb716d63607ad76774da2679cb8aa439f08e74127457b02a046d29e9f,CA,서울,100,14,2000
61a6606a2768bbfae411a5f1ed6430c79a83bb6af291c4694a01603db5479f09,BD,서울,12,09,4100
515d8e68a094c21cd3f5592d307f4b1cbe9e4ed0d51bc220087a04991b9180f5,CD,경기,8,21,3500
515d8e68a094c21cd3f5592d307f4b1cbe9e4ed0d51bc220087a04991b9180f5,CA,경기,41,08,3500
d0f414518c8c923c316720299e5ff12ea3841f5ed09e439c30aefd40cb5c3a1f,CC,서울,88,00,3500
2a8cba841478c6f2494673159519119caea9bfa5c98d5735af381bb2bb810fb0,AC,경기,20,17,3400
2ac80b0cb9084738ecfb58e41ff0398d282a5cb3c4c08c88fafe7e9b86da2d09,AA,서울,164,13,1700
3711b143ae6535a0107580ad1bbf0eed68237948d331e359ff27d6ad2ca66bda,CC,서울,80,17,3500
1738b64424c96ea4e37b17eaf329ef075a526dea326c63bcdaf0f8012a77fe73,CC,부산,114,14,2000
1738b64424c96ea4e37b17eaf329ef075a526dea326c63bcdaf0f8012a77fe73,CC,부산,94,20,18500
1738b64424c96ea4e37b17eaf329ef075a526dea326c63bcdaf0f8012a77fe73,CC,부산,93,12,2000
1738b64424c96ea4e37b17eaf329ef075a526dea326c63bcdaf0f8012a77fe73,CD,부산,8,15,3500
1738b64424c96ea4e37b17eaf329ef075a526dea326c63bcdaf0f8012a77fe73,AD,부산,117,17,1700
4b0e7c8e20b7d1889b67e3544dda478f94cb3342e66f7d5103729deabf1db692,AC,서울,112,12,1800
45a34c46034ddf55407b1a5079d85d1d8e39b8fc5f1050f258f599787963cbc0,CD,부산,115,19,2000
7eb31ffb798b0fc64604478e8bc3af242be4e6fc7660b39481a1e6559b0da9d8,AC,경기,106,15,5000
7eb31ffb798b0fc64604478e8bc3af242be4e6fc7660b39481a1e6559b0da9d8,AB,경기,73,13,3200
06228fe3b697dd324eaf95a99f4250d732ecd02752e47b55d97205336006e15e,BB,서울,159,14,3800
cf92a09006d10194a9cae997b7da4f2ed4ce1e385c4c342217198e14dda4c24a,BD,서울,114,21,1500
8f04d3a9b7af00ed38949706d0cbc3e5088348cd8f6778cf072935227c349613,BD,서울,108,22,1500
38e4fd12e9dc7722d059b078fd800ed3c820cf02776d0b0e504d2c19f39b908b,AC,서울,40,17,1800
31ffb4bf8bef52837c7a645df92671452d174880d3ad003ac329927010c37443,AC,서울,145,18,1800
244d2e12a142c3fc94e2a3b795cff57780f4bc7378178affcc25b2dda078ccd7,CD,서울,119,13,3500
caede3e32f7219bdbe43cfe9238f3e5285865d94b512f3f5a1f3534db8f26bcd,BD,부산,114,02,1500
86e891a8b6c232103a1ebf7dc8fe030d513381c07aa81177221906154cce917c,AD,서울,86,23,1700
0064bad626aeec3254d49ae4421f04bb09e6ece60a3829d99db691fb8520cb5e,CD,서울,167,20,2000
3698fc98395e24c929febafee581534fd90ccf27d749ce35fa2c5fdf898a7933,AB,서울,105,10,1200
8d871a75cd914799b2ffe3bb247a80192290dc3433b98d40e6404384861f6cd5,AD,서울,128,19,1700
fcc2113f5da91982583ef6a3731b66b0f7a05a61abc7157609419967e78efc70,AC,서울,35,21,3400
9c5a6640ce738188efdbccc39849bf892478a9ca99fd2eeb71a3b89fe14f9811,CA,서울,121,10,2000
97d0a9739b2b490f6ef0016ecbab49a535fecfa29859a6ea08b3c2d8b33aed49,AD,서울,178,07,1700
766986aea57ca5277c794a89d369b7d3df3294b0d58c805153146bf42208fa2f,BB,경기,178,22,1400
f0412af7e2459157b17065b1020563635535ddfe9239d740406cd874c8c65fa3,CC,서울,116,08,6500
f0412af7e2459157b17065b1020563635535ddfe9239d740406cd874c8c65fa3,CD,서울,4,07,5000
f0412af7e2459157b17065b1020563635535ddfe9239d740406cd874c8c65fa3,AB,서울,47,20,2200
6714cc9cd2e513d5883ef5892996f8e6069e4386b47b778729c3b7127ab8e759,BB,경기,61,16,1400
30bd39206aeed3d419b4979ab8f9a056852d09860e43018d3d1c3fbf4bfe0e4b,CD,서울,144,01,3500
96f57736f3f42b76682c0c5b49b764b0042edef33c391fe3b46f92c426fd32a0,BD,서울,127,22,4100
227ce7879a9fb326d04f63d6cf65efadc18908c3dd26955247623e78e50c2809,AC,경기,156,01,5000
0151b8d60f30d0bea88c3dd0378e3c5b767a6e8f60263ef8f952b23b35907502,BA,서울,2,09,1200
0151b8d60f30d0bea88c3dd0378e3c5b767a6e8f60263ef8f952b23b35907502,BB,서울,147,08,1400
0151b8d60f30d0bea88c3dd0378e3c5b767a6e8f60263ef8f952b23b35907502,AD,서울,163,11,9200
0151b8d60f30d0bea88c3dd0378e3c5b767a6e8f60263ef8f952b23b35907502,BD,서울,2,00,2800
da1414679a9fae12fee2eba8b273d6b37aa5a3b1f55528fe107ea8f6d574bdec,AC,경기,159,19,1800
bec18f41937c1bad1f1db9b49fdc5df74fee0e9ace1ef4f2a2b8b33817804c7e,CD,서울,163,21,2000
294d78d7165eec416432d0e3295e16b7ed370c29a3c9f64659cc1f8a961486e0,BA,서울,154,12,1200
c730bfaf19e42a6cc0bdcb838a408f40184aa1ea5d7b8716c0b1ad05e42d935f,CC,서울,77,13,3500
6a89d44d949aa49a10069cebb92f90631116c57bc51a121d3c2723f565bf8949,CD,서울,153,13,3500
65a4a9680bc0306753b0dcd16c917ca52e9f0853d3fd802cbcad46706b6a4480,AC,서울,40,10,3400
664bebe00e9dcd0f9c2fd3c4a7ff3cd8e3b668d301c7275af719672456ee6052,CA,서울,51,22,2000
7874a1d0e9f3d39e7672ccf40c18080ea8608248428a3def7926b9ebbfe9f8b0,CA,경기,47,14,2000
fe7f2d7b5056d111bdfe145469e9341c439e937b4501edf1e72a709cbbca553b,BC,경기,157,02,1800
63ddf52af6e57c5e7d5678a54b48b07e671e33ca83841916e2a18c659a97fc68,BC,서울,78,07,3400
4c68ab6028d00f4ee400e43ea20c13ce25dd63d7ffbd8675a5d1ee12c6d03a15,BC,서울,171,11,1800
f4cbeaa033502fdb02eb0a9e11efa16ce7d794be16af61e607871e6bee304f43,BA,서울,29,10,1200
3e779ea5df8470b603648e048d3de12de84588bce69860030c09117260181eea,AD,서울,74,07,1700
30c66d53bebbc81c59e6888e0874a779b1b7785bb15a5f18fe9d52f7250dc609,AC,경기,144,00,1800
c2d681b3d86235056d8e7a277aee33ec80f12cc1ee0a6eba4a4531e43598d29b,BD,서울,150,21,1500
5b7b8fec50c2cef9ebb9ce36a4306afc2e343a018f181456dc5dd31904dd847f,AB,서울,101,17,2200
ce1d2f1120637ebadab282cbf16baa13bfb9a352bbb61dd80b34c5fd2f3bf4ef,BA,서울,170,08,2200
9ba398273cba0b99339d819c055baaa2753cd7ea7010cb8c64a85d7044f9a9e7,AD,서울,84,22,6200
798d45d3d54a761c1e8e38fe80ac031ee8f0d8245a27eafdc5b63653aa8ef062,AC,서울,55,23,5000
7da4800ad3adcd0ab1ccf090a52b74b3c2da144375674f3b0c49504ca19d2004,CD,경기,181,02,2000
0aaea99dcf03c38cd24268ef29e22d95276c9bd93fe25cd324aae7ab96a4c043,BB,경기,33,13,1400
5d0106ddc9cd973a75c9f373101b6de32bde1be9c15546502e0daadbf8806280,CD,서울,3,14,2000
5d0106ddc9cd973a75c9f373101b6de32bde1be9c15546502e0daadbf8806280,CD,서울,24,12,2000
bd36fd49bb8758630a48b9f50476c0c228c7ddd2258f2c3b9a2a67fefd4be293,BB,서울,132,14,1400
073a0b3c7cc24378d7eaf02a42562c9365048e299d01a147925807da814af98e,CA,서울,166,14,2000
9ceda036c1ebbb0a28fdb946cca9cce6b75e1f481810a7dc2f447d756e182e52,AD,서울,136,16,3200
6023ee7082b9d4301629378f7d4a449249aee7ca78b4c53fdc87d28ea47b78da,CD,서울,171,16,2000
884cb8f4a3d035e1244480d16f3c5eb5140114d55e86cd0bde463d19590aec1c,AC,서울,155,09,1800
0fb28a4610be213c6f3484c1464ae0506c88e4dd1841f2c556c80a734e81e154,AC,서울,39,17,1800
03e4810f84e4dc8b8dbe3447eec26501490cbc9fbf7ee0d8ce229c027d018779,BD,서울,8,22,1500
01cc3344f42a5e6a4ee4e2bcd0f96ed7d38703568d730dae3d43eb9b901c2b28,AC,경기,47,20,1800
185e45c920e79c13c8e6a439eb4f9547b40967d0f6712e7d53f53af977a0dbb8,BC,경기,36,11,1800
016ff4692f0ea0285075a4af94006940953ca64229f351032b8770d51e88db4e,BB,경기,120,04,1400
7f10a6780fc697227bbb45217ca8f63639068491f11fd3bf757496a924315043,BC,서울,92,00,3400
d417d3fb8390dc4d18a5b6e5d3aa873dfcd2102bc40794f111d6eb8fe6b19af7,AD,서울,171,12,3200
339841387e77ffa89a4f52777a45ffef1587f371e098ac88d9ac5db6507ad466,AC,부산,165,14,1800
c047f1ce577b2286fa4e5d7923786a8711ca4673acc32e20961e734d84652641,CC,서울,107,11,2000
c047f1ce577b2286fa4e5d7923786a8711ca4673acc32e20961e734d84652641,CC,서울,107,14,2000
e46ec9b94278d54c5899a2d27efac9b90ad589a6e76b07c5d20eb8df1767e3d9,BD,부산,54,12,4100
c508ca79267ace6371be7b80481fa0f76464a387aa8aec621d2a529b53c613ab,BD,서울,77,12,4100
908e9b8ab22c74367b320994e5ca47ee5040cfdf3cf7e860a9a8f8e4cfbd8901,AC,경기,168,18,1800
64917303687ed0e4af9bc490c229d2be5983812abb73956f43a215f24d2b1bd5,AA,서울,61,19,1700
b2695ec5a6d60eab6a5956017e0f2bd49484f00626c7f7a5a386f36e45caa6bf,CA,서울,91,21,2000
8c04f85ee534524ee81a174850850c2e9d661a3a6303c980d305b8a989ec8503,CB,서울,31,18,2000
32eda5d8786161a9a90c13a1ca1abc414d308ed8b71db701cea260f39a6e3a2f,CD,서울,126,20,2000
5f9a9b0bada5a21a5051cd3b3ee47149579634e8189fade071547667a0a105f2,CD,경기,101,17,2000
5f9a9b0bada5a21a5051cd3b3ee47149579634e8189fade071547667a0a105f2,CA,경기,122,18,2000
5f9a9b0bada5a21a5051cd3b3ee47149579634e8189fade071547667a0a105f2,AB,경기,19,18,1200
5f9a9b0bada5a21a5051cd3b3ee47149579634e8189fade071547667a0a105f2,CD,경기,12,17,2000
8a93ec0be6305479ec3634412900ae6620ac14faf1afe13b82865a4df315dcf3,CB,경기,27,21,2000
72ac1512a9d5b235fc2a28712ac5648f11b977d1b6dfb149db92f08bf2302fc1,AD,서울,95,13,3200
d66ac48de6d4e8896d192c65cb40d9e8b926f6c11b0ad6e5ab34c2c08ed71666,CA,서울,96,20,2000
45d3f8da412bfc3ff320cfd2bf52455349730dca3310d1f9fc0e3cca63d1063d,AD,경기,182,18,3200
584a5ad342a1db8e8fddab603fc7fa885ba3693aac7ee9a87545897384fd8eb6,BB,경기,123,19,1400
77e9b8e3508ab3031f33f0a02a9fc0f52e697e4e41ecd46169fa8d8cb62043c4,BB,서울,126,23,1400
f8f5bc5b418ba9df10986023bfe0d910426fc7bcc99116ce4322a9efa7a63463,CC,경기,65,15,2000
2ac78f46316fb86697fd69f199941c4ae3522684bd8942c9b7135f2be7af51ff,BB,서울,163,11,1400
18ebe893961de6bbfa0ce8270fa8aed1633a5e50d40b357b58e3a5e4404f9677,AD,서울,120,18,3200
e01dbe73ae009755932fc27229bcb80a02a9281eecea16e140640514d4799702,AB,서울,36,14,4200
71848be34ce543f4f48d3585f1569af8b3b827869fe5012c9837c143bd16bed5,AD,서울,116,19,1700
4208a78356fc07c48b22f1b01094d9dbeeb89add6a063f265478e0da2e92cd14,CD,부산,21,21,5000
d19925168d357effcd8f315dd806917c29ca88029765d6c98aac51fda71c9396,AC,서울,172,15,1800
52c699fc59bdd46aff666058497cbe138b0d312b49e0574e1bbc7643206e3107,CB,서울,9,17,2000
ab2caf4525f7d0b75ae44e9a601b7d5da221ec035caf605462d75437a6e67aaa,CD,경기,88,12,5000
41fb6afebaa9e274f2604dc486ee59081cdf93d9d7e5b95c3b2daad7d122e2b2,AC,부산,106,15,1800
158b77b4280ca31a34fb5bb998d03c991c8b83c0d8680ae14745d6ad51ad81d2,CB,서울,60,02,2000
860dd1a33a0ddbe5d406f9c88bfc93b87a60ebe8bfed6bd4b27903e1563fb0fd,AC,서울,64,07,1800
8b47c5f136f65920eb10c2ec4d33c560b38639ab7a1a0a64d14f82eb3dcf60e0,BB,서울,93,08,1400
ec420f1a9061359a51b9e2aef2a6de48ab8acd8c44855d3982022f150b231892,AD,서울,176,05,3200
2651da5ccad1bb8dfa76886a453f65bd1cdb68e93d2dc73b30b78b08464a6e7f,AC,서울,97,17,5000
ffbed4cd8ab3cae5196a8543d8d92b5972544a7b2bbe9832c345fb1b8cacf91c,CA,서울,129,00,2000
8d7c1baa02e42a9dfd777b1c509d38bf2b2a5845f7210178a4b90361ceb54880,BB,서울,96,09,1400
290eaa2c2768ccef30c0793d554a9bcaa9cb570d200e66ac046f39d872075a00,BC,서울,61,08,1800
88b8944ba5837f51cb279df009cd9bcf5a17cdb40ce3d4d7d7a0b584e0c1c004,CA,서울,149,16,2000
bf7ecaef0494edf0b5d22094a7f21a9442bab60908f683155753da9d6ad0dc87,CC,서울,75,20,2000
f96f26ade1eedbc3e6a9c069edff0c3e50751bad7d1c90330f16376ae49b194e,CB,서울,89,01,2000
8a7fe45866eed927636f3e0b4b615f1730c3f7100c0d50babc41d25cd383b550,AD,서울,85,08,1700
8a7fe45866eed927636f3e0b4b615f1730c3f7100c0d50babc41d25cd383b550,AB,서울,153,15,2200
8a7fe45866eed927636f3e0b4b615f1730c3f7100c0d50babc41d25cd383b550,AD,서울,126,08,1700
8a7fe45866eed927636f3e0b4b615f1730c3f7100c0d50babc41d25cd383b550,AD,서울,119,08,1700
342fd08372d9e7656b8286c4981463889df8b3522a8797a170991d82180abc9b,BB,부산,109,20,1250
c5015a43cb602775f025d7ae517193d6ffbeb4f08b0545d505ad9710e5805642,CC,경기,178,03,15500
c5015a43cb602775f025d7ae517193d6ffbeb4f08b0545d505ad9710e5805642,CD,경기,94,19,2000
af3dc3f6d530b826b0e09a51fc50ce27b1fee35e98f34f76a2b9876b1986c868,AA,서울,18,12,1700
f34e7ede15fe685fd773cd34f5068fa91461f1737319126b69b88a509f96e2f1,CA,경기,111,15,2000
02ad43635ebb515a4cff3ec100053f19c6b66fd77014a58e05bf0438965f80db,AB,경기,120,08,2200
02ad43635ebb515a4cff3ec100053f19c6b66fd77014a58e05bf0438965f80db,AB,경기,132,08,1200
5172991d15cf61159b69b289611749caf2ff0dd5c228cb79eb7eabb09c6fa980,BB,서울,137,13,2600
dfc328d1da4d8e5accd1dc78ec5e21ce17d210c16f9a5a4e2b6833074f117689,CD,서울,27,12,2000
1ab58aeffba5f416b9c705c2b00b831f5f484a175adca6a9650f27c76b841b0a,BD,서울,157,22,1500
c7a4897f679d63b45c922d7f66f861fe9eaac375a555c3dd9c4fc65e70e94a94,AC,경기,136,14,1800
571883095eae2303b70528cf33e3523c19eeb97e0ce3d57b041481eb43968984,CD,경기,20,10,5000
5c4aa5e8b503b0cfeb4759a5ebda04a10d7ff6767ae388989476ac37e8d75f8d,BB,경기,108,20,1400
cf5f8bb543b344f44479f471954442b5f21bc863ee1705508d3799e3552ba4ac,AC,서울,114,17,3400
12d7b7cde7d6d972dbc2b9f7faf74da6b79ec3479471996d3036e406dda71cb9,CD,서울,21,17,3500
12d7b7cde7d6d972dbc2b9f7faf74da6b79ec3479471996d3036e406dda71cb9,CD,서울,178,16,2000
aa214c80379deac05ee87902950d6086d2a3bff950da73e69a008082252c1e3e,AC,서울,112,09,1800
534a016bdb1fa334ed0cf919493a8f925f04c5d3bbffc6ae9d84deb68234801c,CC,서울,151,01,2000
534a016bdb1fa334ed0cf919493a8f925f04c5d3bbffc6ae9d84deb68234801c,AB,서울,10,00,3200
62da55e871fca86033ce278aa0a1278ee8220a04a0bd8762f84931f01c7796ee,AC,서울,166,20,1800
261fa2388b6554ca7ee945c075bebab7985c8c77b75de9f20832844053dfb398,CD,서울,158,00,2000
57cd432ca3c8c3a5ed262ff4dd952070949b71c2edbfe159ed2e2d3cb9189b4c,BA,서울,18,12,1200
f6758e55c75f6fc602721ea173af3a818fc29714dd8efad6d29bf223d85e10a4,CD,서울,145,11,2000
6859d5559b05d16d7fbf53496bdf6a412888aaf562695a89e8d777b808c62f85,AC,서울,139,23,1800
d5c9f601bd47f7059785cb3a2bd07bbaf44ae2818fa56ae0b505576ecc66a7fd,AC,서울,8,00,1800
0640b97167a174efda9f4d87baa3e42de9f82f20e29581abd2e07dc20b0fed40,AD,서울,91,08,3200
a7c2ce1bc03845caf4628e12140d01d0e8ddb5d73292bb2cb549b05d615ca765,AB,서울,166,13,1200
d8f1ca9c5e4809ea220357c2f6d7a90cff42edf8af31b4eaa647539f9a4b1127,AC,경기,93,13,1800
857ce00d450fd8f516d11182f77849d84d75caa6c6a51ab67f3799b8a685b121,BA,서울,156,18,1200
857ce00d450fd8f516d11182f77849d84d75caa6c6a51ab67f3799b8a685b121,AB,서울,7,18,1200
857ce00d450fd8f516d11182f77849d84d75caa6c6a51ab67f3799b8a685b121,CC,서울,129,23,8000
b4716e4be376e1fc45c472bd2bb33a5ef8af926baa6b9cc70b431770c5e1ce30,AC,경기,162,07,1800
d70d63836f8b79b8ff2f1249fb4baea7abe1b81b9ff1c763f2fefac4600d8072,AD,경기,178,08,3200
88528b1f10f39d35b035460a4cdfa7ff1b36ba1599564673f7868036f9195cea,BB,경기,132,12,1400
2b9a66a2b7109ef5cf6e4ad9d946fc88ba6c31f11ab0cbd7c963326e6c7d21ca,CD,서울,102,13,2000
fb76ed68ee5e11ef6b5f9605e539d39ac10e2cd5f81cbffb51c4166cf84b3995,AC,서울,127,05,5000
6627faac7b9819d2fc89a4c31f808952f6e36dda115c811707a74634972effb6,CB,서울,44,22,2000
c4f62410df8a41c58e532e1cd53c85ce8e2b16e216a8ee81b0dcb35dae0f4152,CA,서울,10,13,2000
858372ff3f68f62a8af2a78b5fe3d04989e9bed0a42390bbd1ef4b36baa47efe,AC,서울,33,00,6600
8ae819f7722a628622f845dc93307f846c0cd2db16dbd1082da349e33381cbfd,AB,서울,37,14,4200
5b1b84f803e04560d06c959fe54cf34a65773d107a8c9fac680cc29ab8c3072b,AA,서울,60,08,3200
5b1b84f803e04560d06c959fe54cf34a65773d107a8c9fac680cc29ab8c3072b,BD,서울,58,19,4100
5b1b84f803e04560d06c959fe54cf34a65773d107a8c9fac680cc29ab8c3072b,BA,서울,77,08,1200
5b1b84f803e04560d06c959fe54cf34a65773d107a8c9fac680cc29ab8c3072b,BA,서울,148,21,1200
1ce6aca4acbf9bf02a2d52bc41a30d6a445194adae18e90f76f2ca82ca892ca9,CD,서울,29,17,3500
d9ae2a6b4a9d788f3aee9695a6f4206e5300ab8fb4a2881ea9755c27f5e29a03,BA,서울,80,08,1200
2194748117ac8f96fa6c2a7148a34345191eac0bd13ae7383a4ec84c965b83fd,CA,경기,36,00,2000
0b15c070d5a88c7565e9538c46737a3fbf03a3c96e7e8ed5f096927355cab5b8,CA,경기,161,22,2000
f7a741866467a030c25830b9bd4174e5c730d6b0fad39a0efbba63ae3fe63717,BD,서울,90,19,4100
28bc6cb624d306eb824e930e59c4995bc00058ec35a0a72c49931dfd45bbae2f,AC,서울,79,16,5000
838265696ebec254b0fa2b1bb270ee46a5876458520aa1b35c80d1e7b8634273,AB,부산,115,22,1200
f7b0a958018d24c52b53f46a154ff61177f3c2a1a124375ec5e81c5e6297455b,BB,경기,164,09,1400
5e3a520cf0e64b3a5f3229df4e6e45ebcd8738314722801de88c099aae55263d,AC,서울,86,19,1800
11a63fcb84806ef2301ed79a89b0c6556327270cd9a00a2bc537198af1264f77,BC,서울,124,14,1800
11a63fcb84806ef2301ed79a89b0c6556327270cd9a00a2bc537198af1264f77,CC,서울,75,14,2000
9c661db79c0ab6cde63d6ec8010d1dcf3cab55cc4b8917ac44dd33d466ed2c18,AA,서울,32,02,1700
dee2e3104532a3e1d06e642cf43d9a20e5dc34ea175574c88ab8eb9868dac05d,AA,경기,18,18,1700
7f5eb9be54869fde3b386ea2fa9b166fedae41cd1786a8ac9301d3eecf0b29e5,AD,서울,12,08,1700
a5de0dfb70ca10e1cf72bf9e1548669f0722a6a48781a3dd11fd8a3c7fb6d645,CA,경기,28,23,2000
efcf1afa2cb3e2d0a8242388f841952b9ff7ae2815b03505db012bfd63e8075e,AC,서울,44,12,5000
9e7d56901ebe04302c445d56871bec07524c5329bcb23d394a944934b098a636,BB,경기,39,19,1400
c7534efa4521e7a17fbf41800ceffe307155a3c9344ff9fb8626fb1cb50c9e5c,AC,서울,69,23,1800
0a062b7b4b2f2375fe061180a1d0ec90155d85aa2aed7622b911f8ab22783547,AC,서울,138,18,1800
02ecc355ea520c234d8e2e76a758ec4549892e9eecac2c4f498da3e4ee64c9c5,AC,경기,38,22,3400
65822dbabab3f2dbf23c1f2a4301b54e3a1a99b2f3f42cfa03797841eac7b537,AA,서울,125,14,3200
054ce50f911ae4ad0207c81ce6229d4af01ded612859887a8b86443ea969f8a9,BB,서울,112,10,1400
255d1310bdd54005e3914ad807d689a9cfe7103b7783376060398679a5fb5dc5,AB,서울,169,16,8200
c78583ac37ed83d056da24a978b155a630eb87cae3e3de33354595a00b79fa1a,BC,경기,94,20,1800
c41595a3076a54a18f12a7c8e8718ee8c76a5139ee5ab796d88034ea6b958fdb,AC,경기,41,21,6600
0bcbf944e0817cbabca697a760b96365c1618e4bcc1ac5849f486de8bd6f5208,AC,부산,179,17,1800
2458cb376b0f6fe72bd9038e96b5c42bacfe8d1fc59085e82f57cd593cb6d6cb,AD,서울,123,08,3200
8430e4a27321d6f9fca966742a9be943f695c67adc33d87b991aaa3cfa905caa,CC,경기,145,18,2000
86ae8d27f0c886db870e81ccc90fb2734048a02de13c8b13ee5edc1faae1f775,BB,경기,108,14,1400
34f402e41ce1a7325e74e1550327053c05eadee8a0802744eccc3e0dc8c5b164,BC,서울,15,08,3400
34f402e41ce1a7325e74e1550327053c05eadee8a0802744eccc3e0dc8c5b164,BC,서울,119,08,3400
a69c9b2bccf47f79ab9d204335646e5ea988207724b37fcfc608070b15ea9bd3,BB,서울,63,17,5000
a69c9b2bccf47f79ab9d204335646e5ea988207724b37fcfc608070b15ea9bd3,AD,경기,44,08,1700
a69c9b2bccf47f79ab9d204335646e5ea988207724b37fcfc608070b15ea9bd3,BB,경기,71,20,5000
a569763ba0a696e014cf526f70cc4e528d5ddc8e183087bbb93567e2bb688a37,AB,서울,92,10,6200
6fcbca1e8cf0ce26ccbb875340e6d836eedf7d1f98014bf39511791f8de4492d,AD,경기,98,14,3200
32b37116ae123127060c7cc3d2bfb2ef12b9fed1a03274d365982f281cd73fe6,AC,서울,19,18,3400
293f5e4e1c47b264e10a753f3cd43983a32f2724a195fb70e67d646238908cc3,AB,서울,112,13,2200
9a995323f24dec516c69e0026e4e43c6a20b0003c02f1a77e5344db819d24e72,BA,서울,111,08,1200
56331919c8a3142d51de0de22bf502f988067bbf9a7bfa89f232c9718de60e09,AD,서울,121,08,3200
ba7cc2a9608edd05dadb3abe814366f2c779c1741058405dce031c5259b0efff,CB,경기,43,08,2000
22cf553483417bf2f813557021af23a019b411f69714bc17187288878f1f23c7,CA,서울,166,21,2000
f937d30a806ee63504ab29cb08bb50810b8d27852349ca99f8392a662060144f,AB,경기,158,15,2200
fe36681423dbbf100e69ac1002206da7a31c4ae8a19c77d16fb4892871b01b96,AD,서울,70,12,1700
f95a3ceb3d5a7947f8fe222e94913add6451268ef18dcce372872e9caf48e3e7,CD,서울,33,02,2000
cde3d4e02a9dd9036f2f1f819e812cffc7270fbbbb946818137649a76bef41a5,BB,서울,51,23,1400
9088c4ea859a55cf3734707c61b097495e2407d9f45b1ac51016624074468ba3,CB,경기,75,15,2000
9cdc5791d6ace9e443c7df2109743c9da6fc36b73eed829123ab58d6d8d0bc39,CA,서울,123,11,2000
2bb9245c3c3c72069aa2e2141f6d2b849a57c70ad88008d03a2d4b7afa542c98,AC,서울,60,14,1800
2bb9245c3c3c72069aa2e2141f6d2b849a57c70ad88008d03a2d4b7afa542c98,AC,서울,39,04,1800
c67e63307ebdca9e142991e5c6e81bd90aadd41bf86bc5734d3756a2a3fbc5c0,AB,경기,96,16,2200
d89d17396650c1401ef6f6f9ba3b8c0058b32ad3b2fe9ea6938b388231296a5a,CD,서울,178,19,2000
61f307f5d2deee8a3cdefd73ab59e3966ce044c8545a216f1dd6ce9c68099b2d,AC,서울,109,16,1800
eb9721729d75e2d43407e4804be334cfd159f68b591c32c26b29a009569697e5,CD,경기,125,16,2000
583ebd5c13d35b99a58dd0c2dbafe799d75ae7279742f6f6bf118f418ae1e0cc,AC,부산,52,00,1800
2edd41e38b29914ee6f3550482ec4aded96d381be0abe1230742998471f36a15,AA,서울,76,19,1700
fd425534b54c525ec01a6b90accfa666d196f384ec80a08fdd6a22a24373e724,BA,서울,155,09,2200
fd425534b54c525ec01a6b90accfa666d196f384ec80a08fdd6a22a24373e724,AD,서울,115,09,30200
fd425534b54c525ec01a6b90accfa666d196f384ec80a08fdd6a22a24373e724,BA,서울,51,08,1200
fd425534b54c525ec01a6b90accfa666d196f384ec80a08fdd6a22a24373e724,AD,서울,54,17,1700
0307f8de23d06d4e96a383d6cb3af93e2f3d65c742740ae3c683c913451e37a8,CD,서울,4,17,3500
96353414ed3fd4ee7fd35b16fed457a3068501126ad8f37a56fa9612a58fa10c,AB,경기,115,09,2200
743238ac56e354501980f437e54f8292c3f8aac377121d3f057791e00a9e33f1,AD,서울,115,09,3200
18cbbae5aa476ed2317a9e6a44931fcb52a0284c57807700b96b0dede8bcd475,BA,경기,71,13,1200
1c6f5a79096f070ab05a29b1e0c8ec998321b9867aae6e01f391aa4f89fb330a,BB,서울,127,09,2600
f17ac1cf89f64324e96c58486a6494e3edea083dfba61f5f9cd5aef8f89b8706,BA,서울,54,13,1200
bcd8d8b694ff284f5909cc731148f3ae255a734b78ee005e885c0a5692b98958,AB,경기,126,11,1200
6c3c05efe98003343fd7580c9063752a2df77046741e8a11b74dec7827b7e650,AD,서울,82,18,1700
a652285d705e1426c7a7f33047623e69dde57d044c9395d9df98bab538378dbe,AC,서울,50,17,1800
115572a7769d6bbdbec5869e2556d5da02982e3b5bce631b92bbad05b05d30f7,AA,서울,63,09,1700
13743f14646f9bc9780cbd9220f828e5ce8d0a8eb40ab22b2c5afa180e0e87a8,BB,서울,4,19,1400
4e7cbdebb7516e8cfefcd4880a82be65ee53248725865aadb028fdcaf6928770,AD,부산,114,17,18200
34db4b318615b6d98ea7549c10280dbb0eb24c3bcbbaf5de2a8e000f05edcd5f,CC,경기,146,19,2000
84409b08be8e85e4d5a5220fc99f8f227471a5d215508e5e6a22f7eaa77407ad,AB,서울,30,13,1200
275417d1e3fbfaf5b9b2adfc641d83deb9cfd11c9e2d1dde098e6ef5b7e6e063,CD,경기,145,13,2000
813ba0e59f921592cd2199d26cd04fc0e671c6baba444b207c88f0c52aa8a09a,AC,서울,14,18,3400
8eb9baca2c270dd97d2277de261332dc0e11a65e2778ce05ccd28eccef4451c3,BB,서울,124,15,1400
b204840706b0a23372926d0623a42252cde7f134dcc8e79341a47027e5333e96,CD,서울,71,21,2000
b204840706b0a23372926d0623a42252cde7f134dcc8e79341a47027e5333e96,CD,서울,71,21,2000
fbb8d31aff1b98d223ce5f0e08a68c79d2e177c0d0c0d2657cf3e9bd1ec0b063,BA,경기,118,06,1200
8923cb091d96d58627d8d799afb4054c6d8c92ea51a388b7dd48a3cd3673260c,AC,서울,20,19,1800
cd71e9756e1758ed2b4800aaf23801fc2c75d58a616b5e1c9efa0845b870c339,CB,서울,61,14,2000
26a099ec345bcb0bc45f6c918dab7dabdeca7adc14c064246cafd4eba018854d,AD,경기,144,13,6200
ea9c432d4b7a0480686b7149b4d5b8ea71615d67ed917e30b0ee9c7649306da1,AB,서울,67,22,3200
34180df51dfb2e58ce5683d659a2e1432ad937992f186e62ef197c0e15da80b1,CC,서울,142,01,23000
3502bc138be2694af9fb02c8baf04560bab0d219fc6acaae7202b2ea3cfb3c1e,AD,서울,134,12,1700
b157a3cd871414a5bfc21b0ace461af2c82cb39cc27fcddd5c7502646f2c426e,CC,부산,162,16,2000
138a04e994314ca5b45918b08430395f94da6b8f6a7a2f5c04fca95a0af23d25,CC,서울,141,07,2000
574fa58b380c75b9347a2685e491bbd794c805d02ff4fdd9ce8b9a4f6a3208ad,AD,서울,56,06,1700
d8d6229e23b042344e20d5cabef74113097255fd621e75bae78fba51d151e799,BD,서울,95,09,1500
a6664aefe5522aa04bf9a1ea4ade5afe9a19dc54e4a1efa960d84e5d0fe492b7,AD,부산,104,22,3200
1b92815f33a83e50d2fa491c03ca891abba67b646e85da5bee3b8438ee5cc17e,CB,서울,49,17,2000
d803989054040929253edc1ac5db1e039ae0f8e684c60f99cbf381b062e27a70,AD,경기,134,12,1700
c015848081666542c81fa85ee9b0c1b8be5c21188ba90e4d6a1bfad2f27b2c78,AC,경기,47,17,1800
8e81e3a6d06887e212b4c4d16dbb9cb9da1529abd3e207f1fdd55926984e7a30,BD,서울,128,13,1500
37c2db08c11e4b6cea0844681d9e5449c3d7b1428fdc754e44f204d7ab3a4d13,AC,서울,73,18,1800
6745bfb32451fb839cb6894e8dadae8bdeda0b9f175179fe8edf8cd8a437dd26,BB,경기,62,19,1400
6faf8c0dc465ff6fd129bb5f3b7326992eb1e95813f30628d5c9b3a109dd8095,AB,서울,98,14,2200
a96fdef002d6dffeaee54e155761f80bc390c03915f9d0f050b849e018da3cd9,AC,부산,4,22,1800
a2049a8e3a654fa8d568addd00b84d4874d9a05b0e3564bcb93ab2c391e4deaf,AA,경기,179,14,1700
9a7e8bd015990df1a98c64d036aa5e7b853ffe1bb299fb132ffb1f2327866678,BB,경기,89,15,1400
b7e01edb31be20ce9e15ccb2ed671c3743d328854842a0059a1f06f8219560a3,AD,서울,165,23,3200
57d9e736241616354259348331d3971b5a09c7b135e81b0cddd87be552b9a8a8,AB,서울,143,16,2200
0419dcba4f563e2b286cc78a9054643660f1a2ef0bb1cd8082beba0660ecc3e6,BA,서울,78,20,1200
ffdaf051f756680ce7bb73450101cb3335ffcf089a92f6393beb28c3c738fb7f,CC,경기,150,18,2000
bfc315544d1e0349bab91ff38429eac7ced5370a6a81cc10bceeccba3368990e,AB,서울,66,00,3200
0141cc8427a3a930e74b18239a09470c05d2ff5b1051b24942652525a7c87131,AA,경기,135,21,3200
fc045ce808f90fb308af7f5d5494835dcb370fbf23ccb68c5f4c06f26da29f9f,AD,서울,145,09,3200
30433aafe4d0b9f321931332e95cca2cfc92be745fe4dd23f498d983ee659f41,CC,서울,15,19,2000
2b50dee9b7e2c9ab6c3efd5c853d7fe9aa19127479d9aa455e194e4f4748c74d,AD,서울,166,18,3200
c4577dd2b8354dacf8dba7700ad02fa3a1ec276e8f73fa90db3fc2e7eee4c5b7,AB,서울,156,16,2200
3006f1aad1beddf854afcf9b057039fc9a0e04600fc2d36b74605c5cc1ae5e9a,CB,부산,114,16,2000
87511b478cd88f457a218a1b43a331bd77439ade503712ca2ccb369e147de262,BA,경기,177,08,1200
87511b478cd88f457a218a1b43a331bd77439ade503712ca2ccb369e147de262,BA,경기,53,13,1200
698930f14f07fd152ede96e4dbd898ed164c393d4ef5fb60b766e49714b84f46,CB,서울,91,14,3500
6bf6865b4190db06b3ce9bacbbe2d787c829d0b4997862abb81e473bc9c67aa0,BB,경기,102,17,1400
d7632427da40ed952559dca70d27e963a3467f754f9d3148da8b11ef76c0f3ae,CD,서울,109,20,6500
b1723fc3a663835ee1164185750667f15a5372c21ff903b86a98e68c9276f7e4,CD,경기,20,19,3500
ffff2276e5ca07ffffe58dda2fae1c368d009187879145888acd27afb5f0725e,CA,서울,62,19,2000
656b4068c07f0ca87e152259fa82163822d2aa1baee118f387f0f022c74cfa90,AB,서울,116,03,2200
553ac1e82e6637f4b0f387d020acb6de23dfee31b67a2b5932cd28d48b039a6e,CD,부산,9,22,2000
553ac1e82e6637f4b0f387d020acb6de23dfee31b67a2b5932cd28d48b039a6e,CD,부산,9,22,2000
4c8424a2e7bc843ca8a26d48669bd8e02bbcfab9670c898f0e744746a60611e3,AA,경기,151,17,1700
20ecc3b5809ca43caa6b9fdcc2397d9a7aed6d82894c0683ddf61649bc476d99,BA,서울,78,11,1200
76e9d747b14afa69f4825c8a04e877cc77dadd036b0108ff0ff89ede94b780be,AD,경기,136,10,3200
17dafeb8c9cb7f4a6ebabe6c4a7c4f02fb9883da781302e36952bbf5cb441024,CA,부산,27,16,2000
06c1052e98b1e019d3de8260b71535e4fa817149c829a2ce289f710faff7bea3,AC,서울,98,14,1800
d2731ade935667d47922e35a805625ee31c6bbc62d44d8aa89f2f569749ea2dd,BD,서울,40,18,1500
4419804beae14433db33d7f0b0ef1a48a51e2d22cb86585e9627f9042ecd649d,AD,경기,136,20,3200
331aade996568a24daf935081612b5fabb8da27034b995117ad1aa4e2c9f4f9e,CC,경기,128,13,8000
c87b2fd819787f2d56273e6568e9b879f34e7688115e87544ea34eac02000e18,AD,서울,96,11,1700
6d6c1c88877b66e3ac9e84605fbbde7861756f8b15fc65c749b7a34d2498ab73,CB,경기,87,21,2000
296aa9becb73cc779d981278e27b8fee9e62e2188fa435db326c31386133663c,BA,서울,80,10,1200
ba7af95fec5805274d36f8cb4ee2067388f1be2abf8abca1fc3fdac657e8777c,CA,서울,103,20,2000
d19bf21869e045207e390d96a654412b98218a5fc62d8e9915c650e931f3e8b6,AD,서울,154,08,1700
adfccf0087d764293b54bfc98372a620160fcfc91c7bc249807db14b3b646e1e,AD,서울,45,09,1700
c51bd6f454f179d743c1fb23a25af7ad23871af06f4bbdc700ac256ed7e29b0c,AD,서울,87,18,3200
765b4eaf6f6dac9d69643839b9f6f4740090ed836dfe2077d34d04cd6b120f07,BC,서울,113,20,5000
a13d1b0dc99f67f2550ea05f476e315f26a2a49ffb149bfa4a2a862bc6d44e55,CC,경기,163,12,8000
e87d3a3a92e511d588cda35a0bcf525c43a37da9fd49990f5772fa57181baef7,AA,서울,39,15,1700
ac6a87a4ec6e04cb7339bc09aa4a8e86db6cc34b8b913849523e742e6f7944df,BB,서울,136,21,1400
9efcae8d57ab388e764cfc73aec508e87a9de2500b155221dca989165d7f3fdb,AC,경기,127,20,1800
8e5954b055639379cc4747488a4c68a5b804c375fc8977a7a600db8b750a1b10,AD,서울,172,21,1700
9c578a789effa554fe87bedfd3ade42f37dbd32a0287f01b912dced43ecb4184,BC,경기,16,12,5000
253c05159d9a358377cd3f329ab9fee496cde76677c7260220e59ba296d1bd1d,AB,서울,158,13,1200
ee6160aa66dc3cf3bc6df4651b7e59cd3189679ba65d3cc3e76f6bf971ec5d2b,CC,경기,71,17,3500
cc5fb0f6b663470892343f70d08eca1a15df6cfa1380e5a2ac1336da067c56d0,AD,서울,181,07,3200
e059fd01950f1ebe75265ad52359d88f7e5efa6eca96454ba089ffc0431a1411,CD,서울,3,11,2000
d9757f7a26bf67d2826e6ca35c8656dc6d90ead2fc1166fc870a0e10562bf154,AC,서울,56,11,1800
63b4a22c323e1dd38c37774a23698600ebcd16abdffacfd1cd3c61836c25035e,BB,서울,82,21,3800
d61893ab766e8c154c10acfed298d582a28b2ba5969094fed2de7377a8dc2518,BA,경기,161,16,1200
de86c4109bbcbde78f324b61329fd5142f957432e93a0fe6e43831b6d7ff307b,BD,서울,21,18,1500
6f60b3041bc20d9ede5c311cd18dfa3652e3e4d4ebcc2679e4e15167170912f1,AC,경기,41,22,9800
6f60b3041bc20d9ede5c311cd18dfa3652e3e4d4ebcc2679e4e15167170912f1,CB,경기,19,10,5000
6f60b3041bc20d9ede5c311cd18dfa3652e3e4d4ebcc2679e4e15167170912f1,CD,경기,67,17,6500
df520b37a7ae3a4c66cb89033a43f671bcc206c1d9785e390baf8ed02d14b63a,BD,서울,22,15,1500
2b90f2a3e36e995e6eaff9f513ec5d307d4b62af323d1eb72469e5c457905a58,BB,서울,44,08,1400
d561e74d3ff432f4fe0d1a2c1698ab17667d0534644c307432f5c19ee49ed0d0,BD,경기,181,02,1500
e0cba558ed3231334b3f6e0a6caa46933f4d797840b4427d7468c412a4e2a822,BD,서울,171,11,1500
634e3c1fec43db63fe2de4e40813d9feb3d13ee551c56c051d5cd806a92c9a9d,AB,서울,113,16,2200
b93cc734a441aba8c31e1365e7418cec76c73e1e89c0bc0277b3e8fa7378b108,CD,경기,165,16,2000
87a7d6c6f81b1114bb5e5e8d82d3a8c562e87c2ccc8bdb32fa7858f923eafc66,AC,서울,28,12,3400
46467604bd9db68bbc37b7e9c68672cc1de263cb0b4f961ba5c5a728162d2889,CC,서울,78,18,2000
993a5160d7be28781efa286add7589d5931bd2657928fa285669850764c9fd94,AC,서울,63,21,5000
7ff63c7428d8a51e93f609739cf89995fd04402ae93659d6572534065c11a445,CC,경기,104,15,2000
f5317ddb98752b08bd25e7729aa6d3c6472d39dd336c4b4bdde4821699ff7ddd,CD,경기,22,19,3500
f5317ddb98752b08bd25e7729aa6d3c6472d39dd336c4b4bdde4821699ff7ddd,CD,경기,22,19,3500
efdca8b4cd885436356ff56130e575daed8a98ee53c9d550aa22318fbc4338e3,BB,서울,118,11,1400
0799b186165ace8e3fa10e8b1683a2cb9420a923dbe920610ad5db526b1c5a61,CB,서울,15,05,2000
bc208811ca00087906508ebb9e8848f9fdfb3eaa495318e9c6c50d38a1e0b8f0,BB,서울,172,21,1400
1741e4f6b872fd7ecc42f6bdbcb6e97ae7b647a9ea2b797d4122042aeb57af4d,BB,경기,93,22,3800
a68229ca887fdb6dc606db63c27288a61c34a2e6cd576ed66864e79c828a9d13,AB,서울,102,12,2200
3265f7723ca463b563bad45dc48480aa72c65b1ec89bbe17324c0930de779781,AC,경기,132,09,1800
a4563763a791a395998821a7c80f6aa5f007279425e38bd2bf13aaaf024184d5,CA,경기,167,18,2000
0b7c50cc711e32ae828a3790a6c45bbf740198ccec01a527a5d87f09d1bb9f74,AA,부산,128,23,1700
0b7c50cc711e32ae828a3790a6c45bbf740198ccec01a527a5d87f09d1bb9f74,CD,부산,107,08,11000
5b5e45ad0cb1a047f963f3fed48ae98e529414e268cd0b5d811c27df7a13f47b,BB,서울,116,19,1400
6c9f4a7eada5b88f246d48003c15be3a9c8292237565c5e2d6b87dad81d53c7f,BB,부산,90,21,1400
831c0b651e79b03a665538d7ffe827e55d62bdccb58966b3a8c9ba549eb72dce,BB,경기,49,22,1400
930aae4d3736c215bc8ebcd0fa05d3a5e6ae8e469ce19b6432aecb9b0097544a,BC,서울,27,19,1800
2b1ece69fd527017903f79847d01a3c9edf42e95c5ad1085c579482d6e83872c,AD,서울,129,10,3200
b3ff2ee6972bb00a03c64001b084c8f539ae5b21e0a79eddc3985682d1112cb7,BD,서울,17,18,4100
b0747c79cfac8bb9aeeaf492df03f09ac265042b25c2f17435c8c841a079fc10,BB,서울,129,13,1400
b0747c79cfac8bb9aeeaf492df03f09ac265042b25c2f17435c8c841a079fc10,BB,서울,90,12,1400
85e21711d6b8f53511ac22e275a44793a9a939d16688fe87ae82c1e1a8b49658,CC,경기,71,09,3500
9785c729eba308b392e3be03e53f7986bddf5aeb032da7db0ef771e458557142,AC,서울,151,18,1800
b6692b64966733d7415c9c3f808bce8c3d3fdc13c6641c8de268994edd68bc7c,AA,경기,13,18,3200
f762a427001dd6cff03dbf808213026a07f75c3aacd44390b78a1ffa5ee5cf77,BD,서울,175,19,1500
05145e8bfe79b8eec8dac2154a404204d9e426c7e94435d81350f0b545057ff7,CC,경기,62,10,2000
05145e8bfe79b8eec8dac2154a404204d9e426c7e94435d81350f0b545057ff7,BB,경기,19,05,1400
bfc312ebbaa06eab0f59e7b677f9ca8f60e77cdf1cccf91d364530c4db4ab510,BD,경기,181,00,2800
aeff9054e2e8953e64468f613bf9a008a641813fd494b47273938e639d3a44b4,BA,부산,29,08,3200
5cc65a487927f7759de49440fb85c60c0f4d361f47a1f0ec720847f4e5a3baa4,BA,경기,17,09,1200
c757c31ff8380c8b28491db62f98f45353bc87ca3a4dfd02c7f6163a94958e06,AC,서울,84,18,3400
b6076d81787c8cc48f18f8408e97a1e33a9d789ea5babfc134f251682489bef3,AD,서울,172,19,1700
965f3e49a517a9dee9f19ee885812464086644a8444cb901345ca5a709acf41a,AB,경기,54,21,1200
78d11312316782ed3774cb758d151f1044c461c651f9fd207b55ddf3e9aed1e1,AC,서울,159,15,1800
b0f490481eb341f110eff676cc748266c3f530460bc6b7c76298e4b087a3a1cf,BD,서울,94,20,1500
b6b281718dfd70f6da8928687443fc96a7f669bef0b421df5635dd7125ba9fe3,BB,서울,115,21,1400
130fd3bb69d6c6992d5d1fb2be10eaea3661b00191a9b43db6156db339b356ef,AB,서울,167,23,2200
632447e714b0658436e30ddb04ed81c214ce2b64ca2a807e1ff4e7e65d4cc1bf,AC,서울,119,21,1800
729633110ed416b84374b765ad5ccc46957d00ad57433f95990701898588f215,AC,서울,140,07,1800
eb1faab65cd89f5b1b04a7bdbb590e691ceb3dcaa2418172eb7bdcc34ab2e8b7,BB,서울,61,14,1400
11e18c8857760153344e246c8ab0a584711175d019bfcadae60cbf3611b70a95,AC,서울,151,21,1800
4b0aa2b2c23b426d42c7ed30ff0594e44a547d846d6f9c9b6def490f143bf796,AB,서울,154,21,2200
0aa176217cce00bd59c85a063085773fe6091e427ceac958c2a51e0c23b8ebd6,CA,서울,133,20,3500
5a8a53ab9267f59392d61e9009b388896032364bf80d24b3eb3efe4256ac1573,BB,서울,175,22,1400
1c48343e95bbb8eb45a714577fb1edad1023a27a12654991d4f37c1462c46667,AC,서울,125,22,1800
58a8b31d35dd4c02b4debce8f0e7ae95beb7f632cdda67bf391ef4c10cafaa93,CD,경기,14,01,2000
9e322afa149bf6ed3e3788ed48fe84dab9e6caa5bbea96d37856c56bd1ae6eff,AC,서울,64,18,1800
644fd12b6a3a21bb80837f3cc4ff4ae78aa10a06dda5773874c340084252343b,BA,서울,128,08,1200
51579ebef3f3e489ae6f6716935b23b9ff24ba2ec3bc912ce1d866d11917cace,AD,서울,89,17,1700
7fcd78a51a0800d166bd571cc0311b2973078aeb53bef43ddfb1fb8563d71102,BC,서울,98,12,1800
a0053d3e08d13b552eb3cc716dd2839e38b05397f2e107442711420f98172e26,BA,서울,21,19,1200
63ccdb973b12234456437366d5b2ce4511511744e349e8c464cf5413b867e8e1,AD,서울,71,18,1700
0c6ac2e54cfab631ddbe48d99c5e7a975924e361aafdd2a93e2cd2a70ce06341,CD,경기,170,13,2000
978b2624135ae4cb312dd6f52bb826219447cc1d23cdfbf42ea40ec7aa000b47,BC,서울,50,20,1800
540e418b4d67527388877d434f75d393e3bd82cbfb0450f696f5f2ad64a62f53,CC,경기,70,08,3500
540e418b4d67527388877d434f75d393e3bd82cbfb0450f696f5f2ad64a62f53,BD,경기,63,00,4100
6bd6138c264742884cb424b45dfa366c32c3b2db82f14f2c1a29ac1589529591,AD,경기,116,17,1700
f9bc772b8ae6456646f37a7a30d8cf1357cd6e9006486185ab1024f062cd8f76,CA,경기,153,18,2000
340b3a73adbf20582236f13d9e9cacaf66342e5c9736d89e9861cf6fc8efc8a0,CC,경기,88,11,6500
3428da91c044bbd7de5957951d54f098760e8362e147b0708677821f1154b5d5,CC,서울,79,21,6500
aeeae8e6d2bb524c2ea1d099df30f9d5abb1c327dd44166080b9d22d117a3566,AD,서울,110,18,3200
8e73380e68138684ea8e8b5be3ca518a115fbe539e4fb5fc07a3e8aa413881da,AC,서울,38,06,1800
895778e69f6b4c6733ab08a41503da2f71affc75ff599ca4bed84724362acc28,AD,경기,11,08,1700
97a7ec0f0f64306546c6e8ae25b2df4cda40f58479c38afea95aa945b1fd7652,CB,서울,64,15,2000
b69e477450c12be9abd3b2c7ca8b556bea0cd5792ea178f3e3e854e519e3ab08,AB,서울,172,16,1200
519bf02a4f1879f13e30b3b6982312b16de50d8e193551cee7c99695f0fa06c5,BA,서울,17,22,1200
e1bafea2599e34e99f39e8986fe481ae8432f25860245f8a982c3987fb6df623,AC,경기,40,09,3400
702f00cfa6be69b72d96521aece725a6246e42a00478c73dbabc112c56b05ee4,CD,서울,112,22,2000
91f70b6f543a5b756605387b0fdccc06da1c351be5a78ea5da4232313ae77f50,BD,서울,61,11,4100
a53d9c19cd9a865f6ba617e06f917da1450721fbc68a1fa93b2ddecb02509b0e,BC,경기,55,10,5000
6b7511be5434ff5d8cf9028435644c67b09aed41e0d8a6cae961c6e956020727,CD,서울,3,06,2000
52122362790b7fb25ae7a38282479bc272c5821ce6c7161785702d8210f05036,CD,부산,161,20,2000
13c2b988b236c2f9364dd97b0f990a82646f4a1b227fb8f2290021ae49d6d1e8,CD,경기,56,20,3500
ee29352febfb24fa915a2d97e0f5e3f742f1badeea0f9e7d812ad9b129bd2d5a,CC,경기,54,21,3500
72fc4bb6bc4b724247252d7e344e7287bcb171c4f5a4ae365e126d8eddb3b24a,CC,서울,13,09,3500
59d18e51f1dc8beb9223c264f2269f658753ffac67b79eef58cf172a373564dc,BB,경기,62,17,1400
d6e3b062415eaee4188b8d0566d1520c9f88e26f6b3ac4692c32044e6e02f4a5,CC,서울,74,01,3500
352c4a2c55fba9fd1f5bcf7dc3e5f634f8c766f2981d9a8955b2d0d286803ba2,CC,부산,75,19,2000
fa5b558aeefe3bbf8c143768dcffb9a94348f5a640e65342cbce481f91e53db6,BC,서울,134,12,1800
eabbb0dcc46c3ffe82476babd81a9cd80ed93663bf700a96a95bc0a0e4b455bb,AD,서울,114,16,3200
3419ea512bca0453d378f5f4016c83b6b024fe0eff01c2046b7004069ddf924f,AC,경기,77,19,1800
ae2da350032217ed230a53403a5d79216bdba5c1ba05eed4f0f5741e824c5547,AC,경기,42,13,5000
9bf31c34f3dc4f2a84d91c0e2d25db4d7cbb075b80192593fc752575f226c65f,AD,경기,138,14,3200
f28ddc4a354e9065760129da65fc9209f5a993c6479fc0db0303fee67f80f8b0,AC,서울,35,11,3400
ffaa4bb96ff9a3283dc977368a39c94de56413094ffc2e3b415457b7b45b1d4e,AB,서울,176,09,4200
55046beee8452c87fbdc2012bb8fd2484dc7cbeebe23927a1fa795b276b0eb3c,BA,경기,149,16,1200
457fabaf8cb12f4ec4ba0375677f006a5ac502ffa5d1fff118fac807a9044f18,CD,경기,19,08,2000
457fabaf8cb12f4ec4ba0375677f006a5ac502ffa5d1fff118fac807a9044f18,CC,경기,89,13,2000
b7610ab73182463b36fe0cb03d0c7972ba92fd8b9f8547c363adfceae85bce74,AC,서울,114,08,1800
5949ff56a58e1355a85e3476f6d71c1ee62aec2dbb424c716a1096695707201c,CA,서울,70,14,2000
62b5bcdc15860905b5ff006c6ed61d41351d919f130c1e0abf5e33af7e0b3a23,AD,경기,152,13,1700
8e90d2a95b3dd525aeccde5503607053603fee04ab4ebc7753a8d0b519c6d566,AC,서울,55,12,1800
a1899ca4901e8f2e2ebf85039605f86c29f2fd0ac48324ba5428ab2ecdf2c8ee,BC,서울,26,14,1800
a1899ca4901e8f2e2ebf85039605f86c29f2fd0ac48324ba5428ab2ecdf2c8ee,BB,서울,90,10,7400
8a5020bf5c7dc0bac89f9a261500f01614fc1402141586d9e11acf6036b951b9,BA,부산,162,12,1200
5738f9de4d14a4549fc008149476921dd00ca611b7f0fd50ed54dda8a4ed6390,AD,서울,119,19,3200
1d0b5aa7c5c381cb0a8874f900b02fa44cf1197ee3f61fa5cebaa6c84b4bc00e,BB,경기,75,06,1400
085e95a4c3d533986e93e0f0e51c8b36f0b4e588366d1cc5c4d9e1127ac97a73,AA,서울,73,10,3200
69f82fe2e8bc9b730fe134048af4035af0dcaffcb4f4a1709b874de64b6653f2,CA,서울,105,00,2000
dc38e31ec332294161434d3888767096d9cd34c7b336049ec803486f8b5b779f,CA,서울,25,16,2000
26b5689f2a96569bd01ea0aa66f69130c7ef8116548b0b64547de9f69319efd3,CD,서울,165,21,2000
4c3a7559be3dc2657c00ab8ab0e6bcf9e21c36e5249decbad5adeaf877824546,CA,서울,124,13,2000
1be06b4b2d04490f2676d7f9b93558c9f693bc68061ed4a3a34ac5395708ba4a,BC,경기,81,18,3400
501e364a0a45990e5465002f4a36cf335f7ca1a1e51b1b25e11816b0fc8ed2b9,CC,부산,9,19,2000
0c261e18daa5fb3741930e4809c263232800f0baeef6e20162849be9611423d1,CA,서울,28,23,2000
b18b6d6a4d35bee4242eab203a569f7f1d7df0b8013af5d0188eb3eb3b4efcbd,AA,경기,170,18,1700
147f5ef47bfe0be3872d72728aa1c3863b6a3942f030714f55e8d3e8ad486889,AC,경기,34,21,1800
c59068e4d0164b475902c7b618acff5601eb8838480160a676406ca226d5aad7,BB,부산,99,14,1400
0308c1708137b2adb84e39fba509475911148070fdee762ef2b7dac087c21d30,AB,경기,99,06,1200
86179d715c3d8949d4a9b2ced0348355cac507f5e7f4172e704dac100555af7d,CA,부산,132,21,2000
2207929727a4be9229ee78329f954ba857934017880ddd824e7baf2f70a87329,CD,서울,135,20,2000
00e3d10efd58639b4814a6bb55f0a58f3236bbea8f59529cb5c5868589a97fd1,CD,서울,85,19,2000
21eb6370beb3107f89f6f17bbb94985771e19faafd3916414344c202d3598a84,BA,서울,134,11,1200
42df81672f5ba1fb287296c3ce15280d191cfde6ef97752d5d774728944e45b6,BD,서울,82,00,1500
c597c07fc97fbc4a8e24da1b56cff7803dbf9a4b1c9921b8e7c857f015fbc728,CA,경기,151,23,2000
55631e7fbadfca75e1e42d969e10797a43bdbac33d827757697a9ab49b867baf,AB,경기,136,16,1200
376674a79f80f446a2da0deba39f3df99d97dd414d8899a94ac372943aa2df1c,AA,서울,177,07,3200
8bf4ecb41c1dc83fe479acc85748530f93867ebeb5c4668b9c3f245cb82ea61f,CB,경기,36,19,2000
5458f8a8ce3371883c4ccefc9e2ff6de5a51927a5096d69fe66f397fbfb68dc3,BC,부산,91,15,5000
5458f8a8ce3371883c4ccefc9e2ff6de5a51927a5096d69fe66f397fbfb68dc3,AB,부산,50,14,2200
b3537721c970f947da9dbc600121c8693e23d1cd63deea09da60cd6e7d7f249e,CC,서울,160,14,5000
7877f105b4dd2ff5b8bb1b7095fd7b50a3ebb628d0d847f31a5a6cd5658ee4ec,BD,서울,15,14,4100
e9a7e0288da85941dab6864e29ee3d4be022fb83ee2e426cb543f6ed8707e70f,BB,경기,177,17,1400
b784dc83a94f39fe81631fd6c9a71c4c021b36c32ba4d6c1a423512e25fcdcde,BB,경기,86,08,3800
b784dc83a94f39fe81631fd6c9a71c4c021b36c32ba4d6c1a423512e25fcdcde,BC,경기,59,17,1800
db5ddeeb8ec76185ec424a778efabd6744aa8fa26ccd836c010910994164df97,AA,경기,160,16,3200
3c6afa8b5227e252801b3b4db736f827aec1b3a9ffbe5fc23cdca90fd9f942db,CC,서울,78,13,2000
9a7fae46414a41b2b176a90d764e5de96052a8406278307937d2aa59bff7171e,AD,서울,164,21,1700
b62ec4cbd9d0590c274ddcf69a089bc88bf41bb74c007360817b3f5497db8c64,AC,부산,132,19,1800
67e89d28bc4300a9b6b0cc3c329b237f3036b95e646d0141b6fef35c34324f35,CD,부산,104,15,2000
52e15965ead779c12dcc97e52fbdf1a5885c8e64addbb61a1c39c8255190a801,AD,서울,99,19,1700
83b9e596f8798ab3e5d5e9e04930b2ba30233ce5c6391d3bd81d2e5df11e4dfb,CC,경기,121,20,2000
83b9e596f8798ab3e5d5e9e04930b2ba30233ce5c6391d3bd81d2e5df11e4dfb,CD,경기,4,19,2000
201117a8a4ccd66357b22f2a6864a1070462772c5c588c36477a10bf0df6e688,BA,경기,102,08,1200
514b67272a78bb423280af783bb99e3931252230987d332659d0c7c58c9ecf20,CD,서울,24,21,2000
32cc75738dfe2dcf530b0fd8f1ae92092a816a03b3d164c394c30b457b12c0da,BB,경기,110,21,1400
d4f8f81e8f2ccf353cd9b8a4a35be15dfb3bfa377f879c87715c1db5fcdaffca,BA,서울,30,09,1200
d4f8f81e8f2ccf353cd9b8a4a35be15dfb3bfa377f879c87715c1db5fcdaffca,AC,서울,18,19,3400
7fe226c4c72059b0a2a151038baa6b27ad0861db5b4ffe65e400c0104f3ba255,BB,서울,63,12,1400
fcd8c325c9c46515da61a9ae6b9f5a6e9216645f932f3194abf4e69997e14f7e,CD,서울,4,14,2000
6af39fd376c18fe7d5ec9f0fc8386153bf6a605e2d55bafd7ae4ac149fd7652e,CD,서울,7,19,2000
6af39fd376c18fe7d5ec9f0fc8386153bf6a605e2d55bafd7ae4ac149fd7652e,BD,서울,37,08,1500
c321ab8616e4fe1020aa0c63c1380e2984323148244685fa518c5f2a399093ac,CC,서울,14,20,2000
fbe72ed43801bf49b35106fb65fd8fd86896cc23a8c1ca32539149eeb3432735,BB,서울,68,20,1400
523c1e471fdeb3ef5b0f749f4f9db14457fb41c0f64716048603ee993ca22b6b,CC,경기,139,14,6500
a29a76a0c60b4d7bcf075727e238c33d9585427338129ecac99b2b18f36e9d3c,CD,부산,103,22,2000
b4ba1259aaf55a2e394903bca5497c3b857b593323e6f352f309af82a0b356f5,AA,서울,149,10,3200
c949ae8da27ec85967182935832c457b3e9f30511a17f76107e128afc83c2c3d,BB,서울,122,18,1400
a1d2ab90a84db24172a8fd5d67caf91e77e4bf2ca4a4370835eef651f24b3023,AC,경기,106,17,1800
912c2f7a836ceb8f77b7959eb0ffdd710101e89edc578dd588e0224dc7cb047b,BB,서울,139,12,1400
ec39ba0cd93d3a0152c3c3d52664c897d0ea16ee60dcb8e52229740cde0f0ae7,AC,서울,8,20,1800
f1dc35d9faf4c9e1b946af40e6749e5f794e06faa420d697e6868d37d91a152a,BD,서울,182,22,4100
ac2d9b65eeee540d182822bfd011d4b9d0a9a0fee9edc21c4966af5d7c75beb3,AD,서울,116,05,3200
89e24eec25780226c54c3fdbc5f5a9c9d3331debc16d2b5de7129a9d18ba720d,BA,경기,84,13,1200
a045115f3e21aa740ff4c5c7bb2e6dd59f1bf8576205e0d0e19f61364c0f7e32,AD,서울,169,22,3200
a045115f3e21aa740ff4c5c7bb2e6dd59f1bf8576205e0d0e19f61364c0f7e32,AD,서울,179,08,3200
a0a08fff9bf0d6278010fc3dbdfa95c3ed67666a696e1f2c0f82a05ef0928e9d,AA,서울,41,20,1700
5ef4d7442a359931f53fb8fc83fd346f4f15ec1b18c71bdb77118497689161ee,AC,서울,25,11,1800
cc8490d6d8c168058f65cd8c968d31ef4f224345087193d45779a4ec7b102437,CD,부산,154,00,2000
5673284a6018f5c0d2e50a7757f4bfff8c976a5e6f7de0c519bea1e44a0a4c74,CA,서울,83,17,2000
e3337d8c4d740b811489fbc90ec5167199f037bfbef9752f0f1106418b14ce77,BA,경기,32,13,1200
e3337d8c4d740b811489fbc90ec5167199f037bfbef9752f0f1106418b14ce77,BA,경기,87,07,1200
5f2045bc5ae8909ffff9efd826a473b7528f957f55bf892e37272f9962ce2583,AD,경기,151,08,3200
d43b62396a570b3f666e3b911535a5bd19b361536e241a9e24e285f2f1901fc1,CC,경기,125,21,5000
ecd163161e1aea6afaedb44fd2c062b1bc15fde32cc6265d9e35e6242a9ccb6c,BA,서울,39,07,1200
ecd163161e1aea6afaedb44fd2c062b1bc15fde32cc6265d9e35e6242a9ccb6c,BA,서울,176,07,1200
ecd163161e1aea6afaedb44fd2c062b1bc15fde32cc6265d9e35e6242a9ccb6c,BA,서울,172,08,1200
1728cc1cb9960aa7f89f1e60d1029d760ac786c3b68c04da3b1f336d8246f1f2,AC,경기,142,01,1800
ec3a5f10f6438443d009a45ac3e7d2ae88f79996ad0b7d1ca7000ddc55a1065f,AA,서울,83,16,3200
1366ee5d651687b6b3efa0fbe500e6bd4e55bc4bc9855fefdbf477f6d236c509,CD,서울,21,19,3500
4abcbc47859aeef027ff069e18d6311d5442fe6db1ada4c2baa6f91d944e68f7,BC,부산,176,08,1800
9d7163cd36241e0380d72e57097453ef19545336e946336fec21fc0d4959a5ca,AC,서울,36,11,13000
9d7163cd36241e0380d72e57097453ef19545336e946336fec21fc0d4959a5ca,CC,서울,139,22,3500
2ec673f7d98050b021280783aec499565c223b2f4d092c156e505ccc0b0a9a98,BB,부산,124,08,1400
2ec673f7d98050b021280783aec499565c223b2f4d092c156e505ccc0b0a9a98,BD,부산,81,16,1500
2ec673f7d98050b021280783aec499565c223b2f4d092c156e505ccc0b0a9a98,BB,부산,86,10,3800
2ec673f7d98050b021280783aec499565c223b2f4d092c156e505ccc0b0a9a98,BD,부산,26,12,2800
0affac07d1c07c05f5c25705644173cd866ca4276cc2b0b1c7047f4ca2a18874,AA,서울,145,13,3200
542fa66c855fee9e53c19f60419f0f97cd0a8a31b03f17766184aee6be3e5ef9,CD,부산,107,22,6500
69b85f38070993d01a3d0f23bc1334191255daaf89d597f4ad92f7980aa043df,CC,서울,82,03,2000
232a0741bf20190b01c4d7bc224260f09f2675f49cad87de1ac559c6b1a4845a,CA,서울,177,20,2000
474a38c16f36323dbe131ce8624d17989ea61bea76dade9bc20a02b82d6f379c,CC,경기,132,14,2000
334e739e8be56fa18452ff79e4915296ebef626fed0db4c27ef50f804d8332dc,BA,경기,62,18,1200
3e7949bd18c47b4fc34c33db78743ab618de3f048b000cd103755c0b2ae0ac26,BB,서울,172,23,1400
ea89f722d829dc6854a7dc31266e1b82c2014144df460d22c3ade3337a5d6b24,CB,서울,31,21,2000
64c7093e46f055b58a36ee3eeca5b3f9b133097cdb2595e19535df5b864c325f,CD,서울,118,22,2000
ab828ec12d9c54e78e0c6c6a706c1848d09271f02716bbf4de3b4df4433587d8,CA,서울,152,20,3500
7681cb08f4ff67ec59fde6dfb631cbc583d5b0b158450964ce0b892068e6169f,BC,서울,177,00,5000
1c2d0720c568b617c768e8498ca1d3c81f9fd63b237923dab81c6723d8a5bdf4,CD,부산,1,15,3500
99e0dd8622c02cd3ad885c18d68c8d3825b4ffa83bf35c2eaa10928d4c91f7f9,AC,서울,150,22,1800
0f5043c60825c3875487de0780dc2497fb79cc6ef8613eb2e9b80cad0d16805b,BD,서울,88,00,1500
a25a3fc698ac33da44bb59e1f1ada0697f7eef33042cb86c316cbbeb6da7f1f6,CA,부산,117,14,2000
9d907286dba2e6e5842a5b4d88c36ae17bf96482dbb8ad0d329ca971581663ee,BA,서울,124,10,1200
6af608b4a750e76c821346ddb546d37c493c0571febbaee221ba9effce088b67,BD,서울,18,15,4100
df1b4eb4835ed151ad4fc94af885b78141ec1f37fc55883f6b034aec12e8f104,AC,서울,90,19,1800
e33b84cf5a2f6a21bb1176a3a441f7f4b5907d1b880f075a4854d08b94ac8e86,AC,서울,77,08,1800
1f202a8a857f8d3f2f407d5267e4c402d476ed577c3491fb244eeb01883b6196,BB,서울,30,20,2600
c26ac4423be8de172a75ab3decee98af7d95b06a6bd5742442889ec7616e5342,CC,서울,96,15,2000
42e59cbdf961539c9a39ba7531a219c68df0ce9f26dff27f59db9d6a5e636100,CD,서울,21,22,2000
b5b769e61fff02bcdb73e2c9624244fd4fbb322f321644c1dc220314809910ac,BD,부산,16,13,1500
e66b7d7d8da97d562551c8b8bc9be27357282fe4247ad6db69f936a8c6582222,CD,서울,123,01,2000
c3c351c60c76eb816570864318e436ef1d1adeed79eafb7bbb6efdea32fe1570,BC,서울,61,16,1800
611427eaeae3839de41b055dc93dfe57c6a36fde695aeaddc91c0a32ccd239a1,AC,서울,176,20,5000
9aa4dee7b4af2f70d39570ef2388b42d3005c0c404c03a9cb901bb1c24acc9c1,BA,경기,173,09,1200
8712a216e54ead2416ca9e498d03e133523f7b702826df9238aa9cc154ce5535,CA,서울,141,21,3500
8712a216e54ead2416ca9e498d03e133523f7b702826df9238aa9cc154ce5535,AD,서울,46,00,1700
8712a216e54ead2416ca9e498d03e133523f7b702826df9238aa9cc154ce5535,CD,서울,156,20,2000
dc04ba9afbff42bfde8ad5c638d6a91b1b31432f52905145967be5529caba1d3,BB,경기,123,11,1400
f7fd934b9fe6ac1780b72fa6101860b5d65034b97b8022627095e49159517acb,BB,서울,67,00,3800
f83bee347e805cc6778519dd7d0c11e9665f52cdc3476195a06f0096b980da47,BD,서울,54,19,1500
747c7777d7f0198325bffb05fd070ea1513733d9ffa3b44bff25342dcea2fbfb,BB,경기,96,20,1400
8cb6d915bf1d72e73c1fb66ceb62a2dba2c30fbee71261d583001db2b2ca1f43,CA,경기,129,11,2000
456c1a1ea78b0cf3488f05f2f6892ee92111e1c8f5df6668e9af196d00478b83,BB,부산,137,10,1400
456c1a1ea78b0cf3488f05f2f6892ee92111e1c8f5df6668e9af196d00478b83,AD,부산,108,09,3200
456c1a1ea78b0cf3488f05f2f6892ee92111e1c8f5df6668e9af196d00478b83,BC,부산,107,15,1800
456c1a1ea78b0cf3488f05f2f6892ee92111e1c8f5df6668e9af196d00478b83,CA,부산,138,14,3500
31403437338c31ec7519fcb25b020192fb986bc9a05fd7f92eeb23ade80167d2,CD,경기,85,18,2000
e9ef7df4d295675b1b6936ccb0c5b53ec4ecd8ea12306d7dcaf5b5e6722ce4ef,AC,부산,85,20,1800
2b4fe23d88f0c23d132bdd5678f919229d2c2b6dbe64eeb58bcbb8f2c759d53a,AD,서울,93,19,1700
7e74c38876d2ddcb150d844b7fbad233e2d6435ccd6f6853c6c009fcb113f3b0,BA,서울,126,09,2200
88064c508dd54478ccf1637869493973f291e60c734d597f169bd3efc5a3d2b0,CD,서울,118,14,2000
1caa2f69daba18bf6c367f233a1c75c603e64fbc1de34ff47d6986d6b8e9b528,AC,서울,41,16,1800
1caa2f69daba18bf6c367f233a1c75c603e64fbc1de34ff47d6986d6b8e9b528,AC,서울,20,08,3400
1caa2f69daba18bf6c367f233a1c75c603e64fbc1de34ff47d6986d6b8e9b528,AC,서울,17,13,3400
83310fb3005b18059c57d0a88b182815aff2b9059e6c681413acea342ea5a446,CA,서울,154,10,2000
65993020e03d97b2283b1ecea1d41f5b6954e6091e9c909c1a8eefa846b44db8,BD,서울,40,18,1500
01a9afb30b7b19b46a6efdb106d49885a949d594ab51f5b6e9ff1e462187081d,AB,서울,44,12,2200
01a9afb30b7b19b46a6efdb106d49885a949d594ab51f5b6e9ff1e462187081d,CB,서울,17,12,2000
aed2886cb552af7ad5765f70aaaa00916a0fafe68f42aa4d86303087af62adc3,AD,서울,121,08,3200
f1a7ab004252d9c2e941ab6aba71979875697abf4fe2c779095dbc6d9f67da7c,CA,경기,102,22,2000
88fc579d55aa493af338dd2b127e9cd9621345cdef931cafb466a68ce903ab38,AC,서울,65,18,3400
ba2b4c0f829ba339f46f2323dddbc0ed9916c4a65ffc167e3e1fb1af4662bc40,CB,부산,88,08,2000
b1d8c85f65ea0d733ecb62dcca8882f81344b6a247106d7e94eabbffe6a3c378,AD,서울,167,10,3200
e0ee0178b525943b46b9db4b5690782a6c6c62ab251379b5747201df387151b7,CA,서울,129,12,2000
d715f049797fd5d4b443b09ea6198a5f181e0143267eccbebb803c5032b283a3,CC,경기,114,15,2000
6d2d5680c3a89e5f2fd87c0d248cbfeb722ccb8f736a819316361f93896386da,AC,서울,89,19,3400
ffa0a4200ae920a83b4ac288b11d057b9b7916bd76b0b8e678eeefcd0d58014a,AA,서울,67,21,1700
6dc86fcf88a894db558417b377373d7d51c749aa9400bb090e3a9a35adf90152,AC,서울,75,16,3400
b190c6e973924d657ac434ed9def20169beb41885c7b79630066447ed58dd757,AC,경기,39,12,1800
65c1a6649aacc2ece23809aa0b65978f8c18ddae69c370f4abe40583d373fbf0,AD,부산,178,21,3200
65c1a6649aacc2ece23809aa0b65978f8c18ddae69c370f4abe40583d373fbf0,AB,부산,62,22,3200
204bb0666782aabec05cd13f7cd8d2f7beee6bc7a0eac261a21e5e73df900a2f,AC,서울,125,19,5000
4c771e3be0ac4dea5152a81b888e66f4ef3e1a5f19c61c558d2741374bd2ddf9,BC,서울,39,19,5000
a44254eda6079856c35241daa1eaa8de4c3e62323a625fdfdc509c3306cc90cf,AB,서울,142,12,1200
a44254eda6079856c35241daa1eaa8de4c3e62323a625fdfdc509c3306cc90cf,AB,서울,126,10,2200
60ba3f3bbf686b266687e3f1e74dbdc84ec4d44e6cd8c93adebc2feeb3a9a39a,CC,서울,44,16,3500
60ba3f3bbf686b266687e3f1e74dbdc84ec4d44e6cd8c93adebc2feeb3a9a39a,CA,서울,132,19,2000
60ba3f3bbf686b266687e3f1e74dbdc84ec4d44e6cd8c93adebc2feeb3a9a39a,AD,서울,168,21,3200
60ba3f3bbf686b266687e3f1e74dbdc84ec4d44e6cd8c93adebc2feeb3a9a39a,AD,서울,178,03,3200
60ba3f3bbf686b266687e3f1e74dbdc84ec4d44e6cd8c93adebc2feeb3a9a39a,BB,서울,94,02,3800
4e6549c5056c32cd75ed863da37673b075f9c0b957de3c23d1159250e73cc99a,CB,서울,14,18,2000
b02c9c844e2dfcbc273dcf500b1c9d760284739aeee3cdd4fa92ca200909c8c8,CA,경기,141,16,2000
80b0fe98d69632fbcc1b19dbeffe8b4e27483010a028851642655dcd76368b33,BC,서울,56,08,1800
f7609dd3e2d7970e80d97953430eb6f5287e7724af4176eb04a792385f1bb4e8,CB,서울,61,16,2000
d21bcbe257da31ffe999d6b097e12260808ab3646c99b02334f08f3e6976b760,AA,경기,178,22,1700
d428518b724fcac65b352b8bba31773e67d2d8645611d8449869fe06f926dc02,BA,서울,153,18,1200
af00ff4deaa83f9fc4a3ef37511f64676d1426eba4697c9819de6a0dc5741f7b,CD,서울,19,10,2000
3d343d1013e1a857e7a90c6acdf9a4ca9b9e796cf91b209565f91722b676a5f8,BD,부산,87,10,1500
13e3900ddd3e092f1024704fa89f227f5f1a3a7cc4a185db30c742ef19b006b3,AD,경기,77,17,3200
07430bc7d8fa7036bd25a3690f7c8492283193c4c9da61a2acf75aeaca3163bb,AB,서울,137,08,2200
3b429c480a1abed8bd51d0aebc1316807896ffccba3e0598453d30437055f377,AC,부산,161,13,1800
3b429c480a1abed8bd51d0aebc1316807896ffccba3e0598453d30437055f377,AC,부산,161,13,1800
e78e411251b45540763688dec03c3e1c1415a473f4e62befa9ffd06a4bf9bd09,AD,경기,98,09,3200
e78e411251b45540763688dec03c3e1c1415a473f4e62befa9ffd06a4bf9bd09,CC,경기,73,13,3500
e78e411251b45540763688dec03c3e1c1415a473f4e62befa9ffd06a4bf9bd09,BA,경기,21,10,1200
aebe7eb5c0c88e3e53ab5f3de7ecdd65dff1bbb61d245711a0d3db5ac3721cee,AD,경기,21,10,1700
d9e3da1b6e7ffb5871b5288c7439952b303e8d55b3e9dcf312c1b247bf4441e5,AD,서울,170,16,3200
d16e4659b308e89427b8ac417f737c88bfd826ba1715930d290d14dede6eb0f7,AC,서울,178,13,1800
de37263eb338d53b4187f071e1c4dba402608e728b6bf2e7516be4b9779c0881,AC,서울,80,10,1800
0d6b117339ea29054a8f53aac05e14c1d8cb3c2c416bc8a6765aba484a5d9ee1,AC,서울,30,19,3400
f6042b56bddb2e13bbd0e9e0113dfc28fb5031239b0113cb5daf13e1a763c946,AB,경기,148,01,2200
020bd5fa23bbd6941ec058b394630dd713aeb8aa6e4774ed270df718e01492c5,CA,부산,140,18,2000
a738d374a4b726f7805bf1583db19941a979557fbd171549b86550efc91082ab,BD,부산,39,15,1500
46d5b70b2a0d0b7907eaf1bb4cf7eb22ef6000aaf19f0eddf329e76c700afba8,AD,서울,168,22,1700
46d5b70b2a0d0b7907eaf1bb4cf7eb22ef6000aaf19f0eddf329e76c700afba8,AC,서울,39,05,3400
f77c290345b4543b3362c08187dc967de86bb216d4d01ea732464570d1daf839,AC,서울,50,14,1800
7362c27b4cabc3ffcc3c793a6090f9967bbbd134f83b483975a8a54dc1dc95a4,AD,경기,44,16,1700
0f70a5e8d9c47294cfbf995348dc70352015eb7ef488b74adb5c354c596025ab,AD,부산,109,13,1700
defb8bb449f633f2fc7a64d78b169b2bdd230e35364752802817acd8bcf60122,CD,서울,122,04,2000
90126ef5f383594c5726d70af82d981bae2f2b4536e235074031d2614035e1a6,CA,서울,180,00,2000
56e3e824bd1a384eece4ee80565adefa0b245d91f052131b97de9af62b11d77f,AD,경기,143,08,1700
cd38c7aa5dadee8c4b2e6ef3dd583a93f229470374df26b721257b14997f0ec3,AA,경기,81,14,3200
c004f126177f5ff26b8042bedc1be6693a9853e382f3348bfa1907b8c39c9757,BA,경기,56,19,1200
067a1c9fced0b84a3b4c4f60a5e2d9c17f5ef382c8262d6760699ee98ef0dc0f,CB,경기,138,18,2000
99aa46c8f9085fb865763f0302205818ab0a17b356ca0938f6063e3220ce2303,AD,서울,179,07,1700
fe2158e6f4ace7b2b75089cf5abc3c0d2219d73601295396c9ecfb0678b8a574,BD,경기,77,11,1500
c296ecb0cc5b0b3e7ce88bcf78fe8ce2e139cc901be931367e68c1557cad1977,BA,부산,79,08,1200
4f5c24acb84c333cf8652accf4a17f32c4f2b26a3bb9ad01d8b15710b6352930,BD,경기,118,01,4100
a8640d1bddbd2f573f8381916a72755e9eeed9b5d484da8b476aead5a2117a29,CB,서울,76,07,5000
886a6ca7be88655b408d515e10b310bd45ec209d3fba4e2781d12ef8672f53e3,BD,서울,73,11,4100
69459aaad2d5f37d87e553c43a293710c1664dcc1d8430d2d967a3cd35537ebe,CC,서울,32,12,2000
696c2b39b1254f8830492e8a1eeecde1bd9234b6e5f726fdd43ec40b9784b0b8,AC,서울,132,17,1800
ff717036144d8c8e63585f11cedf45232ed65270398173dc04067720d43fc164,CD,경기,91,23,2000
9eedfc1658e83529f7ebbeb38c93cc0762a73e396b5a39ae3a8dab649abd5696,CD,서울,107,12,3500
49c76f4164f8e7144cbfdf2ee7636e53dc488fb23b3efca47fc86aa27355f7b8,AD,경기,20,13,1700
117f23b37c87c50f4c3d69bc401d8b93743a5d9a19ec67cea0079ef6785f354d,BB,서울,87,09,3800
e3ffac7285c1613b86554b9dd957585fbb26116e3b89abdafb03dbc6f9a4c39e,AC,경기,165,14,1800
bd6948e197f09fca0ea2ad5babe80c6ead020899696a4cb66cd87dac60215757,AD,경기,74,13,3200
f6661a637dd842cf7014f2991a1d4e52013b7ff95c5fc4f286e9c0e958accb5a,AD,경기,165,20,3200
05d6a0c4055af6545d1b9d1d553c389449021d78d2f77f07d2fdc4cca12b991a,BB,경기,61,12,1400
2f2b34e7f5ce62428df07bb0e10fc1818ad4f677e2831b415ac7554607d37962,AD,서울,50,13,1700
f729323d171ff9ed4fbb441baf5c1ea5540d2dd96f7a97f6a7ffc0a5546bb655,AB,경기,105,18,2200
f729323d171ff9ed4fbb441baf5c1ea5540d2dd96f7a97f6a7ffc0a5546bb655,AB,경기,53,17,1200
f729323d171ff9ed4fbb441baf5c1ea5540d2dd96f7a97f6a7ffc0a5546bb655,BD,경기,35,20,1500
9ab0fee305ec7117d2adb68c6a99c2d1cd254e6e78a7e281fd0bb6cfb8192a37,AD,서울,165,13,3200
de2ace97be65debe280221d78c644e92bc78b8268f82a927728d28e466923748,BC,서울,123,14,3400
72d651adc2efa25045301ffa2589b8d81f3ccf2216766726a368d3d2f9a6598f,AB,서울,43,10,12200
a4a7809c6e376f15ed8cd07d1c00ff73cb6f6fe3d0712a4258c6084d5dc10163,CB,부산,72,21,2000
635e3d18980e96458096ae75833c4ce2bd778e8569d1f202d34932ece5591ad0,AB,서울,150,00,2200
871b2c6eda491f64faef2487dabb4bba5651ed960b1faf367a1191ef8882ae17,BB,부산,1,01,1400
871b2c6eda491f64faef2487dabb4bba5651ed960b1faf367a1191ef8882ae17,BB,부산,94,23,3800
478a49c605006630864cfddd9a6926602c1e6ba49d8460f5a6ecdd470bcdc224,AB,경기,53,17,1200
2fe4c2eed53791090808d31d442ed46694f2971e0725ca89300f8a74382d24f7,AD,서울,142,01,1700
84ccfff0fd1881111bed6dc6f310506a226aa82161d49bd317dc2130c3e54d1a,CD,경기,17,17,2000
cf1c0ee836ef03a8330f1e44d9a96c0c3d21850f0e13fd360d860f367ce3d13c,AC,경기,36,15,5000
c205bd33d3274a2d0fd5253f248f9bd687913fa8f01d9211060c4760bce06d92,BA,서울,166,10,2200
72fb986dacb3c0867360060016751285706bd2b47b33e88e92806a6e8da8193b,AC,서울,39,23,1800
d25c5b798f69b42691e5145b7212f942e67e423d0d07b47daef8486ccc417a0b,AD,서울,110,00,3200
ef3984d82e59c5d981d603d4e08812cbc96bf724715c214f534a114b67796033,AD,서울,159,15,3200
5f33d4da59cede23fd67d2cb3995a604d0b741d86bb0e762503dd1a6357b318f,BD,서울,42,09,4100
5f33d4da59cede23fd67d2cb3995a604d0b741d86bb0e762503dd1a6357b318f,BD,서울,53,09,4100
ef5e99806da59427100b7575b70f2fe4ff4166d45ed258a72f0df6f100205680,CD,부산,89,15,2000
f393587de644545851ab9fe018431d93e4458d964165701d61fb5840cb6e6690,CD,서울,5,17,2000
f393587de644545851ab9fe018431d93e4458d964165701d61fb5840cb6e6690,CC,서울,172,22,2000
86bd75f7f34614cb34210b5d6d0f8d74f41401e1144b54600df35f4e9e5cf5d0,AC,부산,15,22,3400
2099135f6e15a6c5a692ca9def0dbce301111d6d9e43abadc1346a9caeb25958,CA,서울,118,21,2000
c4890a6717aabfd28c93dd912509f4fafcbc47638f0a0c7aa6076abf7a388e17,CB,경기,126,20,2000
e65c1d1efdf324b75ccb40ac0e395b06373006d7cdec10616ddde3366e79b311,AB,서울,176,08,1200
a11b9e55bb0a9f0fe527a32bb39d47687d4d9142a58e30a890718d5a40e9f654,AD,서울,113,15,3200
3148b0dda34697475509cc898762c9a7f727db6bf5abc601580f02a650d2f056,BC,경기,46,17,3400
3148b0dda34697475509cc898762c9a7f727db6bf5abc601580f02a650d2f056,BC,경기,47,17,3400
82009d14b493a8ef6c750a616fd911ee067c62b4488b29efe30617500f3e4197,AC,경기,46,21,1800
f69f00c42a161b0422cbe0517b3df603a0c2658edf8962bdd8ed28038e348bc6,BC,경기,94,08,1800
f69f00c42a161b0422cbe0517b3df603a0c2658edf8962bdd8ed28038e348bc6,CD,경기,9,08,2000
f69f00c42a161b0422cbe0517b3df603a0c2658edf8962bdd8ed28038e348bc6,BB,경기,175,00,1400
598518d3bf9cc5893e412809b92fd531448de0f680a5f4fa7b6895424e33cc89,BA,서울,7,08,1200
598518d3bf9cc5893e412809b92fd531448de0f680a5f4fa7b6895424e33cc89,BB,서울,21,08,1400
598518d3bf9cc5893e412809b92fd531448de0f680a5f4fa7b6895424e33cc89,CB,서울,72,07,2000
598518d3bf9cc5893e412809b92fd531448de0f680a5f4fa7b6895424e33cc89,BA,서울,53,09,1200
598518d3bf9cc5893e412809b92fd531448de0f680a5f4fa7b6895424e33cc89,AB,서울,150,09,2200
598518d3bf9cc5893e412809b92fd531448de0f680a5f4fa7b6895424e33cc89,AD,서울,49,07,9200
598518d3bf9cc5893e412809b92fd531448de0f680a5f4fa7b6895424e33cc89,BA,서울,70,11,1200
1779f0a409078f6cd850230449cf9c3e18f71964ce9e3e9e35c4f548fc0b8c23,BA,서울,98,09,1200
cdb9b71a478e6ecebf76143eb74d03d145df2c4bbc5394d30b14a5fa467a89a6,CD,경기,2,19,2000
cdb9b71a478e6ecebf76143eb74d03d145df2c4bbc5394d30b14a5fa467a89a6,BB,경기,71,08,3800
cdb9b71a478e6ecebf76143eb74d03d145df2c4bbc5394d30b14a5fa467a89a6,CC,경기,66,13,3500
5ec0b5632979d1f0c6334e48d4b18b0c0ff5b5d696eda54f4e16c045d43277a4,AC,서울,103,22,1800
4dee1ee41c0ed20cc58e4d3eac125fb5d2d9290b45726a0c58a3bbf2d8782a5b,BD,서울,13,15,2800
9524c9fe766a0265ef02dee999369235da17a575d46c78ff32f312f0f023eb0e,CB,서울,45,17,2000
485cb9e29b22c5d349b905366c2e1fb757bb09256a18a11b5d3f0997b35c894b,CD,경기,100,16,2000
485cb9e29b22c5d349b905366c2e1fb757bb09256a18a11b5d3f0997b35c894b,CD,경기,99,22,2000
05fa7f199a498ccdf271e48dd597c9700568e6842bdb605b04184881b7335ad7,BA,서울,35,10,1200
d75139018a1f0a5683a2837be43e00b4fcfec13de188993b86fce1c2b3a25c45,BB,서울,159,08,1400
c10d8d022284990bec4ccb47c137d80c95d9e3a0c5d9b53683b0664d2eff4844,BB,경기,98,10,1400
1c0b3ffb798f0e55ea64bc3c746d91f14da0f926e60c79960b01666675ca174f,AC,서울,107,12,1800
370c7f58260fc0ac6ca9e1d76cecbf4e3541e0a2ba665bc9fcc0a75b800a83d5,BA,경기,123,23,1200
370c7f58260fc0ac6ca9e1d76cecbf4e3541e0a2ba665bc9fcc0a75b800a83d5,BA,경기,125,07,1200
fab6791d1d6c31f396ce6c68feae0e1a0b002c21008e000019da7054d426ef93,AC,서울,77,13,1800
9b19b81962e57f0db2025924ef49b5fb7c1d8cae00530be486beeed7302b9236,AC,서울,35,23,3400
8aa5261c22063c6b0e38f4dc8f39a48132de80c7d91f1c8ea302b0677826d192,AC,서울,157,18,1800
a498977293feb362c01f79e8058cf7106e7a901e5b709f0490d108825c1cd3fc,AC,서울,31,15,3400
89353b76ad044244777a6cb7407460329c77e8e8b23b188c88b1443b7e209d97,AB,서울,94,15,2200
7355fe9679c3529f2fdf954ce5ae42902d42958a49d4596c9306432148190bf6,BA,서울,128,07,1200
6f9648bd1924e74553af6b9d800749dd14b09de75f6108c389c5b2d5d1c5e950,AD,서울,121,13,1700
93e20480d9c0af984de4b34a6711b1022fb87981632c4fc11b410d30f5b65b3d,CD,서울,107,12,2000
5aa78fd8e08fa50dbcc075ae7b65eb0ce6ab26f7f9e25101a4470a4519f96f3f,CB,서울,107,20,2000
99df00f5155089cc7f498cf0a53cd3ea27749a3b4fd8041e33cc305893c2740c,CD,경기,147,20,2000
a1bd9c54d32f9851367e40903d8ce2822358b20e916f6ac16827ede4f7e6463b,AB,서울,176,13,2200
dccf02f6e6a5a1bfee7838556863120db75f64a7982afe099dd60ba87286b85e,BB,서울,180,18,1400
6680d7d40ea9dfc43114edb736600aa0c52c42de0d6c861f2923bf36af0c4755,CA,서울,54,15,2000
fedcd638325e03dad59bb5b3459692bde190163c8715fcaadfc1d32cb36681d3,BD,서울,51,22,1500
3ddfea697fb2ebb3828210d9b5df03e2118383a1e7b9560d791f0ee48467f21d,AA,서울,124,18,3200
242a36bd4a81828247bd83d93b7dab88c4e10a68dd1243708a3eb1a98abf3d38,AB,서울,101,08,2200
6e666ef941c98857e189b87d9ce20913bed61cc1b8f94419d60ff10143aa54b7,CB,서울,46,00,2000
366ba0c7b3233c8f91224acecf55ba2d15a73348958741e183684ddf43d69914,AB,경기,50,13,2200
d611efbe9957ad050991f69c28e2c9fe9b0975a732f89d24fa7e0ac4c54ac867,AC,서울,91,14,1800
c39c7aeabd388d0613991e966d0c6ca8aa169169dc2f60665d2fea3cdd19cca5,BC,경기,150,21,1800
986ba201327c595435083d35dde19af13594fe75227eb58c36ad0c1ad7891121,AA,경기,46,08,3200
ecaffadd8e481a746b4fe3c56d3af750761337a740bdea8ec17d6f4a6d82da55,AA,서울,154,23,1700
867a8e38a32a466eb141003f480ce777b73c2de62bf05abd533b8926af74fd99,CA,부산,57,22,2000
4f59c22842341cc01e508852343bb520468b81772af86110b1abab46f65db3a5,AD,서울,155,14,3200
4f59c22842341cc01e508852343bb520468b81772af86110b1abab46f65db3a5,BD,서울,108,19,1500
bbb2c56a14ed7b7337b974a1888ebe9ba01bc2fee1de0cb8e91f3215d1d74dff,BD,경기,38,09,4100
abdc2798cba221fdb5a228e631ec311e2774783d70f251c3ed88e8f4b2ac3ab4,AA,경기,9,22,1700
de553b5d001c36a8ee02f81421db8e3b4af02c2a9969af01ecb447ca91fb7caf,CB,서울,60,20,2000
66227d3c53e177aa157964ad191ed662e1b3053ceba874dc0b5f0f4f31478033,BC,서울,63,06,1800
33fa40e25bde5549a4b06c90c51dfdaf6ff52ae32972148dbae61b2c84e4fcf9,AA,서울,20,11,3200
6e5d63d8a0c429661d01d207b7e4b5303d5f70c74ffbedc0323abc5cf6db1f70,CA,서울,154,19,2000
3a94a033866614b6a20118afe99af9a6ba1c7557286e291ec53ebbeba995f3cc,AB,경기,181,12,3200
27e4d5d782b4324c083c2c7804f8780f78056d32b07b6153308dfda8e70655df,AB,서울,107,10,2200
29e2b36b68e2d12109551e4266d2c3bb4e261e1a70352b227b190095d6116098,AC,부산,172,17,1800
587f6ce9eb911a18ed7a1d3d3bf5bab6cbf233e9d44bd185c1ad1f0bf0bb8121,AC,서울,172,17,1800
6ee1b6052c0c0b3692cd2e13b64eab533eafda2b54de0f74446bdd86b8436800,AD,서울,101,09,1700
9a4e2aaebeb23baf9632d16e43a3ff0571219faf8bcd8e6f5d232503136db483,BB,서울,182,20,1400
7087fa46f26e21403c84e99d4d653487b7c45a11038acd02072e99f37850f32b,CA,서울,168,21,2000
862935dee5522389f72010304c1b450223288348c478ebd1892cfc224bff4b2d,CA,경기,156,18,2000
69a3a84fdfb97061ab24d164dadd5da4b81e61fd68b84928c2fa599cdb52a691,CA,서울,137,23,2000
aada82698db4370fc425f0934de5a2e10f659841b1c516235bb401afd6447a4c,AB,경기,78,21,1200
2281c907c139118661cc629a5eea16082809fefd214ee811e06b7c968bd818d8,AD,서울,78,12,1630
7248a8d458f5f2201e4b12ea9f4311dccf916333b21ed62e294b2dfa372bdcc4,CC,경기,46,23,2000
0919167f1f26bd7c2903391e43b3ddaa522ad1959887f3ea7248e3d3c676f655,BB,서울,135,09,1400
4c4c63afe3b47eb59367e0dc9b40e92af05b94c48dff93f81d455da4eafb9274,AD,경기,137,20,3200
4c4c63afe3b47eb59367e0dc9b40e92af05b94c48dff93f81d455da4eafb9274,AD,경기,107,19,1700
246cebeb03b2bc52b4bab84ce66c1fd9716f583dbd35cd54476d20295309a462,CC,경기,13,21,2000
efb0508b0426e303b2560163446f12ab9b1a29f7fcc1060ffd69bdb1d4010166,AC,서울,166,17,1800
2f926609317ebb4bf0fee1fa5812e1e42a33fc9ca749ad52da4d87d974cd92a9,BB,서울,121,21,1400
c3d093c1fea61106257e6e41308f5739dcbba5e85a3219b545b70cfd2b81a51f,AD,서울,174,17,1700
0ad71074a83eed36076f94ac446950dd5b94c7f2e9c96fcb2f5552a1adbeb125,AC,서울,82,13,1800
64309e85e4e30162703b89bc9a1d8453cd9b84b191312a6d18b595832f899b5a,BC,서울,148,14,1800
f129e10fae38ad3e819bb321d59bce141e3c143e66b5bcdcd5e9fa1890f910e5,AD,경기,22,21,1700
b02495e4b048384ed83731bd4f13c268b715c494be8b5e535bec8cd565b06ec3,BD,서울,24,19,1500
7a5fec7ca4d588cef2359be3f85b073b39d293b925f6d061ba98d14f210493db,CD,경기,99,21,2000
e34bb1178f18764fed6d56394df64b94ea001f1d3fe3bbb04bd6935c0c49c168,AA,서울,135,15,1700
91ead9d0485374a5a6fe322805acccde694266b842b4df20cc938f2934523e1f,CD,부산,60,20,2000
df507c7a2bc3c8069a1da3536ee8eae0ae9f7b9f99e709dc3725165348479f31,AA,서울,83,21,1700
7cc5d3fdf4f4ae652a4f62740a8e57eb10a288d38e64b8fd095c962182979a9c,AC,서울,159,20,1800
196bec3158672a6957e5a24e9e6cf597630a74553597ee11edb473d873af716d,BD,서울,173,16,1500
e51630e68b25740c282b35fb0017a4fd8d5ab8913c26d408af002bc70ff7268a,AD,서울,116,21,1700
e51630e68b25740c282b35fb0017a4fd8d5ab8913c26d408af002bc70ff7268a,CD,서울,166,19,2000
96e39050a18e8e07273ae3bd9ae9210d022b71f8619f7cc4309955ea4e8c9e27,BB,서울,74,21,1400
1df5f4cb300ac1e352742e796f67d0ca4e7281a86c474e93a64027a4bf7d569f,CD,서울,58,17,2000
1df5f4cb300ac1e352742e796f67d0ca4e7281a86c474e93a64027a4bf7d569f,BD,서울,47,13,8000
6f715470dfc48f1da0429b390f7ddcc6de9fbacc8a7410e4ee8d7e0fcdccfda4,CC,부산,171,19,2000
6f715470dfc48f1da0429b390f7ddcc6de9fbacc8a7410e4ee8d7e0fcdccfda4,CA,부산,173,16,2000
819c5147e5dfef7391bdea53f081bc31801997438e5dc769704d6b7cc63718bb,AC,서울,138,12,1800
dc79cee1a596b0097a17f14266b4b2b59400d20905e1f951e6169e0ac5494a0b,AD,경기,148,08,1700
97a16ccb436cca8b52c56604b9798d1b21d9626c620508498a427426740dfdcf,CA,경기,173,22,2000
d2e8f7b857b1b5cc74bb2ad88cc2b1e6cccbe4efb637442a7cafd96663ebbf98,CD,서울,14,08,2000
9caaa47abaab20f246c149f5297b837d28ffcfd28827f70564a7c7de8b622f81,AC,경기,51,11,3400
607f44e026bc66d4130178778b68f4bfdbea9ec7c1b4ef0c5bb44f1a3f24c90b,BB,경기,92,09,3800
09893a7530fbc2711a748fd00eb6e9a748415031724ba3bc9ebf2ac115b49af3,BC,서울,80,16,1800
1454e7b228ea5e7d69615ae2386622437400373c857d7b2210530b7988721de8,AD,서울,178,21,3200
1454e7b228ea5e7d69615ae2386622437400373c857d7b2210530b7988721de8,AD,서울,129,22,1700
0e5b3f367003525f0ae34b21dcac170cdbc849d070d935dd5179da6bbc4af800,AC,서울,139,06,1800
45dde881cb9ecc2ced029ab9dc7598534b23c81cf6b6bd684b7414e69588ff6f,CD,서울,4,19,2000
b3dd2fd00fe5493efb7f396d065656b5a1bf62f570f46e65c1a7bd4f2db2bd2a,BD,서울,21,20,1500
b3dd2fd00fe5493efb7f396d065656b5a1bf62f570f46e65c1a7bd4f2db2bd2a,BD,서울,64,11,1500
942ec034423f5a14161f3aecae3d622de7c45e001f999bb78c9aa203e7a4defb,CC,부산,66,01,2000
37250488f8d41917cccbef8a9de0b158dae411316649f494265c43fc253c7db7,AC,서울,122,09,1800
ffcd44ed73fc39cac5852627479f71c8e63352c81c8989d4127c0b217e5caf7c,AC,부산,56,23,1800
423efa9e22a813ff2cac35a713f60ad48d210a4fd1b4f8bd2d24b69202e1cd14,AD,서울,163,21,1700
1b1a3efa97eb90d9edaac6caaebcd9225501ce626f15259f31976945493a7727,AC,경기,132,00,1800
ac3790718207282a5d2f5a7060406a9b018b1788966c7e3a5768365eaedb3d03,AC,경기,121,10,5000
f099986a5992704d64826fa6782fb7bdbbeb3f79c287a41b508053582c3abb5e,BB,서울,86,13,3800
9d8defd86f387cdf74bbfbd9e23b222c8781491c9acde1478782b434089e2dbf,CC,서울,126,12,3500
16731f2e0dfb003d3b350145cd0bd82b9889217d90162a5e8cd66ae88dbd4b29,CD,부산,2,15,2000
a97267a1a7d195257bf1353d57c1710f470b599e8f95219c11fa589ae7fd8c26,AA,서울,150,14,6200
5c3828b55c0138f3eaf53190a6b4f641e3ce4e6eb95b9286ab924786decd7c11,AC,경기,164,00,5000
9b8a30fc8d7bec7636b7576bc40c6a917edca381fa0d9955c96e882ca91dbebc,BD,부산,177,22,1500
de0d97d4ab7bc46112d3f5742c310ca9d34a288ddc04e755d772dfa4f5939815,AD,부산,134,12,1700
8993c0f6bcfd2bbf66928cac83b05d322851d97e70cfad456b9106ac225576c9,AC,부산,51,12,5000
35822185cb9b4bff16ac149a808b14239bc7e37c849f7228dd82162bffabd0de,CD,경기,87,15,2000
7617c4d8a72c52e6f6772b90cce032c4f02edfe4d181a9f1f7456c732d243235,BB,서울,74,18,1400
7617c4d8a72c52e6f6772b90cce032c4f02edfe4d181a9f1f7456c732d243235,AD,서울,181,12,3200
a1cd7324113fb90ad405c73e75053ac211cbd7b44a25f6e415124253e105b4fb,AB,서울,43,18,2200
a1cd7324113fb90ad405c73e75053ac211cbd7b44a25f6e415124253e105b4fb,CA,서울,128,21,3500
2c94d7705e7162946fd3c3e6625117c45b9cf2d293d6a8614bd73318440cafbd,CC,서울,97,10,2000
2c6a9dbba64e3fad2a198e8ea46473ffd8702429787dc1a2e2bd2aeab83bbd0a,BB,서울,57,10,3800
a5a1d21a3e7b141ee56dfc96a6e6a7a800ca5340a7fce81e0e66915b4831ec65,CC,서울,124,17,6500
02ff70a8ae13b3f780644538dbce4e5010005688066d6c183435c3c8b028720e,CC,서울,126,03,2000
19d63203f1ef849d9d4ec7c6efaaef671d93de8019b289022f02503d28954730,BD,서울,126,09,4100
2089d7962c3f80a006fc58e039a293563d3c879e1d097e0f104064d3fc16d900,AC,서울,157,14,1800
da4dcdb8eb9c5ad2cba7a184dd6bca56e6461a7b44945e022fee1a83dcc46b9e,AC,경기,40,12,3400
b801732b2fafb536f60262acdf740d3e1ddfd1a39752e53fc592a0ec979681ed,BA,서울,158,10,1200
70d62a2ba6590992da6fd8f99ac7a8afc8f885baf60c3522ca4f2dcd2e390a7e,CC,경기,71,21,2000
70d62a2ba6590992da6fd8f99ac7a8afc8f885baf60c3522ca4f2dcd2e390a7e,CB,경기,9,16,2000
4366682937c232998678b591772b4b940e601b3751262e610fe9db461f9a62fd,AC,서울,139,09,5000
480a14d84cf8e8e830db24930dd9a44f0cea58a36be366b9c42da74690a78c25,CB,경기,104,04,2000
8f5eb1b9f75571c2cfd6c3ab20845ab65f0f591c8cfc4ca15ea901b9f9752098,BB,서울,176,19,1400
7e0a0ad5362cea24c0e1bc91cba39dcc5697f5cba0f25fe4ef76b043e7924584,CB,경기,69,22,2000
7ae80f185580a85a096fd75544faab2ddf6f40909c489baac5c6236441be99eb,CB,서울,62,17,2000
7ae80f185580a85a096fd75544faab2ddf6f40909c489baac5c6236441be99eb,BD,서울,19,16,1500
7ae80f185580a85a096fd75544faab2ddf6f40909c489baac5c6236441be99eb,CC,서울,41,13,3500
7ae80f185580a85a096fd75544faab2ddf6f40909c489baac5c6236441be99eb,CC,서울,83,15,2000
15d1c4c7d1d7fb9c7474e4fccbeeb3d328afc641f1f6334d5f54f36f463992ac,CA,서울,104,20,3500
3a1951295c6b4247a06f209eebfca270a5a57ba9e2582ea0bc5fa546b227e1e2,AD,서울,80,12,3200
422ce2174617c995e306f076eaf5310728c118302df774533730068b5a41a4c6,BC,서울,87,13,5000
626d7555a71e9451898e19cd598bee80a829ceb12204682abb2020e48e372024,BA,서울,34,02,1200
a54a08088e4cf28f5e6051306377d873e9e22611696c36cc72dfc37caa04c778,AD,서울,150,14,1700
218e7f1408b4679a537746dbe59799c487513cc538f3511fcbb90aeeabcb1703,AD,서울,8,01,1700
218e7f1408b4679a537746dbe59799c487513cc538f3511fcbb90aeeabcb1703,BD,서울,6,05,1500
70d0afbc35d31a5dcf5d1785b9fb784cac3d480b24ac99c287ac797dd25afd4c,CD,서울,151,23,2000
3ca4724484327730530e8667111b178d741cf14291efe31bb70f59a056027d5f,CC,서울,79,18,2000
e563e79e200620f34de51ab1bd75df6065ebf8b923a816fb1cb5a349d632a44d,AB,서울,101,21,2200
3b9638638cef3ebff4af914a834b6098830d1b80754daca47c6421c93c23e189,AD,서울,110,08,1700
acb143a4b92c3efdc7ae9b42e014b1417397833f52365b04471b925c6f5f064d,CC,경기,73,17,3500
1f346767a9e31786e4d7d6d5d9525fbe837054c7ab23c7b237bbb5155184cb89,CC,서울,52,15,3500
abf42edf15f685c5938daa2deadcc735041ef37955de3a553c7ce1bd9c35b4c5,CB,서울,17,00,2000
ff5df430e85c4436a3e354cb52f3791b70297ccc66226177972d5470f7433037,AC,경기,78,14,1800
7b7053a57a4c12551a76f354f79d4e670674cf5955c5cf9307c34935deabdc7b,AC,서울,118,18,5000
b06b7c42a2254855d811fc14f5ff83992197bfd222eb01e8e74d638a8d8e8178,CC,서울,114,08,2000
a1ef5e5344d1eb2a8bdaf0069be22a48d05d311e6140764c42d6c5559e01873a,BA,서울,151,07,1200
a1ef5e5344d1eb2a8bdaf0069be22a48d05d311e6140764c42d6c5559e01873a,AD,경기,133,20,3200
d94d52cea6bba3ede1b7948bcbd5f98717a2774182b1a6b41ee30e06f04797a9,BC,서울,136,19,1800
e415011857a3e2cf8e3260274a0bad7e75f28b31f9dae009b077c3a1e376e9a5,BA,서울,70,08,1200
5b8d68738d795f79e8c0dd02b13292de69e4f2adf6819bf4d99f2b2e3bb1c87c,CD,서울,143,23,2000
988ede58a8e68a934ee9bdae0fa56bd8d71290320716f6b31485124874fe2cdd,BA,서울,7,16,1200
b21f39bcfdaa351cbe506b438b58c9af339f0ff92acdf8fe187023bf24c166d6,CC,서울,141,21,9500
b21f39bcfdaa351cbe506b438b58c9af339f0ff92acdf8fe187023bf24c166d6,CD,서울,17,22,2000
55b523cced36fd3622da316d9640cd753b430180e6c5b337c8edbe2dc1aa964a,AD,서울,124,19,3200
0a6a8ae18e413d306e56eb1e2c46761f3a6f701d02439e12c5c36174bcd650a5,AB,서울,26,05,2200
28f2c60ddb6069d0dabe55662ab5498f81595aff86c36dbd165752ed4debdcf1,BD,서울,109,13,1500
1655b004ce11f2dff68893726c601efb5467bf32d35be340ac0795d8703d80a9,CA,부산,58,09,2000
74b98381372cec35fb62023ae3d7b9b16235225af11756f93bd999873657b14a,AD,서울,101,21,3200
a071f0f4f2e20b2ef381f38da42c3de88f956448180eafc586271d5eb8e00012,BB,서울,128,12,1400
233126775a6b69347dbe6839c17156d7cdded6765c4533d0f2e46c35767423ae,AA,서울,48,10,3200
233126775a6b69347dbe6839c17156d7cdded6765c4533d0f2e46c35767423ae,CB,서울,1,14,2000
bedb70de726cf057126eea412043a34ac7c8d8e4df18349fe3570cceff990757,AC,서울,95,21,5000
d5698ee77766620c631df9b00cbe70b18b10b8111fa7b0fd15be5926026cc98f,BB,서울,159,16,1400
3e80a66f59b4abd37f532b5d75c5e781eee4e49fdeac41097ed92fe086668bad,CA,서울,101,15,3500
e73f3f026aeddd21c36f0592b8250a8bdbf0dfa5279e6d2f4e9986890ec90064,CC,경기,79,12,3500
a04e0aeddb52e85b0631210b2afb8c9204394d92344d6e6d1088277ffbd15cf1,BC,서울,175,13,3400
8132d72b2fcaf1fbe3f7ce3539abec03a245454739a623b67472c1489b463d41,BA,서울,130,19,1200
a339c96f92996a958f9ad211b31c3e2f466150e5b79a3d3e9c943fb0d4614c86,CD,서울,145,11,2000
2ce7f5ee86b1700bb4dfcb6ffbabde7c6d1e2a3e36228a61c5c7a223898ff27e,CC,서울,134,17,3500
2ce7f5ee86b1700bb4dfcb6ffbabde7c6d1e2a3e36228a61c5c7a223898ff27e,BD,서울,61,22,1500
83d78545a7c81c496ab9a57131639f5e8ef22aade7df850a66246aaac560605d,CA,서울,168,00,3500
9ad39e696f32764bc0c506dd3beb896c7fe21364d43cfc42d94cb3f6132cf516,AC,서울,113,08,5000
dcaf629afaa53b827d78c0a300ae8d530ac7bf951bcb34b9ef2e23c67875763a,BA,경기,31,08,1200
2209873b4f057b9b71f62b9874805dfc366b8de3975fecd6820a3e742e0b0977,AC,경기,116,14,1800
46a1c772e2f1e9be45cf9dd2e19a7a80a96ed495134188a6db0e52f75ef4cde2,CB,경기,5,21,2000
f402f5b2cd31ed4f548b7c1e378e559007da9ab2a62feae2f8973914a618a68e,CD,서울,148,16,2000
cde8596ebdb88697be16965149890d5054c93692f91374534105ae26f5d74f7b,AD,경기,52,12,1700
a2a0b1df11431716c47a69aeb5d457ad7c9dedc2f160abd4dee487c076c2ea65,CA,부산,74,20,2000
9717b2f7d24f8b9b2bc0dd30e9f85935793e565828795b2595fb0d76ef5a92dd,CC,부산,52,20,2000
fc79865f005660ed134e7167073e55b7767a000c64ea1fbbcbaf113f10086bff,BD,서울,74,18,1500
ade686fd3e1cbb8d918a774a3204d4bcb51a999e928f72bb51af8914619041ab,CA,서울,105,20,2000
2cf8cee72dba82bd251622a443663cfcb4740eb1541eb22abd5c078adcb31d3e,CC,경기,178,09,15500
ab66a9f14bd298ceb14f8d1628fc77877e785958959f27accd1b1333a9ed19f6,CC,경기,62,02,2000
b1c2b74307a42adbd69278c96cb5db1eb8a31a55ba81b1fca48a257e08134ed5,CA,경기,170,15,2000
bbb5e53a9fc930b4271d918478beb317840e0cdf1f24e0864bb2b339b2003713,BD,경기,121,10,1500
259dfa010d5035f97dfa5bb28ba9ee11732bbc08c7fc133333e27317c6cde568,AC,서울,114,20,1800
4fa3f23dc863d192e7da6a4cba2cb64cb8438e3f94994dd204d3d9dd90c8003b,CC,서울,78,12,3500
735cc50cf5ad23fe4fd4dbd86aa10c8f8573b10b741ebf96d529e8153daf9e0d,AC,서울,111,17,1800
6993e0557b8bd83e0100999c570cec011161ba68d600228699da071df592578f,BA,경기,62,10,2200
6993e0557b8bd83e0100999c570cec011161ba68d600228699da071df592578f,CC,경기,179,07,3500
4cdfff90f7621649e123f88cd72119830ad7b2c06dddd576a757d05e8838f7af,AD,서울,66,02,1700
c928bebccec9b4dfe17c97da4cb192eda6a2e225273ccdfabfa8ff3aa47011ce,CD,경기,20,22,3500
2d658322c8dcce28366cdf69fd7e8afcc3fd7ebd5db0a875653831d4331c07d4,BD,경기,50,12,1500
c5e7bd1467444273b6bd8f232151423754f919b1158a3035944d0e9b689fef83,AC,서울,34,20,3400
550f224cf00e658d0e4942454aa8bd63cfb64ecf043efe0e1b3eb9fdee049ca2,BD,서울,109,18,1500
550f224cf00e658d0e4942454aa8bd63cfb64ecf043efe0e1b3eb9fdee049ca2,BD,서울,37,22,4100
43319ab4b9f4f0fd3b29fb37b6a72b115a2f9501a892ec5a0ce3e61ba37d8ff9,AC,서울,50,16,1800
bad14530779d309bd0f482caf3bce6d39c66974298e1800604707c25f1dbd281,BA,서울,179,12,1200
3e6b1d21b3c19ae62ddc2a3b1f680848959c59b50bba0c1a4bdcdcc09f13cf3f,AD,서울,76,11,1700
2765a2c32e170fb0b500249c00765cb3bec9dc11fac448424d6aa2ebec00e62f,BD,경기,87,01,1500
a1627ad14cefed9776414ff3393c46b7d5aeb3075075cb6e836d64bf28051cc2,CC,부산,151,12,3500
d2fd1b9f5102e3dd199cdb97410c5e9fc69697007c52737dfd4978b48877d27a,BB,서울,33,21,2600
d2fd1b9f5102e3dd199cdb97410c5e9fc69697007c52737dfd4978b48877d27a,BB,서울,57,20,2600
d2fd1b9f5102e3dd199cdb97410c5e9fc69697007c52737dfd4978b48877d27a,CD,서울,99,23,2000
d2fd1b9f5102e3dd199cdb97410c5e9fc69697007c52737dfd4978b48877d27a,CD,서울,136,21,2000
d2fd1b9f5102e3dd199cdb97410c5e9fc69697007c52737dfd4978b48877d27a,CD,서울,135,20,2000
d2fd1b9f5102e3dd199cdb97410c5e9fc69697007c52737dfd4978b48877d27a,CA,서울,37,03,2000
cd7ba85d2b8fa9ee3f08e10dd1ae3000bb0cebcbd0db240d7d538a961fb5f8f7,AA,서울,8,21,1700
cc9bda414416e9d2550adb493f6d25c72993e81f39128258de577bff4ede6d4c,AB,서울,142,10,2200
f5775ac200d91f227d1bc414d3c2b57157e61e85d992b3edd682aefc264d96ef,AD,부산,118,13,1700
90e4842d2e0183d60fe7484a282e399390f15c2ecb47ea387035e2e37ffd3308,AB,서울,119,10,1200
46a6cc5274eeadd1d8464b8bb88fbee698df897c4249311254ae6ebb44318667,AD,서울,76,21,6200
46a6cc5274eeadd1d8464b8bb88fbee698df897c4249311254ae6ebb44318667,BB,서울,104,16,6200
46a6cc5274eeadd1d8464b8bb88fbee698df897c4249311254ae6ebb44318667,BC,서울,126,16,3400
46a6cc5274eeadd1d8464b8bb88fbee698df897c4249311254ae6ebb44318667,BD,서울,21,17,4100
46a6cc5274eeadd1d8464b8bb88fbee698df897c4249311254ae6ebb44318667,BC,서울,15,16,6600
46a6cc5274eeadd1d8464b8bb88fbee698df897c4249311254ae6ebb44318667,BD,서울,112,14,4100
10c07d7f1287aee0fdb2b15f4801a9ef2c3c83333dc74f7bfc8fd1ec09bd11a4,BD,서울,88,12,1500
844878953bcc8cbcca7d1213e8e1f7347d544707bb2c864e2dea664f426a3fef,AC,서울,161,16,5000
5b2d195bebcb506f4f85aca77c3f41198fa8230ec2e6af52f0216fbe1b9ff481,AB,경기,44,22,1200
960e3b1523836c4f3d2208856fa43f31370bd456acf81c382012891740f85ed3,AA,경기,99,00,1700
79a2e546c85f5a7a562f4961d22010f08dd314b1fae0a7709cebd819908eb4b5,AB,서울,155,17,2200
c1d92ae3d4745b0824c1b492b0677469a7f06d8dd58e055eca0a434144561666,BA,경기,148,19,1200
c1d92ae3d4745b0824c1b492b0677469a7f06d8dd58e055eca0a434144561666,BA,경기,151,09,1200
122272f67be7b32498c04e346ad8da0e459331ec10baa6d7f6cab60984b16892,BD,서울,27,21,1500
538c919775cac5604346d9a377666899366c4e4fdbd2e4367f00b0934446baaf,CA,서울,156,16,2000
f8ba6e1219b6eb41f2ec604fe725f0078ede58501c54278cbd1a65f3d9fb625f,AD,경기,110,16,1700
8ba8fef8cee60c8799f573730fac44d6dde7bb9a8dc1a534d8b2cce63e294c2b,AC,경기,102,15,1800
9f1760f231d726375d28e39fb22b4c2d76e7b2dccb32c42ec7c1a5fb600f8d05,BA,서울,82,13,1200
1c9b591d3dc7175fa3352e3565acb57732dcbc5df7f097a5c62ba547b856f598,CA,서울,106,10,2000
5ecb1ee4df43319f2c31bd91fa5b39362fc90ad7c1eb9d53cd1ea9a000edf4ef,AC,서울,65,09,1800
516e1579566e91ce058340d32b3c7bf30a99205ee5b9c7d13dcaa8bd5f558f70,AC,서울,108,22,5000
4214ddf7f3debb00fe6ac5b40d3f4b463ecf69b70b0853656af68ae3f468cd78,AC,서울,34,11,6600
2e1cd44751fed186050b12a980d369a448f4baed46795742fc96780cda3f5de1,BD,서울,51,21,1500
3bd19c10a0ed77812c8e11423affad07aa21804989ffa6d25e99121f3416d392,BB,부산,145,05,1400
2e58287cc6442c97ae4e7228a33d289f85363293ab1a1c9864f321eefc309e58,AC,서울,136,16,5000
9515c68ebebb5a4ed3317f911f5c0cfa091d02f5b85c07036659c6df56e4a2bf,CB,부산,26,17,2000
e5cb382b0266fa0780c12e70bc878d041683f1bcd10e31d8105e0c70cdf3dc82,BD,서울,167,14,4100
e1f794cb6b62d9cb7601173a71607d5932dc1cf9a8632f747ee8fbca0ae937ca,CD,경기,93,17,2000
27a89a6bef660b31f503a71552788ca399c0e2b603a3d5098906536718992ff7,AC,경기,13,12,3400
bf85ea84d7b2ccea65298a1dfc8cfc40b71a2949074297a85fceca83ea52e140,CD,경기,113,19,2000
789f17836477ea9c977d968d5556e04eb77a9f8e482b7139fd08c7013a10ab12,AB,서울,31,17,6200
58b77349bf63a4cdfb2f7b53c2855e3274761686ab34fc8904703bd2d763c4b6,AA,서울,105,07,1700
26ce1fb877ea48192c53e8170a96d7b6ce924897de650ef48f6c45d8c417cc33,AD,서울,110,19,1700
4cc3466c2f388d37a11df03542c7f8b36d2bb4828e048f5c8cfd666fa059ad43,BD,서울,33,12,1500
dc29bc776703dd0d4df83dab53a543aecb56289d3a50a77fe40dc6c5f5ffc3e9,AC,서울,20,01,1800
10ec1246baecbc19c4222d1e0090669f5dea58ef7892c78a8b2dfec2a95b2bfc,AD,서울,88,21,1700
356c2e6e767e09391529a02fb4a94d11c05f806dcb9dc772a8f63954f7bce9ba,CD,서울,145,22,3500
8c2e295663139f262fe4ebdf97e88658f370d15e1b2eb00586a9e0effee60ddc,AB,서울,77,18,3200
1d6f517d82e83f1fd053ccf3cfa1c7706167bdc11a0680e999df242fd4217c7b,AD,경기,156,12,3200
ffbd0a95f36c837c1abed4a183db6769b27f870edde7d1d5c2196519ecd0eccc,BC,경기,38,23,1800
93e810a912d6e0ab40592abb256c5f9d23885307e94bea6b18a6c1901de711ce,AB,서울,120,13,1200
93e810a912d6e0ab40592abb256c5f9d23885307e94bea6b18a6c1901de711ce,AB,서울,127,09,1200
24306e2b015e4cfbad10f07a9f54488fa07994a1462d9f7ef3167b9374591a6c,BA,서울,67,15,1200
13197979f48b285b9e81e62813a7090ec7bfd63ba25ab3c6a81d16943bfb475c,AA,서울,160,08,1700
ec98cb258f468681bd487a103f7c7a3b32f81710c2bf0fae2a1545407a1d2e3c,AB,서울,58,16,3200
1e3714c3d5363163d804cf1d114621f49f32411bd8ec5d6f8dc8848206170ed6,AD,서울,177,18,9200
1e3714c3d5363163d804cf1d114621f49f32411bd8ec5d6f8dc8848206170ed6,CA,서울,166,21,2000
4d7046a2707f0070d9cc7a5bea33aef8abf3cc514043f524285fa43255691fe5,BD,서울,20,07,1500
4d7046a2707f0070d9cc7a5bea33aef8abf3cc514043f524285fa43255691fe5,BB,경기,73,12,1400
6f9fa4db43a0b7b7e6ec0596eb950aedd02db3de639d802dfcebca2a4223253c,AC,서울,44,17,1800
36136c63cddcd8dfd4b973d2b315ac9207f56b0d85370b204ecaf8a879a20a1f,BD,서울,24,13,1500
0a0587338cfea8467fcfb27a7390bc9fd356ea5af6c853106e602d5ea3e09377,BB,경기,88,12,3800
481f44fbde2fd1c67a1734171e12059a2c83e1c586d68e710fb8fae9ae2f359b,AC,서울,10,08,3400
ee41240c313495e066784c3728c45cd32b5b65625eb7cae8928c579a9df88798,CD,경기,92,20,2000
d1a24513941443f2d6079376446cd444f6059bbcd665bb2af32f6bc6c005a768,CD,서울,22,16,2000
d87500944752e588fa6d0cb7e6fff100808e0d2652e24a81ddd720dfe015ed37,AC,서울,74,19,1800
138d96cbb213121b6880ea895ad9c6bc2d9c428f4311a3534c0588fdd5caff59,CC,서울,151,19,2000
138d96cbb213121b6880ea895ad9c6bc2d9c428f4311a3534c0588fdd5caff59,CD,서울,98,20,2000
138d96cbb213121b6880ea895ad9c6bc2d9c428f4311a3534c0588fdd5caff59,CA,서울,154,20,2000
230e09a16ad35bc532c3033f2e938e7940316550629273a42414040337b5faa4,CD,부산,130,17,3500
d5de56688957311786aae9c944a05c09e91fece382fda910aa0e24070443c63d,AC,서울,180,23,1800
30d464dc941d3b3f89df7155a4809eda1384981566c8a4cd276941dc48e430e9,BC,부산,156,12,1800
f9d25a0a027c88812f0549ca390ee23320072e588a8d34d328a9aef693cadb91,AB,서울,178,17,2200
8240d74d28f91b68e2ecd0a943e42519d3c53728a6ac5e77b2ba7a64d89f6a21,BD,서울,28,01,4100
a9b4c46b18f627b97f7daf6282720c490ad566cf6ae339301d2879e87c08cb59,BD,서울,108,20,1500
725e4c07019c3f0e7fa6940323fd7c21cf7a82d38550f10ec097a84f085e5869,AB,경기,82,01,3200
0a8dbac246943fee0edf8601536d89bfd1475d0dc3b844902acfccbb7602a139,BC,경기,179,10,1800
9099598406859018dafde6d80bb603e0561807b966cae7a45106c2ee945c9659,CD,경기,121,11,2000
fc10dd19a9e9c82174dc9f86dd1b722afd36f5dade94da083bb84fea4abf88d4,CD,경기,176,10,2000
fc10dd19a9e9c82174dc9f86dd1b722afd36f5dade94da083bb84fea4abf88d4,CC,경기,154,14,9500
fc10dd19a9e9c82174dc9f86dd1b722afd36f5dade94da083bb84fea4abf88d4,CC,경기,42,15,3500
fc10dd19a9e9c82174dc9f86dd1b722afd36f5dade94da083bb84fea4abf88d4,BC,경기,145,16,5000
fc10dd19a9e9c82174dc9f86dd1b722afd36f5dade94da083bb84fea4abf88d4,CC,경기,105,17,12500
3b172e97e293289eb14afe7d28d183ea269431f186a41f613987cd5d4bb6ab5b,CA,서울,180,19,2000
3b172e97e293289eb14afe7d28d183ea269431f186a41f613987cd5d4bb6ab5b,CA,서울,180,19,2000
726da4b06206c1ce3978f8e930339eb26777b60e8a7cbc383f73847ae7eaab20,AD,서울,128,15,3200
4126ccfc7e536fcb752f906e00bb119afe330ad92321cc887880c5d2f8e3f90b,AD,서울,85,08,3200
b1aa93b3b27da67ca6bc887f3d61e9af03a3be8fc3dc7b3041ea86d4ee417e70,BB,서울,148,13,1400
3cbc0f65e3a5c9f16d778f2ad2046218f5d0064ae32a548c506c20d19606d6fa,CC,경기,97,15,2000
3cbc0f65e3a5c9f16d778f2ad2046218f5d0064ae32a548c506c20d19606d6fa,CD,경기,150,14,3500
3cbc0f65e3a5c9f16d778f2ad2046218f5d0064ae32a548c506c20d19606d6fa,CA,경기,125,14,2000
43784f27faaffbafc21efaac7f52d3057312397c72fce3824f3981dd4c7fe930,BD,서울,77,12,1500
1107f4f62751b0016d34f2fb537c049a215f128b1f446f54eb5ed5b5676797f3,AB,서울,107,20,2200
1107f4f62751b0016d34f2fb537c049a215f128b1f446f54eb5ed5b5676797f3,AB,서울,90,21,2200
1107f4f62751b0016d34f2fb537c049a215f128b1f446f54eb5ed5b5676797f3,AC,서울,172,13,5000
9dcf4674eddca74c5a9fbfcfcfe01b5ac8f03693a5ace4d374983d118fce6f6a,CB,서울,149,23,2000
2b97b86bc2ca2c7dcfdc3d9225e6ef92eb5a7b65ccae091338304e6bcc3ca692,AC,서울,149,00,1800
249ae3590d65d4504da6e6e924e8c23ba01cdac6278b01e706ae37bf6eabc948,BD,서울,157,16,1500
de19aff191833b3065ae0421d8db8e86da2b9fba2916d01951c0e38b750c19eb,CD,서울,4,00,2000
602ce22f79a69e2d25b2155443cabc1410420e904eaf63fee05d0a63616de882,AB,서울,157,21,1200
8273f7a995364b8be167a4869622a5a65d90bea059807ac32b8eb4a315954c42,AD,서울,175,20,1700
6e17a83a306f554541e27a8ed1cf1e2feeb94dcde644593ff1e000792b49973c,CD,경기,103,13,3500
6e17a83a306f554541e27a8ed1cf1e2feeb94dcde644593ff1e000792b49973c,CD,경기,4,13,2000
10340b8362be8b84283e8310fff9e63fd7258b293f67aca23ee1aedf161be3bc,AD,서울,111,20,3200
392b5cd096ca8202443df5b6100d9cb8feaaa8d935e326d7386e45fc99821c85,CA,서울,110,09,2000
6720fbaf581382ab75129ae017ec6679c4bd6ace3964c05d84884706c6e958a6,AC,서울,122,23,1800
4df13b06940e9ced04e7f63effd06d9d48ea09b5cc8225203dd52ae4e708415b,CC,부산,136,16,3500
e39da6f364ce1bf5bcd2767680eb25bcd92122e092cb60f5e34c1c98baa5406c,BB,경기,112,07,3800
76dcf8694ccbd335940ad83539a8e2210081e390705ad89937b34cb055b8fd74,AC,서울,63,12,1800
5ec727008f43a73a6e04b1479a904b04fca1af248fdf3e8fbc48ceae79d6d8fc,BA,서울,57,20,1200
b58cb1ed70b788346cab08deb6c93795fa7254f01673c80ce410ef515d636ee4,CB,서울,51,23,2000
c6f431334fe67483f25f11b87d47add6ca1dd4c256b34cd697f95839c64c13fe,CD,경기,107,21,2000
79519c3641d7e26831b4a7da7027a6fa105c44efda9b93ebd439a7dedab1a323,CB,경기,8,20,2000
6c2a8b8308bdac149d90a00476ee3bd8eac02e9d07f100b0725d03e4c813f7cd,AC,서울,76,12,3400
a58eb8773b18992d44b515cd7a4b24eaa41d027e87a960b0e86b49e24c069ffb,AC,경기,159,08,5000
d59e231ebb66b899407525b1ddce7fdc19d1c73d563f71744d5dae34b95a7332,BA,서울,40,02,1200
8972ba532afe473600f20c5a49f4e385178496d50e5fd7ce51d8848078c06b01,BB,경기,86,17,1400
8972ba532afe473600f20c5a49f4e385178496d50e5fd7ce51d8848078c06b01,BB,경기,162,16,2600
d43306a9005197beea4e40ef5a5c61bca8b5a3445c28c8dea7ca9216983a0384,AC,서울,10,18,6600
d43306a9005197beea4e40ef5a5c61bca8b5a3445c28c8dea7ca9216983a0384,AC,서울,85,16,5000
d43306a9005197beea4e40ef5a5c61bca8b5a3445c28c8dea7ca9216983a0384,AC,서울,61,16,1800
cdc8afa5e8c7a903fd5b3b93caa119b68a6df7950de94b21320d60be74b7fde1,CD,서울,159,13,2000
b131b83dbc283505d15bd8378823468a27d3b3a1e0f34b96ce421316cf77f574,CD,서울,56,15,2000
6ec7248c572de8f1961f21886d059552ea14b1e7ba71cb95ef468451629c79d3,CA,부산,115,18,2000
3c283b89a588e99113892fad4333a22ef90f8d7820b79f46f261c80356869f61,BD,서울,12,20,4100
3dc4bc7a4ad9f10c5047f9e17bc0121631673446a7f699a6f25c308493e9c094,AD,서울,149,13,3200
4160ff2bb540de4b33d82667627cc0f24be47c296d07e399d49d46fd8c44a6c6,BB,서울,37,21,1400
93e730b4f5afe4553a014c799c19ac623f1f86b9c5813d98f517897ec218f737,AD,서울,179,15,3200
b4d51932a11168ad848f4484dac6f2aad483147172a7f629cb31524d06e31f3e,AC,경기,139,19,1800
1fd71c2fa540a2b0d858644c12643ffb1a230bb245018376b0ad5d3df03d9e37,CD,서울,58,16,2000
9be98a19a5e29a7a6dee27d4acb54fdd92ddca3cf65d04525b0800c833b89ee3,BA,서울,59,12,1200
bbc35758ea35aa75e29c9e43b91d8b515bba1c399d893d2d6c6b5603002b5541,CB,경기,23,23,2000
b6872c30dc033a8fd7ae1c5b13cbd5d222d121096cfa3c4d8bbf2c596e13f1de,BA,서울,160,12,1200
db80c47963408e7ce2d2ff54856c2135c2232981d284bd3b922ceca536ee6c82,CA,서울,133,02,2000
2f0e678f6e7c71c6c885340d380e7317fdf15205138a4bc1413b1827a242b2b1,BD,경기,98,15,4100
7c29ec82c2b5d41d74d1739582ba9abff7d9e6446194e50b08f1210fee6c1b85,AC,서울,53,15,5000
90601e285c2211fd90535f13860df285329a1f0a40b84727cb568816e9a05f31,BD,경기,68,22,1500
a95a8d2156eefc1554fd5e2f4c99706d9ece363dc42d890b8c61b9b1a701576f,CD,경기,3,19,2000
44f106e3da64058ea7f60a78edc1653250cad77876354eb9a3c4f60a33de6865,AB,서울,30,14,2200
a35f274df1f32914e876d4c3289d71a9be7ca7929329ec755f226f9b49a8191e,AC,서울,53,15,1800
50b53d8be53c6c9a462178ed46f18304f6e0361e8580a6b7bea5306634c1c7e3,BB,서울,89,01,3800
9c5e4dd22701040e44efa7bbd84dc80c82f53cc0c31cc4c4e3482c8c8dfd282b,BA,경기,79,16,1200
0ea3bd00facdefa98e434f509538e34a5187c40f41cd6c8746500eedc62ccecf,CA,경기,142,18,2000
2ff282fe44c71cb8d6fba0abc3a70060590d2a4c40dbd6862fdf9d5f12cbaa11,CD,서울,5,17,2000
e9f4c10eb6ac007ff32195bd2a3b5d87636e1cd23056b8986b308cd51f2f5082,CB,서울,128,04,2000
ed203ef84ac205753b12b81df9f163a1032e5d1bd7396e432d65f5c78790aa73,BB,경기,67,13,3800
b28ed00a6d16f04d261f23fd1fa5f1bf2956e1d14971585924b5f93fd4b436d4,CC,서울,70,18,3500
0a475b43e4566d35b6ac0520544eef4aa99ab73dd2367abaec6ab15d693d6141,CD,경기,101,19,2000
01cf0343229ccddfddeea111685ec375193a1e32a875638e38825272f02856f9,BC,서울,163,00,3400
599f73f8522f4592791166054923cc279417714ceca064713a39d60220d4b845,AC,서울,52,12,1800
40edda8cb7b9f32af3a32b814ef6a29a4340d45a4acde08c46845b9c6f3eb8ae,AD,서울,98,08,1700
9490b4f1e78ee89794d4d7f9a8c1e0a3fb6ad2ecf7638e236f3a9e9c9a0eb0c7,CD,경기,124,02,2000
9490b4f1e78ee89794d4d7f9a8c1e0a3fb6ad2ecf7638e236f3a9e9c9a0eb0c7,BB,경기,116,00,1400
9490b4f1e78ee89794d4d7f9a8c1e0a3fb6ad2ecf7638e236f3a9e9c9a0eb0c7,BB,경기,127,22,1400
ec36e0ca70fe5f85e2cea6fca8ce4909ce0474693e93144c1355e3f022e75c6f,AB,경기,107,22,2200
a708adc0cf6325d027642e43b66704aa4970c29312bfb2496c69fef34f55db17,CB,서울,93,23,2000
8a54b61cb3a4f1847ebf09ff9c2c87726ae6d000afc6def76497a5fbfb4ea4d6,AD,서울,120,08,3200
d1354c81003040c32e2e00361f2ea203143657b1db848ae9e9ecf93d84cf810f,AD,서울,16,10,1700
c59802cf63fc1c3c9d71879c94ee67a26776d5a0c3c097bd0a4be9eb210aec8c,BA,서울,74,08,1200
06aff9e8eb77df543a695b3740458edcee2115ae4eb8425bce592842f5daae5e,CD,서울,21,11,2000
8d59270086b3652eb7a2ff12c7ff5565421aaf2b7892b55889a079893cb520c9,BB,경기,178,23,1400
7205d8924a663a15a8a73f881ed74609a44c5725723263ef2da68b6a34fe1af9,AB,경기,165,08,4200
46864e0bda8ffc8b4e1b67714732e6548146b3ffa7093f17eb30f5e94479737d,BB,서울,182,08,2600
06b4e6d598f7084219d113bbd6a5bac450f71e1c0bcca580666c1aad3173feec,BB,서울,160,09,1400
71bb921945e576e1d19a374b710c4961590c4d1fea6895b77265610c6b430b0f,AD,서울,145,18,3200
61e6988ad80efd380f00e0f1ec515d025b43f4b829969b2b2fef83200f3737f9,CA,경기,12,12,2000
bc4e5df8adf43a2540c8423de2cef70cf00544266536a16baf6ddec7affd7cef,AC,서울,54,20,1800
7f9343a960e89fc5617d06f3ed90e232059d0ef8cd86fa6552915ff7f776d59d,AD,경기,166,12,3200
f4681847a98a746f939f39647ffa191c113ed7abddc91b8671a5dea6ce8ea713,AC,서울,18,21,1800
f4681847a98a746f939f39647ffa191c113ed7abddc91b8671a5dea6ce8ea713,CC,서울,61,17,2000
0a58a6ac44f6c333b9f7d95e1ecd6ee8be768ca00b364433d6a05139fcd41477,AD,서울,116,23,1700
25fc4d1e18a8770881386cee255434a0b348478c97014e827a6c7b252ccd2dd9,AA,서울,98,21,1700
3cc9ced62b8a497632fb31961081abe9e20b39cfdbcc147868d4a3d79665bc7e,AC,부산,29,19,1800
2dc307582dd1d2ed0aae84828ebfe17ca87f49b5c990fe30c75dfa55dfef7330,BB,서울,154,23,2600
bcc630ed6c0f9e5516dc0b1de748d1315178d1485eafc4b57d72c31ebb026389,AD,서울,140,16,3200
ffbfc146ffd1d6e2f3d32479c2fc3f1f4bbf8ca7d398185bb7b28d3c86e48136,BD,서울,75,15,1500
ec551202a6351670a5f213dd2334218894cfbc30b8a91314405a639b8eb6e34f,CA,서울,152,13,2000
baf4c5d2f1172d449ea88c290fbb65017e611e5327317f23fb584e72c6e4716b,BB,경기,47,07,1400
baf4c5d2f1172d449ea88c290fbb65017e611e5327317f23fb584e72c6e4716b,CD,경기,88,11,2000
4bab85617cf4ed98a492ea8719c31c7f808defee0dabcad402ea9c3d07f00770,BB,경기,103,21,3800
4bab85617cf4ed98a492ea8719c31c7f808defee0dabcad402ea9c3d07f00770,BB,경기,143,04,1400
409a8d9e88791f0d52020c88ed3c2511aadffab8933122c02526ae42f73f6072,AD,서울,49,16,1700
eaf78b98c22ab805481a582ebd8f7eefb34882a4e018a09a2c67b05d56761f7f,BA,서울,156,08,1200
dbe7d73fbc865682b8ae679662d0a35be3375d09ecfe50744581077fe1bf3a83,AC,서울,181,16,1800
914e254b84234c76f504060a49d50f33ba77ca974a1975169218d0791b01fcae,CD,부산,128,15,5000
a6da5fc6105f2bee989b19eb8b2b0726b4a62bddb4d8ff416125d5cb224c72ea,CC,서울,127,11,3500
75f3414fc2f3206c087b79deb90518fe14e0d791ffc81a79b8f6c368bd0bc4ab,BD,서울,99,20,4100
0ea293cababdabd219293aad049e1224f01069f17432b81fb895a9d14eed5aba,CA,서울,13,23,2000
ddb5b87f11d56183576c69e93112fe94801eecb2e56ce3afe96e99f5bad4e327,CC,서울,126,20,3500
f3f2f2ea20cdf2339701feb95a826676037579a8453613df97325605a85637e1,AB,서울,129,10,1200
d3cfda7c6ff0d7d574612390a6b9fb2a2142854dfd8bc380a403bafee72a7e18,AC,서울,35,20,9800
738312105bee2bb02dc8577535f11ef4fe8796dfb8ceed601b45b64f877edf7a,CD,서울,177,07,2000
738312105bee2bb02dc8577535f11ef4fe8796dfb8ceed601b45b64f877edf7a,AC,서울,182,08,1800
f9f1b4f11692d05ed505966f799b6c5d910de52130885cfc7cfa4135ba2648ca,AC,서울,130,16,1800
e4651bfe7b6613f547de9f3e12efb4f4db257d9c3bb60b6ab7417d4c95536acd,CD,서울,22,15,8000
086fdfdc13ce64d0ceb9f26d5bda90d37cd920afab0a1b1da82ac21e89d8b45f,BD,경기,95,00,4100
086fdfdc13ce64d0ceb9f26d5bda90d37cd920afab0a1b1da82ac21e89d8b45f,AB,경기,115,20,2200
086fdfdc13ce64d0ceb9f26d5bda90d37cd920afab0a1b1da82ac21e89d8b45f,CC,경기,124,19,5000
724d4cb4492554d2b9f14207452d46e00c2b0a1908e3abaacd4092f7b0c21234,AD,서울,178,21,3200
679b4943a2be15fa8a87dc14f00641f0c1c4bd4101675c6c611c4a3442ec39af,CD,경기,20,23,3500
5bf106e9c13ba4805d7136d5346bb37f00a751e58d9e669e5e4bbae220a1bda3,AB,서울,125,15,2200
f4f5c534d17744e8654e41a5c0a5673ac45dc0d52e0c8cfa732f75d2677f2672,AC,서울,39,15,1800
e79bb6341b0a099c1321a1b4517805d765a18b304c52a2b633470b992610af12,CD,경기,182,16,2000
e79bb6341b0a099c1321a1b4517805d765a18b304c52a2b633470b992610af12,CD,경기,170,17,2000
e79bb6341b0a099c1321a1b4517805d765a18b304c52a2b633470b992610af12,BB,경기,120,17,1400
e79bb6341b0a099c1321a1b4517805d765a18b304c52a2b633470b992610af12,CC,경기,63,17,3500
e79bb6341b0a099c1321a1b4517805d765a18b304c52a2b633470b992610af12,CC,경기,167,16,2000
ffbd35f8ba98d56818a6555194373363024f7423f22f7ab5c897db8ffd40eca9,AD,부산,130,10,1700
ce01e655cc5004bde35e71c90e28c1bfceccee8209c79a9564ff62ad0781870c,BD,서울,142,20,1500
15a587e325ef0b96e3cd1b987b966c2ad24534151435d8b0a0193aeecf999a95,AD,경기,98,23,3200
f36678c7f6bc7177b39e9ef7fccd424d8b65b8bc8c03f268a7aeee652da55f0b,BC,서울,47,12,1800
f4c70388e124bfe48babaf3ee7274628bee5f4a5c8ea7322055838bef8f1b89a,BA,경기,40,16,1200
1cbfa1d403c9f60912ae7b20174fd407b1570b4fd3ddc001b9355aa84e9fe270,CA,서울,105,12,2000
6754cd02e21a149dceed2d0f363c2f90e4e083407978a78430b140345b0c8a7d,BD,서울,126,20,4100
1eaa9b004409d2995454a8681588dee789b0513f85880f2ead662e878334dd3e,CC,경기,82,11,2000
cd571145dedeb19d6c62e716fa3864982f896929943c7c2e34adb685900b075a,BA,경기,3,08,1200
f16e9c82b996c15d07ffb2d8c8fb7a2e25c79b79b285976ec67f7015816a00df,BB,경기,98,22,1400
144014cb0002661ea1f2dd0d0d77109a1a983cf3c13325ec6839f432ff75a820,CD,서울,78,22,5000
ae96683de40131b03c2d4f511494f294e489ae36143a80e0bb5ac0cc761ef648,AC,서울,89,13,5000
4a21645505aee4cb062b617a9636c2af950e84cc48d6080795481733ed3e3611,BD,서울,25,22,1500
8cddc699bd2c928523a55a011de9dd224cede3a980b4e911d791048bc89b86aa,BB,경기,152,13,1400
e7776c37bce36de697ce0fea5bcfae2b5bdcd4d40ca3bac3f68372d8fb638fe4,BB,서울,143,23,2600
a5a0d4a30c721007e3a4135930a7af495c5ef20dd6c36a8c52e85ee3fec07d31,CC,경기,174,21,3500
5a7344b031b35dbc2d775c9f52ab6864ff8f7f445a3d57de5d648bec66b3ced1,BB,서울,95,17,1400
4fb2d7feacd6e1a973de060f6555bac936c44a5375ca49aa3df6093b17b2ca7a,BD,경기,5,23,1500
8aaef10265e936199d002c17596e04eb69e5aee8246c0ca59b592397a08189f7,CB,경기,53,00,5000
a287c153d37b7a6edccdeab431f32ebc78dbbabe75240ed242b623637f805651,BB,경기,174,10,1400
a36c16f6ffd9b9457b4ef78d6edd36fe1d161c94f1f77cd502012977ebc919e6,CD,서울,14,17,3500
1e667961c48fea15cd41181dea9f07225de28dc6768596e2dca258b8a702c3f7,CD,서울,147,04,2000
57e6c4395bf45d3991f09c4c9b5e6363f31c3957f3e8cae449780b37d35694aa,CB,서울,91,03,2000
96f0b75920cae5ba56bff6ec899ad97c9cdbfc5fe5cb4ee0cd8e790e9c3e9f18,CA,서울,129,22,2000
678dc52ae71266555ee01434d68857e5d297fee6e08084b4068cf272482c544a,AD,경기,161,09,3200
c8d379a6c0703995f1bc970c59101090415e8f1c8e4fea1be1889633b404a0c4,AC,서울,71,21,5000
ee76e1c577058516f52352567a13b2825e04105a99d1c67a68f604f91a61cf77,CC,서울,73,02,2000
e9b296f9fc186bd5da34e39599d31c182b5b3b634d0b746da799cd60467e3c34,CA,경기,172,21,2000
ddabc656600dbbc833ce57d1363c516f37c64496bdc7b6d302e3eed1a2e45efc,AB,서울,105,17,2200
5bd32883fd7927a77fa09cf570ed659467042c33c9953668040bbcf73b9c6ece,BB,서울,163,21,1400
110349a3d0fe267eb5c6549b7dbb8f35d171cce6a0ebb525c3092adeb034a742,BB,경기,72,15,3800
df0fe538e6355cf4d20eab9db473d6f31b04b5a173244bbc4bcd05ca8dcde723,AC,부산,21,11,1800
abf610b3918afe0fa816beb31c965f4ce2d3d48895c53739a840756545fcbe89,CA,서울,181,23,2000
2bbe68f6160b6cc45764c11060e40c8ef354d2fe496523039699e5f5a14eae6d,CD,경기,131,16,2000
b88b7f764e59469a54fcd8dc4da89dbfc8c22165b20064db9bed42fe1797d1d9,AD,서울,168,20,1700
07c88a0771c375cdec807ebad6eb9ee259b03f28e457782be8c510d9fbe43a19,BD,서울,132,15,1500
04c288323981a9895965b191d1c8be20ab9135cbd1e5138853902a1a627e2c16,AC,서울,133,09,3400
a332df7cb513b65daf99f04943b564b55d319c096ccb8a4565a55c1350d7de4a,CC,서울,169,22,3500
a332df7cb513b65daf99f04943b564b55d319c096ccb8a4565a55c1350d7de4a,CC,서울,128,21,8000
087e95d2eb8f34afda88c6e68782f56673c480cae31cc1493a7268f5f8dd932f,CD,서울,72,02,2000
e4fcee4ea09f2125025f17eae9d2029eeed3ad0c8860ed5211d300398b55a741,AC,서울,111,21,1800
9469119ca4d65d34e2b7222ade5b09b1f1baaa7cc4824128c3474e563cc47758,CD,경기,67,14,2000
5dad5d070cc54be9e19efd94cbc677f240b24c45e8e74294ac63d22551c2017b,AC,서울,159,17,1800
c0c20fd32923cb5394adc407b6993be589d02efb7ef75d878733c821e88e0eb5,CC,경기,97,09,2000
a1b7d14efd0739c1ebede534b400b9f3222c2270212ddeaf93861b8ebfe03328,CD,서울,159,06,9500
4139f90597a61d899636ae27c6e0d425fab04c67259dbd44f4787a7a80eec14d,AA,서울,117,00,3200
84b41a8686162ede6bea73e0dbb3a56577607f569be5f2f9f78680eb6eea3682,BB,서울,167,21,1400
b065cc04d982cb7ddeabc3e31c07e1a7faac98525019c9262d0bb2a187337e5c,BA,서울,91,14,1200
ab0331c293ad4ac472b07abada629d329aab64f352048456061420eb197e3f95,BB,서울,140,07,6200
87b40314eea680782ca21fe472d204acba6b938b03e915939919b49938332e63,CA,부산,24,20,2000
efb7dcfd02acbd6eed8a29aefec214e650e3e15d65b66715639c2618cf37fa96,BD,경기,14,09,1500
cc03bead103ecc53dba22c2252a922a727a226a9890acf42db57b833c78ca520,CA,서울,48,00,2000
65424d4e50dbf4eaee9682a8916c817db3c32b6458f402ea6ebe89d2ea352897,CA,경기,161,18,2000
c7882fa6a10bc45445089af9c873892fc569162a21530e2a14968e530d6ab42f,AC,서울,165,13,1800
25a815feeccbb57625163954bb41615539a7f6d27f01fbe0207de73599ca989e,CC,경기,74,16,3500
a1b8c6fe8f6f78f3ff3ddc716c730eac18c1c3e32a47a59b1d83ea0b5fc9580c,AC,서울,54,16,1800
67361a7d86b8dc1686fba5a3ca8dd993b5e1f0ec9f31e71b8f4c6561aa9c0e2e,BB,서울,175,08,1400
bdf3b0940853bbb9b88aeba534957aff6552dd3b983f24eec9d58f6a83b87f5d,BA,경기,65,07,1200
d9a30dc65f0fd9ab657d86b202247ee3c4b3bc420cf3c367d8ab333e6b1ff523,AD,부산,115,02,1700
d1c85c9f29511fcfab611581a4a35e67baa68dcdc7d622c00d493902aeae077a,BD,서울,24,18,1500
4259d92a7c3bf99c274d75d329fa17fbe07c1bb45c3cea02df89453bd5052ebd,BD,부산,77,14,4100
b52edd9c674e84138ed42a01e97aceddc4199ce214f37d68971cb383f0f7fee8,CD,부산,88,14,3500
941cc98a67b5a605bb1ddc930ddb8d62cd3c1e6de2c980b5e34e7c28a4a624ec,CC,서울,64,23,2000
452009f1c2a64f03f60cd1430e474882454f7bbc941c2c48f5c3b6433bbafdd5,BB,경기,68,19,1400
5515f1010bad47ddcd7092901309fef1d4a1d917b29f2f339be8e41527db0c41,CA,부산,146,00,2000
b7d45ef4d3599729c257f1570207aa2384644911bd608e1fe2a5af9f5676e634,BA,경기,74,08,1200
7ab7ef9a6b23cba8d594b2d91dc84777db064e3d8c9ef9724d4d02d6e97490a1,AC,부산,87,08,1800
6eb599c9c71abd3defef01a337fd181008f83cc02c65525da483ffeb54aabf29,BB,서울,64,22,1400
6eb599c9c71abd3defef01a337fd181008f83cc02c65525da483ffeb54aabf29,CD,서울,98,22,2000
4f2239ff519bf8da86a7473000d8ab15cf08a93b92a477b6fd6c8c324938b4d7,CC,서울,134,19,5000
9933d6831a2bd375cd08eb6d4b40b08f8e44182cf8f76c7b0dda07ef6d02a5f6,BC,서울,47,12,1800
2de9169f10c42f9a0441124795be7349dfb44ab4c65687adb957bb5d17343d90,BC,서울,68,20,3400
f5ec4450a659d898d219ec683f670b0a246fff9e8f8334d120d71118be7bd193,AC,서울,99,08,5000
042ceef6290a4bb74c982c38249c76246f0411d813fe08c2a86857578000199a,CC,서울,162,16,8000
0c72cfad418564f6987f9cca903da36620b1b3c4419a69f6d2680f6b95d6e1a7,AC,서울,35,13,1800
d327756c76c4fa8b0980dd0859306e6136f7f17418055729965fc9af0142335d,CC,서울,106,19,3500
6d00bad2c48001162dc19a354a6a26c25d0296b898a24a370819258a1ee16a14,CD,서울,121,12,5000
69568ce292d450eceed433d7f35eee4869552c4a0f2670d563ef6c4f201e2c7c,BC,경기,126,16,5000
b8e0f92b76343f4569ff407e514db50a6bb9750def989b2a1e822189621407bd,CA,서울,29,16,2000
37e5bf6492e8439f15a922001214deee606b46db87b15415eaa719b5959a45fa,BB,서울,136,21,1400
845941cfe8b6eb362bf7d93087017739bf1a2d1bfdc04fd189343d1b6c17a5b4,AD,서울,128,20,3200
b823baca78b2e4b3aadc05fcc89a81add1881ac72ec48acc6cd0befc384dcc1c,AD,서울,161,16,1700
8fd460d1df33e4a28977981c9117d9c554153e8f04526bff43729d8ab59d444b,CD,서울,119,21,2000
26ef61e9be21da9115ababee889a48a626989f65b6f932ce930367900a3257bd,CD,부산,129,18,2000
28c1f23bd6a5338df07b704f9c900a950800dc2b07e3349bb08e1eb92241a93f,CD,경기,1,23,6500
54e08d25c22eb9356c013fe1b0e95e737f35939737adf6fbc68857fb526f253d,BD,서울,159,15,1500
ea28aaeb8b556884abf5d8b3295eee4cb7d30fa15f6f307f11598bea2ae564fd,AA,서울,50,08,3200
bcf59c1dc0637b7a35b70e03d22b8dc26f2110f5688e8c63eee0d948045faaf2,CA,서울,133,23,2000
171d6d53738043c582b2da48ace7487abef8ecc90bc5c8c39a348d1261b10ea4,AB,서울,76,13,1200
516b929ae08654e704ea0e45479f75ff6598c0918470e994c25d7704aa04dbb3,AB,서울,120,07,1200
62d1cbe96b5865c1afaa5d79f5733b060b4ddb61f20180e571444457276b581d,CD,경기,128,20,2000
35f27f4451284fa27b572581814d96290e3c35a31b0ff31cf5f99bf544c4874e,BA,부산,50,00,1200
246282edc258991447b7c948c98e0fce4b301399c89093ccbcdd5a105875da59,BC,서울,80,17,3400
80d70ea93792ca7e2fdb069570fef2bd899714e07e1e5a9eafc8d0f950972733,BD,서울,169,08,1500
693cb60172c70960b74a6624381bb393ac04dd1e55d05a8defd8366c408115f8,AA,경기,9,16,1700
78eeff3be3cb0e81a9044db534c224cbfcd2970c37a90902ffd555858312da2d,AC,서울,177,19,3400
a44ebd82490e083cb0b69b18284cff3ae6e6226c85a591b71167a8c716479198,CA,서울,116,02,2000
faf5cd66364d6ee573ea26ff5917b664c95f0856ab663f4cab22435f56ea8d11,BA,부산,11,11,1200
c708da04f2c3783fe303eb1eba97d27dad3fdf9060e70c10f3960cf890cbe755,CD,서울,139,00,2000
e057e73729f29ebd74c5e17b8201542b13cb7393e08b0779a0709aeeda40705a,AC,서울,114,09,3400
db5ef53d85617c20b34e349ddfdd77f6b897758650129fcdd9c2ae83e1d55c26,CB,부산,136,22,2000
5fb0ff105585875ed4165077ce27a6c32cc0b2aae6bb8cdf4158062782227c2d,BA,서울,154,08,1200
16d34fb7645875a3e5d514d60c812ef3b615244ca053486b614d58a2e724bcb3,CD,경기,100,00,3500
16d34fb7645875a3e5d514d60c812ef3b615244ca053486b614d58a2e724bcb3,BA,경기,78,04,1200
c2919f7e4d5450740af619d7bc1324a9f8310e96bfa1d5dfd561d90a3d752e9a,AB,서울,150,11,1200
206d5679d07dbb50ca24869f9d9fa718c8f9e52ebb6a1e595ae0c6905e8ff43c,BD,부산,164,09,1500
ac2db24c6378360535a28bb450f9012a9e70634e8b8e560bb8972773105d4fca,BB,경기,122,00,1400
fd9a53fd9d4af1da75969cfe359ca61800249484ed7c2c1c888e1d59c7c996f9,CD,서울,181,23,2000
69e4de0d5fcf497fc1fc3750d903a15a2bd6d0f090b8e0f563c3d9cc9f2f43c1,AD,경기,173,10,3200
8e94751d97dacd6409efbfc16cc7c60fdd3c89e5fe5a7aad86ee528d227958fc,CD,부산,42,07,2000
1592dc2eb9cb4c1979bff9b31ab3a58c1eba231e9c9cd388300c592e73f8b5e8,AC,서울,177,21,1800
f628e7e20b9577eff1f1de83678122c8bb441bcc1cfd9712dff60a71f60422ac,CC,서울,41,20,2000
5462b97af81e31a97f8079ab4090f03b37de8b2f000b4f8e4b9df5081d62a797,BB,서울,124,12,1400
47a637f9e125149501bce179205e98df0f7d8159131b25c340ab50b883262756,CD,경기,154,21,2000
77f715fc67e1d83837e57554bdc926e9264be5dccc963928771e040325050aee,CC,경기,107,00,2000
1146df53ad43ad231d5649dd0c91d02760262165ecc93a00f3089909c017179f,CB,경기,34,22,2000
a50d834c22f46bcaa15886447bdeb490fc1fcbe7e341bc33307b3a6cbf363f3c,CA,경기,80,22,2000
4429c590b95967861180c63cca5c299b0e3d119b556acc43825845df5602ac35,BB,경기,77,20,1400
9aecad40b5155babbbeed117a01bf22b085e27f0ea22c3bad591b06cea2e96b5,BD,경기,70,14,1500
590c8b8c5f086cc66665581ec6e10163862e02ae5392618d0de72e1dcca16f79,CD,경기,180,15,2000
6cb14b985834bfbb4941a921d3e90b7ed6ed7673aa99cedc61d616bab7de3891,BD,경기,11,15,1500
fa32349e07e221cef4d00d99c5076d8b5b26d0b339d04f743edd4400469cd6d0,CC,서울,75,16,2000
28d7b6214aefbb8855030252dd80bbc2a61e398d4bfee3419486ac3ad74e503d,BD,서울,125,07,1500
d6133c072f738c06eeb0bcbe59039c2014866db668f3269adfc71f0f6c442954,CA,서울,96,23,2000
d806ce8283bd633803590f589f16158d836153c75e0c3d15c5daa98a645561d4,AD,서울,177,12,1700
e1c4f22bf982f11ea595f0c329b63dcd091c30d05f6d5e082a6bc5ff8abfb2af,BA,서울,39,15,1200
a41479665ed29db8707e6af877dfcf6bb5492d82e31990aef4b5e9ef08335183,BB,부산,160,17,1400
31b09fa29511ed2b32dc24538d78209325cc4298bcbbddef2bc7be178eddf4f8,BD,부산,15,16,4100
4c44c3e09657f27d44fc39439cecab80980712b2f2f9c92d3cbacdf0757c9dbb,BB,부산,80,07,1400
71b0c0f9c5fc103bc9ff9ee99a0ed4eea3b40dda71af7632d509809703148345,BB,경기,82,22,1400
71b0c0f9c5fc103bc9ff9ee99a0ed4eea3b40dda71af7632d509809703148345,CB,경기,96,22,2000
1e003a164d2883e17c02f99525e4e07f8bc257bd99d2ccbf3262b10bad4130bc,AB,서울,110,15,6200
7bcb70ea0707550b06a6ea31b28ae75afe52de85100cca4d692f26bd820e4d73,AD,서울,55,21,1700
ebbff8fa8598c4c67353d94fb7cb9bd142664b3d40a35f5fc5a054daaa6cf883,CD,서울,14,20,2000
bf18a8690ac2fe5a3483219ccffa1dee74f2e2dfe8a6078e7f8fdbadb7ce38db,CC,부산,74,20,3500
55075306cd52e05a8cf5fa2ddcd922c3c8ff62495079c94cad32e1e18b6feec6,CD,서울,133,22,2000
ef568fda963406ea1c4c1bbbe53f34dabe343140f72108d347b65f367609950e,BB,경기,135,08,1400
7375c08e44b8feef7a3fb91ae2c3f6a9b9b847fb71a4c55b9d026d3ebb229359,BD,서울,30,13,1500
4da8fb13e3420ce4d50b130d2cb688420800f20bc8ffffd0fa80547e2d7bb94f,CD,경기,57,11,2000
7633bfcd2dca40ba877389c5d0fc09cec601a5e1e492a6066695901a5e422794,AD,서울,129,14,3200
28eed33664f0e090a12e04df545a05d6db85bc14aba817e8548f927e5f91e380,AB,서울,38,15,1200
139bf75edb0d4d363636f407ef75ee5440b3fcd9e4ea28a40747b8188b738e20,AA,서울,90,17,1700
7636695bde869117895919617e124cd4c51f6826562a75d9cfa013dd6eaa4788,AC,서울,65,09,1800
3a321e42acd068f2a866477370cd61c0a1acb6d75991022a62e69407f9ce8cfb,CD,부산,15,19,2000
36eb41857d7b7273e625d7f44e71b92c209db11cc5a9aa744519a7e5cab6b1ff,BD,서울,24,13,1500
3e6e445972b3627fee7ae271958a23e99848ddfe943fc6f9c0d69be6a31794f4,AC,서울,105,09,6600
0a5c5621e42b738912b80e4d146c60fa8502a570947873939f447c2f39a0e0c4,AD,서울,109,10,3200
f29b00aa50ddc6f8254823ba8be6cf662378bd9ae1c11ab0bf84dbdd3b18dc75,AD,경기,140,16,3200
f3a1b80e528937dba2e2e99c2fc1b136d1d5895de811ea54017fd86a0c3d8db0,AD,서울,140,19,3200
706f5657a67f6a01eb363666b641f5d9a12161a6b03f5cf30da389c22b55b69e,AD,서울,24,11,1700
07221500290b88a2da333ed90525d44fc587175043ba91bae68f9c3d30543c98,CC,서울,47,22,3500
ab51827daf855ec685433718347c2bc8b2c914da657fba9c2434f00d9ba74db9,CD,경기,148,00,2000
e46124120dc9c734ae69182fb7ba8f9adbe39dca24b609e7d304295d3626edb0,AC,서울,15,22,3400
1c7c566cb2e38148030f494e19d6b6a4c7daa8bc075be59a6c6b35999877d4a1,BD,서울,21,20,1500
b412af0f966505f0fc4fb3303dbf3bd0d6244b9d54b3046198e2747abaad781b,AC,서울,67,19,1800
dbf81c3cfc570fe8c58db90b4e33204f7e0e96eb194d062e464174f573c16f59,CD,경기,161,23,2000
944a4c31c9198ccb0224843ac79f4f052f4a9e26bf0c086923865c6694e35e4b,CD,경기,147,13,5000
944a4c31c9198ccb0224843ac79f4f052f4a9e26bf0c086923865c6694e35e4b,BB,경기,72,16,3800
944a4c31c9198ccb0224843ac79f4f052f4a9e26bf0c086923865c6694e35e4b,BB,경기,84,16,3800
944a4c31c9198ccb0224843ac79f4f052f4a9e26bf0c086923865c6694e35e4b,CD,경기,174,15,2000
9bc42344ee9a1e0635e9516b53e981e2ace10d0ea1980c311e9483204f57b8a5,BD,서울,17,04,1500
dce9671dc71a3f02c33da8c6492ee724d9d37fb5f54c38d74aa8ba1623c8589b,BB,경기,96,09,1400
69132465623db4bfb281fb66d6091ae63c61a69746d846b481ce13452dd332ba,CD,서울,6,11,2000
b1e71d747781d9afe6e2b0b74e95fc6b2be815bb39fe5db8e1d7ebc645fa1cf5,AC,서울,68,19,1800
b1e71d747781d9afe6e2b0b74e95fc6b2be815bb39fe5db8e1d7ebc645fa1cf5,CB,서울,18,11,2000
0b49d1417cdd08d3981d8e71f8ad72600c68ad78ac09003d9b04b6144b1b7180,BA,경기,64,13,1200
3b40b52b79e8e600c25274598b575d9ba98391f26b7db764cc4f1d214d0ac5aa,BA,서울,130,19,1200
ad01ef3fa4cdea837fddfc4809b30a4bc02e0a58a0c89395a425e5826e9a7ad4,CA,서울,48,22,2000
75bf43810c01788fa0f5664f6660b13482952493cbce0ba77a369cf30e6aa0bf,BC,서울,157,18,1800
d449310a40b3802542b61dd14321425737771bf90714cd6cde2e1c2212a44d12,CD,서울,115,16,2000
335abbc9699abe9dbf4ba417e8c3802e1eee0e28c053ff48d67dad9c12cb849b,BB,서울,4,04,2600
335abbc9699abe9dbf4ba417e8c3802e1eee0e28c053ff48d67dad9c12cb849b,CC,서울,111,20,8000
c4346637d74661a854e487a6225c30a5ea7454e6c989780f0b7dbd9d6ec4b04c,BD,경기,109,20,1500
1ae025c5faecffa454c90488a6c300ad4ff9b5446b6f24fff47c04ad5c8bc5a1,BB,경기,100,09,2600
367e39d70470446542ce6997608f3c6b11ee11e9cd174fe8f9b31125a17164d0,AD,경기,28,13,1700
2b54448174c21d6eb1453d80bd6ebd837641d6084b018da766fd2c29ed788b25,AA,경기,49,13,1700
a1998d045145d495a75b4a0931b19efca18e45a60516ff6ba7b12e8fc07e868c,CB,서울,104,16,2000
f2d3b77838b0b13f00260ca13a37989afcae39dd1ff7df148d2e01b974c22eb1,CA,서울,39,05,2000
d3d87015e9452b2657f601841d9e16100c0c0e39520563d867ddcfa74ce36ff9,BD,서울,8,18,1500
72f55d98a982bf93e90c50be9e341aa582e36cf32c0a1aba47f2ed1bc2b95e00,BB,서울,169,15,2600
72f55d98a982bf93e90c50be9e341aa582e36cf32c0a1aba47f2ed1bc2b95e00,BA,서울,84,08,1200
72f55d98a982bf93e90c50be9e341aa582e36cf32c0a1aba47f2ed1bc2b95e00,BD,서울,95,15,8000
72f55d98a982bf93e90c50be9e341aa582e36cf32c0a1aba47f2ed1bc2b95e00,BD,서울,64,06,4100
7feeded8d964a1038fe45a186b357d960d4a4cb5f2c5d0460e176de9fe00d86d,AB,서울,115,01,4200
7feeded8d964a1038fe45a186b357d960d4a4cb5f2c5d0460e176de9fe00d86d,CD,서울,89,00,2000
7feeded8d964a1038fe45a186b357d960d4a4cb5f2c5d0460e176de9fe00d86d,CD,서울,26,00,2000
7feeded8d964a1038fe45a186b357d960d4a4cb5f2c5d0460e176de9fe00d86d,BD,서울,103,05,1500
7feeded8d964a1038fe45a186b357d960d4a4cb5f2c5d0460e176de9fe00d86d,CC,서울,105,23,3500
1b99c97eee78dc1768fa9a1f4cdaef29de589d039d4287b6cbb3b180904e043f,AA,부산,142,12,1700
a4162bfbb18f798b3e822349e656e2a7c81d07cb5227ad297c16ceb4a2254c3e,CD,부산,117,00,2000
9b5e47c3811eca66c773002bab6fb7b662d72fa66e123637aacf02e53fc02895,BB,부산,132,02,1400
12854732598899d6267be43cc925bcd034d91b8110567c8eef61890b1a842d1f,CD,부산,92,12,3500
027fcf690026c4c220c9629f83fbb1cbd2daeaa8018a626b1c4e666ff05a2e47,CA,서울,133,08,2000
3d36c01f6369294abd4789d167191aede7ee3811a2608ca0ce70e4a054161b5f,CD,서울,14,18,2000
1f730c7f17e4a5e094e994e57d147992e991e9b659eb9698647216512fd340d4,BA,서울,170,07,1200
4cd6053171eb5101d1771f8b9c85755361199c3ee6b815afdcce12f925d9ad42,CA,서울,135,17,2000
02229b6155a59a435ac798766fd5155511088fbe9d17c20d5a2dba115a1ba662,AC,경기,104,22,1800
07713005ad9691cbcc63a7ea226fbf51947b0273bdda9f651637f45519893b64,AC,서울,151,11,5000
7cd958257eb6a475013f87c19cecf6bb6c93241e0189697f0d2fcad07db7716a,CD,서울,94,20,2000
e762964f25c660fc42a6be94ff9a3c4ad23df351e20c4220222dde16f7ad25ec,CC,경기,102,10,5000
4a543d8305cb6937444dfbf1e49c88d01cc3441f4b139bdb1e79f4a65f2c536a,CA,서울,30,08,1930
c02ec3b876cfa3798fb7f663b128f49b645c3e9b1df954ce8a97d9336a84cb9f,AA,경기,122,15,1700
c02ec3b876cfa3798fb7f663b128f49b645c3e9b1df954ce8a97d9336a84cb9f,AA,경기,46,12,3200
c02ec3b876cfa3798fb7f663b128f49b645c3e9b1df954ce8a97d9336a84cb9f,BC,경기,84,12,3400
6dad092742e899e95e05c2cc704bf9020e067993afd2a0349d27f442c5bf3116,AD,경기,101,18,12200
4bbb3ee21e71ed3277761b0393bcc12ba8cb6e53ca2b722cdb8becc5c50a5cdf,BB,서울,40,08,1400
f152a87301b9484499f01652b87f4063275d56bd83bcf4f6b5001bc8949f27f4,CD,서울,121,23,2000
bd290f590e2ab79c5ff49b5ab7946e23f4fc6cb19b9e6e0ee14dee05f8335b21,CC,서울,79,21,3500
6ea6765a217bfe8c2f4f159f5138876a17d75b3b090af547cd19e885672afac6,BB,부산,95,11,1400
c2b0e6bceacf5a79a96879f40ca386b1c3f153621afc0c56f26572c5d3f2ca75,AC,경기,110,18,1800
fe26818e6bba190b880c90c87c38ef7b8e0657a7b4c487beea301eaa2c2e1c63,BA,부산,29,18,1200
fe26818e6bba190b880c90c87c38ef7b8e0657a7b4c487beea301eaa2c2e1c63,BA,부산,4,19,1200
fe26818e6bba190b880c90c87c38ef7b8e0657a7b4c487beea301eaa2c2e1c63,CD,부산,153,18,2000
fe26818e6bba190b880c90c87c38ef7b8e0657a7b4c487beea301eaa2c2e1c63,CD,부산,9,18,2000
fe26818e6bba190b880c90c87c38ef7b8e0657a7b4c487beea301eaa2c2e1c63,BA,부산,101,12,1200
fe26818e6bba190b880c90c87c38ef7b8e0657a7b4c487beea301eaa2c2e1c63,AC,부산,169,16,1800
fe26818e6bba190b880c90c87c38ef7b8e0657a7b4c487beea301eaa2c2e1c63,BA,부산,153,20,1200
fe26818e6bba190b880c90c87c38ef7b8e0657a7b4c487beea301eaa2c2e1c63,BB,부산,176,20,1400
f4c6b2a3e8d37d824a9ee90523f66aa615ee3848092df211d23dbc964bede3c4,CB,경기,30,15,2000
f4c6b2a3e8d37d824a9ee90523f66aa615ee3848092df211d23dbc964bede3c4,AA,경기,165,15,3200
3c45fefd0338b74a7b769b46d2333d137ac9b4c992b4be8d6069ab9037660761,AB,서울,153,13,2200
d4aab3b03678edf81ae6751138a5480910745a083b30c59b8df7134ab080d96f,BD,서울,51,11,1500
46899f1f916737ef87181b59626480a77ba1a8373f8c2f56d3db42f380c63941,BC,서울,138,13,1800
f08bcc75d075913929b82961f211e868e5072b022842652cd0296e363140a802,AC,서울,150,09,1800
6aca6c161fbb6b062b4c957c9edd5d49ac4da19ea003e8d3f234c73e2d313483,AD,경기,87,07,1700
eda3f8a8fde2d80acd17f9854ab19d63fbc987b272ac5e954f070e8c8fc5176d,AC,서울,32,19,3400
755ec95a458899137f75184c2174fcc3c211488d520a1794ee57b669bacc8584,CD,경기,166,19,2000
139f0f95a89e50f1a20073a6bdf3d69a3f9c5ce58be72da88b226517d74a7aa3,AC,서울,48,17,1800
b7fa61e009e48df9a9a31b9dc5511fcfcb113e4b67c6de2a910f0553e72f84d5,BC,경기,85,08,1800
85a0865a27d838d34b70e5eefe0e42a6cba119b73c37df1af05acb7d3ccb6cf1,CD,서울,1,21,2000
6f16b05916f9f46fe16c285c3366e5e3cbb1f84a0287f223fbf851932bfcc607,AC,서울,96,22,1800
06fae93459a5f345e2789c259ad363729f6f4dae9d76968418ac51bd317122fa,AD,서울,173,15,3200
907b9da18a7f4f78ab565237cf0fc29068393d08780867f9e41dd60987ed153e,CC,서울,36,09,2000
597743110ad8f2146d41cb4d5f35abd89f7de7d50ebe2a266ced58b10e7cea0c,AD,경기,161,17,1700
587158e5052c4f5e1dc43087b5be6416acb52df0be1e13655e76e31610907b79,CA,서울,155,13,3500
4e527833352177c23a657967c034d9f98c894c367aa37adae29600cbb948d5f2,BD,서울,98,23,1500
199e92fd31a174df3f6c9d92d7b4a9a9f4ec3ef83a570d164cfcfe2f645aca56,CA,부산,130,20,2000
199e92fd31a174df3f6c9d92d7b4a9a9f4ec3ef83a570d164cfcfe2f645aca56,AB,부산,68,06,3200
62e9321ef1cf4467abe4a77d9dd321eb1e98861f581ed65cee0968d51d34b0ea,AB,서울,125,21,2200
c9ab9b87bc0391fe1a0b5ca4c6633e5f4fd35bbf9f6dae889d73d82992de222a,BC,서울,120,12,1800
b8cee938d6bad37a76cf20639130d59f6ade27085b1aa5136709b68d89cfa281,AC,서울,132,12,1800
2199ad182d26c445dfb75919b702e97152685f6f11b4d6d5fd53fb24608a30b4,BA,경기,49,13,1200
84660b7cc9110060992685c4cb5354febf2a9271d3596351c147d7b06bb356e9,AA,경기,106,13,3200
c0475618bee73b4d985e873da1417d1c48701a70ef2dd90f8a1459a80dbbde6e,BC,서울,92,12,1800
e8b8f0dedd1caad18a52ca792b03956420e1fc01383e16f1d431d4d8d980bcd2,CC,서울,31,20,2000
2074ecc2e3527b0888b89c94461ca8a71a86e030fe0243783ccc8d34e22c9034,AB,서울,130,15,1200
adcbe2fa86fb7be1c83baedb60b24d66a20b5b6dba9d3f7aac917107f61b38a7,AC,부산,17,11,3400
c67e1d22a64b63b23dddf47cf80529d1616167192ccc1acc1db401572fe57de2,CB,부산,81,06,2000
c67e1d22a64b63b23dddf47cf80529d1616167192ccc1acc1db401572fe57de2,BB,부산,66,06,3800
c99180bd33b0a91eb6046812a8cf4ab6a8f698561109c1b4d8d4faae2c3984cd,BA,서울,10,15,1200
7d84ecae36965bd0a72ecc6ab2e76f4a4e554a5c3946423253e7baeebb40687e,BB,서울,119,00,1400
4554aa2a43598a377de037184d895c13c3e56c4712d6ba7845fe6d404e756bbe,CA,경기,115,20,3500
3c6c3aa1d1988808b121975cadbd1ea9e803c10e3748efe29e2d0ac68d79d577,BD,서울,148,20,1500
b8739381c83966c8bfc9b41c8247841979625f874421c8599161c0dd2a094b49,BA,경기,23,08,1200
3acdf75bc6edc63290958c8d2f4303f39f89472d9f4435939004af770ac11f52,CB,경기,104,14,2000
e4f1a3ba0b54542eefb03f6b415c5410613f58cb3843469422917a1d925efd25,AC,서울,122,23,1800
df1e404684c941060edbd35b922b8c6ac17044b86b74c0888d0433e55f9a8141,BD,서울,101,15,1500
65066f091001c05c8dce081602bfd06b07c276c2f1e0fa3a93db1f94506d42b5,AC,서울,161,12,1800
e1f3449d516284776da95fade798dfd6f9d8a480245f775334fb257e70fd6867,CC,서울,62,12,2000
a44d56f6ea39a2148685eb4cb3faa9b066bd999078ca1e3e0b756ad91c70cb26,BB,서울,70,22,3800
b18edd268c316a3e733302750e5affe096d206ac336fb648ae714f2fbdfbe8eb,BC,부산,158,14,3400
e1a7ecc2bda97864d539530d39bcabd684ba9526b7bf0dc231b32a7b05521099,CC,경기,105,19,2000
8d6228b6c6f2276e86ad48a88f51a6c9b70eb4bbeb2dbfb27d18e637b3cd15a7,CD,부산,181,09,2000
8d6228b6c6f2276e86ad48a88f51a6c9b70eb4bbeb2dbfb27d18e637b3cd15a7,CC,부산,44,13,3500
8f71db9d178563a25fd6638a94c23672913b19079d912e952e7742a427e623dd,BB,경기,76,11,1400
5f5d36526cdcd573227414997e76ee39578e7c15e8ba456c25436021d0050174,CD,경기,28,17,24500
5f5d36526cdcd573227414997e76ee39578e7c15e8ba456c25436021d0050174,AD,경기,107,12,1700
3e3e7020cc4c0337024b5c7dc0c4c469a882ba0b4140c0046f637a86f474d858,AC,서울,94,20,1800
509af4c23d2e92b16e4f4349e08bd8a31cd5f0ad6a1d344edf83695b64fad5b4,AC,서울,47,14,1800
3978a3b1a949e0dfa1e3d35f46086bab7d8a5f7afe3e79963a6f92a36c1aaf56,CC,서울,46,02,2000
45148a55edc61a0b8e1b6c839af5708189ebe9dd34c9a5d68c9e0c759ded5ab6,BB,서울,47,15,1400
3c4af103c5afdb00010637ee3cc83b857aaf036f70fa46368b6290d95811c38b,BC,경기,31,02,1800
f1437754009001a75efcaefb136d78fda4d662f9447fd1a5e522da22d9b1810f,AC,서울,8,14,1800
cb9abfdd0ed0b00cf67a6e9c6949834852b88c24947679594698ff34822af80f,AC,서울,101,00,1800
e4ead612925bf5082bf6fa9bf4cc8e9316890604b5f8500f4070d84d760fb2df,CA,경기,111,20,2000
d495e01020f62ae0f82582806b4a2c7e1ff2db4489b96da74f4aeb60497837af,CB,서울,63,22,2000
d007c1371864e3bad83e87129d15a69be2e53003f35e247030a6850debbcc3a2,AC,서울,136,12,1800
ae2bb59e149ed7c15ad00738f1049126c9614dea58aee4f0940b5cf91533e0d2,AC,부산,171,16,1800
5f1fcf33843a90c9bd90f5fb0aaf2e4e7049c8c1b50640a56118f38de8a59073,BD,서울,169,15,8000
d77ac515f29d3713bd220cf136b41d3f2482afae83de4ce3acaeb66bdce0200f,BB,서울,83,07,1400
8345e5cb1b8f0e8b852f2603a18a5d271993599a5b6b1531ef6d4c1673116c72,BA,경기,59,11,1200
4447ee36307fbe550ef988ff5e2580cf35d82d9d3bb0ebb58f156e873506f9aa,AD,서울,103,18,1700
0e17d8a062264d678a392372387d1141eee4fec9994da2aff8f9a59c3992e85f,BD,경기,27,17,1500
3d1b6f2182e3e98876ab330284eb8f4eaf3359ce5867de69f087f08e3f990465,CB,경기,10,20,2000
3d1b6f2182e3e98876ab330284eb8f4eaf3359ce5867de69f087f08e3f990465,CD,경기,159,17,2000
c0eb04917681316f84a7a6c28768ef3e01457666559058a35697b831c5ad3cc2,BB,경기,178,07,1400
9f9b25060bc624c30da35b445217a7e03e816b9963055b0eebb1f6baeefb81ca,AD,경기,134,22,3200
f30c6997ecc8c2c9f146aeeb19ce8ae8ee2b99b96c4e7a0f0064cc84e169e541,AA,서울,138,09,1700
47b02b9b27e9ca098ffe3883a2ad768f688fff87bf2d999ede01f8907cafc8b0,BB,경기,97,20,1400
a40298fb8f03c413d0aa9826af2782a7cb7e8cf52b442d98fdc4c54696ec52e1,BD,서울,49,12,1500
283236cf0e0d831d06eea35926e74f1c11feb79d542ed29ace4a784024d09f55,BB,경기,51,20,1400
311e35dbc6d04a720e69507cb7e9ec2fbe6164634b5a87bbf9920ba642aeef39,AC,서울,54,16,1800
1fe01cd773ff54de2fa5bf4cf6dd31bdff998e0292ecf1ebedf5c3d3da29a9bb,CC,경기,155,10,2000
1fe01cd773ff54de2fa5bf4cf6dd31bdff998e0292ecf1ebedf5c3d3da29a9bb,CC,경기,92,13,24500
bd28a6e419226ca631d3b49e54a248e21e4acc15ac5fa9558d642954c8ff3902,AC,서울,129,21,1800
432d1c72524d9f6e45b4af5eb789e4df1b00da81c0a2302408043def54b15213,BD,서울,23,04,1500
05638d5c4037aadc642d6c765efb274f363facc7f4f70beb5b5fc4e4eeffd58a,AC,서울,31,16,3400
cba1a4f384e12714be8ae5782ed0ccc463e9a19bbe82e382a91f2f6e0d048b04,BB,경기,152,18,1400
1c7a617899e9864ce9428ea54ebbf49f781a7009db0a6dcd8aab716aac4d2d09,AC,경기,32,10,1800
6d6d0744cd4e85c4089acde3e89b5f27ad7af03624668287125476920d1907f1,BD,경기,157,09,1500
cd660211586eb819ae082e83b927dc2b511486a74b1a0fde4552da6a31e1ab4a,CB,서울,9,22,2000
cd660211586eb819ae082e83b927dc2b511486a74b1a0fde4552da6a31e1ab4a,CA,서울,158,08,2000
cd660211586eb819ae082e83b927dc2b511486a74b1a0fde4552da6a31e1ab4a,BD,서울,94,19,4100
0c47591a948a085e471d3b830ed399c400527985b889f6bf754b280a59ea0315,BB,경기,14,14,1400
6709755c6c3c251df104acf02fdd2a14fe0f7e523b6d290c59377c5f5ec69239,AB,경기,182,12,3200
6709755c6c3c251df104acf02fdd2a14fe0f7e523b6d290c59377c5f5ec69239,BB,경기,55,14,3800
4d28d43bd58ad5e065482b14d575885bf11b332fd931a0aff1ba115dd9aabd6b,BA,부산,120,22,1200
2488b9548516fe1c0beed24b0546b1e7a20c1c9f4c08f78a72ddb7e77fb5830f,BB,경기,75,20,3800
35bb42a48a5f9141ae96292c8015011c5dfa80783ddd19d2fb3beaab204fddc1,AD,서울,72,09,3050
d02263f9ff300382b297af0190f1fb98750f2adf87c316ac9f7d1a5edcd626e2,AC,서울,91,13,1800
287e5299f2359c0922e352239972401367ff505ea5fa2d57ababbba7b98ae6ec,CA,서울,114,21,3500
de8f00e5ede9c3224a494ca23f3165dd7522e2704ee55f7d57b0feec54e921ca,CD,서울,110,11,2000
4f6036d5abb05ef31f342d1f1e82beabe7fd862de60b0178ef42932c38f62180,AD,서울,169,12,3200
01d8531eed50f8e025bb11c2350cfc5b67f0702f976f5b8de5cd8a1cd3bdc7a0,CB,서울,18,18,2000
dd2b1ebe8a19377c4656a3e3521a74552aa15f9720fe7dbf8eaf3350fc5d5816,AB,경기,99,00,2200
dd2b1ebe8a19377c4656a3e3521a74552aa15f9720fe7dbf8eaf3350fc5d5816,AB,경기,52,19,14200
a913b28f8a949859e39d233bb805c95e61c0fd53510cfcd3b0a39fc7c4d19d26,BB,경기,137,09,1400
a913b28f8a949859e39d233bb805c95e61c0fd53510cfcd3b0a39fc7c4d19d26,CA,경기,152,22,2000
ef7f8b8e2ee4bcd8f1e399abdc4958880f76365cc53e9d430c8a28177831b5ef,BB,부산,157,21,1400
ebfa6691ec897d0ec65e8259f1530908d02366ec90d7b89bdc685a078f86201e,CD,경기,2,03,2000
ebfa6691ec897d0ec65e8259f1530908d02366ec90d7b89bdc685a078f86201e,AA,경기,119,05,3200
e9375f7d663a1482885be21866d2b736ab569111a1e9c29a8ce2a01d0509a44a,BB,서울,77,17,1400
e39dc245753ca2b1280cc072784fa6a88777fc4fed6bf37e1e124b0eed72bb01,AC,서울,58,13,1800
e133b65370b15abcdd4ec72fa255d9ef23b7dd190c4d992c92e0b064306bd61c,AC,부산,151,13,1800
b34378d0fffd4e522e6e1dc5358222586209edfefd7cb32d66f50b2db8272bb5,BA,부산,91,12,1200
55cd6fe5f0ca9f4e4b82a0701a9799df381019bd41a8f38d6a8ee922e1e15e2b,BD,부산,125,16,4100
72f52a68c8095caa3c2ffed254676dbaffc912c2515b03e0d3bc22ca3d49480e,BC,서울,127,17,1800
16965b0d4eeec9597bb6de7e4fd517776fb66547bd2e5a31f44d42570349e718,BA,부산,180,15,1200
2b93677a7add1742fe96b811b089dc698c44748e2f254f401e2b7c48b2d40d1e,BB,경기,106,12,1400
b9d98f6c5749c672da45ad9418a66a70683260fd5bfd007b06e80a3d5f11cba6,AB,부산,181,20,1200
19e66dabdbc41d4712e992541233a7f2082ea934ab24b93f0dd4112f6002647a,BA,서울,176,07,1200
19e66dabdbc41d4712e992541233a7f2082ea934ab24b93f0dd4112f6002647a,BA,서울,25,12,1200
2d0399abad949e98b636c75b3446ca324e1e540dbbb8953a9fab89dc3ec26734,BD,경기,17,18,1500
f10e58d99d2eddfe4d435f83c65835ae52d6ca561eac7a52a51d2e893cda4dbc,AC,서울,64,14,1800
3cca8622899f759c0d18a7939b67c483fe0189b1a1d655662ec2fe9dd2dee86a,AA,서울,145,18,1700
9f1c843020ffb7f958187a1109b633bd33ea39f9b1d21870281abfe4caeb8d0e,CD,경기,2,12,2000
e0597d12c5121e5ffd14201e6f3ac5d8be3826c5e5e8045e3f5d6228022afa26,AB,서울,170,16,2200
e0597d12c5121e5ffd14201e6f3ac5d8be3826c5e5e8045e3f5d6228022afa26,BB,서울,82,14,1400
d843d10774de979ff62181d87b93f9354b374e56bb5c91980dc7fed40bfb212d,AD,부산,159,16,1700
2c149600a7bfa76e608595063a09592b714eac7cfd3afc608e968be7f42a640f,BD,서울,179,15,1500
063a2d4efc6f6414afd8c829ad770d4d21a7d65695765bcc81c9957a2cce5f95,BD,서울,119,15,2800
b626d65c2142482d9278d64660449259e5b7b8875f280281cd9139f786bb6355,CB,경기,110,00,2000
ad36148790e9ba4b0ff7a8b61931ff16cafcb644ca845e6b9f49279cf22bed0b,CC,부산,137,13,8000
66759f0edf432a672b39b0d7f0bb51cfc3807e0231620b5cb5d255b3c7f90b18,CD,경기,121,16,2000
77ad7fcb9d304d329d74d45cb9595a3f2bcd35aad051d1bdfcdbe1bc9cbc0bc3,BC,서울,140,13,5000
af4ebf08a85d028fc775175d1982b7201e45dccff6a414b51caf306736aa016d,CA,서울,25,08,2000
fad9b020e9eea507340e23136625559ccd6bce6cfd9675f04098919eff3a6a31,CC,경기,80,23,2000
7108f7d5c2f110f47062aba1ad2877ed4829bf5e4a215756e1506350a08eb0a8,BC,부산,64,00,1800
93b4a95a6ec990da702d21715a1911543c07b3a1c19a12f01a6858152ef4b3a6,BD,서울,68,02,4100
b24e8ca4e771e5bd5973ad08cf17676ec92d9a9d5838b12bb4a7fdbab8e0239b,BD,서울,24,17,1500
ca1d5e1e184ebc4e50923b30a59ef62af8769a3c80391dc4dfe83a7d0b98b8c5,CC,경기,94,23,3500
ca1d5e1e184ebc4e50923b30a59ef62af8769a3c80391dc4dfe83a7d0b98b8c5,CA,경기,52,17,2000
695b0adc0cddea30fbcc31f1912858f8936d6b8f7cc1c66434104fd1c6b9c39e,AC,경기,25,04,3400
7a476742f1903e5725874f4f110ebd91978b0ea6fbc8a55845225d255922b928,AC,경기,38,13,3400
09ab1036c99732f66235e2187058563d12a11926011bfee31d03a826c49e9741,AD,부산,116,22,1700
59818f821fddf9fec293bbe9503d3d59d1bc2ac57d8e9aa548c9914285d6de19,BA,서울,14,23,1200
59818f821fddf9fec293bbe9503d3d59d1bc2ac57d8e9aa548c9914285d6de19,BA,서울,55,10,1200
4f2af3a5a885693902df4468cafa0c6dbf3e12715e80e25dcffe0b8182d63afe,AA,서울,174,01,3200
829b56a7f6d769cc406b1b7b38c4464578f6c7ff570474a90897b77db6f0745b,AC,서울,172,22,1800
b4e0de4ba30c12796e84a6e11e0727aa2d8f9cf6ddc0660b797e53202d66981a,AD,서울,87,12,1700
7d25d5598ae4aef047d99c84d04b82f21a0508e5192a3579e0c606c1bc5b176d,CD,경기,50,13,2000
25ff54846876620e7f75ebacc6a0b2147b33cc7d686d4ec5f7239c0d40bd6d5b,CD,부산,136,01,2000
3c165d6cf0fa6ef327c1f86ca7f982ccdbcbed1c65a69fd687a37031cf13b7c4,CB,부산,61,08,2000
c486e272b0fc794fedcd4d02113adce5fa51343afbf91d0e9fe739deea7e4a2b,CA,경기,72,00,2000
c486e272b0fc794fedcd4d02113adce5fa51343afbf91d0e9fe739deea7e4a2b,CC,경기,9,22,2000
8bad20068a430ddec54585c0322a03e2d4766adf80fe7c01edee838ac8361b65,BB,부산,145,21,1400
23c7eefd193f412134b4f327b9340c2172b712d9f079e637fb736d9f24d668b9,AA,부산,59,23,3200
acc0166a4aaab58e558d260063185ab90c9c01c15c6aa37fdcbc3f660702eedb,BC,경기,102,22,1800
d2e0129e0d4393da73c589405efcdc7ceb8e374edbb0a4fa36edf7241124108e,CD,경기,101,07,9500
2667988986961fbf177d5fa3916b0b8d9bcba76a9ba97c91af93486e8e1b4a78,AD,경기,47,09,4700
3b5542aa00d78aec58a8bf19d8708484a1523a73a2a719f829d1541054e50bb1,BD,경기,54,12,1500
52b456d300d863fcd2443ac8b83820d5501f35057cfd1f018a25d7dbd88dfc76,AC,서울,87,20,5000
38ce7b0c2cff7fbf87646361bc350977ccd9b2dee58e6e64b8107b3e74c25c21,BD,서울,49,21,1500
af211539cc770b37c37a7fec0fded1db674a1d068c9410b25f1001d53374b694,BC,서울,53,19,5000
603baf1aeda94623a593ef156c86741d14e92acce218d6e58a410c52452173b3,CC,경기,142,21,5000
785b54b47b19c76be6e9a19c17ce0e04c58edd29e24c3c594bccf04fd45f6cbe,BB,서울,146,02,1400
4b1424a94c1e0ac6c322e8eece498fa61d8aba0feda9e29b8c991b02761a667b,AC,경기,47,12,1800
5e281d8b0015fa6289ec315b601d27baf9e99c86d9d35a1f65aad510c59848b3,BD,부산,18,23,4100
6eb0ac6b6c1d90203aa1381ddff227fbf87e641f65071bacd56182a7f89a5629,AD,경기,133,20,1700
dd55a26f06ec1d67808531367eb2a9982f880b02876944e3571e576be8083bed,AB,서울,92,14,2200
08711e04d2fa2859ee8133e2fda8f955f3886945c648ac01a29dd27d2debd665,AB,서울,73,10,1200
22f6c7886a502bfab9660a2e83a466174200542e7ad8f927203401cc29d0f3ac,CD,경기,138,11,2000
9219439c796ea6021f55f93985e2960f6c2c73af9ac8e4ed9174c3abd4f1f046,AA,서울,66,13,1700
01b9e99460d689d47a17fc2bd7b3211a79379469923492ad4cc0f4046d7a354a,BD,경기,181,19,2800
947e407adebe973ef587f0ba9f709cafc569b8cdcb2e40731104a886f27c1502,BB,경기,87,00,1400
96f5007989c591ea3930fc65325577e70a2c5de55c3549818f3a3d0cb942965e,AB,경기,166,13,2200
07556007a9bec6262d013107721dfbd3bb2495f0b4037e7f6a5317034182996a,BB,경기,65,08,1400
07556007a9bec6262d013107721dfbd3bb2495f0b4037e7f6a5317034182996a,BB,경기,42,07,1400
07556007a9bec6262d013107721dfbd3bb2495f0b4037e7f6a5317034182996a,BA,경기,144,08,1200
07556007a9bec6262d013107721dfbd3bb2495f0b4037e7f6a5317034182996a,BA,경기,107,08,1200
0aa59d5e9f68e7925969f2b85a1f0914606689503228a3634885ecaace32ffe5,AC,서울,174,22,1800
7dc4e44dd36004b3742d0a17adb5cc91a2387c7363b5936243b4af79e04492b3,BD,서울,30,16,1500
21364a913271a600dcdcf7560516d447db2875db11edfa90038fc9f496c25a50,AB,서울,78,18,1200
50988429817ac8f1932d7aa856e632da8d9f85f21c6b2dce6b17541834b2219d,AC,서울,31,04,3400
d08e35ab69b92ec7faeebf094ee8d14abfd4be65c00bfc0b16f85b0090e64486,BB,경기,139,19,1400
2014ee685009733a8e20ea07a8b7d4976c718d795d55e462934f419352b62da1,BB,서울,119,14,1400
78bf8cd44bb6cef7fdf19e364ca2353aff881f349bdc2525a67aa79be3c533ec,CD,부산,61,21,2000
78bf8cd44bb6cef7fdf19e364ca2353aff881f349bdc2525a67aa79be3c533ec,CC,부산,143,22,12500
932dd3983c095c6f67ad6514ed733cade3d10c77c2bfac28bd51ffd28f4c3c52,BA,서울,32,13,2200
1f66ab109076c39ba3be29a745076324fbbf93041cf118b88d30005a13e70bd9,AC,부산,25,12,1800
b76ddc8a7dbccbbf09d5dc6f07425b48d9f37d70f544236232748db838b74b82,BD,경기,44,17,4100
bb96f470ce155ed47612198c6896fd05121548aec50d73592e315f1405b0a5cd,AD,서울,155,12,1700
add3626d94de374972b55fb7ed185b4d6dfad2000433c7d148626865869a8044,AC,서울,168,07,1800
add3626d94de374972b55fb7ed185b4d6dfad2000433c7d148626865869a8044,AD,서울,179,01,1700
f29dce94b02365927b082e9135b6147ab7da9a4ab8b0dbbe692106c62b3dc7ce,BA,서울,146,19,1200
dc7e4cb59fa1d404f6b14740fcceb22622a046a82e9b074562aba3061b6fee20,CC,경기,97,21,3500
62385ee9111cf820b945ed0df80b7b9592d31825b6d79da103e688bb20364ae6,AB,서울,34,18,2200
62385ee9111cf820b945ed0df80b7b9592d31825b6d79da103e688bb20364ae6,CD,서울,1,21,2000
87c9c5ee511b8fd3869d2e03e7fb94a560c4ecd17f5a4f22483752fc5c00d456,AC,서울,54,20,1800
bd0d1f7ef12e91602773fa48b999c8bf1c1f347dddacdca20977991b899f72ce,BB,경기,21,16,1400
bd0d1f7ef12e91602773fa48b999c8bf1c1f347dddacdca20977991b899f72ce,CD,경기,3,18,5000
f251a6727d284c5c65f842694fc5817cfa74448313d52751ec7f0eaa253364c0,AD,경기,34,15,1700
89993fcdd14ce632a886540acdec20d3cffdf3738dddead65a2eb5ba06306ef5,AC,서울,141,08,1800
89993fcdd14ce632a886540acdec20d3cffdf3738dddead65a2eb5ba06306ef5,AC,서울,141,08,1800
d9b0f6d1e63fedae3a4aa658127145e9b0b87d169fdf50542de5ccbc55c80308,AC,서울,150,22,5000
1c4a7b6c54a2fbbdf5bb9b530ba8bbe4d13976d3f29705b651cf1b7b9f65b634,AD,경기,45,14,4700
6dc7b03850d25019ef795e40c0d52ac7d5b807f3690da157999f8c2adf8c4867,CD,서울,95,21,2000
b1264d28aedced05d87935539794ffcae16d1a0c71959c065fe4cefc07910dde,AD,서울,88,23,1700
a0318d5f4d2b2f73d43cb56981cfbc4ec8ef1a4fcaabeb5411a8ff83bbdab0ef,AB,서울,45,15,10200
b241ced40edb8a640c627d81eb4bf2215a8a95ba93e3862a75734b6e77a15ab1,AB,서울,50,07,4200
4da9da897a1f7db574798ccb3ba832a996844b2062cc2e59ace7e3c1f2ce4fe3,BB,서울,80,07,3800
0bba3ed86004a0889cea97d62a04361bb8474e12f60999114734dd24fcd358d5,AC,서울,52,16,1800
1f154f722dc4f8870c794edb93c046162f4e5875407ae1502c51838484067a24,AC,서울,97,00,5000
1f154f722dc4f8870c794edb93c046162f4e5875407ae1502c51838484067a24,BB,서울,72,17,1400
1f154f722dc4f8870c794edb93c046162f4e5875407ae1502c51838484067a24,AD,서울,169,18,7700
800624c2f345a27637a70114345d7d4dfe127c70374330c81ede9eb5016f2e78,BD,경기,26,22,1500
800624c2f345a27637a70114345d7d4dfe127c70374330c81ede9eb5016f2e78,BB,경기,81,23,3800
8f23b13b64a960405bfa2e9cb1a4cba57abc0893e8f59ec4118d05c48c0716fb,BC,서울,20,14,1800
7d71aef39a6dbe3b3c6c91ab259d979a6e9588149365e6ef94ee26e9326a1e63,CC,서울,61,22,5000
4a551ce9149b155b297656187028bff5fcb88157c48169d59b8d6ec2e5821e24,AB,서울,100,21,2200
7f62141ab27c18f893b87a8cdedcf6898ba14c7a13ca5f511805ecb6853ce834,BD,서울,51,23,1500
a885a51722fafc4eb007f035a57c1b833c7dab38530b8d4336b30777fd722056,AB,서울,44,20,2200
a885a51722fafc4eb007f035a57c1b833c7dab38530b8d4336b30777fd722056,AB,서울,55,17,2200
b4d0be89503d711e6a5a82e8f39c3b3eb44717b976a9d2354c108ea0bdab6d6d,CA,서울,133,19,2000
dea8b2c46ca19947d10e034768d4a9c0cbaa7fbcf1fda46c37754368a1882c46,CB,서울,38,15,2000
0a11882c9fc6c24286901c45a468e888e2cf065ff9813851ac6953138e103b8b,AB,서울,26,20,2200
0a11882c9fc6c24286901c45a468e888e2cf065ff9813851ac6953138e103b8b,BA,서울,143,21,2200
885bd735244b63da3fa9c14cb5066262e1dcc85faf5503ce9b1266e46576333f,AD,서울,91,12,1630
e42158b064303e36d5ef0a74d662bf0a0e877d5c3d7864a750db29d46a8542b4,CA,부산,131,21,2000
12e03d0f00d442722da13cd2bc8b423e5299918a56b98c00d4b0d7e18eb7b176,CD,서울,20,23,2000
e94a201328156fd55159518ede4456998e4d935d4372a4a0ffe76b8faac9a70a,CC,서울,99,16,24500
65ff21cacbe77698c79d41e067aa8eb334250bc56864f3ecceca7f408925c5dc,AB,서울,73,10,1200
f5bbaa3dee4cd4e4ae35a3ba791cf602d8e41f4b2974057516d738251f9ebe21,CD,경기,137,17,5000
f5bbaa3dee4cd4e4ae35a3ba791cf602d8e41f4b2974057516d738251f9ebe21,AB,경기,135,21,1200
f5bbaa3dee4cd4e4ae35a3ba791cf602d8e41f4b2974057516d738251f9ebe21,BB,경기,108,13,1400
f5bbaa3dee4cd4e4ae35a3ba791cf602d8e41f4b2974057516d738251f9ebe21,CC,경기,145,07,2000
f5bbaa3dee4cd4e4ae35a3ba791cf602d8e41f4b2974057516d738251f9ebe21,BD,경기,10,12,1500
f5bbaa3dee4cd4e4ae35a3ba791cf602d8e41f4b2974057516d738251f9ebe21,AB,경기,154,04,2200
87c4265a37104a267a802813afa53b56c03feb3302a0f3732a542b3bba1b88c0,BA,서울,9,08,1200
87c4265a37104a267a802813afa53b56c03feb3302a0f3732a542b3bba1b88c0,BA,서울,9,08,1200
87c4265a37104a267a802813afa53b56c03feb3302a0f3732a542b3bba1b88c0,BB,서울,71,11,3800
87c4265a37104a267a802813afa53b56c03feb3302a0f3732a542b3bba1b88c0,BB,서울,111,10,1400
87c4265a37104a267a802813afa53b56c03feb3302a0f3732a542b3bba1b88c0,BB,서울,154,08,1400
87c4265a37104a267a802813afa53b56c03feb3302a0f3732a542b3bba1b88c0,BB,서울,142,13,1400
87c4265a37104a267a802813afa53b56c03feb3302a0f3732a542b3bba1b88c0,BB,서울,141,09,1400
3d83020fa9f57bcee134de4498fec8a440dceeccecd18a23c569bd47203cf545,CB,서울,157,20,2000
607dbd2fc46d0ec27cc3a2002246394b835e9074fd0bcf0e2831d7370144a3bf,CD,서울,137,21,2000
746b26b9be652278fb5553bb9ac580ad74075c578ad330e3f2ab51ab6fd7723e,BD,서울,34,06,2800
746b26b9be652278fb5553bb9ac580ad74075c578ad330e3f2ab51ab6fd7723e,BC,서울,25,17,1800
704605dd9994a821adf4608cf1f339f8c597315a69d5f09d27b0a73402c0b06b,BB,경기,178,23,1400
704605dd9994a821adf4608cf1f339f8c597315a69d5f09d27b0a73402c0b06b,BB,경기,79,05,1400
f3589d5933af60f2fd4261b8f77dcbca339def49b927bc4a52bef1eecff25b42,CA,서울,55,17,2000
a4e8f10d490abb732388fa48f37a58b1f0f80a9e33b1381abeebd9e8e4bae19e,CA,서울,34,23,2000
7741b5faaadadf0c45cb38c122da39a1d3ebb339c91da9ba2109d6535e207582,AD,서울,165,03,1700
5ed18388c8625b26604470e485dd90f955837ece3afc620ec692ddebb782352d,CB,부산,54,19,2000
189d6ea73d49fea788a41fab1fadac68d87e690cba760457fb475b0b7bb88a9f,AD,경기,155,02,3200
ea829ab624f00d32b1ba650a9f99c0bdb5802721b4b5071dbbf99bd1f7561137,BA,경기,178,16,1200
ea829ab624f00d32b1ba650a9f99c0bdb5802721b4b5071dbbf99bd1f7561137,BB,경기,155,18,1400
056e8dd8f0b5407a93c397bc641972cac5924af04b5ff3be1b8e034051573322,BD,서울,77,09,1500
038c3bc00a5a6fc1e958107351146be241eea35c7fbf63a0724ac4cc39512d23,CD,서울,22,02,3500
cb003bad9f96426e55b8e5a034c5877c940a75547e417b4adbd8d1b429c2a488,BD,서울,89,19,2800
260b95e447503e4e82a3208dd8db576726fd8e287664c728e95c62e43b84a163,CA,경기,99,21,2000
6fdf7b68fd897837fdc580d3f8072af3146a970443ba4b648b8169cfb0767ccc,CC,서울,134,15,20000
5db44d06bb57641e64a89da34ed121388cbccf2ae77b52248eb1116eb5da40be,AC,서울,33,11,1800
154b8b55885e24b3ef98ef457e4125df3c430606365445294340dc32e0c46280,BB,서울,58,20,1400
a112ca2d9f85ea78e5e5fdc49683580610bf095754cb4ff50c45c6cfd95d3766,BB,서울,27,17,1400
93a32842561cfdb5bb0dd153bbd31c704b21fbeb96dfe6f4527ee39943765afd,BC,서울,24,16,1800
ee146956d389b4d57e82fcb4ed73f6c8e070883fc8f7d7e37bdf7246c34df13d,CC,경기,97,13,2000
e945a9fbdb8c973c33cf845292b7b14592e1900211fb6bb0700297d87ae1b0fc,CB,서울,35,19,2000
155684a41428e9411b4b28377e27c9f7c5c2245542ac080b1bfc438eee5b7126,CD,서울,30,10,2000
1956a56903e11fe9e36d32f4c7ebc2082c1212e2984af52d1d476e1c9ac58787,AC,서울,43,23,1800
7757952bce6a5f21f6ef50f9e8762e6b7bc912ec4aac9167c90a3fbcf07d83ae,BD,부산,42,17,4100
7757952bce6a5f21f6ef50f9e8762e6b7bc912ec4aac9167c90a3fbcf07d83ae,CA,부산,67,15,2000
7757952bce6a5f21f6ef50f9e8762e6b7bc912ec4aac9167c90a3fbcf07d83ae,BD,부산,102,13,1500
eaec3d8d3c7d9cd87d6c1cb2844544f778de8978b82630d3de8ce02cb80b1ec1,BB,부산,92,20,2600
9950f27be706087837603c0ef1e8b08a02df5c053fabf8f9dbac080447d425c2,BB,서울,77,15,1400
9950f27be706087837603c0ef1e8b08a02df5c053fabf8f9dbac080447d425c2,CD,서울,95,09,2000
9950f27be706087837603c0ef1e8b08a02df5c053fabf8f9dbac080447d425c2,CB,서울,14,18,2000
541a4f6cee623b1dba349f789c813b469eeb84b52f353f7c2f3769467d263d3d,AD,부산,87,13,3200
5db893c3a2b5ffb3f92ffe342f7e3b44f661d5cfdbdf9b83ef5a21d8a650d97d,CD,부산,5,13,2000
9ef63f1b04fd5b603a4bfab13bcba0d9876772fb26f4480898e011cfed3eae73,BB,서울,114,00,1400
3b4d606b282b19a7e8ca90781da4dc71b731dcd1c8e6760ead9f8409933811a7,BB,서울,67,21,3800
3b4d606b282b19a7e8ca90781da4dc71b731dcd1c8e6760ead9f8409933811a7,CD,서울,108,15,2000
3b4d606b282b19a7e8ca90781da4dc71b731dcd1c8e6760ead9f8409933811a7,CB,서울,64,17,2000
3b4d606b282b19a7e8ca90781da4dc71b731dcd1c8e6760ead9f8409933811a7,AC,서울,31,23,3400
3b4d606b282b19a7e8ca90781da4dc71b731dcd1c8e6760ead9f8409933811a7,CC,서울,164,19,5000
3b4d606b282b19a7e8ca90781da4dc71b731dcd1c8e6760ead9f8409933811a7,AD,서울,120,23,3200
3b4d606b282b19a7e8ca90781da4dc71b731dcd1c8e6760ead9f8409933811a7,AC,서울,169,23,3400
3b4d606b282b19a7e8ca90781da4dc71b731dcd1c8e6760ead9f8409933811a7,CA,서울,86,18,3500
3b4d606b282b19a7e8ca90781da4dc71b731dcd1c8e6760ead9f8409933811a7,BD,서울,155,23,2800
779fb26b64e13fbf820460e3b4e1818109684c0782529b754157fed8aff8ce26,BB,서울,178,23,1400
a1d640389f8ded6ffc95cd780ce6b1e1c2e98591588694b6ef7c000e6cf1d917,CC,경기,65,18,2000
d95b7c19c98ff8506859c0619d83d877e9f5142639b8b8ea5e28cca2b6f5c61a,AD,서울,157,07,3200
d95b7c19c98ff8506859c0619d83d877e9f5142639b8b8ea5e28cca2b6f5c61a,AD,서울,128,09,3200
d95b7c19c98ff8506859c0619d83d877e9f5142639b8b8ea5e28cca2b6f5c61a,AD,경기,155,19,6200
e805b9c174573df952e552a39a36a136b0ceb25ac9c635d2fc366d6a43f635e1,AD,서울,56,23,1700
0bcc1eef712f7744f06ca0935157a9587aa374bf2dca6cbe270f0957c7f0da58,CA,서울,108,14,2000
62c15845bed9e1850a3e88306ff46fbf186ac926424253005de3bb297d5f9d3c,AD,서울,128,23,3200
04c8399e8398dfdc68819b26b747fe0862c1282918146bc03f4c92f78bd562fb,BD,부산,29,19,1500
87faf0196c43b2afb1259cc9daa85c08644aa5258dc8bf9f6a8ec63850345c4b,BA,서울,178,11,1200
87faf0196c43b2afb1259cc9daa85c08644aa5258dc8bf9f6a8ec63850345c4b,AB,서울,150,13,2200
87faf0196c43b2afb1259cc9daa85c08644aa5258dc8bf9f6a8ec63850345c4b,BD,서울,20,19,2800
54f65de27c989eee32bf65404c955c57db744b4145ce32a62d8cd3a1de65c8a4,BB,부산,132,12,1400
54f65de27c989eee32bf65404c955c57db744b4145ce32a62d8cd3a1de65c8a4,CD,부산,14,12,3500
194232a8eafb6db128ee594e965c92134cfa5a5d08eef1419d06e5377e0144d9,AB,경기,114,06,2200
194232a8eafb6db128ee594e965c92134cfa5a5d08eef1419d06e5377e0144d9,AB,경기,87,06,4200
2f700072c8edd2488974f1d4c7185aeafed09ea460c0048a7ba938a24a24c5a6,AD,서울,182,19,1700
ab55fa28fa16c0ca00f0e9aa62e1c25d741167f2a769dd62f9c47bf7d7dbe4ec,AA,서울,60,22,3200
c845bb0dd5b29dbe3f1e2b045434973080498a5380234a83f19f0aa3a0a3de7a,CB,부산,7,08,2000
1bf5915c42d45a1fbc4419bd0d159fa8f4ca184f2ff1fcc583853bd274c044e3,BD,서울,57,13,1500
f9f3d27383b989fda92e79c9e594cf485bf0a11833bec49ea559379ba0e2625d,CC,서울,148,16,5000
46685cbe03faa593f45519a9da977c81da4db54293cd82440580c1ffd10e0f95,BD,부산,15,14,1500
fbcf4539002b68b24807315603525b6710098dfeda844eecd010217246a7af41,BA,서울,103,07,1200
01e49d672eda9698cb7e274eff89a451e48774b406b11f553fe9c2bc812b8fbe,CD,서울,3,17,3500
f7b3db46d4ae683656a85608f54f27b4b62a652ccbf1d11875acf101acdb8d31,AC,서울,17,19,3400
1263258172d4acf459c0c8554b46dd10eb5926a45d866977b5c8db74b048d782,BD,서울,38,00,1500
9b78245f53e4800e9b5a2b57ea9ac96c593fedb91e44b049e68cd01bc78bca6b,AC,서울,97,22,1800
afc3b6e855921cce11e2aab47d9a4c015776b294ee54d898369925769793c14a,CA,부산,174,01,2000
9c38142a4620d1301465b4f15491a81e0d159855241e213ca1ea22e80fe31e08,AC,서울,151,06,1800
f8e8de708c22ac58e1be4bdb84df6e859c052f6b6fc3b65f541f7cd3d0af75d3,CB,경기,74,00,2000
2e2078cd601780c2ea71b0aa69ae8c299dc83a090bcabf010bcaaa7718ebb561,CB,서울,101,21,2000
81428281655b74b66ae753db489c051bdd4c326d6848d08f8a0b01a5e84d5091,AC,부산,113,18,1800
9f0b2003dfef8d16ca10169d5cb336d6d3b5b7cb362824b8dcd79fd091d1a4a5,AD,부산,39,02,1700
2a3246c322e98496edd71d152b07003a14d23d8440ab253179b9a39fa73e4b25,BD,부산,34,16,1500
aba9cdff92093783ef912969946438eaab0ef045687e4cc42273c36cdfe294e3,AC,서울,51,07,1800
b12f78397f1559b3723e5feeabe476becd292c8ee9bc36c036e21983395ed645,BA,서울,59,02,2200
fddcce2eca010913bf1a99d45b49f413c7e977170f793e9d98e919f835504956,CD,경기,4,15,2000
2fe839ad682f255e8ee4b4dfef3637971231e605e2eb36068c800cf82e6a5cb1,AA,서울,144,12,3200
6e078577dca1a250e86323f6efa89d7a43ccf4d719ec5207b2d4e65850ee8b12,CA,경기,90,20,3500
6e078577dca1a250e86323f6efa89d7a43ccf4d719ec5207b2d4e65850ee8b12,CD,경기,138,11,2000
6e078577dca1a250e86323f6efa89d7a43ccf4d719ec5207b2d4e65850ee8b12,CD,경기,117,17,3500
6e078577dca1a250e86323f6efa89d7a43ccf4d719ec5207b2d4e65850ee8b12,CD,경기,100,11,2000
6e078577dca1a250e86323f6efa89d7a43ccf4d719ec5207b2d4e65850ee8b12,BB,경기,20,17,1400
6e078577dca1a250e86323f6efa89d7a43ccf4d719ec5207b2d4e65850ee8b12,CD,경기,65,16,2000
6e078577dca1a250e86323f6efa89d7a43ccf4d719ec5207b2d4e65850ee8b12,CC,경기,163,18,3500
6e078577dca1a250e86323f6efa89d7a43ccf4d719ec5207b2d4e65850ee8b12,CC,경기,176,17,2000
6e078577dca1a250e86323f6efa89d7a43ccf4d719ec5207b2d4e65850ee8b12,CD,경기,2,18,3500
06018dd65738fb1cda8beffbe3f17a6b42caa7bf312bcca4816510c62dbc2ee6,CA,경기,10,21,2000
8e9b9808f0104fee39eb94cdc8deb9153349dd48535c8ed9206aef34fd049681,BA,서울,48,08,1200
3dda365aee7736626d11326b96ca9a3c59c47b1243fb3b7e9da95a0c441dc266,CC,서울,72,21,2000
3dda365aee7736626d11326b96ca9a3c59c47b1243fb3b7e9da95a0c441dc266,CA,서울,38,15,3500
3dda365aee7736626d11326b96ca9a3c59c47b1243fb3b7e9da95a0c441dc266,BD,서울,61,22,4100
4b3b34e49a0697da93f68118363954e8b3eb4dbf9f3a6db8ef6d3fa939121de5,AC,서울,77,15,5000
4b3b34e49a0697da93f68118363954e8b3eb4dbf9f3a6db8ef6d3fa939121de5,AC,서울,161,13,5000
02b5a792fc1aa270419c9b2e3ea48cf084aad7137e5a54caecc180a7d3b02943,AC,부산,4,16,1800
93ff5158e7882fa8e11c0ffe717014f207433826277a9dc01c80b0148ba30aa2,BA,서울,72,05,1200
164f7d8591e89b15f7b1a552f157c90419463ccd6c395a438d026ba00624a7d0,AB,서울,111,11,2200
def32e66869887f36f05a4c32991a23b451f1d4c03fd3a8c7c8b4b5e3f4c3adc,BD,경기,32,05,4100
5a1658570d172224ab24b78148b14e355c1c3a59d2930f3cc65e634c438f5b7f,AB,서울,41,13,2200
d2a9433dbcd18ec0c1cd20e9e5c781087f87855a158c307aeefc9574274e209e,AC,서울,89,13,1800
4dd39d1d2113410c7704bf658ef2f614174999650b4514fa8445ae192b0b47fe,CD,서울,160,12,2000
6319d2d0d8dacc6dc636f4410ea9b4e1a40dc3f2bb6e718304d56d34a5204bdb,AD,서울,122,17,3200
5568a71fbf85f951f01b19f05ba9c001ff69f56245f93a694f5c53880b846001,AC,서울,181,21,1800
0272f1736a5a529e978672196916076a4a0fc0e9d19dcf2f5da485394cc498c2,AA,서울,163,19,1700
0272f1736a5a529e978672196916076a4a0fc0e9d19dcf2f5da485394cc498c2,AA,서울,163,19,1700
44ba6ea3173eae58cd45fbc366d864e9ea083a98c21104dd6bf569b7923561bb,CD,경기,30,19,2000
925eb2406c1ed0addab18ae0d69bcdaa5e92918e2b0f06090ddbcc13aa990260,BC,서울,35,15,1800
f526bf272041c5bf95d38c2432aec6ab78f60398eea20629ee63cb3bbdb80d49,AC,서울,35,17,3400
eedaf9d4033d4077c1c69abb6cc460d0188ec30f02ba9da969fc5ad8f1079750,CD,부산,91,21,24500
02aab7f145c20af29b2a057f76cc26253bfafb7d161348053dd328eb94fc17d1,AD,서울,168,20,3200
2d57389c33d8992d7d007871ab64054393911eee8ab9cf33e5ffc378a1ef38a5,AB,서울,101,17,4200
2d57389c33d8992d7d007871ab64054393911eee8ab9cf33e5ffc378a1ef38a5,CB,서울,67,20,2000
a6995aad9b532e1532a896bb18c1dc66c6b731c198109ae736591859e5f7d6b5,CC,경기,108,16,3500
9780204302603ea2a0fe171513650f0ad444300f5f3136c67be201db8b50bc50,BB,경기,93,15,3800
9780204302603ea2a0fe171513650f0ad444300f5f3136c67be201db8b50bc50,BB,경기,71,16,3800
8e0c376ab9ae33e9c13ce266aeae8309ca65fa64fc4863f756ef88da3b8e6bd7,AB,경기,113,17,2200
937f1aabc26aee729e2ed0fbabeb4d9500d0a95e9906d77af330ef9bd19dac0a,CB,서울,60,02,2000
2be4eda5949a991085834b33dd42e34153bef8f005c9eb4285f50023231a543b,AC,서울,53,14,1800
8d6e0b72c83d6c35d492d2652eebc0fdc98f8c05ef7b255fc5005f5648dcc3df,BC,부산,109,01,1800
2c9b03c34ab281ea17bb2f22ec89bae0d286b3423e4d10f545ff1c2f81b10c2d,BC,서울,141,21,1800
4e4ff9e71b0b0180aa99577912f8ae2cca338b3c3135ec74271ef8dcad4d2754,AD,부산,115,21,3200
53b40eed88cee348463192da5894c01e95e9b5d7356c1c11066b85c3fa5333cf,AD,서울,58,20,1700
52c1d1646461957ce02696b59c4f956e421ca46b360540d5c36b70d48a7fa853,AB,서울,51,14,4200
153f78f0203298c45fbab8b826ab01bd524c08a7ff9cd3989a1022a79b97f0cb,AC,부산,113,01,1800
5c5692401641423dd71a2030207c69c3c7e79a05065bc8210cb3a24b34fb2b95,CC,부산,76,17,3500
a4c175d2d207c65de0c82d3dc5b6279ccd2500e46b98634b52fa35e67dbd2aa8,BD,서울,165,02,1500
4f54873087316088bc5eed85178dd73422d609ef969743b93d0a1b27d9b56ebf,BB,서울,123,20,1400
8356be07dfd5446ea5554aa0b8d3d5a38e218f93d4738244b1bf6f65cb7f9d9b,CC,서울,84,15,2000
24c5c449bdb661ba676ccbcf3d2c7b34af36771d412182b6f97059371a403b95,BD,서울,66,01,1500
bc9e10254792b6d72ffe5782e04d483666a8840efee40dd4ac1b8ecb856034d8,CC,경기,47,22,2000
42eade6f2e915ef87183967faa186d77eaa9f0154b0cedf36e69b2ec64b2a51a,BD,경기,22,01,1500
df3f3cb9e233a32953bc68a80c6c419e1257be99f9340164b6710885c0c8ccc3,AC,서울,31,16,3400
4eb1bb45307f3a73355e80db90e22be0935628f689e2250611a47daf8a9292e1,CC,경기,121,20,2000
a43c4f44feeae08a86ae1ddeb4b21913be1e134fc670124e6389b2b5b639ff5e,AA,부산,87,08,3200
2ade0e11c24c421898267c371d930b0a3b66fbcfce1ed65e3b1ecaa88632954e,BB,서울,62,18,1400
ba21bcdcd06d3ea3ecbbb4af64d8422b13af33f0f7f927c239c4a1946ff8fc51,CC,경기,47,23,2000
cf5b85a5be83e3628a44e097fa1a3b3e9e7005df6103f37909dd0023eb9c0341,BB,서울,92,08,3800
ce733e900030dc4397ed99b7a41f103e413fb632326820277609520e14b3bc76,BD,서울,123,15,4100
75613f05b798301f3a35537f28076fb13e5729d4f9bb60776bc5abf36a1b6c7b,AD,서울,155,00,1700
b63cf946239719d5a315da72374dc4497c89c75e5c3a906bfbbb9e441d8aad4a,AC,서울,54,12,5000
8fdaa49376ce5281bd713bdfa407a52c4be30484c25408c71f53ee334a4f16f1,CB,경기,3,22,2000
f7cf38bd26c34181a434def063a7186acf12690d95877c306e0eeb5710b9b316,AC,서울,68,14,1800
1d17e4591d0e969d54e6fc9a4c7ade3550eb131afbf023fa8a2d21d6784673c3,AD,서울,178,14,3200
05fce76b416eb4d290e8c5c97bbc4a0cf4976d0e59769733f65d7dfa3f78a36b,AA,서울,59,22,1700
6d31ed94a7a6c1ca7fb1b2f01282526da1660443876a6a33d93d1f210dd8d163,CD,부산,7,13,5000
6d31ed94a7a6c1ca7fb1b2f01282526da1660443876a6a33d93d1f210dd8d163,CC,부산,126,17,2000
1fcb222745ba61aa11be9acc03e497636149f4101832e264f6781a94a45495d6,AD,경기,149,00,3200
a1270ccc05f96300054b230dad6abbbe7bcccbef184cf6852abee7fb85abfa94,CC,서울,121,04,2000
8239dd1b05b085f65661540850bbda955ecc56c472f07eccd7e6dc9e7ee5c5a3,CC,부산,145,22,9500
634d9a8db4051977cfa7dbabc167d3b67469bf1519ff6da128755d9dc2071fc8,CC,경기,109,15,3500
634d9a8db4051977cfa7dbabc167d3b67469bf1519ff6da128755d9dc2071fc8,CC,경기,143,15,2000
634d9a8db4051977cfa7dbabc167d3b67469bf1519ff6da128755d9dc2071fc8,AA,경기,163,19,3200
231b1265478d0b4274102d4b98b1e5332199aa354c2761db033415f62c83c102,CB,서울,102,06,2000
3e3c1f01bec70bf7e21534f7f8ac1e8dc1aac6ae1ccd60bb979c81a9221021d8,AA,서울,59,14,1700
7d67cc80b26b6429d00031eb9fe72b9fae4e41ffbcc852335f6c4d1074e75810,CD,경기,61,15,3500
6467ef784b8ce326e5a6db77ecbd58f6c9fcd519ba70673c7a23c9b6b7303554,AD,서울,93,14,3200
5b116dc57630f7402c1684cd0a66830b317cf575714a8fc7fe3a77e9bed8c30d,AD,서울,35,18,1700
f97eecdd4ab616682381ff2b385674c8b51cc2a8e5f1d248eab5f5a37dc337e3,CC,서울,100,15,2000
51bbd8e34e1787c91845db195266b71268aded099c90ad20e5dcc59a05aa2954,CC,경기,129,19,3500
b019aabcc37cb8ca7292d8dc40edba4df17e50ecddc356c96d20ae9aa6cadc4d,AB,서울,148,18,2200
1c3e24f431b961c9f350e875e04b6d824a7acf00ed8ade3b6c04bc7e3aa7e443,BA,경기,38,01,1200
dd384ca1149e0cb53bab20084e7aee665dacf4e21a8a59fdd2c69482819d0a48,CA,부산,161,18,3500
8645dda4f9b0d10c69a8c465fa9169a1af195e313680930076fa8e9d44a94259,AD,경기,154,09,6200
d1c4b64ee8c91b1587a90dcb5907179c6c209c5e4430f475feb1cbe157c24000,BD,서울,55,00,4100
20b247b6acbfb0e789ca56c2fb189e8ff88ecdd8c810bb69b2e375082ac27a8b,AD,경기,163,14,3200
440ac27a2017cd25061ffff895d8fe4849db9363f317644138d1df704d0788db,CA,서울,26,01,2000
e9f09e2b0501ed5ec08a90ae3e961ae4391ff796eef1e20a3c82a7af5673bf49,AB,경기,118,13,16200
4bd104761358307e8c40cd9fa7f420cf59886f6f88ac61064297d602bb0f93ae,CD,서울,12,17,2000
14fda293ff5995af8b10b8caa7d1532dcc2e298e0076e5c6f1d88b6d823edd19,CA,부산,111,17,2000
14fda293ff5995af8b10b8caa7d1532dcc2e298e0076e5c6f1d88b6d823edd19,CB,부산,102,12,2000
14fda293ff5995af8b10b8caa7d1532dcc2e298e0076e5c6f1d88b6d823edd19,AD,부산,111,17,1700
c7fd57285d9244328c9020c94768be3dd925ee0cbae3b308bc4ca397123f9433,BB,서울,143,13,1400
6448251d6befb2a56cc6a7af5b6f3c8258fa98f406c90d09199723c5e4ca1621,AD,경기,105,00,3200
471a211fe9c1c8e490a55719d94a3e349dbc1875d15e47c3ea44f42ef3dd0951,CD,서울,171,22,2000
f8f82fc242103c98843400ea9b4ab3bf8deb33fe963ac2bdbac89fa250368657,AA,서울,29,10,3200
2137a691f493fa9cc27d8b4f8b089c3eb4b5ad90e5582e982b997bd810c50f82,CD,서울,103,22,3500
2137a691f493fa9cc27d8b4f8b089c3eb4b5ad90e5582e982b997bd810c50f82,CC,서울,159,22,3500
2137a691f493fa9cc27d8b4f8b089c3eb4b5ad90e5582e982b997bd810c50f82,BB,서울,32,16,1400
2137a691f493fa9cc27d8b4f8b089c3eb4b5ad90e5582e982b997bd810c50f82,AB,서울,27,21,2200
2137a691f493fa9cc27d8b4f8b089c3eb4b5ad90e5582e982b997bd810c50f82,CD,서울,172,18,2000
15450527c9bbc35858af35c438faa9d31fd3f8d1aba70f84b42a419299d8066e,BB,경기,141,16,1400
ee0dac4557bb75bc325a70ec87ac1838b4253554f559ee8040a28cc36e45f674,AC,서울,24,19,3400
eb44c7ecaf522c46a7d000218d00fce426ef147836ad27eca5242f47da6c1a2a,AD,서울,140,15,3200
d58557ad7e2c993d5da5946c09b57b1accb1b6c80a0ac4a087be9650237d4f4d,CA,서울,141,09,2000
26e3a54a20fd9816457551d75842ff547ccef39af11fc301233291d2b8ca853d,BB,경기,154,17,1400
c6cc58700695b8948ef61968e27f73d51c4d2c7c7c8c70f297a4ae96f2d6726e,BD,서울,125,12,1500
1ce4130378f43032286f9f8e5edfb4687d2cf85e65dab9e87e5a7762601963b8,AB,서울,148,00,2200
fec51689283872ecb7a5663117c1d43aa6c9ecc384c1ec2b0bdfc5a889b856d3,CC,경기,135,13,2000
a0b8f08efc79e9e1d787e2141a7137631f6534caebbec3523e16f3a1c99d59dc,BB,부산,87,04,1400
ca675a19d5109fb2a144aab89c99006ca44e9f80ff69b062ee822e6ff0dcac80,BD,서울,65,00,4100
e6dc3fba85b16e1781a00b5f44cccd1d21d449949f145271af3082853b737975,CB,경기,11,16,2000
fdb68adfcf490c4dffd2fe73cda3a23d523443965d271b5c4da545d6c53b3898,CC,서울,126,16,2000
4d6ce3ad49b91cb3d91349c9ed80689b533c95371c3f7e3cd2dc9ed420ccb46d,AD,서울,13,20,1700
f2c1101690dffeaade02c204fe592cfa36a848d6c69b28859e6cd5e849ddb205,BD,경기,63,14,1500
9cba56fec1d1f6daf8e2fa1bd74df9b645750fe92247e53b1e56b77b8337c63e,BA,서울,124,07,1200
aab133c0c89f5a79298d410311fbdece274ec8ae4dabab8b6539736cfcae1383,AA,경기,19,09,1700
aca76f3956cd5cb8cc2bdcedfb8378c838a71e1e5e030569e8f7de09f4129a02,BC,경기,9,01,1800
aca76f3956cd5cb8cc2bdcedfb8378c838a71e1e5e030569e8f7de09f4129a02,CB,경기,48,20,2000
aca76f3956cd5cb8cc2bdcedfb8378c838a71e1e5e030569e8f7de09f4129a02,CC,경기,117,01,5000
aca76f3956cd5cb8cc2bdcedfb8378c838a71e1e5e030569e8f7de09f4129a02,BB,경기,86,21,3800
4bedfe5259d5338e971885768e7d683e7be26923c25fbb984b93890c12dbd0f6,CC,경기,112,19,2000
15f1f22375a31b7ef93d914e9002ff8ca7f7bedc061bb161f5eaccf2e3ed940a,CB,서울,161,01,2000
91e843d5e6590669b647398d57994de60291d311ba4d678fa29cc23afdea6b57,BD,경기,81,20,4100
91e843d5e6590669b647398d57994de60291d311ba4d678fa29cc23afdea6b57,CC,경기,102,19,2000
91e843d5e6590669b647398d57994de60291d311ba4d678fa29cc23afdea6b57,CD,경기,87,21,2000
2489fce631cd7d63c750a49e4f5d497795b6db84fa1fbf4ddce8cefc0e8bbadf,CD,경기,20,15,6500
1901410dec3b4c0f62527cf35a956f31c2e7958c89176002f1b0954841cafea5,CD,경기,147,06,3500
acabc2942906104e64ee9e9294109210a222094fe676b766891cb07231d39a77,CA,서울,163,20,2000
66866198404a68197e2fb35c3c49ef8ec452eeb87d9f81366eb9f06059c0094a,BB,경기,81,01,3800
44d13d49dec42a45c978d4f0c1d9f119d5211851cc5d6e1bbba764c22d57405a,CD,부산,121,18,2000
828cf0ba828a48a00317d24a103206b7dc6031ea2b68d36f146016d1fba4c7e0,CC,경기,58,18,3500
809960c792bee96734568317c32ad4edec7831871a5f8bc3218f34ff6293a8df,BC,서울,100,14,3400
6bb5f7e7879a03a89e16e71ca196e38911a1863b5bc719206155791856af48c5,AC,부산,56,22,9800
c543d527c013770f6f34721c7bd56edbea63696974fa33f5f63c82792de76d6a,AD,경기,77,21,6200
b721e408abfedd92828620e86da46fa3f6c42e8195a3bcb50ae33d2a7cc2593d,BD,경기,84,16,1500
ff897aa6025820e75a47603c1d79db33016061613bfb9bb0fa0b21e4be54efb7,AB,서울,85,12,3200
7d5e442a5d031180205cc4df44c7ab933842bec6dd0a38ea0107bff970b09e25,AB,경기,162,09,6200
0a0d946d17d141eb52c988da5004e718caa10ad483f5e3bc3e0290358e34bcf1,AD,서울,145,15,1700
d0d43ac53c53b195bc642c6fea1001fdc0fe86f5690316ebf2ae07fce2270427,CA,경기,181,23,2000
6f437b227798b21af05fd46b6798087887cfb8b718f7b52f80e3752a53e723f2,CD,경기,135,17,2000
6f437b227798b21af05fd46b6798087887cfb8b718f7b52f80e3752a53e723f2,CD,경기,182,19,2000
68ac77b709b96ee2139ba49e2d6e5ebd88bb6d912391448fbfa23a4fe197d328,BA,서울,91,12,1200
8211ae5a30f5bdc793119fc53b8b0b008f34498671fb1450065ac7d820ddaa44,AB,경기,45,13,12200
8211ae5a30f5bdc793119fc53b8b0b008f34498671fb1450065ac7d820ddaa44,CB,경기,57,20,2000
96625d70e6cc368b4b15fe5e13395d3b7c69ee8cc5c8f797dd004e03b34b9075,CA,서울,164,11,2000
8a127a2695dfe1dcb38bdcdedd64bfa871b38eb1c6375ee615dd9d680bb71904,BD,부산,17,21,1500
fd8c56931c535eb306dc8203df9e2e04f5dc7f0a89b1d74c103f4ae1cbbff5d6,CD,서울,138,18,2000
0bf608af3e3661a4b3c8b1005e460743223fa65e0d0dbe3aa2e88345fc26aef6,AC,부산,114,01,1800
5dfa4ce049e202c8e0f3f7ef3cd14ed88b1de09628c102780912389c14e9af5e,BD,서울,170,13,1500
5dfa4ce049e202c8e0f3f7ef3cd14ed88b1de09628c102780912389c14e9af5e,BD,서울,170,13,1500
73ef992edae5b664c211f8f0938a5174b8e3c503005a9831f09a74ee9afc3408,BD,경기,8,18,4100
ffecae0e2984cc04c9d1fa3b2cc3be9775c61ce1515c718ab5c6ed3f5929b2ed,BB,서울,16,10,2600
9b816bb8d2262f57437339fb237856a4b613fe0e7f6402637d9f55031509243c,BB,부산,117,03,1400
4a646cf6c2facd12c88871a759b6cc20ebe0790527b1b31479e21d1cf91aa362,CC,경기,161,21,2000
613614b9db507c2b1042c68b6ca7107b53a93d5dcd34c56c44b90eeb6e73bedd,AB,서울,157,21,2200
613614b9db507c2b1042c68b6ca7107b53a93d5dcd34c56c44b90eeb6e73bedd,AB,서울,29,21,2200
613614b9db507c2b1042c68b6ca7107b53a93d5dcd34c56c44b90eeb6e73bedd,CA,서울,142,19,2000
8d519e9c50b664d97ea9143f2856e8572fcc0384f91dd7952937a8a899c89c78,CA,서울,117,20,2000
a0d747e52bc6bb02f99ff9675e7379c7db4784662768b94a80f20e83cfb7b7dc,CC,경기,53,18,2000
a0d747e52bc6bb02f99ff9675e7379c7db4784662768b94a80f20e83cfb7b7dc,BB,경기,54,05,1400
708e1d497780726f1f5face5ec470ece598901dd9a380ba7937c1fe63d9b70e5,CB,서울,34,21,2000
5e93003e9497037f445b611ac84f1121595ca000611b2bf306a371359f403317,AB,서울,148,08,4200
f92b4da0bc7df7266d632376d87e4f51fcf9cfb3d8a0bd38852326332c5a3854,CD,서울,127,00,2000
f9d306d1da25ae14ae75f82c4e9fac9c537606a880f5cecc813aca311f2895e2,BA,부산,45,20,1200
4852ac72be602be42098c354454ac99cb00032f2c9496de0feb96bf09382daaf,AD,부산,89,22,1700
4852ac72be602be42098c354454ac99cb00032f2c9496de0feb96bf09382daaf,AD,부산,113,21,1700
7cd1cceae90b3cc3708eba11415031f9be92167440e9753397b3ce9597c281cf,CC,서울,153,22,3500
ba4253e669b4c8c8d505455a71e1148faf2f8b3aad34fc603137eda658a324a1,AC,서울,125,09,1800
ea20506816b45be65683481171412f522ab61513dd606fd0641fee93b19c5957,AA,서울,57,18,3200
ea20506816b45be65683481171412f522ab61513dd606fd0641fee93b19c5957,AA,서울,165,16,1700
57219f1c83d77b93a4c2444cceca2bfe61f758e84deeb0f21726360cd22dd97e,CC,서울,147,14,3500
894a4ee30a390404513860337080fbcfb5b6fc956361d481aa106f638a6aafde,AA,경기,16,05,6200
1bff445bb3a6b986cc03cd8272d2d7ba06e77fa1e3ccf4e28eb0f559248a88f9,AD,서울,165,20,1700
f4887b3dc9b8774a9366f81ff9d8afd8373517515b740abb681cccf8cfbc5a69,CD,서울,157,21,2000
5d87867959528e3a73614c9fe7d781d3b2557d147061a6e55f98cb2133cff724,BB,부산,98,09,2600
2694a7a2e48da4f368df6568b3d84d4b3c6c0fab6f43659a93e9e1e867fdb389,BB,부산,36,13,1400
8b5d509669d38cc30fede006f87434b8239586bf2578aecc5503cdb726f93a21,BD,경기,52,22,4100
5d759aad4be34e231f195fec007d1862bbd07b1d824ce3b22acfc84198edc18e,AD,서울,93,07,3200
5d759aad4be34e231f195fec007d1862bbd07b1d824ce3b22acfc84198edc18e,AD,경기,181,11,1700
1b3422b62e635e3a6344bf94a551ebac59d49ff6965e5a06ac520a2c10d07294,AD,서울,126,13,30200
a9fb7f3c706e0f07736e4fbad62b3ae857aa6fd6e3666417748237f3f397bf68,AC,서울,62,09,1800
89aeb0ba4847040b04def2f393e65af60a886f49f03c4addd8ad30140249bb0c,AC,서울,173,17,5000
cb1b620a6e41a58dbc41dc31b83b6ee0a044d94f556301a733d5a76a32291f82,AC,서울,84,12,1800
cb1b620a6e41a58dbc41dc31b83b6ee0a044d94f556301a733d5a76a32291f82,AC,서울,67,06,1800
efe32e56745e3ad70620f1f9b1776cb78036539ebcd2257bfc143f4ea766b7a9,AB,서울,16,15,1200
c997be08979c1b83386971928b32691ab2523733f2b1f8d654ebc64091f5e587,AD,서울,131,11,3200
740bde88d61745176c2dfd644e22192e45768ab24bb5f9d9f7d34bef096bf923,CA,서울,58,17,2000
7c6f193102c481d5690774cf5134c572ca986bafe0f70c566859d2d69b24f216,AD,경기,17,17,1700
d6249555eca8cd3db434b00ce9462243c894d7330581030a56f7ca0f2026c464,CC,서울,157,16,3500
9d529e1735f5d2fe50bacb840a1f4802c490515e63703d6fb2d651ea726641f0,AD,서울,81,14,1700
f731ec7d3c0c22f8804a3a8b1b9115b5a92e121fe4887f17d2470e356ea16726,AC,서울,63,08,1800
f731ec7d3c0c22f8804a3a8b1b9115b5a92e121fe4887f17d2470e356ea16726,AC,서울,78,08,1800
f260be2ed82eff8e2d49580bcc865aab8818c80d32c2e506b31fc145a1f85f69,CC,경기,115,17,2000
a456f7dcebfcd1c44730ea97fdca116380e484ea9146dcb80c27300e02b904d7,AD,경기,142,20,3200
b4d908b6c0f10a973dd1111b37bc5cdbdd6868bed811f2b72c53ad07914fb01c,CB,서울,139,16,3500
b4d908b6c0f10a973dd1111b37bc5cdbdd6868bed811f2b72c53ad07914fb01c,CB,서울,17,16,2000
b4d908b6c0f10a973dd1111b37bc5cdbdd6868bed811f2b72c53ad07914fb01c,CD,서울,39,21,3500
b4d908b6c0f10a973dd1111b37bc5cdbdd6868bed811f2b72c53ad07914fb01c,CD,서울,74,21,2000
b4d908b6c0f10a973dd1111b37bc5cdbdd6868bed811f2b72c53ad07914fb01c,CD,서울,72,22,2000
b4d908b6c0f10a973dd1111b37bc5cdbdd6868bed811f2b72c53ad07914fb01c,CB,서울,12,14,2000
b4d908b6c0f10a973dd1111b37bc5cdbdd6868bed811f2b72c53ad07914fb01c,CA,서울,144,19,3500
1833633787245771d4049eae94792f28a4696fed80aade3ef828368c3ea012b0,AA,경기,181,21,1700
8ee1ac80b0ce7b0a45ceb8e5fd65af5fb7213d8f6eb6221253744bb21c88b0a0,AC,서울,87,18,1800
8ee1ac80b0ce7b0a45ceb8e5fd65af5fb7213d8f6eb6221253744bb21c88b0a0,AC,서울,65,18,1800
b33cfa67e88da3de46a8257d9b7df0baf04a281c03f998bd98b7932897ac32ce,CA,경기,103,16,2000
d551b53a7fdad30e828d51f8d4a00f390c9a471a93f42a60a10c623b37a64a76,BA,서울,66,22,1200
d551b53a7fdad30e828d51f8d4a00f390c9a471a93f42a60a10c623b37a64a76,BD,서울,157,23,1500
81fc514ae54c846ac407d6e5965953178979a910eaa603365039a8a61d1144e2,AD,경기,46,09,4700
5797b8ace42a2a37c4d671e5060dc619c537eb328ae1892c9bce25f95821577e,AC,서울,83,11,1800
74549dcab6c985075f7d4846310a85352a12e4bfc6efc506821a6f50da60be7b,AD,경기,172,00,3200
2a08c7c51679b7189997df71b8cfca0013f83c2ddbfc287e271db8a936ae3e53,CD,서울,176,12,2000
d7293f743dd0b9317bbd2cb2abf76b6f5e654e50b01d699c1a01e660c9416172,AB,경기,71,12,3200
eb19cbda03a83d9c18af04cbfe84ba4dca5d3779b0e67afb0cdda33a2dd73215,BB,서울,154,09,1400
cf8cfd8022577734fa00298d13945e9b22828a224389a7b593666ba50fab1743,AB,서울,56,15,2200
7b3037b396f2f4181b80b445822471abcdbf99b5a9050d0ac24dc301e71f1299,BC,서울,72,10,1800
63193d20531ad68c20317adf3343775b3221c197d110a09c74ea01ba239bc355,CD,경기,178,17,2000
33209214d9e8a023d33d680e15780b7806b2687f0fcf7afc8e203dd79ade6982,BD,서울,21,16,4100
f0eec8388c6577adc6cbb2be9677c711eadaeea48d4f256dd5261d49be5aa65f,BB,서울,130,11,2600
f0eec8388c6577adc6cbb2be9677c711eadaeea48d4f256dd5261d49be5aa65f,BD,서울,109,13,4100
f0eec8388c6577adc6cbb2be9677c711eadaeea48d4f256dd5261d49be5aa65f,AA,서울,37,11,1700
9930dbec1f13a3793ecacfb313efcec826ed75a9e809e63512fdb34fd1667979,AA,서울,165,13,3200
9930dbec1f13a3793ecacfb313efcec826ed75a9e809e63512fdb34fd1667979,CA,경기,156,22,2000
849f68fd9d5e04264dbee126e1ae70458b11d0e875137a2bfba534332be35449,AB,서울,106,09,4200
1856f29154aefed22b0d530684f4e76ff104bd974d32241c36d25c65df78c545,BC,서울,71,19,1800
78282875cdffd2e4802d45f7e22b3383a56b38c353ef42d417f5f47817710e39,CD,경기,126,22,2000
80deab40e94b9aa935861fa39d0334db282c0b2e4f930e152e7318f780676e40,AA,부산,162,19,1700
f547d510b5aacd0e64bcb1ce799a4ff4c7d4f4d37d4f7d7689b9396f09045696,AC,서울,30,21,1800
616230f3555396cdfe75e1220a53cd37bfccc0d7fdf848de75abd71d273364dd,AC,서울,87,14,5000
fa7c0534f03b055838d130e8395848ccf50cac067f4849fd7f635a30b71f2bab,CD,서울,92,20,1850
730f6de601a35f5523fc086f246dce824569a769447e2096d5f2d03a7da20f97,CD,서울,129,12,2000
8158ee00e2894766d91ba9190ed092eeff8b66679f635ca318b2fe48f66e8f0e,BA,경기,175,02,1200
8158ee00e2894766d91ba9190ed092eeff8b66679f635ca318b2fe48f66e8f0e,BA,경기,163,04,1200
8158ee00e2894766d91ba9190ed092eeff8b66679f635ca318b2fe48f66e8f0e,BA,경기,149,00,1200
74702987cca3c409119096d670d2164adb8a04fc18eef45853bc232861840745,BC,서울,3,03,5000
74702987cca3c409119096d670d2164adb8a04fc18eef45853bc232861840745,BD,서울,24,06,4100
0b14a154814a7741dd7a759478bd9be1905907d26ca21d882e65ff66d0b80c2c,AC,서울,39,19,3400
db7824f3aedbbd91d894adeb67e0e8bb531fe13597e7ae3570a82bd0e87fb4f1,BA,서울,59,13,1200
cda182054355208007f5f7e3368af97be014790cfbab2bea821d3ad22509dcc2,BC,서울,38,15,1800
88cf9419aa181035202b3595d700cc8d3018bdc493924aa0c418f39d8d3684da,BB,경기,123,23,1400
3732179334c1760f77471bb57288d61fb2a2505c2c14572e9ca1c26fa06daa5d,BA,서울,97,18,1200
9206e6abb1f6eb60b929eb2d2a1eafffd662d20f9893f66623d25659ce653d67,AC,서울,90,20,1800
5c6de01e2d91900d7d6f8257876678bb5b499971a62319a3f77b2f68a74d2946,CD,서울,180,19,2000
d7f53ec8917d1bc683d8baf08e0ba7aaecb65e1d53999aead1188acde2f85a82,CD,서울,108,20,2000
6204349801a1ea2e249d1e9d24244b953bab6cf2afee45458bf18fb34c3539ca,AD,경기,53,17,1700
e494a4d68c87323dc0b1399ed5ea0ecd9644ad47bccca48beff03d72e5f3c982,CD,서울,21,17,8000
a0927bc38af3f6ccdefa931266897b6500c97d660bb6151610cde094537497a3,BB,경기,157,02,2600
0dbcffb783444c915d8ebe4a2eb6c61f656e670d82b55f38399fe84ea6e16eb6,CC,경기,87,18,2000
6d37ffb531f9483c58304493a5d6d170dcc018f09e22a4ec675a6615ee829c71,BB,서울,42,00,1400
27beaa4f11138e6187fd4dcfeeb4f0494f7be35c3fb38dd31e2cedab379e2146,AB,서울,30,19,2200
336bb034ebeefdb881f35471c3e22e612504d40f841cf4966e0b84326b60dc47,CD,경기,119,00,2000
17b560f90974b17f5be1bae6b5f3c560ea76db2156cfd52511e88c48582a3457,CC,부산,43,10,2000
4d636cfd15a4416efea52b1d1be4437cb84c59829c2828cf6f66c6478c0ac3f4,AD,서울,142,15,1700
a12a1abad2f7c8e9512dac7e18413955331654cbadaf2962b69521db88f0499a,BB,서울,70,12,1400
e18ca6a3fafaff118f079900c15776c718894c10e36384f38fbf3008c1afd711,CC,서울,173,05,5000
dce1bb257a05a5cf583f896a982c58b7f21852fe51b09969292a85d36fea291c,AD,서울,122,23,3200
d48feb42ad9b8ca6bc3e733fab089b211178c1ae101c9828ee887e4d650e7502,BD,경기,54,05,1500
d006c1859ab17210ce7fc67d94d8fa309597ac73b4d1a721f0b2a6a431728692,BC,경기,133,06,1800
d006c1859ab17210ce7fc67d94d8fa309597ac73b4d1a721f0b2a6a431728692,CD,경기,79,19,6500
d006c1859ab17210ce7fc67d94d8fa309597ac73b4d1a721f0b2a6a431728692,CC,경기,163,02,8000
b50a1126133e92538feee87c72db0c5f79d79c01af5cb03e999118674c5ac13c,BB,경기,55,16,1400
b50a1126133e92538feee87c72db0c5f79d79c01af5cb03e999118674c5ac13c,BB,경기,57,08,2600
2050d23fbc6c4fc01d72f465486ffeea5549a62b51353c41b3c48118ff6fbc30,AD,서울,136,18,3200
9f5d26fb6b01c452ed6309392e4e165dfccdab7bc74099dcf7033cf6aea4cb80,AC,서울,78,16,9800
ac1d69c3cbc4906b9636ef275de4a7e54ed7ac53f1cce9e7478044f3329aebec,AD,부산,156,11,3200
e07fa930805da4d44e3a4cb2d0ecc9f810cdbb81d3f33876f4264d8dcd502708,AC,서울,58,20,3400
1819292b692c19e9564374f32e172f084ec0eb75652a79bb97d8c8e648b42ecb,CB,경기,86,18,2000
1a6abf62e8146dd20fddaf40464074ba07abd69b42abbbed29ba67e01d37f0a0,BD,서울,145,13,1500
1a6abf62e8146dd20fddaf40464074ba07abd69b42abbbed29ba67e01d37f0a0,AC,서울,23,11,3400
1a6abf62e8146dd20fddaf40464074ba07abd69b42abbbed29ba67e01d37f0a0,BB,서울,82,11,1400
1a6abf62e8146dd20fddaf40464074ba07abd69b42abbbed29ba67e01d37f0a0,BB,서울,145,10,1400
1a6abf62e8146dd20fddaf40464074ba07abd69b42abbbed29ba67e01d37f0a0,BA,서울,66,13,1200
2164610f43ea833da6763092941d9682d9ba8466fcbb4c64e45e7fd00cf5aaad,BA,서울,50,18,1200
7d414e85761c8514222301bd5f4bfbf6a36f88e97fe7f54617b8eb33c3136d61,BB,경기,72,01,2600
7d414e85761c8514222301bd5f4bfbf6a36f88e97fe7f54617b8eb33c3136d61,BB,경기,69,01,1400
99f611b6e5178ebbcf034a84c704c2214433785462120a5538cfdc2cc2f1c4dc,CA,부산,166,20,2000
1bf4594ef7bc07580d3db590044a1e75bf01395f62af57774dd6937bc8308e10,CD,경기,148,00,2000
e1b341b2251909df4f9f4c7ceec154977437d7feead3730e3b7c77bb75a40557,BA,서울,67,08,1200
f2ad10cbd6e0ae055c9566283f5ac16a1a693ed086b678e326e53371ae031bce,AB,서울,101,09,2200
73aa8a70fcdfd2ddbfc5d3b182d243b334ae24e8b83ea1acb28c90dd2682124c,BB,경기,163,16,1400
3641d7a87df36a33a81edea35d16298ddbf1badcc15b79b690c2170ab8481185,BD,경기,36,12,1500
bb0c7c7f0edc84e7a8083f7ac03ed0c57149ec226e95886f4116f63902232093,BD,서울,45,14,1500
dfcb663c56e2ae61dbdebc6b290b7e8bf4da6ea314f0a7de7bc76ff6ca6d0f4d,CA,경기,63,12,8000
dfcb663c56e2ae61dbdebc6b290b7e8bf4da6ea314f0a7de7bc76ff6ca6d0f4d,CC,경기,85,20,12500
dfcb663c56e2ae61dbdebc6b290b7e8bf4da6ea314f0a7de7bc76ff6ca6d0f4d,CD,경기,179,16,2000
bc634db1fff6a8db4ecb6983019fe1826ef8427f184534a736f3c09e5b5fd432,AB,서울,108,12,2200
e0003703eefc719d1561e6708a8113963741603d2875321674dd347634c2de0d,BB,경기,168,17,1400
bde308d441444a2ce183e55f6ab9c182b1a0a18d73fcda2bd183b9ce06ac7d50,AB,서울,89,21,2200
52f6a4360ae3090e2aea5976cccd145b0c55c5cd1393d88991f66b094a7a9a0d,CD,서울,11,02,2000
651f3215cf02a26648c1d16d128c03a3788241e5c652de06cf6e2c0c0f847ecd,AC,서울,31,15,3400
ab07ed97480dbf77eb8a0fa0d1ce7d2c4dffaa49a5b8e3bdc3991da13a680c10,BA,경기,42,07,1200
e5fb9c1b639e02a7b45cc16f8c217dc5087ee2144204492dfabe603e3a68c8aa,CD,부산,86,08,5000
f3b8461647613799c59b026b78d8e83e4ed9aaf681b8062eaab2ca7959df064f,CD,서울,3,18,5000
2834e4c50eca633f1832b7157c167b2349d357a689bcc9bb8959e8c4d15e1017,AD,경기,105,23,1700
0be85093fd8f41675c370872e7b189b0d4956e49e8b2b27be8d3d3a0f328d7b1,AB,경기,170,19,1200
28eefe41b8821b22f6499c702168407c9668c35dd9365260206a8b98bedea46d,CC,서울,61,00,2000
24a996b0900fb15291434874745ef3663e8202ac87e62bb9dd228a097f178a5c,AC,서울,72,09,5000
1a4bbea48fe9bf1425032415454069171896e80bb3153005dfc09739432b1168,BA,경기,93,12,1200
4308e72015b37f80304891c133748411afd2afae3123fd89fbcd25d781ecb75b,AB,서울,175,12,4200
4308e72015b37f80304891c133748411afd2afae3123fd89fbcd25d781ecb75b,AB,서울,149,14,1200
33bd89346f584340146040cdf79ea0de05191729a478d95e4f6c796ce34f8acf,BB,서울,38,15,1400
5274d269f36953afa0615c43f188a3b0164b120b647c0a97f54c7fb7d1c95445,CA,경기,115,19,2000
3ef22669b4ac47819b03f20b7e1b997eec0a0a8b2f9a674d6570a4af0e442927,BA,서울,50,10,1200
3ef22669b4ac47819b03f20b7e1b997eec0a0a8b2f9a674d6570a4af0e442927,BA,서울,42,15,1200
3ef22669b4ac47819b03f20b7e1b997eec0a0a8b2f9a674d6570a4af0e442927,BA,서울,29,07,1200
3ef22669b4ac47819b03f20b7e1b997eec0a0a8b2f9a674d6570a4af0e442927,CD,서울,78,14,2000
3ef22669b4ac47819b03f20b7e1b997eec0a0a8b2f9a674d6570a4af0e442927,BA,서울,58,09,1200
72d41bd0df8847fc1f67c78def523fa109755c4e6af5a3d0503e5c0f589c8a2a,BB,서울,54,20,1400
72d41bd0df8847fc1f67c78def523fa109755c4e6af5a3d0503e5c0f589c8a2a,BB,서울,76,20,1400
52d218fdd495c65c5341ac05816e847da9dd924f65740cfdfb27cd87527d91e9,AC,서울,157,23,5000
7156c26ec4bcfa3e9e724edee54218eda730d9e8304b4208374525a0de72cc3b,AC,서울,109,22,1800
98bc0296cd2d8e389f6be32e7917b2b40e2e13bcf16bd805feadaf6c8e443dac,BC,서울,110,06,1800
ccfde695325d79abfe7a3d108b2d70cfd8535207142a91bbe167af5180a5d572,BD,서울,91,10,4100
ccfde695325d79abfe7a3d108b2d70cfd8535207142a91bbe167af5180a5d572,CC,서울,100,14,2000
ccfde695325d79abfe7a3d108b2d70cfd8535207142a91bbe167af5180a5d572,BB,서울,56,17,1400
e69ab48c4323b4951777083f25c87868077a61ac97507e86f12412c6d74c9220,AB,경기,88,12,2200
bc2b0c6b0b3a6351eaa438ce0e6f063a688d6ee456f378adfe8819da913292bd,BB,경기,174,10,1400
ca9dd94679e69da43f26f3cec914917daf5340a8e43f51a178396a9e51278bb4,CA,부산,111,13,2000
229548ab0addf0eff6ca19f4adde3864a6ac2925669c0336697967d032392962,BC,서울,2,14,1800
076401be78371624ce4875c0931b9930f6c502c603b78c8d0c7d99dbc1833723,AD,경기,51,06,1700
a229f3186426f8d274c219cc135fc5d6f9e7eb5e9e57f203817d1863d70d5445,AD,서울,114,11,3200
501a57939958b44a6354881a304e311976ca3deb6971153abf6b2089c0051b96,BD,서울,11,19,1500
02cb03bdcd30f8323ae49903cefe35a283bb048967a318d74757925fe367cdf7,BC,경기,21,13,5000
b7f2e1bab35ba14e4cf4a9120934fbb5cf4d863859adeadb2b7d19bda07ab1aa,AA,서울,60,06,1700
773bc62af9c071a1f8e2335fef3f7cb81cd2ad00f5be3f56064763e62fcc2d50,CA,서울,33,19,3500
773bc62af9c071a1f8e2335fef3f7cb81cd2ad00f5be3f56064763e62fcc2d50,CA,서울,168,20,2000
9599bffa8f08a8ed4df03a04d9a8b7f598c16dfc4bcc97818250feb3e3ae0e76,CA,서울,150,11,6500
6f8b04865f9fe5cddf66ce91322cbc2a1f7ab571f53865f300178efa0944bf90,AC,서울,72,22,5000
531092545170c4e5df44083d0a038ee717feaf71c50bea55682fd95ebbcda68e,CA,부산,53,15,2000
f9f853739947f246fef75fdaccdf8209725b0fd09d822ffdacd2c504373457e1,AC,경기,100,16,5000
48dfa8868e2b3e166278d1e59190b406e9ce2b1878426295f63e7d6e053c4076,CA,부산,39,22,3500
2978115254513260bfd4f745aa61f09bedd6ce59b8bc47716b6a614409eb25af,CC,경기,77,07,6500
5ca746a6b73dc6db7629d9c156a48e9ed819242d4a6d85fd9504619082b6b79d,AD,서울,176,16,3200
a7cb091e167be65ab6855ec160698ec7e45270acb993edce8ee355043c11a715,BC,서울,30,22,1800
5cffa55c5b27c4aaa853ca080c87c69ea5dc162fc2ba9e43372700854910ef46,CD,서울,164,13,2000
5b5f9a19a64f625db576df2c1e88a401f01b08b26b76262b0e3ccad2b03080a8,AB,서울,98,16,2200
235e86d1eb9b3ac7d46a437b52ea6ff29abef5994b9198c290f682734a214950,AC,서울,115,22,1800
b1163a47e592f01272ddb1114dcd0d57e566e4f98f1178b1a13c00c9955013ed,CD,서울,90,23,2000
ad892caa25aed6f05e5ef3ad95d07340a078457cec349e31f65cabb4e27dc4a3,CA,경기,137,15,2000
213f21a4b4394c178e8e87e0a7d9e70036368e7502bc1af204b5faa2e8c2f3bb,AD,서울,170,14,6200
93172a113eba0e23caa6b56ff8c418b5f99b1f8fe18632b999c245160b72b3d0,BD,서울,56,10,1500
9ba64ed0dd308a1590bd9bbede44e6462910f808767a2a5070f156dc2a20fbf0,CD,경기,97,22,2000
640aa1fe00ad55e6273346eaae98d61e277f378a886291c7e74014b57e644887,BD,서울,66,11,4100
268eb1f6ab03e3b22c1e12810bf7d47c361c85b76a6ea15bde5f58917dfef21e,BC,서울,76,20,1800
2698995092a8f56a70995462966a6b9c3671ba632a89a90b88f883c55fbbdba3,BD,경기,12,07,1500
f1037b950c15e111c5e51e5a03e7b5b6645baeb77ab0b22289c34c7b01fe0d77,CA,경기,65,17,2000
821c437f65c53a9677737e01d7168c2991c41590e1246a4db315ca8fe05fed0b,CA,경기,11,22,2000
821c437f65c53a9677737e01d7168c2991c41590e1246a4db315ca8fe05fed0b,CA,경기,4,21,3500
821c437f65c53a9677737e01d7168c2991c41590e1246a4db315ca8fe05fed0b,BB,경기,153,19,1400
2c53a424a056ec2faf4d588783d416d28a5e6226899249b714d2804287dc465b,BA,서울,92,09,2200
cf5260f985ed30cc168c5867bf438f117630f9c6ac9d647fae35cbeacd50e645,AC,서울,182,07,1800
05a323fd5a48cd582c85d726d06a2bbfe0570bb98e3cd5465126c3c56e93d508,BA,경기,23,06,1200
2a85af338bbce2daa77e6c8aebf39e018117b8e98e3e29bcbe72033b32ab73e2,BB,경기,40,22,1400
9a39c0d731167c0b29cad143b821ab54558e13de187b5d29c050babe46650916,BC,경기,101,08,1800
db0dc1f7a7871dacb4062cf1aa0f8e7bd80f2c3141e99308560ec7d88f4f4c3e,BA,서울,87,15,1200
b698dc521636d74292c1af0588347ad0ea28b94b27611d417046e625b238841e,BA,경기,76,13,1200
0e6eb9a3e2d54e9d756386fcce23b3b492981e1aa9c2bca4e80eca64936050cc,BB,경기,101,15,1400
0e6eb9a3e2d54e9d756386fcce23b3b492981e1aa9c2bca4e80eca64936050cc,AB,경기,117,20,4200
7a6c0a1f17094ff8058415fa6eea2ef20ab5184b5645d3d9adebe90493b681e6,BB,서울,91,14,1400
35b0ec4c524b49dffa52d987ed69fe24b515946a239e6400899751336bfdf6be,AC,서울,19,10,3400
9b651289d7cb790402842f2d43176f90f8fcca741dd6eb17bed7c7cfaab27341,CA,서울,41,19,2000
882ab82652aaa6e9dc812b0b9372e27e3ef2aba22115e1f70ccb7bfd310bdb4a,BB,경기,77,04,3800
588cdccd69a7bba1526a9dac07d0fc4527e072ca724657c632d63bba90edd017,AA,서울,102,07,3200
e4457b9f15312bb7b228006c88e714ab3550572a2cd1bd86ba055fadd38f0741,BB,서울,100,20,1400
e4457b9f15312bb7b228006c88e714ab3550572a2cd1bd86ba055fadd38f0741,BB,서울,121,22,1400
e4457b9f15312bb7b228006c88e714ab3550572a2cd1bd86ba055fadd38f0741,CD,서울,120,20,2000
9b5cfb1d0d90eeadde939a06456632ab4d8329395c86e2413e130b13eb2857c6,AD,서울,75,12,1700
57139422d5f54892d9c7d60a44f01dc1396406b06c333ce749df27fa5970bcf7,AC,서울,70,17,1800
57139422d5f54892d9c7d60a44f01dc1396406b06c333ce749df27fa5970bcf7,AD,서울,43,18,4700
57139422d5f54892d9c7d60a44f01dc1396406b06c333ce749df27fa5970bcf7,AC,서울,30,17,3400
b1e86b26e3e327d142144ac8de1539cd3a148c3ceba5a36dc7902029caf789f1,AC,경기,86,13,5000
aa619cf4f0de0af47cbc8867f8101b15088070f86b578954769145266e0cdc23,BD,서울,85,18,1500
dedb2c3db56f8aa7ce47fe6d8e8fa712c0b89acd1c197e978c5e535b5f659cca,CA,경기,92,20,2000
a1c91ab0ac9036916268c4e6b85733125310a63be9aad3013296011ece2a2ac6,CD,경기,63,18,2000
f58553f593aef1abea5eade91b51c6579052e9db3d816661aa28d57b672f375c,BD,서울,53,20,1500
e92f7fb15a15dcb93e8b207fb441fbcfcc8cacf3726708788f432f7e54386e43,BA,경기,39,13,1200
e92f7fb15a15dcb93e8b207fb441fbcfcc8cacf3726708788f432f7e54386e43,AD,경기,25,20,1700
a21f921d4a32dae56b035581aa79ee3bd808a50590ec190928f1f4b799f8afc1,BA,서울,39,10,1200
83584d12427f8411a1d5e108d91c6f9e8603d65197f49e3e7c4d546b95665944,BA,서울,132,09,1150
913b2deec36226614d70794324e2bb8f7c6ba99dcf9e819c09d4e3ac50f3dc05,CD,경기,123,01,3500
218bbfda1dd719afd96014256d72acde3f4acfa188e79568fe053c6f91fecd14,CD,경기,22,04,2000
7c8d92d7e0f80df8f81404d848b2936c08cf2952a73bb3bd138de31c53c3c5c1,CA,경기,146,10,2000
7c8d92d7e0f80df8f81404d848b2936c08cf2952a73bb3bd138de31c53c3c5c1,AD,경기,11,18,1700
7d798bef75e206a720f747b5d9a105427e81bc46f4d33a4289814403b94fbfd8,CC,경기,135,18,24500
7d798bef75e206a720f747b5d9a105427e81bc46f4d33a4289814403b94fbfd8,CC,경기,95,10,12500
7d026aea2cb94f44575d240eae5ae00752dc77ab86a20c086b468a665808b4f1,CD,서울,79,09,9500
7d026aea2cb94f44575d240eae5ae00752dc77ab86a20c086b468a665808b4f1,BA,서울,116,08,1200
4ec958ff95aa2f49f464497495ebbda77239365dfe648a3c9b52b60b8b07faff,CD,서울,107,12,2000
a77c9717c010bebecb01003ab3781e944a7c9934f89d5e8ee773d8b7abe42945,CD,경기,30,01,2000
ccc5c892eaa78ec868433eb808df501bb9f4f97a9fcb4ae3139a74bcb2e06000,BB,경기,166,10,2600
8536c07ee62de788d3ad61d3dcf8f15df78f0bceaf790bcc9e401e3a6e5d401c,CA,서울,33,18,2000
d35e6c287a27f3a1037f962243611c1b6e443af75b154309ac9c827d6ca7512e,BB,경기,55,17,1400
d35e6c287a27f3a1037f962243611c1b6e443af75b154309ac9c827d6ca7512e,BB,경기,27,18,1400
d35e6c287a27f3a1037f962243611c1b6e443af75b154309ac9c827d6ca7512e,BB,경기,40,18,1400
d35e6c287a27f3a1037f962243611c1b6e443af75b154309ac9c827d6ca7512e,CA,경기,56,20,2000
8bc806029abb4520b2bd5c19bd8e015d543df6680e458af5a2f82e8ca746a011,BB,서울,88,21,3800
86d86f1efcfafbd22d1bafbf4159634d17e733b1d0ef024539ec618f5a69ab61,BD,서울,151,16,1500
aa1300255bbb0cc223d4cbbf0cd9612721d0a938d786bebbcb2965207be3affa,BD,서울,172,05,1500
66714f1030a56d2c5c389c7b0788fbf5541ff478057f2d6d9219a6c1b1233d69,AA,서울,179,23,3200
83f46d918b430c67975006a2e5600eccf0ad7ba02885e3d82940534217a0ebf1,BB,경기,115,02,1400
9249a9f84dd1acd19c45f22beb871aeb3e5b0748764731763d345e568bf27921,AD,서울,120,09,3200
1a6377b497b60be1d7f7660e17a78e22f1560b9262c40a888947b32a9ab965a7,AC,서울,32,17,1800
8c62f60ab64e46fe05d70e28634a993abfa977bde31b19d3fb214c1f7cd1125b,AC,서울,29,23,3400
4172cc9c3970d735a8f5563a5a53a1b20a2aed384fb3abf182331ab1d2ef22d5,AB,서울,86,08,3200
3648ca3af19bd936a718b5c70194133725c8bee90b05d43625086f04db1e1c04,BA,서울,77,19,1200
81ac1ef41b323ceb28317aea480687735d07126d9556e2b66d40b3d6a60969c5,CC,서울,107,10,23000
0be9c6ff5ba934bc8c1fbbdb81d28b6e45ab5982f3c908203e161a79666daed9,AA,서울,6,19,1700
0be9c6ff5ba934bc8c1fbbdb81d28b6e45ab5982f3c908203e161a79666daed9,AA,서울,63,18,1700
ecfc9e57d9c721cb4b12a3128f9a95caa5547f57aca259a3d7d17731c7d942d6,BA,경기,21,13,1200
9b66a66f981231092364b5ac4fff6cf4d477e42bb9206e5121c50f46c08b4e1c,CD,경기,3,18,6500
b9f7da3feefac2f9133cc1d258dea0904296d7f4e832d0941d1134d5c53b181c,BA,서울,57,08,1200
b9f7da3feefac2f9133cc1d258dea0904296d7f4e832d0941d1134d5c53b181c,BA,서울,67,08,1200
1fb58325c9030fdba39b9f6dcb77fe11dc688ad71739de1c26e39381a230498b,AD,경기,162,17,1700
3f569962c497b72ac736c9e7142d5b808d2ad2f5e52ec57a82dc4be7e42c3f2d,CD,경기,95,08,2000
9a2e36de25b17ca8ec84d40353347bd2b2a5aaa397c6ff9b5d5bc3c4067652e7,AC,서울,127,20,1800
246a259fa11f2570e0b579867c8c63e51534886812372326d39c2fc904507bc7,BD,서울,98,10,1500
3e7cba82d3f941cd2e8b5af9815044a0c06f059b4d60daecacf38410c4534dac,BB,부산,71,09,1400
1a0dd5edc397dafff317928faa71bffcbd2cb9da10f17f23cca89e43f458c948,AA,서울,163,02,1700
d96f74cf269a1cd952953af5035f9d67b7367cdec9c6101e69c3e824df43b434,CD,경기,34,16,2000
0bf05a94842500a6052fede6d25605d446283ea6e7ee2ecaca513ad1c64052fe,AD,경기,96,18,3200
0bf05a94842500a6052fede6d25605d446283ea6e7ee2ecaca513ad1c64052fe,AD,경기,114,18,1700
72feb63c1dbb49bc15225b86b93d49c56480ed469b009e478a3c93a78f8a8b1d,CD,경기,148,18,2000
6927939898c97820b3afdb1dab269d65d3bbfb266b7f463b8204c206328bdcc9,CC,서울,107,11,3500
653911a7614a15c251e4007d1e9a0441699e4a5bfb43cadc5243a28fcd7884ea,CD,경기,94,19,2000
1fd96773516e5706e0b08eb50b80ae251ab4e9f637bd7676ebb31a2c2c0434e1,BA,서울,140,17,1200
1fd96773516e5706e0b08eb50b80ae251ab4e9f637bd7676ebb31a2c2c0434e1,CD,서울,30,15,2000
57b8983ab3059c8922ad92db31af5e163bd92fcbbc6686fce13f6b0b5588c8ea,BD,서울,174,23,4100
a435922c3abc245252589a97f33a191618c9eea6d37805ca3df3adf4cdce4d7f,CC,부산,135,11,2000
d44187a7b21d8a9dd4b3467a9ec732455cca481e7a978ede24ac2cdf29d4c035,CD,서울,28,18,6500
ac82366d6352636e987c3e60f92002baceb437475bc8f4a1bec6985755069253,BA,경기,36,12,1200
1006bbf9f2a2d91490a545b9e1667ac6119900bbe4ca114a810e36adafe509df,AD,경기,63,21,1700
738634fb1113e4493eb9fb055f254b33135bef6bc0944efe8d45918314c71e73,CD,서울,2,19,2000
fdb0e2247d611b9fdca7a65602b6258358b7f5a964aecf259bd392382d377223,CA,서울,147,11,2000
5c89b44f1fa53438c1f49004c9090c408cbfed408c85afc7db483250326fe3da,BB,서울,57,10,1400
4f7fc3e06cc64d387816600fd719ef4c9f3b058a65fd2bb637f9b6bf0367e03f,BB,경기,61,15,1400
68b0a9513b99a00bc0a6c98726049e87a20000850bd8cfa16badabcd81e1090c,BA,서울,165,17,1200
68b0a9513b99a00bc0a6c98726049e87a20000850bd8cfa16badabcd81e1090c,AC,서울,92,22,1800
40c4f66cfcd0d649de4e01d0be43856d478743b3f5006087063ee91a19963048,BD,서울,154,07,1500
122aa5d66a2a6ce36cd8bc227bb122ead9bdda30e7d393992f337e3ecfe64962,AC,서울,41,16,3400
122aa5d66a2a6ce36cd8bc227bb122ead9bdda30e7d393992f337e3ecfe64962,CD,서울,92,18,5000
098c9dec503dedbf3d29edefdae892b5a466d4c2106262dc4de395b1a0de775e,AC,서울,36,10,6600
7869b9e1e7c22bf6c81b7e357abfbf9c5fcf56860629de36d10a104120cd4bcf,AA,경기,59,00,3200
7869b9e1e7c22bf6c81b7e357abfbf9c5fcf56860629de36d10a104120cd4bcf,BD,경기,89,23,4100
7869b9e1e7c22bf6c81b7e357abfbf9c5fcf56860629de36d10a104120cd4bcf,BD,경기,21,23,1500
0043646d5be0a73aae83bb1873bb77054c8b0c9359af275e10a9eda6fd0ecc38,BD,서울,146,20,1500
1e0a0323a9634512c7d73a05556eb80d37a0294837a4a59b92ed57a106e907c1,CD,부산,116,16,3500
14b6a765a1561e9a9cfdcd53ecb4f7bd5f942d0bea78ccf3668f4f2fb3cfe251,CD,서울,163,21,3500
31bdeac77425f79ce456724ea0e4d598649198664ffaea0687076e171667bbbf,BD,경기,61,22,1500
5c8fdcf0a08ad256f67631f5990fe561ab985b277b0ac8570e407c3e2a2b33ef,AB,경기,70,03,3200
2eac5c2a28043a582bee00e719651524a4802d64f92c04a3b48eebd1e643225c,BB,경기,84,23,3800
2eac5c2a28043a582bee00e719651524a4802d64f92c04a3b48eebd1e643225c,AC,경기,11,14,3400
2eac5c2a28043a582bee00e719651524a4802d64f92c04a3b48eebd1e643225c,CB,경기,50,07,2000
ed30da9152b161b9ce36bbe003e38f65d846ead20c4be7ae57cda73cfeeaf48c,BA,경기,2,07,1200
569db94b634ca8a37717dc954781479bf47ac4f5000c875ea53327f777d98543,AD,서울,105,12,1700
ddd632db38c993c3861f3a8b19910a1c2d3abc9b895730d80ab3fa7392951b30,BD,부산,125,10,4100
d76fbd9294b931434eaae26ee54cb20df19f12f2f357c65d70ff84304c8b031b,AC,서울,77,13,1800
4b8f7bd694f9db82c946b88c25a6b04bcd6c1ea2aed460eb6ef6968216440a46,AC,서울,113,08,1800
256d0fce7e8e876a12507ed974522236c0749c6b0239d430e9d5fcffb76b8785,AB,부산,141,16,2200
f11515277f6955220cdf68bcb67d7d16af9109dc8cfd4573a643b6f638b7cdd2,AC,서울,51,23,1800
8d8b99d9ae578d22888777900b07376cca3fc79bb64b1a41aeb9e32490119289,CD,서울,159,05,2000
69f2bc59bd5097abd30fe8e30049bbbd3e55d4e602e7a8b56573a67cf88c1594,CD,서울,20,14,2000
742d04a4d1ac0b25f6716ee6c5a8967954f36b1035fcf39474e7a5cddf8e4db5,AC,경기,20,12,1800
d78cc7af263ed9cbaefdbf720cc8df94c6cefbc6f2a09268df4b0abaad19b387,AB,서울,55,15,2200
2eb9728978893c2c29a03558dca1054b06c9f064f7fd0398234c212ae5b3bd1b,CC,서울,162,21,2000
553a3dfbfad214568d688f34e80d8ad1e25ac7704c4da4347a9f0f1d0f2b4819,AC,서울,85,12,1800
f4c0fa46499f969b885f311bab26a9f7a79ef849a7f91da6affe6e7642a2e023,AB,서울,52,13,2200
01f54d03b83f33d5f935b338e1f11403d93b719626ad1936e3337953386a13f6,AD,서울,102,18,1700
9e61c322a6eb802e6aaadc2ff3c758acc72d1ccb00a95cc1072e26532f65ceb5,AD,서울,107,01,3200
06d8d5c45a6c80b1caa66ce11e6672588c8328a2011948dff3af6822cadcdb3e,BD,부산,18,11,1500
c86cec8fe0aceca2aa8342a027aecb732e92dc25c45e1623ea426e856beb1083,AD,서울,60,13,1700
76612984bb29bb81f4403f94fef030705eef376ac5f9cf20e5fcdfb17dc1355f,AD,서울,178,14,1700
4a5159f34bda20b6e71f903a32dcbd6b44dbb18a10fe05c40ca0ff49ae27941e,BD,경기,29,12,4100
4a5159f34bda20b6e71f903a32dcbd6b44dbb18a10fe05c40ca0ff49ae27941e,CC,경기,91,08,2000
4a5159f34bda20b6e71f903a32dcbd6b44dbb18a10fe05c40ca0ff49ae27941e,CC,경기,91,08,2000
925c8b5e87683a3089f6386b0557bbd84c3577aed9ad79e9f027f5addcf048d7,AC,부산,15,20,3400
4e78545c26e09eeeb46a73683fb9c72c18f2b6e614fdd0587dcf7ea2a3255e4b,BB,부산,86,21,1400
ad44835f08cf0a471cb5b06b3434bc889643b71f6513f803fe492da9b1f042c3,AC,서울,35,17,3400
7c57f64304494e1da1094829b068aad0246f522549201f6b1b0665aa5e3c4244,BA,부산,107,00,1200
77b89d85614592cf0c45b2727ec4518bffa9752c0f78650466bfec19a2f7879d,CD,서울,2,17,9500
4c5a734ad1d72c9948b9275151e82ddc5a2da4fd9c86af2c3d8ca78f45ab690d,AD,서울,91,12,10700
ab9c6855903ba23736485c922c8239ebb416e6a3b9aee8fcd3293acb753e15bc,BD,경기,132,18,1500
ab9c6855903ba23736485c922c8239ebb416e6a3b9aee8fcd3293acb753e15bc,BD,경기,101,08,4100
35ccbdacadcca2ea5172be08b67b89d4065c653d70b672337c9244547844498e,AD,서울,106,13,1700
1a990ec01868b3ab4e2edff2f87ea5fda5f18ba7e5ac3874a7a90037a965a6a4,AC,서울,88,23,1800
3bcbcac7cfbedba80675bae10a951fd20d59703e80ddd508276cb16d213a433b,BC,경기,178,17,1800
11e845ccca328c1af80bc27f855c43fa26b580178a8b9aee8d69e73a345f0494,BB,경기,62,18,1400
9cc9e95129ac63a3995a542be9f5537b6686be640b39af68a03d15599386bbb1,AC,서울,104,08,1800
c57db0cde04d22cecab7c1c1da58e3f40f5c682e6faed3c6004af61da46a47b6,CA,서울,125,18,2000
52761d193af7dca1b04547a7fed9a8027b6b96eb6a86206dab3f509b86a53bcb,BD,경기,173,10,1500
9b793a0275cd6389e472406ad5acb726d4c468697b92110655d383e9df3f6b81,CA,서울,108,23,2000
85e1c4c1d6f2dc5414996016285d26e1784ab487f84fb854ac73aa11eab23f90,BC,서울,72,12,9800
85e1c4c1d6f2dc5414996016285d26e1784ab487f84fb854ac73aa11eab23f90,AC,서울,58,20,5000
5c0aadb353c6287c21dc6aa302d6e2bc9f87057e6b9f5c10a9696aa8970f9ebb,AC,경기,154,11,1800
d35878d950410879b199ac4bcedac60cbade7f2fe07810ee56ced870e8cefbe6,AD,서울,132,17,1700
c4d462fb8f7da23b4d8f865b78750045c0f8c85232bedeb107699434ff3c7b7d,AC,서울,142,07,1800
9eabfc33612d726ccb2c8b09243ce97c121e94dd2810f3e23f63a9a1554f7c89,AD,경기,123,17,3200
70f6ac9dae5100ebe5108843344bd50c289e12cb60c2ef4bb66adea98866d6af,BD,경기,108,22,4100
40b4323dc5e62a8c24ae8c86d0b3b9a30ec5ec2124f689a79d920af838752cef,BB,경기,114,15,3800
4ba89a8588a02c3bcdd206e5a28df4bc0c6607de273e2e65711d96c691b09344,CA,서울,95,01,2000
9b61b38612694fa552f9a46f575d14797cf8091468781d7f14e2511e9994b216,BC,서울,37,21,1800
019b2f31a45878cd7e171ef3b441953461ab61570356574d1c0c9158956765e2,CD,부산,95,20,2000
178fcaca2be103a2771e86ef48135609f0308d6dade0692ad1d341fd90fbb5f2,BA,부산,30,15,1200
178fcaca2be103a2771e86ef48135609f0308d6dade0692ad1d341fd90fbb5f2,BB,부산,54,09,1400
178fcaca2be103a2771e86ef48135609f0308d6dade0692ad1d341fd90fbb5f2,BA,부산,149,13,1200
47407a5744bff253e029ab1c925fe307f5648576251af0fc39f32e0567e2879c,BA,부산,78,08,1200
47407a5744bff253e029ab1c925fe307f5648576251af0fc39f32e0567e2879c,BA,부산,161,09,1200
47407a5744bff253e029ab1c925fe307f5648576251af0fc39f32e0567e2879c,BB,부산,134,12,2600
47407a5744bff253e029ab1c925fe307f5648576251af0fc39f32e0567e2879c,BB,부산,61,12,1400
5d03006222bbe9bc4c6bdb1fa0ccab3f299cd46de179c27d0ef2ec6500797761,BA,부산,71,10,1200
5d03006222bbe9bc4c6bdb1fa0ccab3f299cd46de179c27d0ef2ec6500797761,BB,부산,48,12,1400
5d03006222bbe9bc4c6bdb1fa0ccab3f299cd46de179c27d0ef2ec6500797761,BB,부산,24,10,2600
5d03006222bbe9bc4c6bdb1fa0ccab3f299cd46de179c27d0ef2ec6500797761,BC,부산,61,12,1800
7b84a90a7ca5bb95f13cf1c7abf02f815709db1fcaff60418e81bd6bbe198484,CC,서울,154,20,3500
7b84a90a7ca5bb95f13cf1c7abf02f815709db1fcaff60418e81bd6bbe198484,CD,서울,111,17,2000
3e370d83c3ad71a4ddefccc84f2015733e153bcb87b2f188cee1790ef6899dfc,BA,경기,151,07,1200
67b44d74dfd15b816184f27d84bed08a5fac6b9184384d036f2e05ef08f780b8,AC,경기,147,20,1800
63075984140091d2079e9fb8d48dffcab7859d29a229fb261478c40ed288833c,CC,경기,135,18,2000
e2f33c98b9cf532022fd028f1e6350b0eeb162f75d89e42f725d64922b0bfc45,BB,경기,154,22,3800
f227797ab68c14e4631d0856d8323ec838cda4e47c15517a1952db08f427216b,CD,서울,38,18,2000
8465b8b5c5c9ff17f828d7dcc8a642147ee00f1fb4f4d89da414a5668bbff6c7,BB,서울,99,09,1400
6e6672fdc279fab7cef95a76dec24c0eba11fc47533a14d61a44ae7e378d72f2,AC,서울,113,14,1800
a35a94b5ccd5a53e16d0c13ad1122e21b952e9024be5d8ef6b609b6fabaabd8b,AD,서울,39,20,1700
7beb9ea6ce1e9475866705290186a0510cc3accc9b88327901dfe55585d3ae5d,AC,경기,21,20,9800
3bd2fca4d5c979b1e628812da0b912cccd4fb1fe9f3cfc9f0ffc62c993861dbb,BA,서울,35,12,1200
93358faa7d8c95930e123a442d804861058168896f5963eb987ce975f10b58de,BB,경기,50,17,1400
2eab018f1ee06d1fdc974077ffc5a058314efa581fc9c05ce922118677111e33,AB,서울,172,13,2200
bd0b9089cdecb9de9407c36c8e96ac08ab65a84c4990f7939770904d93d7dc01,AC,서울,23,12,1800
51cc34b93d8384414852996f7bd4c52d963fc17a475300c2ac6d32061c7bef03,AC,서울,28,08,3400
51cc34b93d8384414852996f7bd4c52d963fc17a475300c2ac6d32061c7bef03,BB,서울,49,08,1400
84a53a78f4b407af7db481c6af8e8a3086c016367cd2fa7422442f7e146e9fa2,CB,경기,25,09,2000
9de1c4b5be9f8dad985f59ce206314c8ec6cf15381c569f5ce5854cb6f861a7d,BB,서울,56,16,1400
95f74f2b96ae54ba2664b109f6df9c3dd199813d871de43f96721b528ae81c42,AD,서울,97,13,1700
e8fc7f7a79d70f23016e278d475f78bdd860b8a37a16dc58580946417c956fa7,BB,서울,141,15,1400
cfe233a0b087e97b17aed64e32ec2ae989dbf090941e4454c093a2dc50e1b0dc,AA,경기,19,22,1700
0f0fe6e93289079302bc02b2d617ce4bdf82ff32874e00b700698548f599861d,BB,경기,100,16,1400
69051b818ef78de9a52fc3a3e2a7473d7d07a31eac3e4eda7e3d1e120fae411f,CD,서울,109,21,2000
7bb3b42566ffd0ee69be48db3e964b20271a7454b3bfe615f80285019583c924,CD,서울,85,12,2000
2fa4c45d0d51f294a4ce8abb6d1e379cf928f6c47e6e0ac030ba555a601a864e,AC,서울,36,18,6600
fb55b90e1906e7d361d0be56ce64891378e9334eafd22763b0d65b579b11037a,BA,서울,93,09,1200
fb55b90e1906e7d361d0be56ce64891378e9334eafd22763b0d65b579b11037a,BA,서울,29,14,1200
35b7823f919b93c6dee7deca9102df15f7574f5fcf8d9bc6c4a1e55b54924d0d,AB,경기,65,13,3200
ba80fbb55367eb9114759a1e640baf60c15655f8613e764091e6f4089284142c,CD,경기,5,00,2000
be47c3bc4c99a115e255b2b34cc40a8a75ea1c88aed7b828a0005da95a09b12f,CA,서울,31,14,3500
31144410d27257e40a245b4a2cd8a3ed72e0682333915c8598236aaf80840226,AC,서울,45,01,1800
31144410d27257e40a245b4a2cd8a3ed72e0682333915c8598236aaf80840226,AC,서울,54,22,1800
55a4b62b180a0646587b01c6ebdb9f83481792ec0cff7d8ff5499f5d35e17435,CD,경기,149,19,2000
8bd00fb4721e3f3c499a11b6cc33143a20a9de804560af0e4d4f8b94c2b05dc0,AB,서울,105,21,60200
32f183ee1b6ccde11add5fe5f61c006694206f4401478c8cd5f6deb366fae5c6,BD,서울,35,12,1500
d0ad2632bd8d4b6356f3d57cfe6d2507975b9bf9c22e3ebad00c4fff2d873da1,AB,경기,78,19,1200
d0ad2632bd8d4b6356f3d57cfe6d2507975b9bf9c22e3ebad00c4fff2d873da1,AB,경기,139,06,1200
d0ad2632bd8d4b6356f3d57cfe6d2507975b9bf9c22e3ebad00c4fff2d873da1,AB,경기,174,07,2200
9dd6266f2156a306aca33d900ed97f1a03dcd44b38954ffd9e5bedcb93bee67a,CC,부산,48,21,2000
f1e219b0e3a4ed1ab38b54f09f4ca1e309161ed729f5490a4e2474c9c88916a5,CC,서울,63,13,3500
2bf551f0433a2d8f581947bd7000fb8c70f0f2c03991ca4ba910dc3c332dd2af,AD,경기,182,10,3200
105b33525b79aee7dbddd72c10b97755aa33e3cc9a8924d783f59bf3675cb051,AB,서울,169,00,2200
59021f4b622b36ba9855109c79bb7694b26d1c8c715939745747a97af99c5453,AD,서울,178,17,3200
59021f4b622b36ba9855109c79bb7694b26d1c8c715939745747a97af99c5453,AB,서울,162,10,2200
571900dc9ee6ac30353a3387afb5c88cd087fe745826f05dc120213db2db36a4,BA,경기,93,18,1200
3325f51777051d328299ed90a07423121fec5dd1df8061c720dbfd24f862be45,BB,부산,135,12,1400
08c43f7fb4570d9473656987d1e719b2792f5b3fff5c233cb3243e41e85cfd79,BD,서울,136,12,1500
71f2a9fa9c90faab9644e71b629eb2f5da1275393e9ba84b7003dbffa8780c39,CB,경기,4,12,2000
e648172f65ac30419b28a22c86697079dab7a87b86a1303e06a67c20eae89903,BC,서울,124,23,1800
b33ca810c1766b4ea6e7fa3bb990cb569e514e81a632e71fb942aa8d464a7b72,AB,경기,177,14,4200
95971353de33c3a373df4657dbddf01424676c9a0787aa19cdf3aa27b328a1eb,CD,서울,24,16,2000
01d980b0dfc719a277c9eb9521d33a4118a22d8eb0a06e0d9090b08294ddb594,BD,서울,93,12,1500
0195af4b2a6bafbead1295b0168c2f5efd6fffc69c95b5665d08571d0992f46f,BD,경기,39,18,1500
1bf63e2d92f64b0939df1ef8ed180ae9d29471dd9bb07f4ac052e41e667817e6,BD,서울,67,05,4100
0aa22cdf53d4bf5dff1f7250be4f060a94b7bc15942279a22ba1b388995278b7,CD,서울,141,13,2000
ba9f089caaba583dfb56d53956e48243989281f81a8a0e372b5ebab11ee7f8e5,CB,서울,6,20,2000
7c2f846c1af79bd434817ffb3db93c710a7714bc0fa10b3491389b990c1e5635,CC,서울,102,21,2000
59970f51986d68bee8c3c33cec0090784ce6be5ad741d6aaaf2ac934de53a4cd,CD,경기,75,13,2000
f627c79db1b3c69203518491ef0378178eddccb749cba5abcfc502edbb0f13fa,AA,서울,17,13,1700
c757b432a6bf6942373ac7457b1dce520100a234e52e9ba94cf99ae7514449f6,AA,서울,49,11,1700
c1cc7d9f9f60f5944d0dbeb54710ba21773b7992eccef6c197b8ff32e0af9f7a,CB,서울,19,12,2000
ec5bc2365c7747206309980c6f1cf01b1cb9fe4db9bb14f3edb84c8ea754a03b,AB,경기,161,23,2200
fc6e61333a57758f3eb617f06379de85eb19e39d78b5428d934c2c3b2d710402,BA,서울,179,08,1100
37eca6d7ef265621ddbf61698ba5e0ef4fa1c424e5de3ae337a33daf41108619,AB,서울,175,14,2200
fc87942ec333bed572a592488d9ac5284d947124591515c65c9db87e6100588c,AC,경기,22,15,3400
ee22fa32397895abc182782d4128a106c99bd1a7fdbc97aff4bd0663cedb1623,BD,서울,16,23,1500
a168e09050a4217eb3669c0d10b50fc84173cda2070200663e9ff7072d67f9de,BB,서울,83,09,3800
477c19d7b259ad87c7cd44c48b99475448388bbe029963345e2c6a517a976219,AC,서울,108,23,1800
477c19d7b259ad87c7cd44c48b99475448388bbe029963345e2c6a517a976219,AD,서울,164,06,1700
d6f79fed6c540d9927ef87acb30f4e5d07a3b2d487479e4a2ca4032ac89b7461,CD,서울,2,16,3500
7965c81d8405bab952302c3170100578312f07149462546d9a5137cacbea367f,BD,경기,71,01,1500
cd77600bff726b6e26ca3e60a0bedc64614fc4f3cf14ce015fd01f619fc555e1,BC,서울,82,21,1800
a38dd75facc42b08336fc081ece50a48779d63fd9a36287810cf9e61062beff8,CD,경기,111,14,2000
fb41e8562597f5611273747d6cad5f678423fef01cc040e207c38c0aa387ba71,CB,부산,62,15,2000
fb41e8562597f5611273747d6cad5f678423fef01cc040e207c38c0aa387ba71,CB,부산,6,18,2000
eebea8f6b82300efe013b3d725dadf71194de8c73bc65f26fa490d29e2212692,AA,경기,76,23,1700
eebea8f6b82300efe013b3d725dadf71194de8c73bc65f26fa490d29e2212692,AA,경기,61,23,1700
eebea8f6b82300efe013b3d725dadf71194de8c73bc65f26fa490d29e2212692,BD,경기,114,23,1500
eebea8f6b82300efe013b3d725dadf71194de8c73bc65f26fa490d29e2212692,AA,경기,94,23,1700
eebea8f6b82300efe013b3d725dadf71194de8c73bc65f26fa490d29e2212692,AA,경기,46,23,1700
eebea8f6b82300efe013b3d725dadf71194de8c73bc65f26fa490d29e2212692,AA,경기,2,23,1700
eebea8f6b82300efe013b3d725dadf71194de8c73bc65f26fa490d29e2212692,AB,경기,117,23,1200
eebea8f6b82300efe013b3d725dadf71194de8c73bc65f26fa490d29e2212692,BB,경기,55,23,1400
eebea8f6b82300efe013b3d725dadf71194de8c73bc65f26fa490d29e2212692,AB,경기,111,23,1200
eebea8f6b82300efe013b3d725dadf71194de8c73bc65f26fa490d29e2212692,AB,경기,39,23,1200
eebea8f6b82300efe013b3d725dadf71194de8c73bc65f26fa490d29e2212692,AA,경기,138,23,1700
eebea8f6b82300efe013b3d725dadf71194de8c73bc65f26fa490d29e2212692,AB,경기,67,23,1200
eebea8f6b82300efe013b3d725dadf71194de8c73bc65f26fa490d29e2212692,AB,경기,164,23,1200
b99d03414ce46148b0c5ce4c5e52751b03906c7391facd1059e041e5fc966635,AC,부산,165,19,1800
8d2b4d1cd594dae5714aa56b0eb87e56b6578f93cd188ecdac808221601ab22b,AC,경기,23,21,3400
ec73a665e18e34f66c78d26b00c19016800b565d6fb67bfa7080a7bab4c8e985,BD,경기,122,20,1500
ad494a5d2a0dcc05662de4365576e82fa7b6ff18d20c838b24355c54d59688c0,AC,서울,107,19,1800
4d8fc30ca8b2f3525f49bbaabd43c1500c2b8b28c1ae5d089a4a6b1b0937e12c,CC,서울,71,16,2000
967976e55db4d2ee9830a38f3e24f3eda02b56cb18e937221704b2371fb5d42c,BC,서울,63,12,5000
51cb29bb86c8ae090a76b1aa78d2c1992bfbbf9a9ec753dbbe2fadac7bf4e9e7,BC,서울,140,17,3400
c927fdf4fe1636b112c85b701f9b7171785254407d309d88b1c93818e506ff2c,BD,서울,87,14,1500
ed27cf4ae9ea60876105ae730f40b85eec11bc940a3c73777f6fca8dae7bea0c,BA,서울,31,12,1200
767066f7696dd05f84be0471f4a16c7dcf5981d9122cb536fb134a79b761e6b4,BA,서울,31,05,1200
c949af60c51954513920e8f9308328771f588be9cfd19ed3ffba31da715762c3,CC,서울,99,04,6500
ebb324b1fd1f87b87a4bf6cfbb7b35249ea7c7eef6ad123662e39a457be1ca25,CC,서울,141,18,12500
ebb324b1fd1f87b87a4bf6cfbb7b35249ea7c7eef6ad123662e39a457be1ca25,CA,서울,117,14,2000
4cf743ef26782c95365dcf9f8570e7741934e10792ac083440795f762f45bec2,BD,서울,20,14,1500
7993cebb68d53ee8fc5d0893adcf74c26ba859a5fe77fbc3fd8fc60293fb5a8d,AD,서울,154,19,3200
84f340b810b5c5a509bbf1dd67a63e2b14540f33f42fbf804a02b27f40e15a58,CD,경기,26,13,5000
84f340b810b5c5a509bbf1dd67a63e2b14540f33f42fbf804a02b27f40e15a58,CD,경기,137,01,3500
dfd645ab57dea5526fffa39e76e78b4ac5262e057170870b743d570817bb453d,AD,서울,153,09,3200
5394f7194d1b5fc229cde3927f0c76ea560a1f313e2c242e1931440b97612302,CA,서울,19,23,2000
187c6049b55516b0da904113bbb6f774ad208cbe220eee97f53bee4e3a02908f,CA,경기,22,15,2000
6b9280cde40cb4aa8a52860d9eace228eca06e14e3c17fb70f326e72963b259c,CD,경기,9,10,2000
3238a6dbdca29ee37246b3cdc564f12f584cfe47cbe998eb07e8ad00bc4a6a4d,AC,경기,38,14,6600
e28e791cdf38c1ea8e95401cae138b148bcdb8b861890b1b6672df4b170a7393,CA,경기,142,01,2000
eee428a1dcf1ef14b9d234b9f8e3b74e9a4e04bb2971fe0c5cc90c0b87d63d26,AD,서울,84,10,3200
1469dded2e02485c9b78c7db2ae2bfac2ce72753576444d7a5f840e12af80fa3,CD,서울,71,23,2000
77cb30496acda5f462b8a1160a1313eeea3ec8d3317f267b3cc947643b553257,BB,경기,156,23,2600
16764c669828906e08259953f4b0d3ab910815cd58b1da5748d29bf979da27b5,CA,경기,45,12,3500
16764c669828906e08259953f4b0d3ab910815cd58b1da5748d29bf979da27b5,AA,경기,164,10,1700
4586575cceb094179784a8e5f42b56669b437272c0c320fbee23d901d9d87de2,CC,부산,147,16,2000
29b51654e6582ef62bb86a044c74e17253469e463522b09e324877bc80940546,AC,서울,136,18,1800
19cfe981d3a2e991c27fa3ce1c98fcb37cf3c1ad1aa6610cb7d192ebf8f91fb9,BA,서울,49,20,1200
8c87381a7a80eca9e8f7364183239734b5057c5867fee562c52091723d38e6c8,AC,서울,152,13,1800
d25bb6ecc7a4177cd482e4e3ab35acc43f6118564bae114593666affc270b06a,CD,부산,116,17,2000
d25bb6ecc7a4177cd482e4e3ab35acc43f6118564bae114593666affc270b06a,CC,부산,172,20,24500
d25bb6ecc7a4177cd482e4e3ab35acc43f6118564bae114593666affc270b06a,CC,부산,43,21,3500
51c2fc0d43c51a9363ee240a8f04eb024a2072a84c1bf103b6a5620feb79fcf4,AC,경기,149,20,1800
ee4b3d42ee0c37a2f959e7878e5a75f73fb7390da0d3fc477db143b9d3a19c12,CD,경기,165,08,2000
73623b0a9f4cc8949a9cf8846acb73818866bcffb4d25c5a773a795814df5c76,CD,부산,174,21,2000
73623b0a9f4cc8949a9cf8846acb73818866bcffb4d25c5a773a795814df5c76,CD,부산,100,20,2000
117d450e8e9de74eb56dc6c62e578f1cddd8ba8f106afeed441b7d7466dc56d7,CC,부산,2,02,2000
7b91557187d327ce97cca022ff13ac11c512ebb3b296c34e95089cdd871795dd,CA,서울,102,20,2000
3d47d4bebf461e0168bc4b47d03396c35d0876609db78ee1b6af943e3a00ca71,BD,서울,61,19,4100
75d3a028db50d23ee5a40f51e98cb2ea63e534e6434921944806d342c3b6f877,AD,경기,74,08,3200
6bc5c763b0cfae2a12d3877cd29dc28ffb976ada1ba433373d204aa918cea1db,CB,서울,106,15,2000
59c30949508ce69e4d592cfe07508ba773c62b298c6eb1c99400f75fedbaddd3,BD,경기,64,18,4100
bd7a7fd906b4d22a5752419114eb55205e68b50dbebfed8feb4e9569f96ff4e1,AD,서울,175,19,3200
4ebe2a0c06ca1133f60b9a71738bbc6063bda86b5afa3ca161075753b69c27f6,BA,서울,33,15,1200
4ebe2a0c06ca1133f60b9a71738bbc6063bda86b5afa3ca161075753b69c27f6,BA,서울,35,09,1200
7b0a0da5586f18a0555bc63428cb620b4fecb629083c46687034fd1344504dd0,BB,경기,137,07,1400
914a873ac208a744ab9d63f7d5c3407ce1ff103ebd0fa28db1ff2652fe97e9c6,AA,경기,17,17,3200
4496fc0c306456a6c7468ef97663418a5d79f86c50436dc731f2eee7e3ea5e1e,AB,서울,107,11,2200
2ab2cc1c84c3991980be59a7c1a2cdbc8776af0a367ddfb8fbeeb0179d279c1d,CC,경기,106,21,6500
63442999974e5a46d9bcebb1383ce637b2bce8ea3a8f9d8475b6c534b2f2c746,BA,서울,12,12,1200
d3e1e39a3bbefca4328c75fb25b7120ffd4eedcb2ee57ca4ab8a836d9f3f8c3f,AD,서울,153,16,1700
e1d314777b1d063e19aee2d9f15f0083e121cab61f08a1a19cbd1951c76cc3e4,CD,경기,1,22,2000
e1d314777b1d063e19aee2d9f15f0083e121cab61f08a1a19cbd1951c76cc3e4,CC,경기,97,22,2000
e1d314777b1d063e19aee2d9f15f0083e121cab61f08a1a19cbd1951c76cc3e4,BD,경기,6,22,1500
1c3f217725dfb93eb82448d55f72eb6e670c3fd6571d9e7dde5aff7cf83c9b00,BA,서울,163,08,1200
1c3f217725dfb93eb82448d55f72eb6e670c3fd6571d9e7dde5aff7cf83c9b00,BA,서울,161,08,1200
6770ce372175225318b678a263ea4af10121929fc194afa8360ed0be22e33e58,BD,경기,32,13,4100
6770ce372175225318b678a263ea4af10121929fc194afa8360ed0be22e33e58,CC,경기,97,16,12500
69490ea032a73a21df137030d64feff1d7c61af38c49fb06c2782fc9b1fc824b,AB,서울,118,12,2200
c92fbd0adb48b124943e96ba7c8e977a328f86ee51d6b2c913251165b02357e7,CD,서울,57,23,3500
b2fc947172ffcef500219b27f13ad80c181f3ef7f1bc73e9928bae77f4808f68,AC,서울,48,13,1800
c08b60ef3c35ef8893d99618b237bae52edf66a284ff5cb22d5d4450b98ef640,BB,경기,85,21,1400
9a73ede05ecf745b54de1abc353cc6fba18db63226f150caffd7bc4bdc19c932,AC,서울,78,13,1800
4c982094a8272faa5dc661ef0e75d9c16e0b685a2ca3a536cb772b91913687cf,BA,경기,49,20,1200
f322201ac7500e533b9e18a67863c72ff79bd15c8b568dcd0fda02de6cffd60e,BC,부산,166,13,5000
f322201ac7500e533b9e18a67863c72ff79bd15c8b568dcd0fda02de6cffd60e,CC,부산,181,22,2000
f322201ac7500e533b9e18a67863c72ff79bd15c8b568dcd0fda02de6cffd60e,AC,부산,122,21,3400
836a36bcc1f005fadc0400b2ce4b37303ad30021366c035d47369185d89d9bc5,CD,경기,7,21,6500
28f2659b13d6262a1b87347893cd38758958d2f683d47cf51bdf822fbc06c172,BD,경기,46,02,1500
93d57fbb12f77e8d6aef4add8bbed4d8982acea3b26ce89ce00c2e62ed3d041a,AC,경기,15,23,3400
93d57fbb12f77e8d6aef4add8bbed4d8982acea3b26ce89ce00c2e62ed3d041a,CD,경기,24,07,2000
6e65399c94fe3a047d1d33b5857df097da119a7f49e511f140beaec2f0226025,CD,경기,63,22,2000
07292994dbe45e730472cf7b1649bf5206cfcad2d42a6ce57acfbc58fe885a56,AA,경기,180,15,1700
84670397984f47aed8a6c753afa5f3c5da03385ecd55b0371c5ec3f0e3ab7760,AB,서울,167,14,2200
4635914c3fb703a0df45f2b9afebc52ceffbb8f57df2285e985c9d8d62ec05b1,AC,서울,12,03,1800
569219a696edc0f0f213e00b231dc83a4e1ca824a04165fb46eb15bbf79c081d,BA,서울,57,15,1200
93e9b11ec6d87047a372cb6a6a5342d34424751c7c2005edcc4f562e0304f3d6,BB,경기,151,19,1400
64735e0cbe6f2869ff72d8db6c577b3a0dcb0bea588049160ef43d73ee3768fb,CA,부산,33,11,2000
156e81891db89af52234ed93d58a4f65325ade85377de326f24faa02521f6643,AB,경기,153,13,1200
e1b0d19d6dae2995c0232d504e10ba652a95190bf18f908a994725014edf90e1,AD,서울,97,11,1700
a1145b53fea0da1825413f40b8753156711f4b21a896e1312d948dc305a49bbe,AD,부산,27,22,1700
0f7a3e783704ed523f3ec29661c570035c4ecce6249b36be660084d6069405e3,AD,경기,173,10,1700
4e14d9d595f968b632c7d869bca3a287bbc6c08399a8b9b4db8be10b2602c67f,AC,서울,165,22,1800
5b4bd99174d0b5291e3da15bb8d93dfaceb2e46ac39f9a615d18a49e4199adb0,CC,경기,43,19,2000
40cd967fabaae5c23033a93e3d2b437af244ec909b87e0d9647881b366c51ef5,CC,경기,125,19,3500
76293d9f2011a54becc5749573651ef686021bb87ae65921d7ee55c082f60bbd,AD,경기,102,15,3200
e69a1e6c4938169163c1d1e178947b34c157dbbcae50094289c664b0160a1029,CD,서울,131,09,2000
7157e81d9da7d9df7e66f25f3b2b5327d4abdafe691ca203af1bd68378c9252e,BC,서울,51,23,1800
7157e81d9da7d9df7e66f25f3b2b5327d4abdafe691ca203af1bd68378c9252e,BC,서울,51,23,1800
f5dbb5672b5e85488a6f94b65f09aea47600b97201594ac0ae25b3b510337443,BA,서울,43,15,1200
cccf8361e0b71e0e05207733353613e0e63e40751f7d6f12ee11f7bb015b561c,BD,경기,105,23,2800
46e94eeb1d98e349bdd685647bb2ddda04b3965c1903a29fb0020b1ed13b98a9,BB,부산,96,11,1400
46e94eeb1d98e349bdd685647bb2ddda04b3965c1903a29fb0020b1ed13b98a9,BB,부산,68,10,2600
46e94eeb1d98e349bdd685647bb2ddda04b3965c1903a29fb0020b1ed13b98a9,CD,부산,114,12,2000
46e94eeb1d98e349bdd685647bb2ddda04b3965c1903a29fb0020b1ed13b98a9,BA,부산,66,12,1200
46e94eeb1d98e349bdd685647bb2ddda04b3965c1903a29fb0020b1ed13b98a9,BB,부산,86,11,2600
46e94eeb1d98e349bdd685647bb2ddda04b3965c1903a29fb0020b1ed13b98a9,BA,부산,112,16,1200
01d29c0508dcf8c7cf1b28a1495bef5d8cbfcf51ec18fb8c9e223feba9886e38,BA,서울,73,07,1200
6d76a6a46430d93ad89398f185ec7f24fc7ebbc2411d6ee6a713d087720c2e63,AB,경기,113,18,12200
5036bfc43fe07d3fca3d5999032ed21cf944b5be4092e3c6c33faad6fbee2ea8,AD,경기,126,21,1700
1b7ff4994989cbf7e59276be42186e510f5b73e69d1afe60a0f11f70718717da,CB,서울,67,23,2000
ec491a3111460ef933895723bbe5a7ba5d2339a03e2bf2f618b51b17eae81970,BA,서울,71,08,1200
d7c05f5ed8a384648929c63b246ab6d1367038de8828ce46064b4741f2a4a4d8,AC,경기,132,21,1800
cdef7de46fc28823ae16b28c262a557db59e8649ddc40e024e3c2225b47dab3b,CD,경기,129,07,3500
451c88052c53c6d56acb30eda2248b61227766b1317d7b3280ce51d126f2f38d,BA,서울,27,09,1200
461e42fff8a247bacf470006e981ec23d0631914bcf21e8364db7dc51b301194,CD,경기,139,03,3500
ca72879b9817727a4b416a2af607cc957d932de3f42409f23d2ed4a9e8d923f9,AC,경기,45,09,5000
1601eb800dd7f0810a630c27b6fbe54a5770a47a9d1143e4c27e548b84155834,CC,경기,74,08,3500
5752f895ea5cacbbe96c4512a85d3241fbe89c26e11b049a26c016abb422ec45,AC,경기,170,14,1800
6cdb6c32ba46fdaf58fbe119e6b61b525d6c7408064748d362572b1db00f55ad,CC,경기,66,07,2000
41cbb55fee36e6746c6bc0e7037826e348c87856b0af11a0f9db56485793b26e,AD,서울,126,22,9200
41cbb55fee36e6746c6bc0e7037826e348c87856b0af11a0f9db56485793b26e,AD,서울,101,22,3200
272a95ce5992eebd1c48ed7bb741c317bd169885e391f35f94931eac5160ca11,BC,부산,84,15,1800
f96396f26b35bc535b7a334ed484953662ed0ee2134a77b30ecaa97a12adb6db,BA,서울,61,06,1200
89556eb41472f33b38c7d7361cbcdec5cf64d4bf8d4c9a675f33313bf530546f,CA,서울,66,20,2000
b009d774f77660c7e9bab53f3751d529620e3addd5ddbc75c4c5407720db3e0a,BD,부산,26,17,1500
67b52d9f18ebdb65ea469a87ef3f963552ad58a533addf198f8e673bc3b7c6f2,BB,경기,110,18,1400
7f645783297bd479d27dc7322c8123bd956bf05150a850702060d2090a867b64,AD,서울,170,16,1700
aed50f45639300a86e26681af6139a3bb1b8c32d72d941bf080717e4607fd2ad,AB,서울,91,22,2200
76025ca45a40b9654eb4d627f0302446bf6760bac7dde82e6129b7028fd783e5,BB,서울,61,20,1400
7e922c753098933d9756432035076007d4f670044a21995c54d980b7d6834269,CD,부산,150,17,1850
8b66bb02b305e583bdc8890904896b117fe8e68e3930a7f71b900451d69f0f05,BD,서울,32,09,1500
bae015381641e485b9b53ca12823e419484dbbc3d3e474d3c79da1248e61bd23,BA,부산,88,12,1200
6f33434acbee7e7a25ef88557f95419e9b91eb119609f1bf7011c5e6689e6a55,BB,경기,148,06,1400
09c7dec9587518f48ac865cdc40a50b5a952d2aedd445376d904cc061bdde4c5,AC,경기,39,09,3400
c061379a588ae6ef93150077a848548ddfcdc628022854931f15c89258936daf,BA,서울,109,08,1200
9473121717d076c34d92cf82a5f801cbb9d273cf2a0b602512b26f6b385d7d40,AC,서울,79,12,5000
fc1549d516ef1b38250ac864a5316e02c62fc18567125793e4a655d2dbe2af9c,BC,부산,112,12,1800
5b076a04d0a828b1669409978e3257224279dd15bb576e6ff774a3b81a32c411,BA,서울,14,18,1200
5e1a84f600ec6c8826c4ffa306161ec9ce1c71b10f7a620fe1aa5a5d2574f704,AC,서울,131,01,1800
6cd767a0a26da0589c82fcb0fba7d2ee3866fe976b8e46e2c608441ee59f59d9,BA,경기,11,21,1200
c4a536bbfa62dd68ff760bcbe7d61502c6c9eb08a8601b34cf86baf79d686618,CA,서울,110,15,3500
8176a2ce4fe4c69819d2bdff549180b4fa52e27c68d8ab1c492a7806daa34f31,AC,서울,150,09,5000
159fc4deb21b5deaeede33c2c22b82bb4d77f4492c46d984e79e1ad3bab10ab7,CC,부산,150,15,1850
0213a6e4e658d9502d5af43084f0da8b66bede02ec05bc42037b933034d6451c,BA,서울,30,07,1200
2042ee6833ecb9f5ae05d44757723ac530fa145a80c86a7f5a3fc3750db9b74e,AD,서울,171,08,3200
5e264becc24a11e19f7e833937e8a13d99f1da17128e790a373dde7734a3b104,AD,경기,145,14,3200
494942942f04380b8b56b91889d5b5e7f5b1129e2ae09afc3a507773e4532ad4,BD,경기,137,22,1500
02bc5279973034023a881bb26bdf0a88e38c949e470f4095bf274f0c873590ac,BB,서울,74,14,1400
20b507574dc162f4dfbcba524c8fa872a426d5a806dbac01ed014244af389135,CB,서울,16,20,2000
2cbf3a7a75c623cc4f61d4cb7182c3cb0f100cba4b262ac342ed4044558cd78a,AB,서울,66,14,3200
1f198eea595e9fc3d6cdc8b4edaa3967ff00fce5daa18312e5c27bcaac4b21ec,AD,서울,163,20,1700
527a0f27b5d614e314568db875683c1e975167608f6dab44706291398ef68869,BC,서울,17,16,1800
eb26a62188f1d9477b0b52d2dc381008eb5f07024e864827a02c7bf84935ca47,CC,서울,59,13,3500
d2b9c503d6c6d6cdb76df7f62698a41f63959edba1c9ee2d0bf35a0c42e2e9c4,CD,서울,135,19,2000
0073ed07d313edf17cfaa44921be13435728023f8de9a07ee8543c5f8a96ab13,AD,서울,177,13,3200
5d3e99b1031023e4ba62b83b66f8080811da62eb6d90501abc0aad0d45b4dcef,AC,서울,35,18,6600
30e3a50544476ec7174edc957843824a1ba1a91ae34f64426edc5393798261e9,AC,서울,107,11,1800
93ccc2e7e1f7011807f514a83de8e6a51a83a973d6f33d49d71739eed58153a7,CC,부산,111,19,3500
772f14df6421ad090ac6764f8cad7b7e977cbdf5a77a486b3e30041ffea94e44,BB,서울,80,00,3800
309c1d14b4c7176afd7914f3ea209c493dc2dca4678d53c81eda1dc921020e80,AA,경기,50,16,1700
757115173f8c7fa1390ebd35d6f58b723b73057166d2a48b99e5610d7e68c1c6,CA,서울,176,20,2000
a3ff9c094723a96155864d0aded749767492ab89caff8af018ecb9064285dc38,BC,서울,32,15,5000
a686ef0d5ad253839465f45bee50fa944997be9e6b831b43a5fbd804f5823067,BA,서울,40,03,1200
e85631422db9b3f6611e5478f383717b33bc97e15afaca515a8520564d135fe3,CD,서울,106,05,2000
69ca49a1636154e5fce02cd7d4836a36b0c857614b3a99c926e8caa7f36b9800,BA,부산,50,20,1200
4ed4264c187745fb451fa009af873b9fd6a3e6b59dabf6b4f93f2d8b97c0559a,CD,경기,120,21,2000
893cf7f0bf1be91a27d70fd739062c5306aa9d5621669aa2b4b8bcf765e5b989,CC,경기,46,03,3500
75e2a68a8272de860d9eb7d26538e1165f760b29e51479210caf0d69fbcab254,CA,경기,29,18,2000
80daa515c4f574acbaa3e9d170d46202b28a4886d6ae3af3102bc7710e66fdf4,CB,경기,61,22,2000
35110f29a1dc63c9b48bd0b93b7c1220d00bf104ba80c8973437c4ee8109b977,AB,서울,177,04,8200
491feddc5d92ea861958878cda5b50a94c255fb12ce929569d82aa462d11dcf7,BA,부산,23,17,2200
266f97d9396122cd60156c15c03ee9650bfd9be5c41ea491090d8a6d5e5da199,BD,부산,182,20,1500
c416fda790e596888bddb4879ac55eada3de83be1014a2aba7684dd7e027a7ac,CD,서울,104,16,8000
f7cdf855467d902a6df658de87103768e136b7d55aa8797095fe76751b94a3c3,BC,경기,28,07,1800
c06027a035412bb727ba34d24a081aa32fb55814960c1f10813f93e92534b082,CD,서울,80,15,2000
d22da958315b50bba72aa44318123c4b3b62ff8771de6979f94e8eb0cd168138,CA,경기,32,00,2000
d0d72f4a2a3a8fe54d990def781708107fb29f6f6703054d7967d4669dc34356,CA,서울,33,02,2000
ce37d8c79d90c1e882475c8d3bd42ab45ab28ea13a2b8c594088dd3cfc12255e,BD,경기,102,22,1500
112523afcf19ae75839af89473e468559d3815aa6cf81e5ea6ae83091aa89930,AC,서울,161,15,5000
e38c0c43e11612056eb5e82ddd0665c49e81522bc96d5934553922f99b8de69f,CA,경기,74,09,2000
e38c0c43e11612056eb5e82ddd0665c49e81522bc96d5934553922f99b8de69f,CA,경기,32,07,2000
b637aa122cdf060c962cdb1be0c796057addf6c14114e24cc74a5b9fa42b2a0c,BC,경기,147,06,1800
262aea8f546bbec57221e84ce2b3ae29fe52d57fdc0c1fcb7d87e53bfb60580e,BC,부산,83,18,1800
262aea8f546bbec57221e84ce2b3ae29fe52d57fdc0c1fcb7d87e53bfb60580e,BC,부산,81,18,1800
311b56a3d962ebb0557ba0481ff53889033ccd74410381679b522870af6db894,BA,서울,28,19,1200
40ce1aa03f209b8d3a005ec376f8f90171d30d6d6ba173004ad2d7e543ff6090,AC,서울,76,15,1800
7a947e91b0eabdf8ee1c02dd9a84032d7dc1d9773912737e1c3e999e2af87ed1,BC,경기,21,06,1800
6e9c1dab6490fb174641acba66ed14a928234c265814e2d40b9c879a88b067aa,BD,경기,88,17,4100
680262184be56866c56103a2280b2fe047f44d826a53fd456d06b953b5efab6e,AD,서울,136,08,3200
04a542d6e842372e0d54c34a3a9b4d907f0bc694a8011a8bfe50bcbc8e9342c5,BC,서울,15,08,1800
83d63b6d840b9051779f8438a40fdb1e20eaa607dd0b76f418ac1db0faf4a149,AC,서울,19,20,3400
4bf72e4e70b6c14c063920dde3ce850bca2bcff7cce1f5a2e9a1acd282e680ae,AC,서울,28,15,1800
b55d6225b7c1585faaa37d49bda836a4eb8cb8b2d837402ee834d33d0934e162,AC,서울,40,22,6600
b55d6225b7c1585faaa37d49bda836a4eb8cb8b2d837402ee834d33d0934e162,BB,서울,140,14,2600
e310d8dc63463f4d1dbeaa353af17eb1b6021d93ad574c48c57bff2e63305dba,AC,서울,63,23,1800
e310d8dc63463f4d1dbeaa353af17eb1b6021d93ad574c48c57bff2e63305dba,BA,서울,58,22,1200
e310d8dc63463f4d1dbeaa353af17eb1b6021d93ad574c48c57bff2e63305dba,BB,서울,43,14,2600
6ee6a6123f8e0fa454632e3c2e60b48e920d77c1ae47ea6ef048ba70a6903b74,BC,서울,161,22,1800
97407ebd208baf4ae76bb7dbd512f1c59910a3ab5c4fdf4c77ac8ffcb7209eef,CD,부산,18,18,2000
4a53a944813d6926fcb84cc446f22bea0f8cfb0c20bf4545c14ad94dbde9442c,AC,경기,64,12,1800
4a9c82a5cb949aa4004660a7d316b6287c9319e96567f48967b97430d0a46574,BC,서울,29,21,1800
fb4d5d30480fd9f50696e3aae58d93a285d2dbdfd3df9b4e1c94ff900ae973a2,BB,부산,142,14,1400
ce1883a59587e46d398f8f82e246af9ef963f545d501747a5940bdf4e83ad829,BC,경기,98,01,1800
600895da9e05092269d0d864406891862cde92dfeaface7052fffbe9cee6ad7c,BB,부산,106,15,1400
3cd245a5b0df62032e7c2f418a559cb333b55d8c1a738775b6688182e2d798e8,CA,부산,177,01,2000
ca6a95efe10f2d78b59c571f827fa56f6c5be2d71ef6eb22f53d6f29a92a9601,BB,서울,128,19,1400
ca6a95efe10f2d78b59c571f827fa56f6c5be2d71ef6eb22f53d6f29a92a9601,CC,서울,146,17,3500
d114f9128ac3a427cbf513f73f8ed5b5f53ab1a302d41920a634ffb8d81b6211,AB,서울,28,09,2200
a8baf6546c630c10d75f0c36357d8207429295dbc67bde632d73caed21473e2c,CA,경기,59,18,2000
a8baf6546c630c10d75f0c36357d8207429295dbc67bde632d73caed21473e2c,CD,경기,85,22,2000
5670f4055511ee28f3629c1cbd7ec60641362bda9c58b47aeed9b4e95a6c239b,BB,서울,143,14,1400
d461000ab733c8204d57f13f75ee86b39b765740a8b372721aa3885dfde5a848,CD,경기,14,20,2000
36eec20ae36c052ead0867e3eed17e61f4378c0d1e8cbb71b2f764c0e648b0a6,BD,서울,162,09,1500
f213ff1f6102c6f61558a7fdae3e0759cb680605ced7d3227dc701b43e608722,AC,서울,78,08,1800
1a529debd7113c8bc916c128f4b03e97e7ba3d61b340b5527f65f333a8c0203b,CC,경기,74,09,3500
d8647e459912db3aa78c71028a9334fbdb2ef7de31c236581fdf23ce772e450c,CA,경기,142,15,2000
83327c915cf150bf3ec68b24b2b7bfe88e7328ba15c7bfe7e4d63f75ad0adbe5,CC,경기,108,12,3500
8745697372f178b20b70bcd6558f7ddd2ab3e2eb23beb2cd26e3aa768715bfb4,AB,경기,165,08,2200
a7b98443beb74fb96182541b3eaa7923cb6444547d329a99ce67259d612550a1,CB,서울,25,02,2000
a7b98443beb74fb96182541b3eaa7923cb6444547d329a99ce67259d612550a1,BB,서울,71,00,7400
a7b98443beb74fb96182541b3eaa7923cb6444547d329a99ce67259d612550a1,BB,서울,100,01,2600
a7b98443beb74fb96182541b3eaa7923cb6444547d329a99ce67259d612550a1,CC,서울,72,01,3500
a7b98443beb74fb96182541b3eaa7923cb6444547d329a99ce67259d612550a1,BD,서울,47,23,4100
6dd671a0e8473f8be906ca8e4e9deb6e60d89db196da0c6d62f64da4205b576b,AD,경기,116,09,1700
919fb034a8f549ebb8a779ca0011c47ecdbb0b4b0f16f1912fd22cf8becf3957,BD,서울,158,03,1500
0a6e40ae058c8ed78075f4e8dabbc0b0de31e341177a8cff0769f08050acda6c,CD,서울,145,01,2000
5387ee274f5c657f66d306256046819292968eb420d6f45deb361d881fbae91f,BB,경기,140,07,1400
559cfc518f56e85c4744a2ff35834f4564c65faa0dd130e80a001563c70941ce,CD,서울,118,21,2000
74a9975ad6442699193da1c3f3f14c399acd79543e7101d532d2a8daa7685f57,AC,서울,118,16,3400
8d238939d1da0cf371f166a3ca481d53f5f4c57aebee779d0012868b75ca3b73,CC,경기,97,21,2000
be25fc6f9d66226f277c78b9bbb9e306a041161dc321f96a5026dc754b015769,BD,서울,180,00,4100
574a1c57b28a24471bbd77c0fef16c85024906dab68c6b7d4b2e16b27d2b7f4f,BD,서울,6,08,1500
d32fa827720ec0d475db4715e665486608e4cd986b45229ec715a228c77d214b,CC,서울,83,17,6500
9253b5cf8348b48eb5f030c676eece2b255b02a8c1c52c133073ad6d4cf069ab,BA,서울,38,20,2200
9cd13f5bf2ad8343cf91898549af7978aeb5ed5afdfa48285f07bc8f313d2fff,CD,서울,5,23,6500
81dfb271e3f721e3ef685269908a366fa980d4e2fe34282381ae01670b7b95c1,CD,경기,25,20,5000
405e649f061c84b449c11213d8b805e526ec6e435c8d01bb0c9beb10155548cd,BB,서울,28,13,1400
405e649f061c84b449c11213d8b805e526ec6e435c8d01bb0c9beb10155548cd,AB,서울,151,22,1200
7bdc3cc2630dd7803cd566cdab50d107cc660a2826f5493d43692e721d1c6c87,BB,경기,57,20,2600
310f769b02e29693d91e1197e88b0544b280c570afd7761e68642c3a9170ae19,AC,부산,115,19,1800
47ce4d6f8aaebfb80dee006dd11ff873ef9e5c6d3062ee6f945f01e402d31ca3,AB,경기,49,08,2200
ea4f9c5a110969a60da8c3bc1bae98e18f1abda453a5501ca9e8ed421e8ce693,BA,경기,24,17,1200
ea4f9c5a110969a60da8c3bc1bae98e18f1abda453a5501ca9e8ed421e8ce693,BD,경기,28,20,1500
d147909840c4a1309f2038423b5e8b4cf800380ebcce8290602cfa880752a77e,BB,서울,77,10,3800
ab68e4cdd3b93cbf8a8054c37f58fbed6a4855b77b80adbb54f77697b10f0d03,CA,경기,79,00,2000
fce685f53955834da3e05a59857451101194f5ede6c4847b027e339452fc9278,CD,부산,136,23,3500
880acd9585ec5671e5648c3febbe2ca0627961d079f442e004d51fde733211db,CD,경기,24,02,2000
318d8cd1e8a7c36221cc3eedbc6c524d5a507212a793ba9e7f4fef796e98cbf2,CB,경기,37,18,2000
c9d5aa1eb7d9c7034a2e13ec167da8c976ab19d414129e5a14c86f87c579da3c,CD,경기,95,02,2000
5dc6fb1b09a9778e6778e6101f167bb6b72c9d595da1d441e0a23437f5aa5458,BA,경기,63,07,2200
5dc6fb1b09a9778e6778e6101f167bb6b72c9d595da1d441e0a23437f5aa5458,CD,경기,130,05,3500
5dc6fb1b09a9778e6778e6101f167bb6b72c9d595da1d441e0a23437f5aa5458,CA,경기,44,13,2000
6d90a6e6d3a4dbc0460a94936ea6c913cd58b5542c4ba0429c8bcdb3a79ee1a6,CB,서울,77,23,2000
b4026ab35c738f033a871843fcae64c0783620477fbe237024fa707c9f9775f5,CC,부산,114,19,3500
4858e5b05c1ac8e4bf1da00f70ee17d84dc104eb4e398d4d3202ee13a561cd8d,AD,서울,132,17,3200
8627557b4aad6cc5d91d8b6751298f56e1363049e7f60fa69a07a53e7a0cf451,BD,경기,65,23,1500
394b9f560a21b319d65c07094b16d035d29fde8dd1b10fdb7cdda2312a9da875,AA,서울,11,16,1700
2925a26965534e5e1f9e90da3b2db4647b58036e22c769c01500fd808d38dc8c,AC,서울,62,11,1800
0e7e17e3f2a3499ebcc55bbe9bfe5e71d831be7802918670d9c9c420a68d3be7,BA,서울,12,09,1200
64034bd1bb76bb418ab9c81b4ed653fe25fc81e1c54f74ae9d8bf91d7f85439b,CA,경기,89,15,2000
64034bd1bb76bb418ab9c81b4ed653fe25fc81e1c54f74ae9d8bf91d7f85439b,AA,경기,12,17,3200
64034bd1bb76bb418ab9c81b4ed653fe25fc81e1c54f74ae9d8bf91d7f85439b,CD,경기,2,11,2000
231f1a5b61018678b53df8e4a8f79bd25749c9d6930be5c3089bd255bace2fe0,CC,부산,84,11,3500
245df4778ebc380c5f5c3584caf920a736bbfbb1e25c011860f3a56835e2388e,AD,부산,109,10,3200
fea46ce511881f3ad4a3846298d1293374b5a0848cbc434631096903fd6f6ae3,BD,서울,68,09,4100
fea46ce511881f3ad4a3846298d1293374b5a0848cbc434631096903fd6f6ae3,BB,서울,71,11,36200
fea46ce511881f3ad4a3846298d1293374b5a0848cbc434631096903fd6f6ae3,AB,서울,52,22,12200
d1594eed8c71fe51fe4fb6dcc16827de28feb346a468d62a93041bb5172d658a,CD,서울,145,22,2000
b949e0b4fafabfdb51f42213e38976a5e9ab16fc26cc9c6120f3d309f9f2752d,BC,서울,111,23,3400
b949e0b4fafabfdb51f42213e38976a5e9ab16fc26cc9c6120f3d309f9f2752d,CD,서울,85,16,3500
4ff349c5379b5eb88102ff5f4d2cde849d4ca8c8b8a64ccec898761f656305c9,BB,서울,144,15,2600
967210991f40b221e0bfff735c3994d598e178222db11f9a7d11b4ea99fba2fe,CC,경기,133,19,2000
3f7033a8335f9bd8f5aed7e06b142ae05688e7844cf9023fac775f967b029c11,CD,서울,141,08,2000
5f3eb1196f3c0d1abd80153e78a5f142e4032b02011af8ff7e99ee6038f9dc3b,CC,부산,152,10,2000
d50e71252c67612bb46e696fa73fe9bfd16cc6b77b1395b4f0d5695a5db60f40,BA,서울,53,07,1200
5742423c084cf7b663169a14085127d0040c94f9c3089f684243f4068ff5b607,AC,서울,169,20,3400
8e7ff2d9f68131009717b759f441643d71caa60ee9559de53733216c14be5d13,AD,경기,48,13,1700
b00c5161b337614d53859138b8a187adfc13eafdf5deddd6f0ad0606ed50128e,CB,서울,48,17,3500
5009be2220730b75943ae549ed101bcf3db616654df713288b5bc184e776d768,CC,서울,5,06,2000
89e00b6c49267adc305b6be44a17d912b19871d4271d0c8e2b4b038f51904c6b,BA,서울,23,09,1200
01f57aae11b38441c426f13fa025f8994f2089a34c2f1d694f78045f39026204,AC,서울,59,14,5000
df71336e8f77c9f57aad08e25a93cb61b61e7e23b90e6d23aeb80e0849a41104,AB,서울,41,10,2200
31e35e3b304b0a269f7b9beb08c679bcd6ae6d913119fcfee4c47d829ab4ae74,CD,부산,68,00,2000
47ed649cfa0dbdb0b1bbf81533e420ab1c4e06c5e4c866397a090a5b9bf1a3dc,BD,서울,6,08,1500
7a1cae163d5a4028489c416c528140166e2e25d834c53a8dae06be2cd3b8053f,BA,서울,17,10,1200
46a15231f94bf9eb0672efcc6ab63bfc88d9315ea9f4557989bfe7315f8ce415,BD,경기,41,15,1500
da934cd896c225dee6ab67a51d27dafc9021d3b06ed151e66bd885fe71c2e3ee,CB,서울,8,21,2000
d25bbb6521d5f54cd8601dff043dd0afe87cce389ff40ea6a4632bd284c274e9,BB,서울,130,14,1400
342fd227180252f4d463ff901fbbe614db771eba5d22e8066457a6690bc7f566,CA,서울,165,12,2000
7f6a00d4b840001a0f8793a9641b8a52162fb96b1da5ef786a2e4951eef4bbcf,BA,서울,162,07,1200
420f86b700869e3160c9c641043987b31cf296d6788f25c11c4fb4c645c6cdd5,BA,부산,155,18,1200
420f86b700869e3160c9c641043987b31cf296d6788f25c11c4fb4c645c6cdd5,AD,부산,71,10,1700
420f86b700869e3160c9c641043987b31cf296d6788f25c11c4fb4c645c6cdd5,BD,부산,6,10,1500
420f86b700869e3160c9c641043987b31cf296d6788f25c11c4fb4c645c6cdd5,BA,부산,64,13,1200
422c25c46dd1bc9199a2b75b115ce12c6e1ec362ad6e9721c035d24ccf9f285e,CA,서울,126,11,2000
422c25c46dd1bc9199a2b75b115ce12c6e1ec362ad6e9721c035d24ccf9f285e,CD,서울,6,12,5000
422c25c46dd1bc9199a2b75b115ce12c6e1ec362ad6e9721c035d24ccf9f285e,AD,서울,11,15,1700
1b89c46b420f9b5a98755431b82ab4f4bddfcb39a06b79aabf94ee17c58a959d,CA,서울,49,16,2000
5d347badaae92d7fd52577d690bc34d26e17dc6f9e299a6971704d9946414a2f,BB,경기,46,09,3800
403b94aaeb18448551338e1b45938a9705449ead58b96522cac09f8fc5b93660,BB,경기,147,18,1400
403b94aaeb18448551338e1b45938a9705449ead58b96522cac09f8fc5b93660,BB,경기,174,14,1400
ef481bd540bcb62a647c7814320d6afdab9c4f6dd150b1ad3f3c3d3511bd6d4a,AA,경기,100,21,3200
1c99e8cceccaaf1266c423de8c94923365f537840476f835bfbecf694ab76fc4,AC,경기,77,21,1800
5a469c70ce49efdecaad5bbae1a688acc3ffd6c9b3fc3082bc192a20eeffa745,AD,서울,158,16,1700
e5922db58434f6430a715ff850bf5604498560a3cb924e85f483828b2f5739de,AC,부산,136,01,1800
d0ddad6be905933f180fc2a97a7e90242f91f854e4ab75d8b9c23ef6b911e0a4,BA,서울,146,17,1200
37bcb5dc682578e462a1192e14de4f2f50b6ab90642ee2de4fd137f4e785bb4f,CA,서울,123,11,3500
37bcb5dc682578e462a1192e14de4f2f50b6ab90642ee2de4fd137f4e785bb4f,CC,서울,15,17,2000
9141bd008177fc393f8c8524ca3861a6de3d0642f88aa2bbc5380e7419ccef8f,BD,부산,92,04,4100
daa14c4b8fd82ed2ec25815ffd54c1026dbd8e5803eb78393a93b7cbd55313f3,BB,서울,179,16,1400
886c9bc14364c9de9a36436c03f45f1637ed5df88c5affb4a6a3ccd35b509ac3,CA,경기,60,00,2000
18342e6bb1909537b6d81816a4ad155e907b1c369b4687a681af8fe8296331b6,AB,경기,37,09,1200
5f0e1a548a39e14bbbb0b0d5ead16c840cb7d8b50ee5e601320fccd2fe8120ee,CA,서울,155,09,2000
c93373127ace3545af970b69f8b49ab2be27358b62cfc4387784bc9a579ea907,AD,부산,110,14,1700
cafdfaefd25aacf2ca6309429f8919cbfa06847ec223c26bfdd41d4d95424581,CA,부산,105,16,2000
90273ef4f592ef7c4e32d4cb10a72257760b34537d3e8dde77f0da9c22b258ec,AB,경기,144,22,2200
2bda9eb18565c15e47c4e58ebdaa05fc8de113915701f1ea3fa9d5be4a569abf,BD,서울,16,17,4100
a9980287141cd02a1f165cc4ed3eb06bd6bd9ee942d0664ccaef0e127568773f,CC,서울,88,16,2000
d2393c3d555a756da77bc7ac815818b92881f61e5875fab3994a2423ec8a3738,AC,서울,34,20,3400
430f9aa42ab7a0880cc311666ec18a98cad0d9ca67cc379277bb7a952e8d9d57,CC,경기,78,14,3500
29782636c1d419a32b028900c29bd4d4429cfa484ee500eb6c8c97ae7d638c3f,BB,경기,96,19,1400
15021cbfce30c016540780db3f5d60953ce21ada274a12dbb90b752461fce2bb,AA,부산,28,12,3200
39d3999177276c7b0cd18177bc3360c7ff10d6911fd3b7db645207cb21757385,AB,경기,50,08,4200
33bc76152841b056b10a273ec399b6e3de9c5ccb146711da4eb6efb8759be4ee,AB,경기,92,03,1200
e7c3743e532b8fb068e7f51cb6805ab6ea73b99fb133e8921bd4a7b5fad7711a,BB,서울,126,17,2600
b2d975f82870acb49abcbbc994e53ed98232d4c70b894d788990a237acead825,CD,서울,103,15,2000
f4ecd50518ebbfaafe538415aa2120c1d14517be057c9f237f3ba8669ca27c71,BB,부산,92,17,3800
0cffed7b85d0e055d3fca45fcef9b89175a78bcf2f92527052daa0b28274777e,CD,경기,163,00,2000
db433b7147593c004c7b1e93fffc074adce3c9c7024642cac2e37365ebb0705e,BA,서울,176,01,1200
9f0f1c7b2e8b5fac3a2831f04c6a1ab7a4b9cadcd5d319e8878a3f993f942273,CC,경기,126,19,3500
2a17238367cb9995d10d412f688e6b0e2e08dc5c1034f5c919768795c0333a6c,AC,서울,25,15,1800
2d35f97b2a5ce7f9ac5aa0ccdc91df63c896e4cba40fd2deaed01731d3d5a5ce,AC,서울,10,22,3400
2d35f97b2a5ce7f9ac5aa0ccdc91df63c896e4cba40fd2deaed01731d3d5a5ce,CD,서울,15,22,2000
5914fad6512c4ef4b97557e2915e2e16f97ac0347eae6fd91959d81ed98202ff,BA,경기,64,12,1200
5914fad6512c4ef4b97557e2915e2e16f97ac0347eae6fd91959d81ed98202ff,BA,경기,170,10,1200
5914fad6512c4ef4b97557e2915e2e16f97ac0347eae6fd91959d81ed98202ff,BA,경기,147,10,2200
5914fad6512c4ef4b97557e2915e2e16f97ac0347eae6fd91959d81ed98202ff,BB,경기,170,15,1400
5914fad6512c4ef4b97557e2915e2e16f97ac0347eae6fd91959d81ed98202ff,BA,경기,126,14,1200
5914fad6512c4ef4b97557e2915e2e16f97ac0347eae6fd91959d81ed98202ff,BA,경기,177,10,1200
3e67ec8522864c37d920978275dbe26be44014f4ed6b719bde1859776fc7ecb3,CD,서울,108,09,12500
3e67ec8522864c37d920978275dbe26be44014f4ed6b719bde1859776fc7ecb3,CD,서울,127,14,5000
3e67ec8522864c37d920978275dbe26be44014f4ed6b719bde1859776fc7ecb3,CD,서울,23,14,8000
b5d8c51654414357c861ae92ccbde003cfab56e06d320550f5b388115cf4a8aa,BD,서울,100,03,4100
a1130c11037f4ef5a0d5182fa4835dd4a7c8367d5c234224583db083af70f5c8,BD,부산,113,13,4100
a1130c11037f4ef5a0d5182fa4835dd4a7c8367d5c234224583db083af70f5c8,BA,부산,70,11,1200
f592f0130cb2424508e01b9d6f71bb82010f4787f973e9a4b7d1fece372e972d,CB,서울,82,22,2000
a7e3a9fe336e3842a1f4c2f429161a3aa84e54fe6e2fa0d72ebe27e9c86106c6,CA,부산,142,22,2000
c7b1687f58eb4535f34f199ac7d7711e86c9590e2b75d7cf966922dfe0b1e1c8,AD,서울,106,06,3200
5a8f2f96a6b9f4243eb134e3770e45f0ab367dd83a0d4ccc318301e2b22a95bd,CB,서울,15,15,2000
f30b31c73104bb0c5a7274699504fffe243c2c60bb4ebb21e9e2950038c16660,AD,경기,129,17,1700
2febee367650765f46e50d5811b9e7adf974121dc4b13dc6fc219618a6cdc8bd,BB,서울,5,21,1400
5f56c45bb58e9134ca2e77349f1013c0f07121756142696103631310c0887730,CA,서울,111,02,2000
841fa462f2d82bf7595a99cceacfc66f8b34c0f57ce293618fc3e3c22bf7104e,BC,부산,160,20,5000
490ff6b79e413c316dcb3c1af9c183526e88b26626a4a26832530c51ec665fcc,BB,서울,119,20,1400
490ff6b79e413c316dcb3c1af9c183526e88b26626a4a26832530c51ec665fcc,BB,서울,152,16,1400
fbbcb5d83eb7b576d3c9c5ca3d2380769e52a860f7ef2a3452f269ea7f939a85,AC,서울,5,19,1800
106d85dac95e215a206f922696291f53bfd607a346894a006bd0312f1ddc9533,BA,서울,45,08,1200
106d85dac95e215a206f922696291f53bfd607a346894a006bd0312f1ddc9533,BA,서울,31,07,1200
3f5248977e67da2f6af2436ccc0bf87749a9b3ca86874f24ba7af65f3ee0afa4,BB,경기,41,16,1400
c11b0ee2decbdd1e053fdee6aa27638cd7b1b0c495f96af0cdac2d2a00a3a776,BC,서울,50,07,3400
c11b0ee2decbdd1e053fdee6aa27638cd7b1b0c495f96af0cdac2d2a00a3a776,CD,서울,1,23,2000
c11b0ee2decbdd1e053fdee6aa27638cd7b1b0c495f96af0cdac2d2a00a3a776,CD,서울,1,23,2000
c11b0ee2decbdd1e053fdee6aa27638cd7b1b0c495f96af0cdac2d2a00a3a776,CA,서울,137,22,3500
83e874efc5ce87bd084d36a5a58fc2895e3431ba77221916d4c3d2c4560476c6,CD,서울,85,20,2000
db944e4c7d3e09da3d1f4d82cedf0de2065ff78d38d88063c6ab6f3c2ce28430,BD,경기,111,23,1500
710a2ea48b48e3299cfa1563540e01ce124533320eb0905df33ce0f4ee5bcff5,CA,서울,121,08,2000
c6c816dc4ecff904a800053ae7376d4461857a824e8a030fa88f5c52ad68b69e,AA,서울,169,15,1700
a37e81fd347812d183b548df57bf53435b690d05b3de3aa8468c95a56c49e793,BC,서울,140,22,1800
d52ba27432aea2b37b417322a2981519464edabc1774e982c65c54d900275f01,AC,서울,85,08,5000
84df706c1dfafc3d4cdc00a6ae00b0e6e788b44014e0dfa3b142c08699c593c3,BA,서울,12,21,1200
c6a71a246b67151015d6ad20cd2317d111a6c4779af5c44a59669a23a780b67c,BB,서울,85,23,3800
d9c54e3be3a4b6cc204a9224fac509601f1d206a34b0c185b1bfb3c4f331bf5e,CD,서울,137,00,2000
e71fb5099fc59c40545de45b638c41f3178b5590ccb90660474af600bb036b8f,CA,경기,102,15,2000
650f43b5a809a2e5769f507de8aa5f9d607da40f2ff5630a61f4a4ee5c8b2017,CC,부산,65,12,5000
db6345af75e65433504b4202121cd47d54e7188eceddb01e68fefce9d3fd6d88,AC,서울,40,09,3400
28d71b066ef1c2d7b024e2061c13e14f7d6ec39c406ac1aea642e38bf22101c9,BA,서울,176,23,1200
0016f654fc0d4a7664989c87cafeaba75a9fe140697672df649a62855778e98b,CD,서울,123,18,2000
b8dd29fb90a0f2bf03beba8b75de4eab08dd0b6ef56f949c394ce84ec88856ec,CD,경기,13,14,2000
e4eff5e2abf490c3b307890dd499fc46f1303d223558e5e4c28b4863e7ca33dd,BD,경기,149,14,1500
b8625990d82a8638256f172409359dfc6176d61d4ac36f860cabce78a1fa41a5,BB,부산,82,14,1400
b8625990d82a8638256f172409359dfc6176d61d4ac36f860cabce78a1fa41a5,CD,부산,158,17,2000
b8625990d82a8638256f172409359dfc6176d61d4ac36f860cabce78a1fa41a5,BA,부산,155,16,1200
617a84f4ef90d6c32c8b2c91ec6104889bec255181adfcf8aeee51d2ec62dc1b,BA,서울,31,21,1200
1b9d9fd41e5dda6f0c627ddab55d2be6a6bda3497a026a466592095b43701d3e,CD,서울,16,22,8000
1b9d9fd41e5dda6f0c627ddab55d2be6a6bda3497a026a466592095b43701d3e,CC,서울,114,18,2000
afd401c13dcf91f175b973d5123da5d445513cdcfb9c6b346954c5c33c381c07,CD,서울,97,23,2000
e00f25af12c3a3296dca6eca0c52c2205ea4915224dcbcf9e08ee355f8cf830d,BD,경기,47,15,1500
795563976b7cc9e03fed7404b49571bf5bc5cbe0e027c8da268dcc6299fcaeb0,AD,경기,123,19,1700
e22e2e9e4e6247cfa7bfee64fbc1f704e956322ee397a283b8c9a0eddae17eaa,BA,경기,120,14,1200
e22e2e9e4e6247cfa7bfee64fbc1f704e956322ee397a283b8c9a0eddae17eaa,BA,경기,22,13,1200
e22e2e9e4e6247cfa7bfee64fbc1f704e956322ee397a283b8c9a0eddae17eaa,BD,경기,20,08,1500
e22e2e9e4e6247cfa7bfee64fbc1f704e956322ee397a283b8c9a0eddae17eaa,CC,경기,86,07,2000
663aa10ddf73a946be04cda4eed09fea44f04af97ced66ae552702178566657b,AC,경기,124,22,1800
0dd4dd9d0a2470e01de348d0fb6fbc6b3d48023bf2b9c79ac2114ef0fea17be7,AC,서울,68,14,1800
d0ab42dd9d7ed8eb1f28a629c6e5547bea68a4c2ddf50f62ca5e7980da3c9033,CD,서울,104,21,5000
b533a2a7c116a87b6139db783bb2d38f3bdd8f82fc4aa724bba90d6f0006a144,BD,부산,53,22,4100
4639185b8bbf4cd34080d4d7e4f6619b261e75b2ac5117adb2597d54761f822f,AD,경기,146,13,3200
2eb6308df0aca4ad1e3ffacfd36cf185c34897988b6315bd2b90b8d850dc0774,AA,경기,23,20,1700
023105536ec7465f77e9fd41eb738a2a64c52f614b212ef1dbc65a613b4132a0,CB,경기,35,09,2000
f96f70dd96d19c1c28650a0f4b55bbe4603966876fa730a86490c5d6943bbbde,AC,서울,125,22,1800
5a991438561b72f582bb3ebe898b7aa81bb1c4769f2f7e32fb68c34d54c59163,AB,서울,103,14,1200
a9cdabcba9731e3493cb539c4e4a29634ba4e0b1793b0f938b275ec2dc79d68f,AB,경기,41,00,1200
74938edc9e0f7bf3ff6504c0dcbc7d14fedd4e8f58d7b3ac1117d678d40d7b32,AC,경기,33,22,3400
94a0a94d49aef351bdf9c49587489bfb18beef0518dcb5cfaa4b005b76e5aa02,BC,경기,67,23,1800
b282852ef9833030a32ca1cb27bea87b5b4bfb5916571c1d6b73f6b992d8eea9,CA,서울,155,00,2000
e5a4c437d30a674a498d559c68ee007d159632c48b75ad7f86b2f865e5521100,BB,경기,107,10,3800
5ec4a6aafea9e7172f53b3ab8bc83df7b76c73ed927c22288a580ba52106c783,BA,서울,141,09,1200
1858258155af6817da686a687952be825e567dd19ec5d2f3e6f7f80c44b793c3,CA,서울,124,22,2000
8a3be239304f08f7f470c11f8fb1745f7ba9b3d9bbe48aef6f817adf14f496ca,AD,서울,179,18,3200
02b97dacbf3a4e22bd037e3c35699a41f6a938e03a2be466c22066323095c38d,AB,경기,57,13,4200
58d33a87798ee55cad5d5bda9f048963330c08a1bb774542a6e52ba3f273b7ae,CD,서울,159,01,2000
f99e0eb3794f95380fb6911518beb4dbc05d8639161bcdcd4494b723b2922b31,BB,경기,118,22,1400
4a7fa1e2e7e3270e91252771647976eb5908f10625d6478ebf186e67e6698eaa,BB,부산,148,15,1400
4ea6d5e70d64f26510de7cce67270537b3e480a2aa0cc8cd8e38e0bb2e9a209f,BD,서울,72,19,1500
9b46ce8d869150ce8d350c28e4b4dcf57a331479d48f3042f280ea91ed88ad9b,CD,부산,109,13,2000
f93d2c472d753f9a5d87e893c94e31bbe5b48587417c81c5f9b60bb5c7dad781,AC,경기,132,19,5000
5e07261f38e4fa623ffe418c709c7ee1588594800ab74e2b4eab198d2e237f9e,CC,경기,129,17,5000
75dbe3ec4bd3b1847e588612063f7891318096e648d136edefe2430e1d6afea0,BD,경기,37,07,1500
4378848a70928f9982758efafabac5c7d80d47700cfc915528aa7db90370425c,CA,서울,136,21,2000
01f06b7894df80c4675154037b23cc7c6b0c4c6618059e9dea8d1381985a2522,CD,경기,161,01,2000
fe99656eb6bedd0a1740e4c715a9e45a9a52221d2d30cbcd142c92c1b0c8629a,CC,경기,154,13,2000
fe99656eb6bedd0a1740e4c715a9e45a9a52221d2d30cbcd142c92c1b0c8629a,CC,경기,94,17,5000
bec6a91d6deccc9665f6787b53f207ae8e9bf0043a4dfae61af613dc46c5d1b4,BB,서울,27,16,1400
8ddb77f75e6e430c4ac1a1ff4ac3f2f85469da58e598bdfd284a9220df312681,BA,서울,177,11,1200
de4edd26e108f335b666a105abe3822c0af9a418fe0ea5b2ed4ea4cd1a6ccaff,AB,경기,171,04,2200
c6910ffca7655245f700fef571aa2592e30a124c4eeeb0f83a9665057b751730,CA,서울,130,21,2000
4990537db639972d4abb146aeaecb0dac71643df5b61a7ae4e5d9b5d4dc58f47,BB,서울,78,18,1400
27031c72c25e62e8466dd2ccb2ff1c965996cef7f21c86831c11c2249395234e,AD,서울,122,21,3200
8b7e1027c0b37b76d72af31db2a66fd3fa354d236e5f9fbbc2c6418054793f18,BD,경기,130,17,1500
27b34cb8b2345cecbe7489f6f754e63d7025a1b0d2b7275e5731dbf4585a7968,BB,부산,150,13,1400
9656a188576b4b89d7f5994106b49df3200ed9588b52f2e0df1de6d916cce6dc,BC,경기,60,20,1800
18e8fcba3dfd70f1a8961fbfb908c53b3d417784a385aa0008e18a5138fe4aa7,AC,경기,81,17,1800
e515c49ad1b63be3c7b490be28eee26b3f3803f52879e6e4c4573d20bc70a98e,AC,서울,149,18,1800
0cd1d7607a8e3db47171ffe6ca0eb5df3c1605d8f620e88584e1f842edb4def8,AC,서울,13,19,3400
0cd1d7607a8e3db47171ffe6ca0eb5df3c1605d8f620e88584e1f842edb4def8,AB,서울,91,08,2200
2b939c0cf56d2fecc70f1a01eb6668d0f09401c6d1e72182c1be32ef5e350a8e,BB,서울,157,09,1400
2b939c0cf56d2fecc70f1a01eb6668d0f09401c6d1e72182c1be32ef5e350a8e,BB,서울,166,09,1400
cc983d7fec66f0ac212bd30ecd6eedca5e6683b4b03fdc3449bf28fd3d4d5548,BD,경기,106,09,1500
d98530ccd0f839a8ab57a01688cc97fd7da8c4841dcb6caabf816e0475cf034a,AB,서울,105,22,1200
62f77f52f7020327cf24a92287913982d97d618eb0493a1fcfd700935b2b7b7e,AC,서울,94,14,1800
078b694871f938fbe91a51d71993b611615f8b082a791319e31a6c6cf8a0ffed,CD,부산,117,12,2000
8150e38ecce917dc5bae43b08ee7cdb0935a28c91959efa685f736fe4238ec73,AD,서울,156,17,1700
83bd0caa1bb08847f9e1ca1ffc06ee2f1c6b7c244dc37936a763a78a863d19d0,CD,서울,176,17,2000
0307f797bca7daf8a9259d07432c52e71991e4649a25644329b43f45415e32a3,AC,경기,57,12,1800
6dacedf7810a8fb8f1437ffbb0974489293a45b62822c92d9d50e4a02fb95992,AC,서울,47,20,5000
4b93175d3f2099840ef2351e5aa5eaf1be159c6cc5d394c55eada145165aa8d1,BA,서울,25,12,1200
e32b5cbd5adc85fddce3ed7b527b41c40648a15402c1de8dca758a03b0264fd0,CC,서울,164,00,2000
34d32b58d353ee2b6f6cca9a29e6bab14294b59c9c97abc10082f9d1fd9e6ed8,BC,부산,47,15,5000
5c39ca55534aecd4897eca7ab38b239b3b3fd397647faf4032a4ae7c7bf7f2a6,AB,서울,149,07,2200
5c39ca55534aecd4897eca7ab38b239b3b3fd397647faf4032a4ae7c7bf7f2a6,CC,서울,98,08,2000
3e83740d83c4559b16ef691e16c7a8aabba33d15b101520ade9906ed6bb1e78d,BD,서울,82,08,4100
cc77b7314bb4286d4227ca251ceff8bb16dbd01dba4c2fd6845a89ada9f8133e,AB,서울,83,16,1200
fef41c602cd551dba017e09a0dedd86c4f59be8c9b071640eeffa7ce377a67dd,AD,서울,154,15,1700
657ccd5adf4bebe88acc68d26dc70cba951896780ece9d8ece785058dcf4dce5,CC,서울,168,00,6500
351f0f436fa81509e3c9ba1bef8df9835b6d52bde225fdcb96565b29d5a907b6,CA,경기,5,00,2000
a086f4b8b56573bc786959b2d04fa367d487366264ba72558900a764c2c2129b,CD,서울,147,13,3500
d2779905ab10eceb3b2b4ff5b97a935cc82b4f5de18d10097b5aa96f62307cbc,AC,서울,18,20,3400
9a5c33db68c277fb3b0879bbbf1498e0bebebfde35e33088e10cc2dde24088d0,AD,서울,89,22,1700
3d68e9b276e0e4513668bcb0e450501439454e7a11e1ac0771c0faff3d67d208,BD,서울,55,18,1500
b63ddcaa40b5b1dda1ddb0c2ee8fbdda3a8f04eebd539a3f398c1b6e55ddbefc,BB,부산,65,09,1400
0cc0de6226a73525e6f3acb2340b4fcc6b12ccc4fcec0a5f98cfa7a9ba85a435,CA,부산,59,21,2000
0cc0de6226a73525e6f3acb2340b4fcc6b12ccc4fcec0a5f98cfa7a9ba85a435,BB,부산,86,22,1400
0cc0de6226a73525e6f3acb2340b4fcc6b12ccc4fcec0a5f98cfa7a9ba85a435,CA,부산,40,17,2000
bd1c10f45ee0658966e729a607dd7ecf5ebef25d14f40c8426c16dd840f59137,AB,서울,101,18,2200
bd1c10f45ee0658966e729a607dd7ecf5ebef25d14f40c8426c16dd840f59137,AB,서울,104,10,1200
1d78421ec2dc17c219c49f89d80a290cdc2e1304543461c305169c0180b04ccb,CC,서울,98,13,5000
e435f5003fd95960aeb92d7f3666e1aa7be12bc43afe47c13c2372493d50b6ca,CC,부산,142,19,3500
6f36d69337826b7b73d4f01832460f3c5123916e3bd1ed41c94596f2a1ab464d,AC,서울,179,20,1800
6f36d69337826b7b73d4f01832460f3c5123916e3bd1ed41c94596f2a1ab464d,AC,부산,33,13,3400
6f36d69337826b7b73d4f01832460f3c5123916e3bd1ed41c94596f2a1ab464d,BC,서울,87,12,3400
c4fc94c7e59be41811d1e8485c1b2d798a4bb66e97b058930389537a627cf86e,AC,서울,161,23,1800
1ab69ba719a6910fa4425a79f00a62babc9162450e7ae4af9d691e71ee0509e1,BB,경기,72,00,3800
13a8d9ea368a2546b0574cd0b09fd166a90ab287431160c26483ac43c2a4ae11,AC,서울,30,18,1800
e4588cfb34fbace71c86ac14c51306d34c98232072f70c8dc6f1ecbfc2e0e5b6,AB,서울,168,01,2200
e4588cfb34fbace71c86ac14c51306d34c98232072f70c8dc6f1ecbfc2e0e5b6,AD,서울,79,00,3200
c4ac8dda327b9326f60cdf56f10c01c534532d7b035e24c2d8734565cd9db9d1,BA,서울,12,08,1200
47947cb0e72021cf90c307d0275a56941c17f63af73ebd363bc41db7137a06b9,AB,경기,128,21,1200
ec2ac1cd93d0ae5319b5abfca75b54ee4583ed41163fa64c6e244276399e1841,BB,경기,69,03,3800
ec2ac1cd93d0ae5319b5abfca75b54ee4583ed41163fa64c6e244276399e1841,CD,경기,92,00,3500
ec2ac1cd93d0ae5319b5abfca75b54ee4583ed41163fa64c6e244276399e1841,CD,경기,3,23,2000
de557b4738a0a6b9caee5d47a9136d2d7d9f3b3b0c59dfc788bedee3616f8e5c,AD,서울,128,22,3200
de557b4738a0a6b9caee5d47a9136d2d7d9f3b3b0c59dfc788bedee3616f8e5c,AB,서울,63,16,1200
197e6cea4c953a09ca3f8e55adfa6654f60557ac6e93a09672e4160cfa922a37,CA,부산,21,23,2000
43107ce00f694462623781d362f2fda55681cab3c1d1136d1a27e7632c167ba1,CC,서울,98,11,2000
2826b3fe241f7a636f00494fb2a7b5ee6efcb1f891da7d04c6a723750645fb58,BB,서울,32,20,1400
9d5aa133abee62e311e717cef1a98c3c305f2f03c26a048ab4534cec94809fe3,AB,부산,111,17,1200
03e3851f2499a6e91c56727b560a7947df475eba193490287afd3497537d97e9,BD,경기,39,20,1500
03e3851f2499a6e91c56727b560a7947df475eba193490287afd3497537d97e9,BD,경기,92,00,1500
4127348218d847bb98ddd7d19f596d1db36b9e89d445ed237a0199f0162c5c2e,AC,서울,23,10,3400
c5eeae80cb2221ecc07b534da5b6462fbd7f8b79f5013cbaa8bdc53a1dacacf9,BD,서울,11,19,1500
ae10f73253a2fee6a0f89d0726403d33fd964ba84387173c6636efda91d38edd,CD,경기,95,21,2000
b30d2f4e60ff3d9cd4a7ec2dec502291e19f653dc10af1c7cb939df76a363007,CC,서울,85,13,2000
58487c1d353c13dddfb3afc1f51a267ebb3556a8d88f54072a40f0a2a9e5ee22,AD,서울,59,21,4700
c018d364a12949e725d45c8bfca03f06bcc32511a3ac0ac4abe38e1428011849,CA,서울,140,21,2000
61be9679c3530986c1d469883d00574b5557b9ca5bef82b245d310bbafadca6c,BB,부산,65,11,1400
dfd7fa8a0383890c000ea86f1af9038b7756c25e715d778743045f5b70faee28,AB,서울,167,02,1200
be0a8745f05d3b29522541454e6ea19d92bcc274f8a09640ecac74f443e3c731,AC,서울,90,13,1800
acc319d4acf03cdaecede7ec90081dbd7a92a747e20eb1bd0f81d3cc52f7c917,AC,서울,66,13,3400
acc319d4acf03cdaecede7ec90081dbd7a92a747e20eb1bd0f81d3cc52f7c917,CC,서울,44,00,3500
3fceb4fc78304ad3af9876e55a85ecb0cc6f2dac5ba94bf41bf596f18f9191a0,CD,부산,9,21,2000
dd20ad811fe7fcf659e5ab4db2f359b12e737a5160a9b0ff6b3564ab117bad08,AC,서울,161,15,1800
fedc2e82e2d40a62dc993f36576c0b3f1a050114c2308c556a5ae9b6294e9c18,AC,부산,14,17,3400
15391f682e5286d4a84a93d4add0393d7a067256d543c330a879c61939fa6ad3,BB,서울,72,17,3800
294127783bcb4f7f99961bb797ec5b64b0257d7fe274191777386d6810b6bb03,AD,서울,122,19,3200
54da058a1b7f65b712c7b7a5a5c1536db00b2467c1ad6616cbeaf60b7168b135,AB,서울,102,13,2200
32c0391028ef1e9f80ec51c4670bfb56bd2a4d7a80b8705605840443c4caebb1,AD,경기,162,09,3200
c27ae0c2f5997355e2f0f07e896623379b9338a552a565629a2c91ff63789f1e,AB,경기,156,19,2200
53bb1d7620e637d8d762ed45625a412a9a152510ff4a8594cf0b003e5ec12347,AC,서울,161,21,1800
d3d8a284e163ac867e093d4fd3837d3c9653d5b4363542860d477cb7b4801c25,BD,서울,87,21,4100
05b2caaba5749b157a310c0f02ffdf74902ab5bb970f17e8fca89773210bcefa,BD,서울,118,22,4100
d1f7b186ef273548797b61608461a20434688c9860ae0b6c15de7828f4aea943,BB,서울,168,07,1400
11aff73e6c0fdcd27b791821c819535b56900dd88e4579a6c44aa5573d58f3f5,AC,경기,86,22,1800
a5472b5a45da39941a956462b83737c09e9b619a1b46afd6fe40c6309ea9d30c,BD,서울,28,22,4100
a5472b5a45da39941a956462b83737c09e9b619a1b46afd6fe40c6309ea9d30c,BD,서울,28,23,4100
a5472b5a45da39941a956462b83737c09e9b619a1b46afd6fe40c6309ea9d30c,BD,서울,46,14,4100
de76fb935c65ae37cead2b2868143e64d8ff0b5fcaaab1c97644d5a9371da5e3,CB,서울,74,00,2000
6041a404234fa2082a67b69184db22d37b52619bda22738c3892953cc85175f9,AB,경기,38,19,2200
afbe0e6d1c811995504ae2be66aa2bb8753ecc7185be554618c33c82fc472844,CC,경기,77,23,3500
b5fa23ab1f7eb6bb678590c1cafb657fbde16b7aedbc079daf5b508b0da9813e,BB,부산,84,00,1400
dfbe8c4fde9462cca83ff73c28464f8470ade830758fda243dd39afe09fc3ddb,AB,서울,51,09,4200
6b61624706fc2c87f98408684eb7e7675fd15cf480822e650b65cc86bbc5166c,CB,서울,175,11,2000
f6c2a3e8519a8282768b6badd9f606df8855ba0e537c77e12c187758d452b13a,BD,경기,5,19,1500
b9de14db9f24c1cc692bc51e16dbb5f2e2102f9fc0632aadd0d7cdfcca7d3f6a,CD,경기,138,08,2000
b9de14db9f24c1cc692bc51e16dbb5f2e2102f9fc0632aadd0d7cdfcca7d3f6a,CD,경기,138,08,2000
878e491a15189fa3961f9f9c53a709a62bddf38faafcd25068dea728ee04c404,BA,경기,154,03,1200
33e706ab82f6d9c3723352e062fef5cc7fc464b771ef9adade1ba6ffa5bd289f,AC,경기,14,15,3400
0056a7603dc24e81f309d0b60b1cffe5b1338ed71b7c640284d6f59064e49d25,BA,경기,145,18,1200
0ac717ed117e0c1fa3d8aeb398e3c2beeed9252134c000a9c4576bed61f37975,CC,경기,37,15,2000
8c54398f5eeda14ac07b7a0d831a075bceb561044b43fcd09c1726e988f55d52,BA,경기,17,10,1200
029a6e189fcc2500d74de346f50bce3a379dcc3823da79a0c32f92143c44ecea,BB,서울,73,12,1400
1062caa9ced5ddb98bdbcdebb21b5210f5d41670bf9bd591092887c725cecbb0,BD,경기,42,09,1500
5165c677702e2f2a8e5696148c78991b03e3ddc06e383f56a6fbe22f7297aec7,AD,서울,148,15,1700
2f2b7849bf29c11ba3e6d31316dbe3e603be83bd3f1631a4bb3e607013aefa1a,CD,경기,56,12,3500
2f2b7849bf29c11ba3e6d31316dbe3e603be83bd3f1631a4bb3e607013aefa1a,CA,경기,130,11,2000
d6d1cb5afaebc460e38e5a7ab9efd6622a6a6475cfb691db887f40bf563f2333,AD,서울,116,10,1700
823eee4f4241c3df1d53b9cf9ab74df3b9d4fd52ab2ed97152640343d91df52c,BA,부산,146,12,1200
1b6d614c5d1e342a09e287beb3d6c05b5ceab7cb3a76966cedcac9f051134a64,CD,경기,4,13,2000
4fa66c262fedf13c9f2f0bafbc20ab0f7158b8f264d761f3f442631fd0cdc8c9,AC,부산,170,17,1800
f4794c6297f4102dbfcfe6facbf0141facdde909c343b99f180c7c6f85d75c4b,BD,경기,121,02,1500
ce4a13ce4388e199626cfe1c798b66d062ae36ec5f994fbab4032b4e8ad6a1f8,CA,서울,81,07,2000
69748047f97b5cbe41f5a4442f919e4226e93c0d083cb1cbb2071721235cf5c8,BA,서울,110,17,3200
9e0c439cfb3e17b8f1bb845c5c2d3d9430ffa0d4be801e4b94c52d7ccad01894,CD,서울,100,15,2000
a6d797ed6c6c4941ecaa112ff6c002f184f12028ce29412d2c5e39b323328f8a,BB,서울,167,16,2600
932c73d92ef457d780a83d1f95fc9c36ce2e482492e637c26dd579c3c4ad2a10,CD,서울,71,21,2000
932c73d92ef457d780a83d1f95fc9c36ce2e482492e637c26dd579c3c4ad2a10,CA,서울,145,19,2000
50f8f5f19c8f04b0a1b6d202b636150076e994fdede897cddad603e871363788,AC,경기,89,23,1800
8e5370dbd45982c0defa6de8e29d8587730257e4eac9018d321bba1aec7e8247,BB,서울,107,07,1400
085465c939066c9aafe721544c6494129f2adad9dc199c55205d469fb0c2ef17,CD,부산,65,13,2000
bea217972443f16c251589f6d191bcd08ed964b3df46a8694fc05b410f08af4a,BD,서울,55,02,4100
d33ca1a4f5fef0814f4f5f93702837e1ed874759bbc24416f97c1e89584ea232,AD,서울,108,21,3200
c82c19ca1f6e0171bf4c3571ffd1fb285309318c27deaa71bf1ff97523edf4c4,CA,부산,162,20,2000
1cebc3da2139d29f14f06bca3a7fec71ba32dd41db7fa3876c7d1f870336dfcd,BB,서울,22,20,1400
84e7b12dbc7c67d065f1b0b7dc6296ebc23a1227b71e8d622a917be804a31e68,CB,서울,8,17,2000
b8485515b5f3fd4902ad6eba9e455d850e78582fc7df685c4ed1904161b925de,AB,경기,37,17,2200
c1af957f771a2e8375e3dc86f30895f921993475550cf2393a13bb94532ab7c7,CD,경기,11,22,2000
fa81328ce09878dc5c19169ed51c568cf14ff9a5512e4d8ae42ac22ab9d0938b,BC,경기,70,14,3400
01811d4c3067bbfc833ca060c61cb471bd5e4befa180d8083ba0951c3eb0f470,AC,경기,140,21,1800
33d0a64f926a2eafcee7ba61aa7bebb8d651083b0032f1a3860a3fd4acdc9d5e,AD,부산,89,15,1700
a9210ff88ba506101a32b544b4ab7893c2e96a5f131284cc1de4ea4a4440dc6a,CA,부산,147,22,2000
205834b7d1c16324fded27589084de0fb0f08c828fdf954ce461881b1e8f165d,AA,경기,64,05,9200
1b5338ba78710551f0f379d49f72f5d1d6ce82ab798f2e20c9aa4f472b2d659e,AC,서울,132,08,1800
39f61feb4a3da41d0fd54cb843feed53d0e5e93e3111335f4e5e610548d90604,AC,부산,14,15,1800
c0693a0333540910cb0e01cef169998017fa2775d2606bdeb939fbb52797a524,BD,경기,78,14,1500
563fccf43339b0c006330886bc8e637755bf0342fad23601730e5ee6769bff48,AD,서울,115,07,9200
563fccf43339b0c006330886bc8e637755bf0342fad23601730e5ee6769bff48,CD,서울,24,23,2000
63bda2b65a25325b28954deb8bc872c06c07933ab971a6e3ede8e06d368d33f6,CA,서울,147,22,2000
638b605ac62388bd8e5ab6514ea6d67e680f0a8e9e92be28847e62512d1bf6ce,BA,서울,59,07,1200
d13ac7ac1969a0d7727c023c0003cf4d8ab8477a13e954de64e5ce6a6624f34b,AC,서울,113,13,5000
2cd95ae3cdafd8f690f9b4eb63a2b0f010e46ccec640956ea87276c65c857fbd,AC,서울,29,22,9800
ed834c155bbd5d97cf8c30aaa4f98724782a0342f2ce565fbb19c5122b0b3456,BC,부산,181,12,1800
8b9ed5e637f26196e31c743fb98b33cf2ac0842a0dc2709abd8924a44dbc8247,BD,서울,165,22,4100
f70e47356afcee8af2c6777c22e03e8a9f34c57ab7446e3f39b93205c082910d,BD,경기,3,13,1500
e539efb4fd730457146c84be99c2d5f402ad9da0bfa03ad6f308128ca98789bc,BD,서울,130,15,4100
1b77fb0c660a2e5bde6c97c8696901fb6e26fe4066e1af4b7b0302106466a67c,AC,서울,19,12,1800
0c1dc2af1854f91bc9cf972c5cd4ed86b9caff2b7963583dfb88a36943e6e52f,AD,서울,84,18,3200
c2ec522f41b20050bbc5d3f3903f60a3d54495e2e6647ad94013ac162142e46a,BA,서울,16,12,1200
5f54cc367bd45b86186eb66ef04152773d7814e5a6ad2c22c3e0b08f7e0b8d7d,CA,서울,21,21,2000
ca1f8f105c53251e2021cc4eef92609bb1294ad9ebf78b18afbf9079f3f2e656,BB,서울,68,19,3800
f4c0bb1043a05520a11f18bc324b8708d827f0243f754801ed7656a6e52efdac,CC,서울,98,08,2000
586796a9728bed460e5477826a43219abcda6210686fd91cc3f65599526d8918,CA,서울,156,22,2000
e129819894e52959bf23123ee714f2bee71399ea65fc8422e6afe67e99959c7d,AA,경기,4,17,1700
e129819894e52959bf23123ee714f2bee71399ea65fc8422e6afe67e99959c7d,CC,경기,97,15,2000
04f93ca952274839fa85537a560e0472c4013be69caf5efc6eba85faa27c2447,CC,경기,163,13,2000
04f93ca952274839fa85537a560e0472c4013be69caf5efc6eba85faa27c2447,CA,경기,175,13,2000
d1ae78a50b6088d943e2ae02923d0bdf952cc390cdc518be8d0c88ed7295ba78,BC,경기,124,15,1800
fd3d961bf39603788c0125c0eaa1d48d21104a44a6e6bb03f2cce2742a35ad67,AC,경기,44,00,1800
fd3d961bf39603788c0125c0eaa1d48d21104a44a6e6bb03f2cce2742a35ad67,BD,경기,71,02,1500
63a3fcebeb970e40416a7a7e52c451061948f0327c2a6b2ac4797c4b00201140,CD,경기,121,01,2000
63a3fcebeb970e40416a7a7e52c451061948f0327c2a6b2ac4797c4b00201140,BB,경기,64,17,1400
1e20ccd43b19056d0cbefefdbd9f36582505aa819968d64591fad05fd67e3a2f,AD,경기,122,06,3200
2d40c7febecb058d820c6f9c7a370058774aea39d4d0f61c5a3b49fa764dea4a,AC,서울,135,19,3400
fed1ae291f66dc7c9316c591d0a0cd655b279c4b4b3d1b2e5f0a1581a0630748,CD,경기,87,19,2000
84c156a37f72bcf880bd070ab97d9195185d9c1242523494960c628ad63e162a,BB,경기,15,21,3800
8b0ab7547f58bfcce05085710f4ca5547696829288f86d0cb0d4d2aca39ad415,CB,서울,53,00,2000
8b0ab7547f58bfcce05085710f4ca5547696829288f86d0cb0d4d2aca39ad415,AB,서울,27,07,2200
1660f8b4045650f0b21c3c2f2c7d31f65984d22951641581a26a65c2c315afdd,CD,서울,20,16,2000
8dd5eeb12ba287598c49192df151c3e9c39a4e74fb955581ff1df4cd9f238e90,BD,서울,41,10,8000
43deac659b1d7d540bdd781f782123a50d06a96d79da654d209cb4bccd844eb9,CD,서울,165,22,2000
43deac659b1d7d540bdd781f782123a50d06a96d79da654d209cb4bccd844eb9,CB,서울,19,18,3500
aec9c2c9bd1eeea767b274d8b7458bde1d540465a6f1122b8d1bd96dce2f3f4f,CC,경기,19,20,2000
fb3ae93e97cc5388363cc94ce649cc8e79ed66f5cb8823f0427a6ca02121b595,AC,서울,155,00,5000
d56a45f7115573842c7b08fb8f12e2cd683303b3cc64702a840a0171083a42bf,BD,서울,128,13,1500
10b7de215e88d69b36f9af16f71dcdb09edd5ddddde54bd6586f5601de68cda3,AB,경기,23,23,1200
5ce783ebdacf5bd9e3ef576fa2f7e1fa5bd8f101847575f288e223dca12abc70,BA,서울,83,08,2200
36d9923e212585a0bdbf0ed3432c9fe7d92774c44b43cfee42a18e29e093e3e0,BA,서울,166,21,1200
7a13c3cb2291fdc5d12bb6618af481968cc24999b40dd5fd46805c11c0c3ac67,BB,부산,78,09,1400
6f2106a4d382b0b170cc4047db1fca56a92ca0a00e514288f064f2177220822c,BB,경기,62,14,1400
09a2858495ea184c042c4b150b8872e9d374e5b4832952392cbbe4284d545db8,BB,경기,146,00,1400
d6ed300fdcd70ae192fde8a32783d36c7539dff602016723dbcb044c2730af93,AA,서울,60,09,3200
d6ed300fdcd70ae192fde8a32783d36c7539dff602016723dbcb044c2730af93,CD,서울,106,13,3500
12b0d0cc08be1e693f2ed801e7348129ade3925103f14bcc31659d81b931147d,AC,경기,79,13,1800
26c32ed3e2d1029cc908133c0827c5b54ab03722350c8ae748b19d1160b70172,CD,부산,44,14,2000
11295521bc900f442af8088553b3f69af3a2a637350c72033d907456a53d71a3,CA,부산,106,08,1850
cb43c8b488f923808d037bbcfb29187b53ab48a270470c099048b6e13d8a2c2c,CC,경기,94,21,9500
cb43c8b488f923808d037bbcfb29187b53ab48a270470c099048b6e13d8a2c2c,CD,경기,86,08,8000
59d1f0acf0c1f9054ba93e7bf9db72f3f47f3463c6cd78826c6f8f9f9ff6dd00,BB,서울,87,23,1400
4cc1084f017e75fee3baf4f482e674be61dbaf18eaf469d61b4ddbcc3e73b9b0,BB,서울,136,05,1400
cda277c3b42dd7fc05abbcb1c1a696a97dae9a5f336c57d304b95e73d95d3f9e,AB,서울,160,06,2200
68c64a02c5f1ed3a3b2dedc945c1310e17b715c6321899bef9afd4a8dd700722,CA,서울,14,19,2000
5b06b8ac0adb3bfb65030937c7c6d87250fbe966b51301711659803da394429b,BB,부산,83,18,3800
4b1c32d51c9d86e1bfdaf6672273e35d4f12d56ef0f2efa473b9ec6b6a65c4dd,BD,서울,9,12,1500
50710a9647b66fbf13f83c199fbbd1d0d66fa375c192940f11a4bb71c2fb9923,BC,경기,69,07,1800
c3a0d052ba268ef145582e0eab050e719f05522f3713ea713f130805b4b90e91,CB,서울,74,20,2000
c3a0d052ba268ef145582e0eab050e719f05522f3713ea713f130805b4b90e91,CB,서울,113,01,2000
98673eb8c9c2b0ada66160ad51c5bc93e1b23669478118ffc77686276128e848,BB,경기,176,15,1400
15eb66bed3af1fa69642614f6ee30f89b636bf57dd2333e505ad6da6267125a4,BC,서울,61,10,1800
3cf056cb9fc992db5a4064e98f890d5085b885dae2a2ddc57db4860489863ec5,AC,서울,31,12,3400
87b71c62ad5038662697074b6c520db01ffee27790caa21e026c9838fbb587fd,CC,서울,86,13,60500
dda4ecbbf6dadc0f5be300c7dd40e347a34b123f962cf8eb9da987ea50c07381,CA,서울,160,17,2000
38c7b4654aa76068e9d34d0708552954f8a7ebfd0b1ee3e5b4c87ca6ddf15138,BB,서울,72,18,1400
fd46eebf5ace6e5c8ba9186325186c35fbe389c77dd8fea0212e101beb293552,BB,경기,42,11,1400
1b447fd11f4e08c94f70fc5aeb933f053557d59064eddd75757fb982f9761ea8,AB,서울,83,13,3200
9eeeb1fc3127f6540f07a16f5f4733ec9f924086bd9a9642633c557160cdf374,BA,경기,22,08,1200
d902353b997e53a56fc8f3cacd3c9cc86080499824f69ebbb63ad0a970db198e,BC,서울,85,23,3400
2770f0ae5937e0f1c1dded4064501edd3f93408b4923df6d2562d38a6a3a99de,BA,서울,70,06,1200
a66e204893454a3f704b6607fab272d0c371fde6f07456f401c4d9792a1be532,AD,경기,130,00,3200
a66e204893454a3f704b6607fab272d0c371fde6f07456f401c4d9792a1be532,AB,경기,177,00,2200
4b4749bc1d0a07fc2984b76b206589a130c7551f4f5f4a4aa4ca731557fc3476,CC,경기,121,21,8000
4b4749bc1d0a07fc2984b76b206589a130c7551f4f5f4a4aa4ca731557fc3476,CD,경기,29,20,15500
40fc532ada088d318197fae2c3307d55c1d30580625bf0aea0dcbd7c9033868a,CD,서울,100,12,2000
c5ea94a2e5acbec6a365796d85d96e13fec6307d403e9ea0cd6f14d143023159,CD,경기,39,23,5000
120e63c8717cc2def8abf8d5e2a6b196b0b4d9ecac73336b438ff18190d05258,CD,서울,158,22,3500
a8181694a9de11700f019765c5cd05ad0edded18f9b8bcbda2dceba9293f15e8,BD,부산,7,17,1500
7591186337c6a35ce6235dbf75dc2da6846a1c6dc4d17e798ffdcd84955c09bf,BD,경기,62,22,4100
7591186337c6a35ce6235dbf75dc2da6846a1c6dc4d17e798ffdcd84955c09bf,BA,경기,46,22,1200
f49b76d67eb2f3e99d1613e6b7ca5c68ba6cad4ba38bc5fee8b51c3296ebdaa8,BB,부산,148,08,3800
be0947246749d8ba0a09cfd7c553025442958bd95db085949bb1dd2c87c0a212,BA,경기,29,08,1200
8475f1980e5a62cf394c78ed3b7153dfb921c89c687d671e3ebbf3f1fac92792,AD,서울,136,16,3200
51f0b825e4c44023b785a666b7bf18c03346590ad67b517d378808322c12217a,CB,서울,104,18,2000
be7f591369f6c87a74f14d4cc0f0480835e7c5d37ee6bbec7e786cb0e8a3e56a,CC,서울,14,06,2000
3e532a732e3b67b3ab3c828c8411a7512b2429ea10e6888bcf94d88dae15f38d,AB,서울,182,03,3200
d091c08149f3d581fbe8c3e2ee6a175a4e8e7a4c0a4a2bf68837d02565bb80b3,BA,경기,46,10,1200
35b72689489b8d95d24197c71220c1b65ead520b78625ed59ecfbed91536b322,BD,경기,112,07,4100
35b72689489b8d95d24197c71220c1b65ead520b78625ed59ecfbed91536b322,BD,경기,101,17,1500
35b72689489b8d95d24197c71220c1b65ead520b78625ed59ecfbed91536b322,CA,경기,51,09,2000
1e2a55d1cf80a6941b5ba96d3a7918c19ffe782f5ec2343990845226a76cdeeb,AC,경기,179,13,5000
dd4f650ad80cdbe62ca1dc27dede9a7bd41617c89af99c38fc2cbc563dc2f777,CA,서울,103,18,3500
8edcc18ce26c6325bf96ec47a3ff971ea3edf4d3a5249c4022d8257ffb3a4b7a,CA,서울,32,02,2000
7fcd32a9c4582a1427caf7d8195e96df6acb042c7d93aa43ef9419fcf21628dd,AB,경기,11,13,1200
ca191f2fb5f0ad5dc48dc637c15048a9963ecc0e2807f4a5b1b8093d9cada133,CB,경기,18,20,2000
c994372850ec0f6fab69ecbdda83f4ea58c1e124ed1d2e09fb92d72285f56f56,AD,서울,139,14,1700
dee0017def96ee689ca1341f22d17acb597294878b711e461d042183f7a9b177,AD,서울,160,22,1700
0eef60927cdd048f426b84f739dbf37368f00e56e6452e6d47179712dd779d2b,CD,서울,21,19,2000
718693d8e97a3d03e4368c7a6848a01c4e3a58418288c50cc626dc5a8daf7d04,AD,서울,170,08,1700
b8d0a28ea8496880d94896e645c7be110e2faf96045dbae9c484290b16d69962,AD,서울,72,20,1700
aa88d669c154f15ee249cbb518bb827de48ea22ffc21c4bc997e8cd06d70b29e,BD,서울,11,00,1500
df9e430558f1037ca39736a9c2252eac14aa1b43bb4b16d9077b3ca860d51152,AB,서울,103,12,1200
df9e430558f1037ca39736a9c2252eac14aa1b43bb4b16d9077b3ca860d51152,AB,서울,112,23,2200
3244ef820b09681e39739ae964997ddf8b3a6e3264a3fc7cd20ab7cd65fa9954,BD,서울,28,13,1500
68dd1779a33eacd61a1065b48381e319f23608a89cc4f7c94719d76e7023cb42,CD,부산,9,17,11000
17016f5c238a9a4b80d41556971ed8f7a84995ec7e93ee57ece403389248be83,AD,경기,146,15,3200
812842fbb0791e4f987f16a0c0933c31c99ed853adfcdc9514d511b2f8af2112,AB,경기,171,11,2200
5b61f936ba265479a6b0b828d2aa4a16e75c002d515a2ac692ee26910fac6b72,CD,부산,109,17,2000
5b61f936ba265479a6b0b828d2aa4a16e75c002d515a2ac692ee26910fac6b72,CC,부산,73,16,2000
0f6f354b4dae54ce098ad85f4440f6fa9c0fe2ac957c990cac0ecbe8a48bfe31,AC,경기,79,20,1800
f5fd229f00353a42339c6d5a4d9d82f60bb6acc46051148e40153cdf414a2ed0,CA,경기,100,00,2000
424c73d488221692c4a1a7f23efe93dd6d14da17df830e0c4ecabb7217ba899c,CD,서울,129,12,2000
92aa77415f451d91f372600b90395ce3c8fe490c3062fa8d9d2d8e95d4d62224,BD,경기,38,23,4100
bf8dd58f40de514d64c15fd65ca5a603e3159f7bc6bc3cd62f1a8b7ad4b72c0e,AA,경기,125,17,1700
bf8dd58f40de514d64c15fd65ca5a603e3159f7bc6bc3cd62f1a8b7ad4b72c0e,AC,경기,31,11,38600
482beab8579ff53e703bcb7f3431f26519c4e038392e10cff9056181d899df8a,AD,경기,62,15,1700
482beab8579ff53e703bcb7f3431f26519c4e038392e10cff9056181d899df8a,AB,경기,162,13,1200
214fab0cb900fe654932618b2b181d6e4534d14543572ca7e3a57359d45de2f5,CB,서울,8,07,2000
2786db312f5fb6fde82003e8962f117e147d0fd4ed6d319c1225b33f9fc6ed3b,BA,경기,27,13,1200
872c335fefd5d147ddcb11194747e78c618e695625aeb7fb173f421d9eae75c7,AC,서울,41,12,1800
14f8a7e88df1d481b9cc1f168c0f5df95001b63b862cc28a45a1fc8653637792,CB,경기,35,03,2000
102c9242482f9a33e0e8c750e09aca3270dea0da2c0ca718e9d52caffc29f821,AC,서울,46,15,1800
40d7141eba0d17d714ed5296f3ead62f9b8c804929e5ab73a53f4f37faddf079,AD,경기,79,12,3200
7a184a7efe065373f8f38d41be0560c0d9353c0bc06366283005c4f2f92b17c1,CD,부산,142,18,2000
65237abd85e8f9ad80a18d691f47528ff03e8a7419e4f25a888780ea65084d90,BB,서울,72,14,3800
da30f71d4a0d6c7b3f00ebd20fbed91fa16214e27f2e86cc32edba15a9e3af58,BC,서울,177,12,1800
422137452af92b5f6e76a6c22d7be5066268bbe693ca894e173dc66cd02c6de7,BD,서울,16,01,1500
e901e731b53aa69e46950239fb848b3b48b2cb20b753bb9f23b0ac0a2e06364b,BB,서울,31,17,1400
34d5033d43d927e9bbad627449695527d041f8046f71d4dd581ea39e6fa7d6ed,AB,서울,153,07,2200
71f753b302ea79f9a9a441984934b8fd7900723ee04b9202b7ce43c50817e06c,AC,서울,181,14,1800
71f753b302ea79f9a9a441984934b8fd7900723ee04b9202b7ce43c50817e06c,AC,서울,129,16,5000
0a2c9b1aeaeb01c1e6ac319f66059a83401c0253c8d19f6c6f8b3d03e75c5373,AC,서울,34,11,3400
247e27a2da987a7e34c7e93acf2fcea78e291699fe7d21f7ea97ab02287148df,CD,서울,71,23,2000
247e27a2da987a7e34c7e93acf2fcea78e291699fe7d21f7ea97ab02287148df,AB,서울,38,09,1200
625a1bd232687d6a6c2e9dace96211fa6e1039ec5aa3fe83909e34bc4cb0dcd7,AC,경기,44,20,1800
ea876454f71c4550df5bdb435c79dca3551f0adbd6c52aafef81b1c2ec7636df,BB,부산,87,22,1400
ea876454f71c4550df5bdb435c79dca3551f0adbd6c52aafef81b1c2ec7636df,CD,부산,167,15,2000
05e757df3614772fbac4d5620c9f9c00c5e6611437023ca4ce4e6598601ca536,AB,서울,114,08,2200
05e757df3614772fbac4d5620c9f9c00c5e6611437023ca4ce4e6598601ca536,AB,서울,55,11,2200
76a0045f35c9cc14c450f3d71fa07404c1e53b4444af82c91baca5abec0165af,CD,서울,92,05,6500
bd3a131935c5d3bdfef227ce351a208401a224a28cf5ba45b8d7b34efb9c6379,CA,경기,39,20,2000
7ea12c756b63f1e8d33c2da0fdabfa7a70e500372920241e28d1f2187f5c7397,CC,부산,125,16,5000
74eb469f32af5a31daec1b8cd7539f6715f929b0c3d34b576a2f302731df7d0d,AB,경기,46,23,2200
07c931b1072bef051c51034138cff17472aa3cb6fe79f104353c4b3512781e0d,CB,경기,47,13,2000
07c931b1072bef051c51034138cff17472aa3cb6fe79f104353c4b3512781e0d,AA,경기,165,08,1700
42946a84b2f113f72ec3be47563e677ef80bba1b4a25f2ad97a61e668d4fcc23,AC,서울,109,15,1800
4d6c2073a5114d2dc558ce191d62a2ae884f7d3878c73cbd12fc46427e88b34b,CB,경기,42,21,2000
4d6c2073a5114d2dc558ce191d62a2ae884f7d3878c73cbd12fc46427e88b34b,CD,경기,2,09,2000
db38b3cc24d3975cf0a2f784cee31c55b633e850fc28d6ed7d3fc4ce104760c0,BB,부산,180,15,1400
db38b3cc24d3975cf0a2f784cee31c55b633e850fc28d6ed7d3fc4ce104760c0,BB,부산,58,00,1400
3f79639add940388d0825dd24ba6eda48ff0cc01972e573169e76f8a784c0631,BD,서울,43,16,1500
27aa2839394a10d3ff6a9a03ab0b2a0747ec0f61b823806c9b4c10094410b002,CA,서울,27,22,2000
2bb88733440d6e31077884bdc86d14ece60ddccefd5792589342dea6721817e3,CA,서울,124,20,2000
33b52ad42e2470f678578eaebf2b9865f16dd40917554c3079836a7dc83ee3cb,BD,서울,172,22,1500
33b52ad42e2470f678578eaebf2b9865f16dd40917554c3079836a7dc83ee3cb,BA,서울,52,18,1200
e8aff9c255c6ffb107b6fdf8aa2b12aa12622082575409386c25ad61607db926,BB,경기,133,20,1400
4f206167be28e80f3d07d0a8cf849ac7649872b42325926f62d16a72ea9aed76,AD,서울,72,17,1700
88336c0344b22f44564f86973c371e1f604bed8ddf1896b5fb7ebc7bf7749483,CA,서울,180,18,2000
a101b5bfe49a815340e0de7df53d8b4a0221afce38e2c66ce683bc6f2509fa50,CC,서울,52,17,2000
15b73fbe7f4950a27e64e02f0fc51da7cd1c64e8ac6f71d626effd0764c470bb,BA,서울,127,12,1200
bb7ba9e800154d92cb99d45839de5b9d622d1eb9fe95febcc1169c9f5091c6f2,AD,서울,10,22,1700
6bcec6e59f2c0c092e58b78024fb9b2efb801df7f939349ee97358e8a84d1352,BD,서울,174,23,4100
3dbfd5a30c8a79904e44680fab9dfe75bfadbb412a0bd3798e574b2033b83ebd,CD,부산,88,02,2000
795a5f6f88be7fc3055747a15e73a0a16e32cea767a4a25cc2500dab257fa459,AC,서울,146,22,1800
b279ac306a5756273de17e391e85345b544681071848f57a9ae18746836c7ee8,AD,부산,73,20,1700
23115ebe1ac08aec778c744d67140d1bf74a7725ba3832bc2d295162ed74538b,BA,경기,59,08,1200
c379c8293ad5aaebbc4912599afdc91d30282d24d1ed44444a9baaad7d154ce4,AA,경기,37,08,1700
1abd125fc240960c4a17c47969534b334fb718570fe7d83d388ef01d35f2de0c,BB,경기,16,20,1400
efac2af2b0bd57a872c9d5f5757098b9404fae25d5ee789d4cd8edf7f5906282,BB,서울,147,14,2600
bf74ea0cb4536f34741d11814d81a3616c0ca25503a41870665dd2c97b6d75e5,CD,경기,78,21,2000
f575d23ea30ef34116a678bac5df262a0fcaa3d3492291f731c852a2f979aafc,CD,서울,15,20,2000
02299e672ebac432dfbe48a5316b761926c866234f09d9c996d008e8b1988911,AB,서울,118,16,1200
ae8a00d5e8529f24dcd58a132ea57a0785c0563c8e54cd83affc38216bbb79a5,AD,서울,114,16,1700
02be2d4ab763cfc4d998daa878cbd8de44796672dd934ebf9b53dd537eae4bcc,AC,부산,155,09,1800
03b07cc35e5a80e0b6d9681095acf53f07956aeb95fc55d0a09b70a66e559ff3,AC,서울,146,21,1800
dfdf3ed1014247f1d9068aa38762965223660e7f4fbb33ff9cc87e1baf01b231,AA,부산,37,16,1700
c07237f20d7ef7a2abe6c973458bbc5f1206a20e794e687673edde0cd1544a2e,BA,서울,62,19,1200
cc632f765e095154451e030d708c921338fb6273c38cdcf6d6c0def17a379fe6,BB,서울,40,22,2600
54e71cb2ff5b1038b986f111609fba42ff44a5d907a53a339d8b38256358eb66,AC,서울,147,12,1800
54e71cb2ff5b1038b986f111609fba42ff44a5d907a53a339d8b38256358eb66,BC,경기,26,14,1800
b365d69de34b4acad4cd6e750d501b08ee4abe6253bceb2b72814f4d21dc539a,BB,서울,82,19,1400
9977f7402aad0dd9b3679f0f5bdc09cdd496611f56fa2299d1b9ef4a67eaaef1,BD,서울,42,15,1500
b24d73d2a4da5b49eccdadf20074b64ab115a8293111595d599eb844f45eed92,AA,서울,84,12,3200
6f3596c8099be84bd17f3f0ac0ad8def215c146a17cc92b3ca06ef8e86cb0ce2,AD,서울,128,14,3200
ceb20540fd7b7bc1b514b7caa6541b32186ce12f147ee57518c200a5c1fe88af,AD,서울,100,01,1700
54735ec3b0402fa8142c5019d4ce520c133529975433347e0084039b24a7c31d,CC,부산,65,18,3500
ede0141b3d798d91e1289d702cb54800c6a6eb876a01ffab31ef17a1e9049a7e,BB,서울,117,18,2480
c4536984894f4e83b5ef5ab766b1831c396d8fd45bf78e21e1aa511941d9ef0c,AC,서울,94,22,1800
e2266b1e36864e3652c63c34c29c6ef70275c8d25fa1555d34243202af6e9193,BC,부산,63,18,1800
552779f9208af8ec157db31f078694f789ea0c8a2652bcb77a007c95163af3bd,CA,경기,146,23,2000
552779f9208af8ec157db31f078694f789ea0c8a2652bcb77a007c95163af3bd,CD,경기,151,17,2000
552779f9208af8ec157db31f078694f789ea0c8a2652bcb77a007c95163af3bd,BB,경기,60,00,1400
c4a7a0037829bc5968c2b01d42c1b1b897563bd74ea3de2dbd1f492a5d508c8a,AA,경기,171,13,3200
9b6e1c7f83c67efa96480d59bf590da97638fc5f0f1d2c9086e3a087ce388485,CC,경기,65,10,2000
79b434f07875d4640a7ca978c28511b6774717592190f5c360fe921abb36856b,AD,경기,75,09,1700
12af556c78f21f2e6f75a7f37a186e23ecb1d3eda28a4b3b7cc72c91bfeb0e35,CD,서울,118,01,2000
12a71ab80b4cb55214d488076078387379ef0f8a3eae9c4f04f4add0a1d6fc20,CD,경기,145,15,2000
bb67ca4559cd1b722aa3cbdbb73a52dfd0b4299f9b5007e06df82f3b6e6f548a,BC,서울,173,18,1800
7f590b4188eac9ee947ac8b48f909e65ac346a1b6651bac82db1aafa1eca533c,BC,경기,63,19,1800
f2448004c34f9f69f98b4115638dab433d3ac1623cef2c841a5f7d2171fca1f2,AD,서울,151,13,7700
1efd86bb1c97ec52498fd5db9defede941144d6de0bf1d3e92a04a64ca363a56,AC,서울,61,14,1720
b0acd619fd4ccba4cf15c65c0c68b31e4a4e33876aea909ce603af45496c9213,BB,서울,65,09,1400
b0acd619fd4ccba4cf15c65c0c68b31e4a4e33876aea909ce603af45496c9213,BB,서울,89,11,1400
533c7ae1fac9bd4aa0bb2004de0ff123685fa129a77f8057021a2d61aa77e091,BB,서울,113,08,1400
533c7ae1fac9bd4aa0bb2004de0ff123685fa129a77f8057021a2d61aa77e091,BB,서울,173,10,1400
66db0133f8da344319bb91d41352bca0b33651056ce57dba2a46e27d87cd5327,CD,서울,176,18,2000
f4f59111992737add707358f5a95112ac73f02e44b3eb837343ff72230925868,BD,경기,30,14,1500
eb892433f603ffc3d1d1e8c42d44fd70cd9716cc4d7db912fa38c2a8518d6df9,CC,경기,151,15,3500
57daebb4bf2752e27b0c23b221d6476134cf5e0d19c4c3e414d6ccfc661a90f9,BB,경기,24,19,1400
a0fded591eacaf24bba1d908a57c294debfec53bb96d748e2e9dbb831c14ff38,BB,서울,145,07,1400
ab4bb251cc031c55bcc53645a1fe2b673b600e37fb288690555f5590de9de297,BA,서울,28,12,1200
bfcd669d66abd5334cc387b7e39bf26cdb39b9fb52ae5ebff9efd1b16164d867,CA,경기,156,07,2000
6aad3b6260db6721c72af59ef11d25c627b426f6dff287b6555b931705aa0142,CB,서울,115,17,2000
6aad3b6260db6721c72af59ef11d25c627b426f6dff287b6555b931705aa0142,BB,서울,149,16,1400
6aad3b6260db6721c72af59ef11d25c627b426f6dff287b6555b931705aa0142,CA,경기,165,22,2000
39c12d3a6964bdd8ac07b08a053ee10d443712b23199468f280310d3cd1e833b,AA,서울,23,18,3200
cab764240b6eeb9c86d89df0c2173cc1ded4590b66601164cc3d70a1de1027b1,AA,서울,101,11,3200
974f752baa32347354c3a7817d58b9d6a2e64a33224fee17e97367b5a071a7a9,BA,서울,72,08,1200
701f698326f5da865e29d794c20f7f1995da500bd171704bb17413f235c10deb,CD,서울,31,13,5000
202e3eab507840101417c12213331927ad4d0e1ea00b6be3b4bc1739bd66304c,CD,경기,116,16,2000
202e3eab507840101417c12213331927ad4d0e1ea00b6be3b4bc1739bd66304c,BD,경기,6,14,1500
832f2f643a11bb897eaf108d4cad296625c9222db0aed44ea8f7212c4323c27a,AC,부산,61,14,1800
033954e53dccf49fd50ce5d0c66532ee900e9b3a7feea5c2545c41dc45b70953,BD,서울,77,08,1500
324be7ab2d4128ff18e6bd977b7a3f455133c77c9607d471cd27ef6cf7454a6d,AD,서울,175,19,1700
6af902c624fffbd7080bae1772576f90876533c1b833e9aeacdbfbdfc73e78fa,AB,경기,34,08,2200
2a50a91bf5a9d5c8f789ff34b2c8bfc4975e929c0a52485bef3451db07c28d9b,AC,서울,42,08,5000
355cdbbc06bba7883e6fe06b4441ea2bbcf3fb75306827fa99fc4fa381b4e470,BC,경기,87,23,1800
4f3d6a7b352a60ece32ff96ba3658d84b9024f103a6e029cc86f0d53c7f98eea,BB,경기,147,23,1400
ba89ffb17520c31f8bf876a668d2a761dcc49d2e0075d3ee06d70654da8d46c8,BD,경기,59,13,4100
1d623ddcf2060212dc6c7b0bb7e1d72ddc0b14f493d7be31d87d946e28986be8,AC,서울,137,21,1800
fdf5f7fc24e54ba03ccd27bbbcd2d73eedb91fc480b6f41b7fb2eff4a6131108,CB,경기,83,21,2000
dd755d64e36815b50f3fdac585352324777e6738e1652742024db1fbb4cd26dd,AB,경기,52,16,4200
dd755d64e36815b50f3fdac585352324777e6738e1652742024db1fbb4cd26dd,CD,경기,34,08,9500
bab1654c9ab377d7b1858ec46d56db8615ce627541de7ed5a870ccba250ab8d7,CA,서울,43,19,2000
36e39a619ddf09819b0763084856690e576c1bf095176effd1aab0b07ae0dbd1,BA,경기,175,22,1200
929af1dd8b22485a1edf1d4fe738320c4a3707042fd3059e80ca97cba6509039,AD,서울,151,14,1700
9d469d4148bd5c2d0b644fae753cce6d15920167d709e03d48c7b0b44cd60b0f,BD,서울,54,21,1500
0635ff2471fa1f7ce060776f1cfd6503f9579a84f134ef657af96aa512f778f7,CC,서울,123,09,5000
67fba570e5bf397e6b5d97e1576fdf78f6560f70f019c47d758adb9d124e8b6e,BD,서울,83,16,1500
d0e381872084ae7ed8fe35f2387d8bab095ff3a4c678d7a0fb19261bfb8f191b,CD,경기,112,18,2000
0ead8c338dd6f5a24e624f02ed52f83af383944d0c8a30aa5ce10e262cb1025d,AC,경기,40,23,3400
c46b5c042d583b2ba1c3aaa80bb65c71f7c445df387447b195a62cf4995dfaff,BB,서울,57,07,1400
731bee13a90eaa99aa6f40b76441b0b4a396480e709db0b7456aeef65b2ba076,CD,경기,141,20,3500
4ea629ce62219c589d437f01cf076e0f6e205326d02500230bb6a7992e1e4d4f,CA,서울,94,15,2000
4ea629ce62219c589d437f01cf076e0f6e205326d02500230bb6a7992e1e4d4f,AD,서울,126,16,3200
4ea629ce62219c589d437f01cf076e0f6e205326d02500230bb6a7992e1e4d4f,BB,서울,152,14,1400
4ea629ce62219c589d437f01cf076e0f6e205326d02500230bb6a7992e1e4d4f,BB,서울,106,17,1400
4ea629ce62219c589d437f01cf076e0f6e205326d02500230bb6a7992e1e4d4f,BB,서울,77,11,1400
4ea629ce62219c589d437f01cf076e0f6e205326d02500230bb6a7992e1e4d4f,BB,서울,86,14,3800
d3e194dd76066f2b87ece8ffa86317b892cfbbf6a8ca873d4fabb315c4a6bf86,AC,경기,150,07,1800
d3e194dd76066f2b87ece8ffa86317b892cfbbf6a8ca873d4fabb315c4a6bf86,BB,경기,112,02,1400
ebf44e86c96baf82b25edb292a7bd7d56350c9d3211a7e2ccbeda8ad7795f3da,AC,서울,44,11,1800
bb216b32f28263f84555241294654fd018d85cfe57be303a0c1c9cf65d766be5,AB,서울,129,17,2200
e51307981cf05c83a0d6aa41342ddfd9cc3816c475f83f161b14f400e1e01f0e,BC,부산,89,13,1800
d8ad82683fbe0e3df76d34df7e059664cbac8919dc96a6be0bba84087d97aa05,CA,서울,132,11,2000
c56dc45629cf4ac0e8831c27c57e0ee084f6e6d634c7939dd4d2fe2168e05d11,AB,경기,119,19,1200
4fb9d67af1c75790a5060213b35a8babd25d881524a006ca03d3aa4680281026,CA,서울,123,15,2000
fa19c8ba7ceaf2a8f721d64f6a6ad53d3efecb52736988ca93290ce7dd7208bc,AB,경기,73,00,3200
6d89054dbfd3792b71205dc7e13a44c0a166444824d53d17639ae5f64aaa10b5,CC,서울,94,22,2000
6747feba7d1374bb6ea3264f0c58729da1075172cddb54752a363d08440926c2,AC,서울,143,11,1800
a5cfcf7d403779bedab57ba5dba2936c4a4a7ee04e2c62fbd268ec5bbf27fbee,CD,경기,119,07,2000
909f4b05fe7fa3dc77c2c7b8d1c5deab9302b69c8c6a0749241a379f802af7c5,AA,서울,80,14,3200
a6e20d46a5250e2be8b6ef40b3d39ea495aa5193863a738ffa94a2327da3d80a,CD,경기,145,13,2000
e7a9c518ca64ddea6743664854b05883177abf54e89a4c90bcf259a535c0d9ad,BB,경기,179,04,1400
e7a9c518ca64ddea6743664854b05883177abf54e89a4c90bcf259a535c0d9ad,BD,경기,156,13,2800
593155e9718a88363258bc069cf7dc29a97c98e05e5792a795ae762171835f1f,AD,서울,117,05,3200
cc2bdae4cb9d22c882b43715e28cc59baccf4d614752bc09265f4576848664d9,AC,서울,110,19,1800
191ab8fda7a94e24b118ea5a5014ed2c4d035e80fdfcf7cebecb580622cd2295,BC,서울,74,17,1800
191ab8fda7a94e24b118ea5a5014ed2c4d035e80fdfcf7cebecb580622cd2295,AC,서울,22,09,3400
191ab8fda7a94e24b118ea5a5014ed2c4d035e80fdfcf7cebecb580622cd2295,BA,서울,84,13,1200
40eb5fd0fa11fdf3694cd1101ae68af81fa826022c9cb2bc3f4fa7aefec431cf,AC,서울,20,14,3400
fb83cb430ba24bea44bd219a1d55d95272c77baa5c661430aaa679d2448d2b02,BB,서울,93,07,3800
1a76d29f570e7b6902a5dc16519cb07103251aa8f8d7ba67968375e0bc9ff75d,CD,서울,130,00,2000
0d48e8b3de9def424b3326bb88f98fe6700db07734f96623f245dfc3dceee13f,AC,서울,37,22,3400
56d5069095d928b9e4d2874a45381daacc0141c469b6302b6578b6903a9fbce9,BD,경기,128,00,1500
9a153a51cc9ed14309a57a8c5cd04f97095690eb28a2fb4bacafc1dffaa12b0f,CB,경기,96,02,2000
a92e1ef9905a9b8bc0a7c8df3339d54111c82fa96dbc46bcdfcf02892cd25a67,BB,서울,106,13,1400
6cc812bafc1e78f0373b74528615c1f4a1491acecd084cac183f891dca2fcb49,CB,서울,17,16,2000
e0258be614e09d0d89a62d36556415ca58888cebbdd105fdd1461fc3cd6b9c20,AA,서울,178,13,1700
79e7f6c2486b35654efde5866785e7238ccb62dbc0aa1d9458043c46e99520bd,AD,경기,93,08,3200
79e7f6c2486b35654efde5866785e7238ccb62dbc0aa1d9458043c46e99520bd,AD,경기,86,14,6200
7adf6352087ad80b10e054a15bffcefc1daad63e5d5da2d2499af2343ac5463d,CC,경기,158,22,3500
b241bf35663f8ba136c7f5d434231c432c6db9ebae4dfa22122871a56f61a829,AB,서울,147,19,1200
3c699882288e770470615082be8ffa9d5c57e286caefaafc64f17f42b12c5935,CD,서울,8,20,8000
0285cb6c010a7f480b81df2e2c9ce98d76773b6f3cb3d14fa984ad86dfc9faec,CC,경기,43,01,3500
ef04220fd2994afb908559f7cec087d9d986e7b528c84fcb2dbf7dd0ffdf2035,CA,경기,138,16,2000
620e3e546bed9cf5abcf0c33bfdd0b62ba5ae558b8fd075205dfcf5700778692,AB,부산,92,20,2200
620e3e546bed9cf5abcf0c33bfdd0b62ba5ae558b8fd075205dfcf5700778692,CD,부산,11,10,2000
13fc50d3b3ef97b4cd9af2dbc10de2ff748a5296aafcdad2c320c6b15eee7323,AA,서울,181,22,1700
3d6f1ed5617ef97cb578279341ac1b573c29ad2f1142d43c0d4974d5af7ac7e7,AD,서울,181,15,1700
874b29f7d182f1e71b6575f1ec629ec8637e5582bc271d21c639ac6e2f4ea71e,AA,경기,120,22,1700
7c7e731bd6b6b69dbf7bc757795bb65e50dbacb831ad462eda03b9a8190dfe56,AB,서울,152,21,2200
893bb4beedbdc555221e9b55e72616d97590e4ed978840e4eab15eba3ab3072d,CD,경기,150,08,2000
4a31aaa5d7d649aaf70591d5fb5ccfd82915f71e448269cd01781766781eb4c2,BD,서울,10,01,1500
88e19733b23aae9573f9cf78b5c4b4c850f015fb6c2b29214384efe84d621f34,BB,부산,100,07,1400
a799c6c4dfd17bc0d549397b6594cc3cdc960759e4b65274d7a1b10cd3e5e813,CC,서울,68,12,3500
65c30d35eb78b04ac74df0e4cf2add722e6306bfbb356fc9b16ba7ffe946ac19,BB,서울,11,01,2600
5575f20b18884304ea53f5ffebc772bf55d03e32f1d60271e449074f2ef834fb,CD,서울,39,20,2000
08e7b8ae9862c00d1ef00ffb856cee4390a33d6d3183ca01697b6e95033af1b4,CB,서울,47,17,2000
49f411a46a90e0fee26be17f43720b73abc80e7206d0564b80aa625fc5ad0243,CC,경기,123,19,2000
a49896080a4dc9928478131c9760bf40fbcac3294870ab04b22938c1c478fa56,CC,서울,73,19,3500
6de46670a9473f733d786b12c92e3949663fd87ba0c84fe22acd15e428549d5f,AA,경기,33,08,3200
71ee5b1c2acb085c718966467f9b754a58a3ed1777400f37abbecbe9f17b7d4a,BB,부산,103,13,1400
6dd20a178a92ae1943316edc2daca041bfc8f0de2512f78bf7faccde5edb7080,BB,서울,5,10,1400
482cc42a478512a77be474534ce3bb3be226ab5aa688bb537882a6f75809839e,CB,서울,11,21,2000
acf87f9a899090f11c1b1676defb57f8ba1ad66d799a885cd06aceb27726fde6,BD,부산,45,15,1500
c1996a563e80a3d0fc3c017b7e861203c36766c89d05dc7aaba78381a96f7dba,BC,부산,81,19,1800
5e4f8d09e147f789555ef23805521e8392d3b3a17d97dbadc3a6cfbc8ad7df32,BB,서울,57,10,1400
336d6d5b1a9768fdb551b97a0c6ddb53128c6ea15ce8f6c64743c5f3d49b422b,BA,서울,124,13,1200
cfc4cb4cf2ea343f4c2cdb99474d5791c718475b98c5db488d9861bcac684774,CD,서울,176,12,2000
a27c7ffbb775481719ca60a5af28591e77d48cb41ba70dcd5a19b8a4ed89d429,CD,서울,5,10,5000
68eca3f431d37661681fe40f8fcd34be2906dd1ce55b91bd55fb6a2d0ef53207,AB,경기,114,07,8200
6b26e462eed49c1bf6a3349c8c525c31d482994ed1677219c52428e047b76c75,AC,경기,28,14,3400
9ad11831c7d83dfcfcf11df15c7fcbb0b8e1e672d0298751e5cf32046eba8b2a,CA,서울,40,21,3500
841eea9729728f0733195865bd76b61ef4135bcdbfe0ce4e2ebeec2bc33e5363,BD,경기,123,09,2800
0c7f228dc22a05a8e146ea50b7a1e6bba63b570f9cd4747fba6e6edfdca96830,AB,경기,122,23,1200
bde0c3ad46f5b72017bbc8aa840eb9b96963ac5de03a5e861e609f224382fcb3,CD,서울,116,09,2000
e3b3ba02e063209716d0e8cb2acd543f65e0f04b76c4ae384082e5b7e83b67da,BB,서울,168,13,2600
6900234240c197929cb8b519b13da4f77ff3ae14c6a54bf470c1b9a364a59c68,BA,경기,103,16,1200
3745b639601352e9a1851bf7675ce50484a8552cbea1f6e217625038c0c9117d,AC,서울,61,00,1800
3745b639601352e9a1851bf7675ce50484a8552cbea1f6e217625038c0c9117d,CA,서울,61,05,2000
352e0783499a989a4fc432ba932f7055796f19254b15c83292babfa04466d457,CA,경기,120,22,2000
317e9b04a2086036bc68df9b1008b4ff963a423b79c3e9a42db6a48bf4ac4ec7,AB,서울,53,10,1200
317e9b04a2086036bc68df9b1008b4ff963a423b79c3e9a42db6a48bf4ac4ec7,AB,서울,36,17,1200
317e9b04a2086036bc68df9b1008b4ff963a423b79c3e9a42db6a48bf4ac4ec7,AB,서울,109,10,1200
317e9b04a2086036bc68df9b1008b4ff963a423b79c3e9a42db6a48bf4ac4ec7,CA,서울,122,14,2000
b96950ed1a445ca863f8e326ca31b3178ce398dea10ae992ec997cf412b8ced8,CB,경기,134,16,2000
b96950ed1a445ca863f8e326ca31b3178ce398dea10ae992ec997cf412b8ced8,CD,경기,116,12,3500
bb8b52c566ba3cb7cfcaee0cc37871d8003d9b985412c58c564ae5a7d915d29c,BA,경기,11,13,1200
2c43bd71561ebd256cf67a77889f0ce45b778a4f8cf47abe3211e914f2afbd7d,CA,경기,26,00,2000
e0601db82a20f9f7c7770f67e10a02334163e71386d6db93121c3afbb31e0128,BC,부산,65,20,1800
f925927c02051391a338546a8f03a581b1ab305ea61b6945dcaa6bc082c6435c,BA,서울,126,11,1200
1916dd9e2f6d4ac693bacaca920fb24fab129471bfec28a415d8a04eb048a19b,BD,서울,37,08,1500
e2142875d64ba81e822123722929c0a45c9fa3902501a4c22446a25e55f6dbac,CC,서울,26,17,2000
f46f3013443b7209150d4f5f2e6fef7efd171aefbe341c3e6c278b56892fc605,BC,서울,136,06,5000
b34d00cac581b30147c6e4d968f5a32a280b0d7cc892a1cb5888822577a65800,CC,경기,158,08,3500
be44401a9cc3cf79cb482360f343da0fe9cb76a91ea212002b18bc2b56861163,CD,경기,109,13,3500
7499f130a52e0e563a4bf2698dbbea070b65642577b97c87690dbf2f0713b048,AB,서울,162,08,2200
d792ee99e83c3dcdf441fc7ffcbf68328f30453bde874f5945fa21f4b819533e,CC,서울,166,20,2000
9f87595b45da8697f73608725566d4271eca313838b87bf59989caa190ccab0f,AC,경기,94,22,3400
9eb0f9bae548a822b03795239d493f28bb597225ffbfe53af39732e0ea253aca,BB,경기,109,21,2600
b15455a0094f85f33b6ff85ae476c4dcac108430f3572a7f3ca5f3f38c76bc87,CA,서울,170,21,2000
b15455a0094f85f33b6ff85ae476c4dcac108430f3572a7f3ca5f3f38c76bc87,CC,경기,61,21,2000
642c3c336ea8fdc07e25639fd275a5944e88ae194c77a4f58fcc712db3ef5f6f,AD,경기,161,20,3200
03d100dc809e1bbde7a27d6e5600e3335f8340709c9cfdb5d5b4ccf215fce20e,CB,부산,9,20,2000
92e4d2bb56283addc88c82d21d976776e21d46c46da1e0ff37afeb5f8cf1ccbf,CD,서울,157,00,2000
ba6fe0d303dd7c33847c274d2dd557291a234b5774a2f1394e8b6d9e9b6453bc,AC,경기,74,10,1800
c162512f4434ca0f8e799b915585fc8b17e2ed50eaecdcf24fe716f425120443,CC,서울,44,00,2000
181e029a15582a0dac72a1a1c5eb34ab0956f1f72b66823ecb5cd24f6567b946,BB,경기,67,11,1400
30bb54f35f3a1d0429410cb161efbd37c91a2ea8a9ab7555ee971a2872a2fc60,CD,서울,166,21,2000
d31db6c4bfa089d70cdc9b96f9b93adeda2e093b958a8c9c349e06610767d3db,CC,서울,50,12,2000
34680914b68cca91da655b8a99cf55d78eeb3387b8750da1a45f053bd77afe4d,AC,경기,49,13,5000
ccb91b831bd53c71c4b94c0661aa4252734f7104849a871fcb0af3a016b8490c,BB,경기,75,06,3800
e358f7981b429e12f7b136e237d996b174ac66e6af6a816bc6ecd7cfc3d7f417,CB,경기,3,23,2000
e358f7981b429e12f7b136e237d996b174ac66e6af6a816bc6ecd7cfc3d7f417,CD,경기,7,22,2000
e358f7981b429e12f7b136e237d996b174ac66e6af6a816bc6ecd7cfc3d7f417,CD,경기,3,22,3500
87131362f3be529f5dc7ab98d237eafd7459db4d719c89b59103c773c4de65c1,CA,서울,182,14,2000
87131362f3be529f5dc7ab98d237eafd7459db4d719c89b59103c773c4de65c1,CC,서울,50,10,2000
69f40bea713e455d89c097dd2701e0a9d3d498142d78a7fce740cd081481d93c,CC,서울,120,13,2000
f93cd7853c79a8c5d7f53120eb7434c69223f6cb4358f9597815eb8acb84c9a6,CA,경기,95,14,2000
8bc513fc39b7668e50908b51af108e3da072bd8757a6437fe3a1e4d9c55d4840,CD,서울,81,23,2000
e5748b1a200c2df9409536be4ffdac0e8547649e399087ca674ff5ca5ce4763d,BB,서울,71,16,3800
4bebac1da4c31e1616fc5d9ef4c766a80b1912e4faf2d6ceedb8272d40da24d4,BA,서울,56,15,1200
7adf1021022b08f28ba60ebf206d85651446999a40d5cb085e48a236b528620c,BD,서울,86,05,1500
e8586c38c941677aa4b8ecf75bde1ced26e96d66ea47d250ed9949684ab3714b,BA,서울,45,16,1150
164af05132d9dac767b658c25314e3d777a7747ec32310fd05dab4b241147b49,BC,서울,4,14,1800
e9e345776c5d45d199bb24d57094287136ba1295406e93a63840705416a8c8d3,AC,서울,42,20,1800
4813659e82082bded23ff361a9ffcef04d17d0ede3953d0a6fadef7209e73367,BA,서울,179,22,1200
6952e7a1c7d32662278be675a59c8d22a7ebd06b10f78ae6119c1a8ea35cdd7b,BD,경기,36,00,1500
87cb72cd6b70e4e0ae7d1f349f0e4a255a95e09543d25ca8819888c1d3caae90,AD,서울,105,14,6200
cc9e88f7b2b16a92fd3875f38c413d18d783cbe66b64a0d2ba62b5e6d56fc57c,BD,경기,32,07,4100
0fb491cd3056221cb955a986346ce815e27659b680cc82e6e702ae8bbcd439fd,BB,부산,33,18,1400
07fde81e289d5c0dfa3e2a56f0efe863bf18814365ead4fcd479276403a588b6,BB,서울,64,20,1400
a0db234bc114909cb42f4ed4f2bc6cf44e536957d0475ed671dc13500c9a77fc,CD,경기,2,15,3500
16f387157728a033f219da1d6a0075f283262d6d75dd8d96d91efc2de91ef40d,CC,경기,105,23,5000
0e8979fa71ed4170efc5389a06548c7b640b25b68279ce3ad079728aea91ac17,CB,경기,7,04,2000
f25b8755cb055dbd056719caa60c9f8a1addf1e2090a13571e34fb2ebf6a0381,BD,부산,37,16,1500
06a6007977740dd8fe4ff848d3943bb4d039531e8cfa2dd9b68b791e6175d295,AD,경기,109,12,3200
fb0eb195d67aaa8a50090cf8afac06b2a82afd74836e622f734871bb7095c4ed,AC,서울,144,15,5000
0a4f318e5790b8754a326546faa1b283196ddf5f2b33a0b05e4bfc88184633e0,CD,서울,135,09,3500
0a4f318e5790b8754a326546faa1b283196ddf5f2b33a0b05e4bfc88184633e0,CA,서울,119,14,2000
341e8a9604002f270d7879c9d4c07662fab9d2103160c3cea88c80a6b71bb12c,BA,서울,172,13,1200
1ca3c14cec6e87e0d6f6040c63d5280e288f8df1b05b25ba489283577f87a2c7,CC,부산,135,00,2000
e4f63faaef3b2712e9961f261958e6db893fa95bd4ff47655b3e1afa1680187d,CD,부산,114,09,2000
46340ab514f640ef7b8888d6f99addfe24765e5e4910661111e377d746898b15,BD,서울,17,04,1500
d1aa430e1a222763eab6327cf4f21e829e0b4554cc50c21d6129f444f69c12a5,CA,서울,139,14,2000
9ec024dbaa15bd6a99e51796979cb77d6e15860951434f191fbcd9274bec4a4c,BB,경기,182,23,1400
e69097c046be25ad35b386da494833255783e8e02fa042276efb63a715ad01f6,BB,서울,73,00,3800
d9a6710f303b4f8e8f54475c4c04eaf0f836bd42b374d72307f51f5b21c2a339,BA,서울,19,13,1200
01ca15c4159d386c2bc1dc9180d375643f571a814bd260d1cefc081473012923,BA,서울,11,18,1200
d7c28cc5980df02d8361b264ba6d339c7e8381bac17a239b952de634ec85e8bf,AD,서울,69,19,4700
28691b946c874ba8486a52d5d4aa4efee8578cbec2d3f382758d2770b39d81d9,BB,서울,73,13,2600
236ddb343bdc751fd685d6d1085f5c323376331f8c2432f658bebf0d1f5b773f,CA,경기,155,00,2000
a9dfabfac32e2a081f5accb4b53dcedc00525f1fef2f5faf1c5df450de606c95,BB,경기,158,23,3800
d98a77b51b7d6d80f3bf5a6df151bdedc06915bcfdfc19d0136eee669c0eb2ab,AA,서울,106,09,1700
0998ab15811fed250fb2b42b0787ac5144a2c3923a58d47a4a4142c1980502e6,BB,경기,96,16,1400
c75ca2eb0b6ad68fd91715dce9b2f640240cd636972617af77879ab759f0c715,AD,경기,126,22,3200
c75ca2eb0b6ad68fd91715dce9b2f640240cd636972617af77879ab759f0c715,BD,경기,120,10,1500
055fe4e9539ab6dd047e4e95aa989f218cc3e5c3068e4915c97ca16038dedbea,CB,서울,34,17,2000
8e6e88ed5f95435765c1cd9f75cce998429d448c2d6557b9ccd1945350af786c,BB,경기,87,13,1400
d48e7fc25e258137a7cebd41ecbddb3d203d8285d0e326832a17cb5d8c27da94,AD,서울,109,23,1700
4b10b5cd0604f4dc9225d0b750c53c0abd0ac82c22926e96f24f624e404c2e97,AB,서울,36,17,4200
4b10b5cd0604f4dc9225d0b750c53c0abd0ac82c22926e96f24f624e404c2e97,CC,서울,153,14,5000
ffde6be63cbd241f1468348cb193b781380d2d334082517672547c4a1b3e0006,CC,경기,121,15,6500
a1eb4685fe6a0bc9ffaf7217be0f8d35b0e3f5ffc44bd35ce8ff6c2b1e306f2b,AA,부산,72,12,3200
c46f750e8568cd0a46abf2873babb2b2f6fc10b622ef1c903d8f30c56a6b90f6,CB,서울,42,14,2000
c46f750e8568cd0a46abf2873babb2b2f6fc10b622ef1c903d8f30c56a6b90f6,CD,서울,101,13,2000
3aa23958c93b35fa72f4a4ae6be37b9be88d04e8dd214c9c9b79afb06ba4a140,CA,서울,103,20,2000
93139ee2775f30a35c285f491a6a52b03d6f1ad13cac33f16c41b967933a0f70,BA,부산,90,22,1200
a3ec24d0ea5f26662da98b85371d6ae37dfa34189929fea8c9bc30f70b0af50d,AC,서울,96,21,1800
e207e087b0fe90b233f88a58dfb3dac9b2eea30b2f66f67c697040dc470e1ddb,CA,경기,42,10,2000
5bad9d4f751955a9ffff3e3eca9ea89969f9eb39912eb72a58c0e0ca2bd4164d,CD,경기,170,03,2000
5bad9d4f751955a9ffff3e3eca9ea89969f9eb39912eb72a58c0e0ca2bd4164d,CD,경기,152,17,2000
5bad9d4f751955a9ffff3e3eca9ea89969f9eb39912eb72a58c0e0ca2bd4164d,CB,경기,28,18,2000
c40276c680132d7bd54502538dd20cac0d1d2941003f2bebe10186d407fe67cc,BA,경기,50,16,1200
8d2ba485898f6958d592c48cccdeb51477d62ee421197fedcab39c3e34535c2e,CD,서울,115,00,2000
34a11545549eb18df78ba6e8896785f34b916ea1bfd90d9db8bda0b6f09200b9,BB,서울,127,06,3800
66def5e392f927951eeb507dd2e0c08c192dce7de87d46cf3fd9e3f0877a4383,BA,경기,122,08,1200
a3cff23fdc13bd41cc0aabdefa9a1a53ed20494f644cb8b2280f3817c4c2ab79,BD,서울,58,16,1500
87f814cbd12848005152e192f754e6b59fc1196d74010956b15c8d9e9a775d3d,AD,경기,116,14,3200
6e7860f9c705ce9997840a0fc46a52dd7cd8fff71ecb6e737da843a471108ff6,CC,경기,145,18,2000
6e7860f9c705ce9997840a0fc46a52dd7cd8fff71ecb6e737da843a471108ff6,CC,경기,75,20,6500
8cff14a2c2b56c643e4296287417f77139a329d0d9554a572dae49043efe9ca3,CC,서울,77,16,2000
c809fdfd88b9c8e8babcfedb81239e396c91db913bc75ed7166f85370bec00a3,AC,서울,125,18,1800
7971d7c599c97b2cb50d0dea8b03f86d4fc5aea605495c67295c89e730e0ff0e,CB,서울,79,20,2000
7971d7c599c97b2cb50d0dea8b03f86d4fc5aea605495c67295c89e730e0ff0e,AD,서울,151,23,1700
7971d7c599c97b2cb50d0dea8b03f86d4fc5aea605495c67295c89e730e0ff0e,CC,서울,30,21,2000
2e20c8b8fc8dd7faa982f96ef3c525fdd54b7b5341f2ad6a77a57f89dab811b3,CC,서울,182,09,2000
ad8440490d1a576e6d9e0413232c2aa48811bcc32f1ceb8f86caf82bfab0525a,BB,경기,48,17,1400
ad8440490d1a576e6d9e0413232c2aa48811bcc32f1ceb8f86caf82bfab0525a,BA,경기,13,10,1200
ad8440490d1a576e6d9e0413232c2aa48811bcc32f1ceb8f86caf82bfab0525a,BB,경기,49,18,1400
ad8440490d1a576e6d9e0413232c2aa48811bcc32f1ceb8f86caf82bfab0525a,BB,경기,131,15,1400
ad8440490d1a576e6d9e0413232c2aa48811bcc32f1ceb8f86caf82bfab0525a,BB,경기,131,16,1400
ad8440490d1a576e6d9e0413232c2aa48811bcc32f1ceb8f86caf82bfab0525a,BB,경기,140,15,1400
ad8440490d1a576e6d9e0413232c2aa48811bcc32f1ceb8f86caf82bfab0525a,CD,경기,178,08,2000
ad8440490d1a576e6d9e0413232c2aa48811bcc32f1ceb8f86caf82bfab0525a,BB,경기,127,17,1400
ad8440490d1a576e6d9e0413232c2aa48811bcc32f1ceb8f86caf82bfab0525a,BB,경기,127,08,1400
2f0256da0ec1f2a47b9a78a5e088abc8d44c0f8d51c494e05aa0b72d7ef4d444,CD,경기,14,14,6500
25800142427aa33c8660e82f9b1b5a8020ac356007df323894d9bcbeb7452cc1,AC,경기,35,14,3400
25800142427aa33c8660e82f9b1b5a8020ac356007df323894d9bcbeb7452cc1,AD,경기,139,19,3200
9ff40751a02d3ded6218391b64acd9e98fae5102986d483a9647ed1416f9bec3,AA,서울,131,01,1700
34382edb8373a4c4d04c3842b38ec3adbb0014c0e1944624150adb52bc178554,AC,경기,139,09,1800
14c71fbaecc2ff76ba47a2e855d87bc84589b8c5ed145654d1c671848a1eb099,AB,서울,171,19,1200
839bdb24b6c011fb8f1dfff9cbbfd7db54e552e5fee31906a343029e4e7cc456,BA,서울,52,10,1200
a368616a963a044abd52dd4777d4d9938667376917d587fd53743a0c18b685ec,BD,서울,132,09,1500
a368616a963a044abd52dd4777d4d9938667376917d587fd53743a0c18b685ec,CA,서울,151,21,2000
e652da20858a656cdd3119d135986099d6d4e7bb0d973c79fa727664ddf37920,BC,서울,172,18,1800
d623682d2a2a461b678d2dce3652dcd6d83f3ae197edfb3548a14fde0ac6a669,AC,서울,40,21,1800
43522546044817666109a91ee40ad1b845dd5f9559cd2db2518d09355494f63a,AD,경기,128,22,1700
c30ec4b4f413ca57c2093363e14e235fdefa555a2c3a75f9bd11afd50141b37c,CA,서울,38,17,2000
f3ab9018de964e5cc59baff3245a2dbc443be2ef2b0bdc91f505ec192c72e484,BA,서울,136,14,1200
891c06af16736f45e20b16ac19b14f922961e8076238a6bcacc5eca1757b5aa7,BA,서울,9,23,1200
ec0997c3ceacc089fa251d2ff398fe3272b34d932a81c4d2db81bb302b29cc82,CA,서울,170,11,2000
e75e72f7ca38502c279c75249a3f7d93bd4608dd313a39a47614b825e0fbf06f,CB,서울,7,14,2000
061c53369855b981b63195441011aa2ff4716db9434c7454f1ab912628a27ec5,CA,서울,89,22,2000
36368571d70573bc203b30a15b75e7fd7c3794b0f040ae1762c2092ef32c0e20,CC,서울,72,17,2000
c76e69e155d62edf5c4cf88b2f6d1839615bf02ee953dfba7bc0cb2793c53a7c,BD,부산,94,17,1500
5092f233abc8af2e9df42faef72e26f2aa898d69e7f8d77fedb709f8a39bc855,AA,서울,72,15,1700
9217034a9998ae98145dd85585dc0506153fd1d82a803bf637baa116de6ce076,AC,서울,115,12,1800
e57e70c6fcc9fc518be4fede6c792b67d1e00534322c94f64828e03aab9dad66,CD,서울,144,01,2000
6b1b18547e5cede96d812ddb7507b7804379eff635254e4c64212abaac02357e,BB,서울,86,13,3800
dfbb45bc06f9b3cebf00d35203baa49ab94dc44425dce8d5d2a79985afd16e3e,AD,경기,82,16,3200
71c090871f9cb8195ce12757e4c442613bb2b8b16ad3d822700d2ea8e7ab1832,CD,부산,2,17,5000
db498fbd56e93288b5fde18b4bf086e1cd125911fae1239e44c9ea16d5384418,CD,서울,135,03,2000
db498fbd56e93288b5fde18b4bf086e1cd125911fae1239e44c9ea16d5384418,CD,서울,93,20,2000
db498fbd56e93288b5fde18b4bf086e1cd125911fae1239e44c9ea16d5384418,AD,서울,112,10,1700
19b492e5cacc66be3759e66fdc7b20030f31ca9255d68e539fd06078ba54a1f8,BD,부산,173,11,1500
2fac8703799e767f6e256226c864a73b3b6444f135e429b9aaf18bc4b4fcbda9,AD,서울,163,09,6200
2fff28108d71b3171b1703329311480754389ecfc96ca6bb6b386a3daea055dc,AB,서울,67,13,6200
3048450c1b70a898d78899ea3155c74e1e70ee04d30fdba55bf70bddcec01de1,CC,부산,86,12,9500
4ec8a3ad88074d4372f17d22499f28945f35a0966e6cf89d4e7d61e8b9788d9e,BB,경기,83,16,1400
1e202e29d5171b202239c4211ee9424c5737b6090a4f3b5b825636065b73e4f8,AB,서울,147,15,1200
1cb396bb3e370b3c80a6f23a7dc978dd8ef56771bd64f97168e1164860862bf9,CD,경기,14,15,2000
1cb396bb3e370b3c80a6f23a7dc978dd8ef56771bd64f97168e1164860862bf9,CC,경기,126,13,2000
1cb396bb3e370b3c80a6f23a7dc978dd8ef56771bd64f97168e1164860862bf9,CA,경기,101,15,2000
1bbda38152cdc6cd8b8af9f7c5e108ac3adf84a32d0002ba6152b3f109efe343,CA,서울,82,21,2000
5e394d3dc72ffb4d98726ae5a0fbe01d60805fe9d61ea3b51d5ba27ce8c3356f,CB,경기,174,23,2000
a1eab19b5761e007020f5f295af431dc954a63964e51746ef157f53e1017df85,CC,경기,129,21,2000
61d000c906c0a5755fe5832e484cf3cd5dd8862c899a228b708fd113215d3eb3,CD,서울,21,14,2000
26d21dd431a05cf7de62f563d222c67011f954c0f7e0e0bd181fb26373ec12c2,BA,서울,27,22,1200
494deb71504502a1a4ce880130b1029ba592a23798c9765f4c7f9530813d0280,BB,부산,64,15,1400
494deb71504502a1a4ce880130b1029ba592a23798c9765f4c7f9530813d0280,CD,부산,62,15,5000
494deb71504502a1a4ce880130b1029ba592a23798c9765f4c7f9530813d0280,BB,부산,103,16,1400
32a2ed0b8be8e3bed7ae3e00f68f1dc2770cb02a5fc2bb468391ce646526d207,BA,서울,73,08,1200
d421288ddc765c86b974623d61727ae550b30c70619ad63697926ffdeebbd343,BB,경기,126,08,1400
d421288ddc765c86b974623d61727ae550b30c70619ad63697926ffdeebbd343,BB,경기,133,07,2600
5ffd59d433fcd08c6b39f6246296a31314e6ea7835bd7df6f4e10cc203cb32e5,AB,서울,95,04,2200
9c5565924a004bfd3c496ea64270a7594d8e2c8a71e1d1e6feea98fe6f0688e3,BD,경기,109,07,1500
b5eb5129f6eef48a879199c03868bd91070c04c8cd7bd385af33939900b23d9b,CD,서울,80,07,2000
b5eb5129f6eef48a879199c03868bd91070c04c8cd7bd385af33939900b23d9b,AB,서울,168,06,2200
dfcea5b3ef83affee43df4d907fbd55a7398f8e76f7f9f66871c388e4ca01831,AA,경기,11,15,1700
a281e8a2021b4bc2fe04078ca4e0db000d5737cac6d3ee3bca4bd8bafbd6a8ac,AC,서울,15,06,1800
5d80fb3a86414d2f97fb6e278f2d106f9cd39a3460f1554b6160c37322beee33,CC,경기,109,16,2000
5d80fb3a86414d2f97fb6e278f2d106f9cd39a3460f1554b6160c37322beee33,CC,경기,109,19,2000
5d80fb3a86414d2f97fb6e278f2d106f9cd39a3460f1554b6160c37322beee33,CC,경기,128,14,2000
6b304cb3dd027d428f7bf86fb1d6ce90c4c74510be8215ae0d97316fc095b4e9,BB,경기,174,15,1400
a382691f671f47928befcfe79dd73135243820f1db150208679792459ca4ae57,CA,서울,138,01,2000
fd29d596529f060df6741d741a5e9d0cd0a340388c33b291d1ca5cf2d5cc7a02,BA,서울,32,15,1200
258cda5cc087627505a86314a6cae943f719f6abe74d8d8a59127467e8b61004,AB,서울,82,23,3200
7c133097c9d04abe5837d28c4fbb65ab4b8c1d70c997d34eec9e63a4d20c5e45,BC,서울,87,12,5000
5db4b514fba0373f99b38d2db3fe8614b3a23c74567c14162e6e9037cac76066,CD,경기,118,21,2000
518070941629925424d9a2dfafee32088b18104fda4f9b9dece0fa7bea71992a,CD,경기,72,07,3500
63b50371214ca9d454790f17bf41290044a2316c63d0098253a60524bf461444,BA,서울,46,22,1200
c80f6f907b138b0df2dc43e28298bdde7f8b9cdf2a96ab0d1837512aa2f0bd0a,CC,경기,64,15,3500
ddcc74d9d3f3e05e11f85e3657a88ca5e16956c59d6468cf9ba03bf5cdb8fc0e,CC,서울,56,20,2000
20f35de925d3b8b9131c3901e64b45b9707696e6d89e5635b665c6b880e864da,BB,경기,70,08,1400
2b537160559012d7c57c9024884d3a796f5306d261335ffc456a0d3ad1990d96,AC,서울,180,08,1800
972f860f8e8ed1198f97b04a0fcff56d01291844606cff79900c28067d098ded,CC,경기,140,09,5000
d48d756c77f60d9d4d443d8b80ba9a1f917d57c149dee176bd8ce239c9ce731a,BA,서울,16,08,1200
d48d756c77f60d9d4d443d8b80ba9a1f917d57c149dee176bd8ce239c9ce731a,CA,서울,135,18,2000
2028dc2bf6d0ac729251ba614a925eeb43fb25f175983c426a38f7f8445e9331,AD,서울,152,12,3200
4b2afa65d1d0410d62e048637583d2737f1e19f618e9235aa1593fd43f9b8b63,CA,서울,95,12,2000
e81522dc528b7437ec0235b990bd4abb0578b1bd69b24d75d05e56bf86c96427,CD,경기,66,15,5000
bca6c93ae69881f8036fcb8ab462ee416924317bc33d5de6497c84696869e66b,CD,서울,127,17,2000
972681d6d7631031802fd14bd269331775f4577ded67d609b94dcb8dbb1ae15a,AC,서울,35,22,6600
e3396d9c9a3ffbed5c4038c01ce2a3d77a4f03c1d8fbb0ba9d45426a5dc85698,AD,서울,93,22,1700
50b9150ba6b016060fe2b76e9550412c2702b0e26e6b39fed6b510cc5032af58,BA,경기,67,16,1200
8bf214590ffca025eb91c23ef4c7f53a61de1e4b8f33597a98d57f640a2c239d,CA,서울,127,22,2000
22ee49859d16179ea8c7e16b167edd7ee4390284286f4ddf082cf2484234d0ab,CD,서울,150,23,2000
cec0a5c7b3ec737e92c8e152c43304c9ecc1b96738b5ef3ca0a015b35c949f9b,BC,서울,42,14,5000
ec6153d61a1e7bdbdf11551f6abcc775d0bfc28600fd6d8cbff672b548c66283,CD,서울,16,12,3500
3b922e29ae06a3bd2ba997eb3b9241ac5c94156a6db70a41520f1362101a6bce,AD,경기,169,15,1700
843335f725e74a68df93651af2c3495aed358a7bd4faab584abc94d148caa379,AC,서울,160,12,5000
24ce7419b36be233e0a3f799e992eda1da9448c43194bb97264260873cbdfd5b,CD,경기,63,20,2000
2ebd98bfa0d1ec0e870ace72e46e6e301538b36aa9cedeebcce840e903062d7a,BB,서울,93,13,3800
2ebd98bfa0d1ec0e870ace72e46e6e301538b36aa9cedeebcce840e903062d7a,BB,서울,48,16,1400
8f80a5d8045d319936ef35363afa929c469e108bded1a26f8a5c7653172f1078,AD,경기,107,07,3200
8b4ceac0191cb8b6ddf1a4e4b5bffa5eb0924e8594389a71de2b1fa34d3cd29b,BD,경기,102,01,1500
1bbe21392ae04238379e424fe287b699e733963cd6d88d68f31089b611aa05ad,AD,서울,79,17,3200
ec350fdf30b362a005a80d166a50dc6d376a7be91076e82ea2dde061fbbaf4dc,AC,경기,155,22,1800
edb7b5366cdf258690dfcdb29481e43c0ff0da66a6d81bb5c685949a1819aad6,CC,서울,128,03,2000
ae8aed5055bc44553e1fd973d6c51f9a0daf443b541ab89e2e3fb1b1fbe87543,AC,서울,82,18,1800
91bddececf155b3c70972d548df935b42a571770b100abfa4c45b93572561b2f,BD,경기,163,08,4100
91bddececf155b3c70972d548df935b42a571770b100abfa4c45b93572561b2f,AD,경기,8,18,3200
91bddececf155b3c70972d548df935b42a571770b100abfa4c45b93572561b2f,CD,경기,165,18,2000
e1ea38c0d3f21e640a6ef9a26eb6dc70743150c236adf52ce4637d7299834889,AC,경기,63,12,1800
ba5268f263eb11b60c630e9d65170a7f7002fd0bbead11cb4efe30f990d5c9a0,CA,서울,100,16,2000
12749a137de99e4edbe04313dd939afc5a025fb2ecfd61809a8ae04ef751d0ee,AC,서울,38,20,3400
84a97460eceb428a3de7ee9049d9fecf15497ed6d4428037c8fb37ff8c3d4453,BA,경기,123,11,1200
2cce9f1ef53be8ef5b2f32a19a7800ed1e93b40065dc1cb510502916f48bd42b,AD,경기,140,21,3200
034df1e410f208128372e14450032157d558ca840fc0d5a54af4389fdd2154fc,BA,경기,27,07,3200
0435b4cb680293741d0ec90e9426cd4c5630bfa2ea9ca02cf813ecda6f36df33,AC,서울,123,03,1800
f0369f0c161e7b19ca3cebeb3a8052184393535f13acca4d9e9e965b41c741f1,BA,부산,5,19,1200
3044ba74b97de50bbd85cf2ac686d3d2c37795c94ab052b4fba7c7b11715e18f,BB,부산,139,15,1400
6c0eef7cb5d309a79b95c04f4d1d037eaa5db98f081c9dab5da8f17ab0ca6f5b,AC,서울,21,21,3400
3bb7eb115ec0889e31f976dd8607ae4543f24c256d4dcf881bfb45bbb60ed86e,CC,서울,76,16,3500
83e0e2786d8816e6f999415c6e15092362521efc008557c92c08c63166539e78,CC,서울,150,12,3500
83e0e2786d8816e6f999415c6e15092362521efc008557c92c08c63166539e78,CD,서울,146,12,2000
83e0e2786d8816e6f999415c6e15092362521efc008557c92c08c63166539e78,CB,서울,136,16,2000
a1041a410b21453fd7e6b6662dda313b5ea8d477ea082d2fc7d3ea42f4544343,AB,서울,118,13,1200
1cf9ebb70b04727d3e95a43b89bb6a43105220d6c2fe6b9356214ad426de0ea3,CA,서울,138,01,2000
b5295d1c4947ff8102760d6f8ddac382c671ab7572ea339b991d6a3f3ac18df6,AC,서울,27,16,1800
55ec8b57f93e10c49256a784f78bb17b9d2d9c58522513fa7a6f63cf1b058d6f,BB,경기,50,12,1400
edc9716d0cc3b68ea5cf0b4ec2b263e7972827f48e68531c80a5f990e4ec9acf,CC,서울,95,20,5000
50dc20cc83eb4907cd7caf323aa9dc0962014aac6fa038b64012cc46f2eb5af2,CD,서울,9,09,2000
c11d6e847a54747ea9482f0eadf323f769a18b4d6c34e73a84b5c06140b4a5ee,BD,경기,47,10,1500
ed68818ef6d5116604c01785b6488b315948e05acc91fc4fee479ba337d3e540,AD,서울,82,10,1700
594813da2c79b21bf5def77580f8cf28510f92b4ab6cd0e9cb8c0056847a76c0,CD,서울,82,12,2000
a61ced0a5ba66a6d5af65962c24e366911e1890c0e9aa1553983ab7b4bab5879,AD,서울,70,13,4700
81d7710ff12d510b705cd3274b68d65db63b42117378399dd35905931a068f7e,AD,경기,133,12,3200
81d7710ff12d510b705cd3274b68d65db63b42117378399dd35905931a068f7e,AD,경기,128,11,3200
8cec815c00faa2e16b78c6608a7edef0d622374075a807b703ba731284aad972,AC,부산,39,15,3400
a055412b7248dee42b09b95eed90fac0d5a0f5bd4614b636c95d8d5ed591ef7d,AD,서울,107,13,3200
d1a69e747a8c56fc9b47ea40e63376cc72be7b32981049866d7aa25a5676a064,BB,부산,85,11,1400
3c7475f8baa9c5ff5af06dd2a3de43f1c1e0ef6c808f7fb8d027bd984063fcb4,AB,서울,113,14,2200
4a6bdf81f9d5716b6dc18f0138928570a3aa242a93526d8b0af696cfff44ac0c,BD,서울,26,18,4100
8df8d9140973a20cae18242c67668229455a5f75f767501810c607b43863dc82,CD,부산,22,17,3500
13fabd2319e07367c0d4bf89196aaba8069b32f09ba50f7765392ca0745b4a8f,CC,경기,171,18,2000
13fabd2319e07367c0d4bf89196aaba8069b32f09ba50f7765392ca0745b4a8f,CC,경기,72,22,2000
9fc9a1b524f4bf4d830354daccdb9b34d38bc16c57849ec39f77a672bff36252,AA,경기,43,17,1700
d3617d04a2856d0e08ae28741341aefd0186207345f24e27fb25c144485ec2b7,BB,서울,118,07,1400
d3617d04a2856d0e08ae28741341aefd0186207345f24e27fb25c144485ec2b7,AC,서울,93,07,5000
84c69c926b8d59e11ef6f7a3b58bd2feadd3ca9bdd98ab52f34b3375d120f42f,CA,경기,46,12,2000
a6c7f99466e7bcbf338c04726f66bf8144cce331e8724c567c389acdebe01b07,AB,서울,112,12,2200
fbd8509fc7b2b9e990f491657357d8951cf423963cfd12a886adc8e6b45cd363,AC,서울,52,12,3400
2e4946e2a4af5afd206fe9db45b4f576aeac353dc328edef9259f15fc6a70e1c,BB,서울,145,11,1400
3bdebf8eb5c37f7b3db040fd0ce844b1081c82906b6f6e24872c2f758d6afe49,AB,경기,150,13,2200
57732ff9b20600ee90dc4c45695ab63a37e23491a0c49ed5e03f13e50d6e930f,BB,서울,109,07,1400
89cbd20d46a34e73aebeaecfcbe35175a66485a66de4d703eb1c8a716a758f30,CB,서울,15,11,2000
83b303982d13e827a1e8df1252585cd9b6b2a3e701bcc644dba971ef75993455,CD,경기,143,22,2000
e8df9bdc4376dfe7cd492db165bb93a5a344988e32e881bc4468452679ad3f66,BA,경기,108,10,1200
8528b44c0337e2d52692f7e6489faca5ebadd5722c592e25e12f394c6195ff5a,BC,서울,80,09,5000
552c8c734eaf8251f64603c5f7801e4511254a7acb56e9e39f6ac0577b64501c,BB,경기,129,21,1400
35a610ba2b758b8056b2732b47a0402d14a79a616f4ef85bdca0c502a2bf4383,BD,경기,3,18,1500
35a610ba2b758b8056b2732b47a0402d14a79a616f4ef85bdca0c502a2bf4383,BB,경기,18,20,3800
93e416e95434a3e07e6bb74714d5bc290c7c2ec3b6935a3890344ed22f8904ac,AB,서울,91,16,1200
ab7398a5b860a445ca71e8cf6c45607fbc01a0dad1da77a71e589a78a34ce6d5,CD,경기,99,19,2000
ab7398a5b860a445ca71e8cf6c45607fbc01a0dad1da77a71e589a78a34ce6d5,BB,경기,58,21,1400
ab7398a5b860a445ca71e8cf6c45607fbc01a0dad1da77a71e589a78a34ce6d5,BB,경기,97,09,1400
ab7398a5b860a445ca71e8cf6c45607fbc01a0dad1da77a71e589a78a34ce6d5,BB,경기,57,18,2600
ab7398a5b860a445ca71e8cf6c45607fbc01a0dad1da77a71e589a78a34ce6d5,BB,경기,152,13,1400
94f7862600baf69199e208b80b243b6955be538a58ff33fe13236e84814b55ce,CA,경기,41,00,6500
9417a24625854e0b4f74a660253bda627103d7a26ba3d5837f15dcd2554ea32b,AB,서울,108,17,2200
0dcdb5a354548808cb5c8dd2672ee883439eb0caeb1a8a0b0a18852343267bfb,BD,부산,54,01,1500
4fdd0a17852d05058d91e4fa7ce5976e64105271091ae28d03ea6f68cadbe1e2,AB,서울,142,22,3200
707015eb16fc0fda2f963ec4f9b6260881d7bdc7ae95b60a09db1aeeeca96689,BA,서울,46,16,1200
ae26eb0cf73e35ebad7d9935d05ed971be96c4a787e883ba46fe5678e84e2be0,CD,경기,2,18,5000
b6158c6f7580ea5ca2c6b2859588c667e4d25d752327ae1f4caf65b526d7a459,BA,서울,41,12,1200
9af7a577a471832ad8357124bf45fc9ad2ce659b742f74f88c93822ae273fed6,CD,경기,63,17,2000
9af7a577a471832ad8357124bf45fc9ad2ce659b742f74f88c93822ae273fed6,CC,경기,169,09,39500
f82f0f94a73534647105e18ce5ebc97a49fb62bb5faed0269468b568a2b1d344,BA,서울,29,12,1200
b1d165e89d0b7452f8afb91b995994e0041d516d8e6438990e919fcb2a20590d,AB,경기,103,22,2200
5676290524ab77e5575580c156715160d53d36440c6b2c2ee4f34b759c6bc7d0,BB,서울,89,07,3800
4a2bcf858ea9c58337a7d1a06db3e67fb320afcc5a92ea52a34903a73832a6ab,AC,경기,29,17,3400
5050d3ff4121e9ba91d005954c7b228a33d062f8c31add5305d6297f3ee3db93,AA,서울,168,19,1700
b9f0324954ed6d2df5caa4c4251835119bcabb294661f967dc14dea7bae03f36,BB,서울,132,11,2600
3e0efae3a77803f27b609d8d0b9985b1ec8de1110d4bbf618661f4b8aa5fb45b,CA,경기,50,15,2000
162ea279316312d536e207db17fd9b1646e0f2352960d7b4ab08746396e98eef,CD,경기,110,22,2000
2c92a130206c73738f2ffb3275e9bf831bbffb892b9ad04ca2105af601b4c73d,BD,부산,158,02,1500
67f9d0944b1c5985ed7d9140a5a32c81ea90af37f0b5bc15c70828fc35ff760b,AC,서울,47,20,5000
7736aaa5d37674cd57fa9e7760fc620c240d0a3be1e1e1bd85629617df939532,AD,서울,164,19,1700
0c649f9230782ba28e13ba6a63b235806ee16e0d8fb3b0815436118255fc3910,BA,서울,169,13,1200
e674976f407e074ce0b765d3e068d7e227b3cecadd305d8784d281a0e639027d,CC,서울,75,01,2000
49712e813f78939c3ca072e9080767f6251794ceee0efa00e82761078ee34f13,BB,부산,87,06,1400
18327c6f1a7e9b657827b2c5b3ed1fb59aae67a39ea43270ba2928ab6925e545,CA,서울,153,12,3500
a6294060416581179aba3439fa4769ec5ac461b41583e48565548362d376bcf9,AD,서울,182,02,1700
cb3d998c117e8376f058aa3d61a1795f71d58516440510f3364596e3b6aae2b2,BA,서울,50,23,1200
d951e76f6631571e9850e41a260321021e27f892cd7d040350ed9ba8b81314ed,CA,서울,101,22,2000
3c5eda261d556cea829355b993396a1edc6483e1f10e88a9c55bf91da6457a73,BB,서울,147,14,1400
51719c30a639e0e4ddeedbe48e4d8ab7b3072b280f8e97ad9156be3a26c8d5eb,CA,서울,113,20,2000
15aa006018c6de8a2117680aa482b4d3340b3d97464f2886ca81b462a52a0bb6,CA,경기,91,21,2000
abc79f7ddc63b5dc636c4c991530ba67ef9d91e1236fe0bbd7774c691dd7eaea,AD,서울,130,10,3200
2df58a836f3e8c5bb9795ed2abbff6c037881f8de65116324cec4f6e8ca4f172,AD,서울,155,12,3200
55feb23c89d0373a69fd85bc8bdc8532c89cb9d8871946ea9c703a37c9dffbd3,CA,서울,155,15,2000
d18ff6aa12aa141125a4e40d4f64e9af6bc8b18da0d7375bf24da786c07a253f,CC,경기,71,19,9500
516bb73ab1c3c10cc1f5dad389aeeac365355bd743d7ed547fc2cf53dc7344d0,AD,서울,120,13,3200
e68dab1046d4890962bcfc4ef88c168a1e9568dd0ba0cb1d7622c1a0fe9554f5,CA,서울,93,17,2000
8f5a002e271ed7cde2fcfdf354f2b5a1f8b0c31b9bc25bb079cd88d2512c478b,AD,경기,180,17,3200
3727311daae20dd49f6916896c0d3744c5e3d85ab764b50df29835b616961659,BD,서울,38,03,1500
4931764d5344de9d270c3dc865046c1ad718b08a3430229d96d6cf137d1f003a,CC,서울,40,01,2000
0a38f55a382fa8f04be3bae9e5571e1699400d2b70b0ff43512a315d03465c25,BD,경기,12,12,1500
c863de706e931663852993a70bc15f1990b80e711d532ca5e7bf559b0f7cdf94,CA,서울,59,16,2000
57c19adcbae3687218a5b4b879698da79d91acdfcef94b82b563ade58190903a,AC,서울,53,21,5000
071e984c19ba2218adb0f98af251831879924bf025636fd02c5c4c89ced80436,AD,경기,165,19,3200
e1aaa80e5ae13be3fe1b6df61fcceec17f7c6f09482964d6a3a7c784ce757d76,CB,경기,12,14,2000
a468f2a36f7e162e72285f2a7c93c81097e4a6e28db8c14c16533691ad13c4d0,BA,경기,125,02,1200
0769952daf3beb0910106afc878171c0491a3ce260464cc69a9f5a280e117ce0,BD,서울,102,22,1500
f5bf2c8b8c6191b6043e196b9eaf400c794c6c569b7c203fb19dfc1f801c3112,CC,경기,77,08,3500
b2908e1a4bd4b908eab2446e2b9d64b724019f1ce4cbedee4db86f9779e42367,AD,서울,4,21,1700
b2908e1a4bd4b908eab2446e2b9d64b724019f1ce4cbedee4db86f9779e42367,AC,서울,82,23,1800
7ce21ae9c486038d9529428c0f04ce0b1be791fc47688d4ff57f5bffa31873c2,CA,경기,62,21,2000
e009e6e0416876c630fbdf86d9a06c688cd27017c705d104196d0dc06579792f,CD,경기,95,08,2000
0d1ae315e4d5d47afed28a9d12d26c9233c4af4e7cf5244d53f0d6f7bd348e01,CC,경기,182,22,2000
2cbba447925cc500782413fa3681c4dfacfceb50c9c96c5fa4afcc0b2cedf8f6,BA,서울,10,20,1200
a032a4dca4cf90f406572df0177fd437776827dfe028d92a2eed979bff9d038b,CC,경기,161,11,2000
9e7418ea0b477aba243b6fd85651ff520bbc842195c3371426d142693db885c3,BA,경기,147,07,1200
b9ec19fa978bdee550620cc899160b4d325c29e7ae91d6cdb6e07dd72cbeaeab,AA,경기,73,14,1700
51faff2e48f036d2e87a61ce3966acf2058e5ac22ba4c4eead3b6e15d7ef0cb2,CD,서울,176,05,2000
2411494b9f8e3585070c11bac8d8e0c8a6ff5de8b101b6f6549a81490653646a,CA,서울,99,18,3500
02f01990894f76eec158e9903699bea537beb06a7a3b5ffcc4db7d6f987ea5e0,BD,서울,87,21,4100
d499e1713fd80b531ed633f43b3d10abbf385a8fb2c58b1415bf0a08214a366c,AD,경기,23,22,1700
d4216233596a52d8883b5bc6d49a86858ba5deed0d4b3ccd7580cfbd1fafed3c,BA,경기,150,08,1200
3c2f443ba74f3d100826c2f92bc8ce3297b2dc5455f817d4b0384f8586675dcb,BB,서울,182,11,1400
0a375374e01c9c5264b3fdffda4c079183d68795933c4ecd17f80e351e622176,AB,서울,128,15,1200
1ae725aefd3704ac0f088e14e4fb5b3cb6299af19fc96859c8c62eb40c45ee7b,BB,경기,32,16,1400
1ae725aefd3704ac0f088e14e4fb5b3cb6299af19fc96859c8c62eb40c45ee7b,BB,경기,1,12,1400
1ae725aefd3704ac0f088e14e4fb5b3cb6299af19fc96859c8c62eb40c45ee7b,BB,경기,37,13,3800
d8efb2d397b11e5618a99057c716ef2973103876929b04e3e5ecb51f6a178806,AC,서울,42,15,5000
ce0aa0e4949db12a05255b7ea2ee95db59920cf4ea94037000c3507eea41f35e,BB,부산,82,12,1400
daea2618c32c0aa5978ab28ecac5c8dc0281b277b0d72819b3ac2badfeb308bb,CA,경기,132,19,2000
c680df5ce0197d50e4f25d761d0e2078b2d30c5f194e24c10ebca2790faeda5d,AD,서울,112,22,3200
c680df5ce0197d50e4f25d761d0e2078b2d30c5f194e24c10ebca2790faeda5d,CB,서울,38,22,2000
c680df5ce0197d50e4f25d761d0e2078b2d30c5f194e24c10ebca2790faeda5d,BD,서울,41,17,4100
c680df5ce0197d50e4f25d761d0e2078b2d30c5f194e24c10ebca2790faeda5d,AA,서울,100,14,3200
7660ed97b2a34f767cc3b91c50fdfbda2534077dbfafc9c05557bd3c1beede3f,AB,서울,27,16,2200
a03ce0cc54588d6bb61ccfd092f47bf375516fedb44906d0525531645482bdb1,CC,서울,172,15,2000
a03ce0cc54588d6bb61ccfd092f47bf375516fedb44906d0525531645482bdb1,CD,서울,32,10,2000
31919cc3b89f0515a93c9a380efa55166e1cc4ecdae302bdeffe56ae5c54a88f,AC,서울,86,15,1800
7c8cafe710535d9b0490d7af98e3729ea45442fd89d3ddf292a7113cb0138d8d,AA,서울,100,23,3200
f4fabd66214b61f401bb32c6f4c493c7ac281517c925b47eca449358ba53e365,BB,서울,71,04,3800
f4fabd66214b61f401bb32c6f4c493c7ac281517c925b47eca449358ba53e365,BB,서울,144,22,3800
1360e8fb0b99a1e8c65a67e01e637412f3508de6b79ed0aa3fa8ce6bb764aff9,AD,경기,103,17,1700
91201266167ef21537d56ec4f515a83d8ee0ba5fbbd8d9ae8ff59980ae6e1803,BB,서울,176,00,1400
027fb6ddbb471d70ece69e380ef3cf9aa71c871ac254b062edf9369ecd3e2de7,BA,경기,45,08,1200
b9688c5226c96e00e2ff573dedce45308373a5611543ca2c225caa8dbdbc52e5,BC,서울,101,10,1800
b9688c5226c96e00e2ff573dedce45308373a5611543ca2c225caa8dbdbc52e5,CD,서울,30,16,6500
8d1eab367380c72238b3ebd2e87f6e1ad82305f19776b494c5e52dd9751e9165,BB,서울,129,19,1400
247a770d355ecf4bd120d772903a2a0e49423746384a455a10795cae4b892606,AB,서울,149,15,2200
a835f158f8406a82acc48567160447ec7fc3fd3e38b507a7516e763e5b07ce13,CA,경기,95,06,2000
921bc3974607dcff75d63298bf0da4fa3f426d20e6f7781a61839ca6953c67cb,CD,부산,100,23,2000
44705940d98c6f23a56066ec018e65d39a25eeaf28ea5c020d3a088df3cc1f65,BC,부산,66,19,3400
e9b84c4cb72465dbc4a855af863ce510f081e4139d76eb8909ffa7cfe4ebd03f,CD,서울,134,15,2000
a688b88804a8a9d783490374179bb422d8c7d118525dbf680a2f73bfa0b5cb83,AB,서울,129,17,1200
cf8f42b0c39e3f3671955f5613c29414bcaab57505a274229b45210879a1cf8c,AD,경기,138,21,1700
eb60997887444691b02793b533e4c8ace5a37f28685fa7ba43f0151be3033fba,AD,서울,154,10,1700
97bf60a7d09f429db0f79e6bf1c1cfc9ae3c51d194797b27d1354a64028a11d3,AB,서울,143,13,2200
3d6277acdadedead806247f89dd31bdfa4304dc63af967d9ecb9c432c42d3525,AD,서울,134,20,1700
3d6277acdadedead806247f89dd31bdfa4304dc63af967d9ecb9c432c42d3525,AD,서울,133,09,1700
c5a92b8a757dd7592565b3cfb7baa09befc21dc92d3d9b5233f312e1c88592e5,CA,서울,106,17,2000
8a4a7b5758fcdff17603a4e47ba275b8c870fb50d89dbd1c4e8e282393d68698,BD,서울,21,22,4100
060d537277ac01a8a5ec4368d8f703c051048562d593bb7f8c96e283a116567a,CC,서울,140,20,6500
01ad85fdf81d73a991b20329bb1f50efc7260d51c68721b37eb5ddfd1d5f3650,AC,서울,23,10,3400
01ad85fdf81d73a991b20329bb1f50efc7260d51c68721b37eb5ddfd1d5f3650,AC,서울,6,10,1800
b33c657ae0521c164164a2762280cd65a6c23a3b3d01ebf9ce531a171654278a,AA,경기,55,22,3200
dda8c670ba17c19e6f65d99e3c1b15f7ecf5380abc5a64bc64253893fa8880d5,CD,부산,76,21,2000
cc16fe77dfee8a72204605caea761cd204069827899e2ddff9de36b4527e400d,AB,경기,49,16,2200
0b315908aae46cfc5be7f714553d618f53f01bde2e6917d252701f9cc851b009,BD,서울,24,18,1500
b031e051c34f08c16243144f005ab8a2af4a4e3689a9f6bcf6111afb06bfa1ca,BB,서울,137,23,1400
e314674353ef69f2f4d0cfcaab382342f3ac4cee58539e44e161c8b312013689,BB,서울,181,10,2600
8bc805b33c6762781be7d94b9d08c9bfc6b52f8c5a1f2901f689e331dce16622,CC,부산,175,23,12500
0d6164d6d98e4cd4013ca3a1dc8149229b504690c80474294a508c5dae2dbc07,BA,경기,182,12,1200
99748f2cfc05caeeb1f0a52b8609035efd476ab0c93136070524a836bc4f00f5,BA,서울,141,12,1200
99748f2cfc05caeeb1f0a52b8609035efd476ab0c93136070524a836bc4f00f5,BD,서울,145,11,1500
99748f2cfc05caeeb1f0a52b8609035efd476ab0c93136070524a836bc4f00f5,BD,서울,3,23,1500
99a581083c0cc4bd99d67dff33b4743dddafbd1435b808cb74de208d5c64b98f,BD,경기,22,22,1500
9e33d18586bc86b0aa4599c580bf112931b758ae686d284b4cd573aa473c6af9,AC,경기,25,00,3400
c0a073de04a6caa5be85face38bce3e18f15bd77000785d63f84cb8b7d0bbbb0,AC,서울,118,14,1800
52681eec8a39000b5b956a348c845fc063338b15d8fb8908997e448fb63dc1a9,BA,서울,33,00,2200
940fc7b198a4241c93e19bf035b3b2f2ad6ae6be139e1edefd4bcd867112496f,CD,서울,162,20,2000
940fc7b198a4241c93e19bf035b3b2f2ad6ae6be139e1edefd4bcd867112496f,AB,서울,98,14,2200
940fc7b198a4241c93e19bf035b3b2f2ad6ae6be139e1edefd4bcd867112496f,AC,서울,20,14,9800
940fc7b198a4241c93e19bf035b3b2f2ad6ae6be139e1edefd4bcd867112496f,BA,서울,2,20,1200
940fc7b198a4241c93e19bf035b3b2f2ad6ae6be139e1edefd4bcd867112496f,AA,서울,98,17,1700
940fc7b198a4241c93e19bf035b3b2f2ad6ae6be139e1edefd4bcd867112496f,CD,서울,2,21,3500
018e36e19fad773a55a2718bd14992fff81f3088187e5c06245f030b7d9f01ff,BA,서울,135,18,1200
51513f1e6b10cfb52bb33f8c6fc4918162c91b8f11a806e6cc0430f7db6478bc,CD,서울,182,08,2000
9a23f52e3699291da34f7c9dab8aa3edc5fa35ec0af339cc0e1ad3cc9501d5e5,BA,서울,169,06,1200
75503c111f185fac3271e2788cd8ef6ae348dad2346e25d96703acc4c3ff2797,CD,서울,119,14,2000
05c40b2e0b25b27bf0b7d0a3d268c158d831f5f0b8fda2e75a25369cb344207f,CD,경기,125,23,2000
bde5dd172fadb511f8a8d1bf791d4f54137c828dde1f5fa2680c4049d67d68ed,CA,서울,65,23,2000
bde5dd172fadb511f8a8d1bf791d4f54137c828dde1f5fa2680c4049d67d68ed,AC,서울,109,23,1800
3af855cf2835f9db7bc215e3f612c6d4a958b5315e920525373c63d2964a74c2,BB,부산,73,15,3800
e4b83aa9bfca8c7b27841c20deb00555214ad2b4f68c2d8ea113f154593ecfe2,CB,서울,66,19,2000
e4b83aa9bfca8c7b27841c20deb00555214ad2b4f68c2d8ea113f154593ecfe2,AD,서울,168,14,3200
2fb6c50e3ef4ef591c3aad46dae8510813ee12949fd2051ef12d98141bc5a9b4,BB,서울,149,01,7400
4f77b5707bd35a2f2c682ab9ea6e4d25be22963fbdb881ef3323bdd3b485e383,BB,서울,138,14,1400
1551d52ff3b24218fe6d5fe59a76e04d9855f726b799141557ed6adb0255fb3f,BD,경기,26,09,1500
41daeda03e97bd3bda884a99985127f073c8921504aa2f5bd74fb5657b9e0264,BB,부산,126,15,1400
4c6da2f9759ceaf7922fd938cf540ad5cda2fc678fdab878ad939a4a7f3379ee,AC,서울,108,22,1800
9e2abb94c85c17a72d0196729370ae4e852c64cf3d122bd9dd63dc01569b8211,AA,서울,57,13,3200
3a7fbe8e0e9cd209903887cfd29df08271b4737373109ff36e1da4c0ef72f228,AC,서울,116,19,1800
eb23b655ea65e7625ad66ca7e0db662597a859f5b78ffc39f6d1624fa7e378af,BB,경기,63,00,1400
615a68aae2a3d16d139f61dcc72af7be7962eff76570c6a7afed94e2253b0689,AC,서울,130,23,1800
c7a119d3d981337977613093a897caebc7d2ecdee3b47940ebf82fa99ccf48b7,BD,서울,24,00,4100
cbafdc21616596cde1f6c890b5283cd4572aa8c21d4d063ddc13a3a9aa9d414d,CA,서울,156,10,2000
07da3183138de696d071adb496c7faf4b4136a3cb90c8e059317c343d822c4d5,AA,서울,18,15,3200
07da3183138de696d071adb496c7faf4b4136a3cb90c8e059317c343d822c4d5,AA,서울,78,12,3200
b2b6a47a6f40c4f594982581fcfa26bd548f28d83b433e4ef63c8efb3826c76d,BA,서울,42,08,1200
e9cbcd1d396f34bb7efeb687386d44d47e1b64f2e8b63d73481dfcf83f921ea9,AC,서울,37,03,3400
fac0eb404063b4f9c1ef084a4af8ab00d23ed124dc0e0f45cc041f6d958d4d6f,AA,경기,177,20,1700
fac0eb404063b4f9c1ef084a4af8ab00d23ed124dc0e0f45cc041f6d958d4d6f,CB,경기,91,19,2000
fac0eb404063b4f9c1ef084a4af8ab00d23ed124dc0e0f45cc041f6d958d4d6f,CD,경기,126,21,2000
fac0eb404063b4f9c1ef084a4af8ab00d23ed124dc0e0f45cc041f6d958d4d6f,BB,경기,75,18,3800
fac0eb404063b4f9c1ef084a4af8ab00d23ed124dc0e0f45cc041f6d958d4d6f,BB,경기,83,18,7400
fac0eb404063b4f9c1ef084a4af8ab00d23ed124dc0e0f45cc041f6d958d4d6f,AA,경기,56,16,3200
8403c7b1273b3bca0b82a3eb1dbcf16726b09e3c11a3e9a937192f14ba3f099c,AD,경기,129,19,6200
f80d6af3f5b43544097d709f1cc8f753b3393435cb7e24ef5f6d9f8d5202cae7,CC,서울,121,01,5000
a498539b9402fb57b2d6a9b15a5204b030ed5f992867b3c50287032a8025a99e,BB,부산,156,22,1250
a498539b9402fb57b2d6a9b15a5204b030ed5f992867b3c50287032a8025a99e,CD,부산,104,19,1850
b4361ea3959dc3d00477528a8b31b0ff76dc813f17f666c31b4b0e4fa555a220,CA,서울,8,19,2000
6af6385a807a3ae53d314418012c6c60039f635ad077be6cdeff0e714d60b90b,AD,부산,128,05,3200
03b3cb732ee54535365ba19554ad57eb7300f9567e3bd948a2a73262094c252e,AC,경기,169,12,1800
795f907511017bd28fe7116620d8f5142e5caa7551fc05d0e9d70f2f06c2cace,CC,경기,62,21,2000
39bab4f1d031b2106bb4c49d3645e391b384a81b2702e0635a2dd988f3a7b828,BC,부산,110,13,1800
0715818de0dab7a443e0bb6db3ddde728bd8e33953487c837077868622ab608e,AC,서울,43,17,5000
a9f2e72365ce6098f4845c40b4a24fc66f8d6cbc1f85d688154035160acb8031,AC,경기,83,19,5000
e55497cd2816863b3bbc5c4f013b0e7928de05e5230ecb7d5e949c227b2509c0,BB,서울,127,22,1400
546099afcfa414fbb0968e7e291d61d599c51a567e362448aeed84bc334219c9,CC,부산,82,12,6500
dc670f729907a86b72a29617820e9752224b43126569441f489c705ac9c8f7c6,CD,경기,87,02,3500
e2540c5e5e1a7c55178478b99effa095d2bcbf223819b1a69e791b703261790b,BA,부산,18,07,1200
933e7fa4dbff3186600199f8913440f20dfe378e9a25702da96e4b3afa6e8d15,AB,서울,85,20,1200
5e2da419befaadf79589fd1fccafcd53b9974fb3438fbf3d0220bea0868c604c,AC,서울,74,14,1800
64d117cb96e7b5e7abed7574b8312b7f3b9cf4601fdd20aea9066e6a40dc187c,AD,경기,39,16,1700
bbe09f4a64d97c115eba2595bf44bbf96ff36c42a33bab1ae43a403e4806f3be,BA,서울,105,00,1200
6633b98c7d7ff2daece34a7b9329d66d4a82309b5f1f8c955c60b57619946ecc,CD,서울,15,20,2000
7d45b7405e1c733c139139938f96ef3970a3356f446034bd75c73a97be557aac,CA,서울,154,00,2000
e15b7aefa3f47da659f16064c5e657b6e075256dd49447d02172c6971542d132,CD,경기,2,16,2000
e15b7aefa3f47da659f16064c5e657b6e075256dd49447d02172c6971542d132,CC,경기,170,17,3500
8dee10464d316d2747cf5fff6660936c4700bb3e720536f65ccc6ef5b9edf2a2,CD,경기,71,15,2000
f5608e0a934f5c106189e0d584a0e9b7cdd56e068b39efd5bc57705fa556b53c,AB,서울,85,16,3200
f20f450ae7042f1410a0f59fd763cf7f8f39f1d08b93c7137eff1dedeef54dc9,AD,경기,112,07,1700
7b06e627abcd3e1a0f122bbac7b44ea7650aaba5242be93d1ef596a9286056e8,CA,서울,122,19,2000
9aa06d333300964e1dcc4eeab39babb134e52f2f942984feefef73535e723008,AB,경기,88,13,2200
9aa06d333300964e1dcc4eeab39babb134e52f2f942984feefef73535e723008,AB,경기,88,13,2200
4ef32242966ccc400b077d471bde424a981246cb24537717f111929161472cdd,AD,서울,120,09,1700
4a8fb90ebd5348cc1f245be892bc56c52ab00e90a14ec07ce296ed8d4bb4ec64,BB,서울,55,23,5000
4a8fb90ebd5348cc1f245be892bc56c52ab00e90a14ec07ce296ed8d4bb4ec64,CA,서울,9,23,2000
4a8fb90ebd5348cc1f245be892bc56c52ab00e90a14ec07ce296ed8d4bb4ec64,BD,서울,105,05,8000
9a90554dc008f21bf25afb4410326e2b76bd520620f851ddafc80a44fe1372e2,BD,서울,123,10,4100
5a50c8c839eddfb17b0ba899f4739d41828fa6710e400fee9ffda334683bc1ca,BD,경기,135,14,1500
32e95fb5575cabe2d9c9eaf96372bda53db20b0d4b4bf30580df59c13c60fa2f,AB,서울,103,14,1200
32e95fb5575cabe2d9c9eaf96372bda53db20b0d4b4bf30580df59c13c60fa2f,AB,서울,98,13,1200
32e95fb5575cabe2d9c9eaf96372bda53db20b0d4b4bf30580df59c13c60fa2f,AB,서울,113,15,1200
0e596d571ba8643023d4f7c4e362db1e86647fb5a0006bc5d44c6fee64b59d5c,BD,서울,33,00,1500
926be76b39d469f80e01514181a71c67604dbaedec93582e7b7285f3832f7263,BD,서울,15,20,4100
5a667cb21b9f28aae92e3f50e35c5a34de9128a8d0e9bf712c94bba2ffc79817,BD,서울,56,08,4100
b6ed89962ee65969cfc475568d8d1b096975d416a869665987aa583499c1ba24,BB,경기,149,22,2600
a36afd0ac9b29242db166791f9cb9fc4ab54512aa059f0da396037ce521f4caf,BD,서울,99,00,4100
a80fe320cc539e01118e3f92d7ccdf0f59c61ad632cb9a6e63694c6280881d91,AD,서울,143,08,3200
096a4ac49dceb733063ea8516ecde19cfc84dcedc7f1c1384f9d32a3ee1a69f7,CD,부산,4,20,2000
245be3dba9391512546dd0d443e6f5c577d05b0c3d87c920620b898f87eca661,CD,부산,32,12,2000
9f7ed96bbbdbc1bb3dea7d7cf02f193a0d9d5a705924615ede0982daf92fbe9a,AC,서울,86,21,1800
03afa7f3e6ba82b4f6ad58cf490d0b3393172dcc8b4a8f4ccd8b83af74872830,CC,경기,158,15,2000
9b6e22d94334b4f79b91dba31c9f8ef812abe1631980530ef92edfe91872bea4,CD,서울,141,21,2000
23ba92447d080160bbb1a703be498ab322bac6e4d32cc11f4a5d848f5850a7a6,BD,서울,26,09,4100
23ba92447d080160bbb1a703be498ab322bac6e4d32cc11f4a5d848f5850a7a6,BC,서울,152,15,1800
23ba92447d080160bbb1a703be498ab322bac6e4d32cc11f4a5d848f5850a7a6,CB,서울,55,16,2000
23ba92447d080160bbb1a703be498ab322bac6e4d32cc11f4a5d848f5850a7a6,CA,서울,168,16,2000
f401cac547909fed83e5e71556b021d5415694cb1e1836d6b3e004aa2d6accee,CD,경기,105,22,2000
4f7cc5ff89df2addfbfd16005e1e1d6efb9139e6fad7d6058b600da301875c1a,BA,서울,29,07,1200
532ec91cb8afffdb10dfd7c18bffa65bef7f0e241ef279797b34fdff1f0298d4,AD,서울,105,11,3200
c5808148972ddfbc63d8bda4270d37fa93a9c8aa4fc248861bc71a247db763c8,BD,서울,6,18,5400
7c1280f9d5feb4ade36f2c9b44b8f6cae72095d4c474949f2688fa8780f4b8e4,CB,서울,1,23,2000
7c1280f9d5feb4ade36f2c9b44b8f6cae72095d4c474949f2688fa8780f4b8e4,CD,서울,58,04,2000
919f163cf2cba02d654d7390ff1a0d9c7c69189fe7ecf6bc773a979bcace6bae,AC,서울,129,23,1800
7a191ec6958eacfefdf0cb191a8db55ae0ae609133f833a26b69ded568d295bd,AC,서울,160,14,1800
f7aad6121b8f5b4efce3ef2203aed73937f9e6783822b4943087bd32ef836a56,CC,경기,59,23,3500
f7aad6121b8f5b4efce3ef2203aed73937f9e6783822b4943087bd32ef836a56,AA,경기,10,06,1700
36de6ca7751d04e8257aa287c6846eed21823abe2f8bb1c395885dbd4990d726,AD,경기,64,09,1700
763e3e46f96108daf3940495c42d38773a115428a60038b2708783ff2cf6b5d7,AC,서울,11,22,1800
d2d3fd64fca5b1d6440d1c1d3268630921441646751a93f01cc054e52eee1632,BC,경기,113,13,1800
70645515629add6a5c429a6a3e2b1b14c928dc2cc0b95f10ce6a2793833c0660,AB,서울,89,22,8200
7b6f484461c46ab46251664dc7ad4e149d917c8cfed28cead990dde0c7ab3c34,BB,경기,171,16,1400
eb15bdc10d5dbad5454bb2ea7bd647b32cccd0cd2f2a19aa7770869f00e0d98e,CB,경기,85,19,2000
f8550bf9e0acdca8bb2cef4e6f3988e3909c35f1ce6d8837a1287804b20f65a6,BB,서울,174,10,1400
850101039ed8797664b7ddf62649f3ec3d98d42bf5a3dc9c794d359a819fc57c,BB,서울,154,13,1340
c91db98acf29d61a8d9bcb117e7fbb3fc980bd31494491eb898701a850e43a7e,AD,서울,143,09,1700
2f590e1c986fc0096b89644038b442c8cfd047977775c3cc7df0cafab7fec817,BB,서울,114,09,1400
63dad4add44fa4307a44314e6e2e6465330893e31a3b61209c0cb55a8f620383,CD,경기,129,21,5000
844775401f8ee448b346c09c5e401edac8cf679dd7ae841358a160234b7252cf,AD,경기,23,21,1700
e1369568f41d29fced121c82059b3703fc40f82b2acc2dfea3523e8cc40a4565,AC,서울,68,23,5000
2e9b2deab3f9f4d1b6d6461bec9876b230f5c555c2e1e43e721851b8011e53ac,BC,서울,176,09,1800
4e2084afcedce637712ad78449abc8b883a133510187af7736194133f471595a,CC,경기,86,17,3500
bfc091f636d2297f3451addb2ec2e0d935663acc73e2fcb30a9d236e22a0b0ca,CD,경기,104,20,2000
bfc091f636d2297f3451addb2ec2e0d935663acc73e2fcb30a9d236e22a0b0ca,BB,경기,13,19,1400
bfc091f636d2297f3451addb2ec2e0d935663acc73e2fcb30a9d236e22a0b0ca,CC,경기,162,18,2000
c52dd7ef7d1c053d5351eb5329b0f3af50dd8c52bd317ec2cf3be43e81d70ab9,CD,서울,29,17,3500
b5b0142689ef19a56ead3e50e590375df1606b11b2dc6a0788a7966e58a8aa14,CB,경기,41,13,2000
f1814e068a720693c7894abf41270db57fc194f54e981e877e0ec3be99c103ac,CD,서울,179,00,2000
4a272cbea20f282ef7bbfa238b8051d3846ce2cc5c2816e9cc6060fd57d1b7de,BB,서울,28,14,1400
ac99e5609f21ee10f61275d34ca0a69659ed1b394a4f10355d538663335f6231,AC,서울,59,23,1800
5e5d4be61530f6e2a31691a7e481ac4a4b302c2cb6707bca8e47e451432dc258,AD,서울,121,13,3200
03227594d29ae23248aed95bec237be3bf1b1dc0304ba2f46b92b2e8e61a858e,BD,경기,98,09,4100
03227594d29ae23248aed95bec237be3bf1b1dc0304ba2f46b92b2e8e61a858e,CA,경기,15,10,3500
ba397919a56a958fd4da4e5c813019bb05c26e241f1621b0bd85f5ea81eb193a,AC,경기,18,23,1800
410b399c53655cc8ba95b6a33f4c8dd74bffd3fe97bde6eb67bc0d2f376ebe78,BB,경기,23,21,1400
5bea6c97ea97798d14aa081758400bb77a0f2139d481cdb2392fe2fad6376eaa,CA,경기,137,12,2000
1768274e0771076cb1bd6c01d76aff945e60851512a323b1f6eaa0ccd9b79e0b,CC,서울,99,01,2000
193367c28a8d2278dcc0a6b51e745c92ff4baffd668ebac95bea71838a8dadb2,AC,서울,112,16,1800
0991079fdfb98323e32cafe64fcf69cc709b868b448d7e0043e287b3b79a2a35,AB,서울,176,17,2200
681b2e89b916681fd83079f9be770fbd7733e32dd66d2733a809a42cc56583ea,AA,서울,180,22,1700
159e6a6e3909b8ac6bbdf4f926130705119f2716b41d047cc1040fbc4a7cec43,BA,서울,113,08,1200
159e6a6e3909b8ac6bbdf4f926130705119f2716b41d047cc1040fbc4a7cec43,BA,서울,51,08,1200
32dcda452b1c22ff21f5a327d4f1d03e5e6637bbb2b4b3e6e78c5de45055b7a0,AC,서울,113,12,1800
0b5a525e5ab4fcfc8659cc80a77a9c987f6c35edda710f4a9fc7abe82ce35cb9,BC,서울,54,14,1800
a685bc695fc7146ce5e0564cb0975821cd7d98511601274f9a648cadc56977f1,AC,경기,168,18,1800
0fc5c61900e1a7e184d10696e98ea729ad95e95a25ef23637816b862c398716f,CC,서울,104,19,14000
c4432fc1f6edb9e116f5fe19051c889f72e203b08ff1b13c1e7acd7587e22bab,AC,서울,100,19,1800
85d1bd6d95b97beb5b17dfca18649d52596ab5a0e5c17a9c1ac242e070c98615,AD,서울,106,22,3200
5edf395cbb9a5b10e2e504d42d9beee0ed40a075d11f6016d24318cc8ab0028a,CD,경기,178,22,2000
b926efffee37dfb9a1eb376349573dbbeff89e366f6bcc1cc7b8b6abe5f544de,BB,경기,160,19,1400
b4e6288cf0f1ead1f5a7ca86c5c97ffaf6db7b68613a5b216b8fed479c9147ce,CD,서울,138,12,2000
b4e6288cf0f1ead1f5a7ca86c5c97ffaf6db7b68613a5b216b8fed479c9147ce,BA,서울,48,08,1200
b4e6288cf0f1ead1f5a7ca86c5c97ffaf6db7b68613a5b216b8fed479c9147ce,AA,서울,148,09,3200
b4e6288cf0f1ead1f5a7ca86c5c97ffaf6db7b68613a5b216b8fed479c9147ce,CA,서울,177,08,2000
9626ab95dcfeb629dfdba7453a9a93f50541de68fd2dd92896994a5a2afdf5e5,BB,경기,40,20,1400
432922943a32898cff0672c33c5f73f1f040e1080066042c0ae7182611393ec7,BB,경기,171,01,1400
2f939ce563894b4baf76b83656bcd260eb4b961dc47ad59a9ca0af94f12f3b29,CB,서울,138,00,2000
e7f30c7d3179fe6f1eede681a6d2d74b59205e3335340c8a0921459cfe4a8b51,AA,서울,23,14,1700
9e7bd1cfc0260c8f071bd8bb856bddebb3482e7818cbe6585e11d5225f34c159,CB,서울,152,17,2000
8d4a813070627367641c91619e8bed09755196d6a632720da2f645dbc6d4c77a,BA,경기,107,09,1200
dddecf648fbd7678d8ec20ebbde1f2134a9a5c277ddd1c2be1869e56a8dc2e93,AD,경기,167,15,3200
dddecf648fbd7678d8ec20ebbde1f2134a9a5c277ddd1c2be1869e56a8dc2e93,BB,경기,15,13,1400
3759022504c1847926e4550be00f3a8fe6718dd157e1192063ac3886a313fb69,AD,서울,174,09,3200
91238dd39acc2377fcf8338c9c5a69b262a8b86fb068ca0e5df5f6fe978f62ad,BD,서울,104,00,1500
393010c5bd12fb004bc27d34441550883c94b077fc6ae8732f8aafdd10677857,CC,서울,74,17,2000
73fa4a3e731d3428a7f9e2e5aa143dbda14d2e49aee97cd4d148bd5e9f0e40c4,CB,경기,118,02,2000
24dea2b880f0deccff7f5516ddd6c4709c383fa88fab56e0f04884d797719498,BD,부산,54,17,4100
467e4ea7dea967b35724071d3a55f4e5cc54e604fedb62fc642a3a7e5500e312,AD,서울,31,15,3200
6dcca1e43e0feb2da77aed40260294bbf3f879cd72fc7c2df194bc802c0b5f4e,BA,경기,2,13,1200
c85eac3589db8efd7a0db843111349bc4e2a2aed45188df7ea2415dc95ab1b51,CA,서울,122,23,2000
c85eac3589db8efd7a0db843111349bc4e2a2aed45188df7ea2415dc95ab1b51,CA,서울,120,19,3500
4034df73de02915334049b3e2e9fa7e2fa829e9e0514b2dea3055ab1d286cb27,CA,서울,151,11,2000
d498b7bb596d6191604b1d8e12a5f19f638ef235b5a57ff7532c53a688dcfcb9,BD,부산,76,08,4100
d498b7bb596d6191604b1d8e12a5f19f638ef235b5a57ff7532c53a688dcfcb9,AD,부산,167,00,1700
d498b7bb596d6191604b1d8e12a5f19f638ef235b5a57ff7532c53a688dcfcb9,BB,부산,175,03,1400
b4e836f1e235f1b792221010894589c8239a678e1cf6be05b1e745a32b5368b1,CD,경기,23,18,2000
d50d90a0c97394267ce492db2c426a7a4cf49d7a085f1d22fc6308d30024d320,CA,서울,121,22,2000
b6de4136e51a10a2639d8a212df49aa40e66359dca30f0186edc6406c654a4c7,CC,서울,80,18,6500
1fb0f081a1716afd69c427495a08673322bb3337368aad3c38409fd3dae11e8f,CD,서울,171,21,2000
b4d93fb38d9e5a1c776395dbb9167bb04678c089b6643e65ff0c647d2b636fd4,BD,부산,76,22,1500
2c704728180590fe958279d8320844eb51c655e5456de69b7d4d02a118fb9ecc,CD,부산,4,22,2000
45391f8196d5ff8175a10e7bbfb5323e475cf2f9be108a80a9fb99218762d00a,CD,경기,23,18,2000
12c90cc1e05f2113d66a38fb895028eadebfa083a1d90567167d4e5d1ff160f2,BD,경기,16,20,1500
4b513b0e851406705232105fc8452f54f3bdc049128accd61298a4ed282ae1dd,BC,서울,50,18,1800
4b513b0e851406705232105fc8452f54f3bdc049128accd61298a4ed282ae1dd,AA,서울,134,22,3200
9fda6631092092638efc173a1028310a5ada7ff18d6b6445b9ab255df07e765d,BD,서울,116,04,1500
ad5e82630c4d13484a963af4e05324783c12c61247a1d940e27bca9b7978c89d,BB,서울,63,11,1400
002a97940c05954ce7637e25c0ac6d53f56660f79df0024e2a243aa9c37ea1a5,BC,서울,39,23,5000
f39a11052de40b3c9697b502c8af76aceb96d45b34cdbd08b25dc9dace819677,BA,경기,4,23,1200
7e8d5fecda068daf10d170ba9807eaf43309adfaa5aacd4c4cd7021e553fce70,CC,경기,47,12,2000
cf3c83f2fb2e1cf6088ab0224d9e3cf8cb73ce5319900ed0403623084329192b,AC,서울,157,18,5000
764e147314f1b4eb9ad776971e139345f6958a713194276bd0febe89facf3c4f,CA,서울,114,15,2000
d862fd592fff56a96d458b6e17a3b4700ecd6417cfee47a7e1a1858efce4a5b7,CA,서울,140,13,2000
d862fd592fff56a96d458b6e17a3b4700ecd6417cfee47a7e1a1858efce4a5b7,AA,서울,126,11,3200
24c9172f88d06677c930390b2c08ab10cbb07fbf3812d0d3b3c3040b3e81c44f,AC,서울,113,22,1800
1764f59b9cad6f058d8977ff142fc508cab693407bdcb749bc98adb21c99e491,BD,서울,144,23,1500
d57ea41a0dd65183245c0513ad74dfad3658dd7216c5ec141eb8e1220c6e3edb,CD,서울,3,10,6500
e90ba427c1b3de9dd7148c0ebdb6b7b105f48ec781c1719e7380690edb6356cb,BB,부산,139,13,1400
cf027de8bd56245390adb547a108b5c5f40d4aff2290ebc201bfbbeeacae4e66,BA,서울,136,18,1200
1cd904caede8fa7bc2fac4cd140d775abb6513eb8def4a0321af146a23b0d8a4,BD,서울,20,23,1500
cea9fe184b3f1f3adb0088036a95c2e30f73007e8aa9db3dfcfdca7eefc5589f,CA,서울,123,13,2000
ed6081490fe6d200d945ab490a63957eb82af8110b92cf7cab3cd1add8ed9486,BA,서울,94,00,1200
ed6081490fe6d200d945ab490a63957eb82af8110b92cf7cab3cd1add8ed9486,BA,서울,86,18,1200
1e7a52cda1193de37fc3d0f0a6aaf2f2853cd45d5ec855af38663e4352a955de,CC,서울,177,19,2000
0042a8b4e663e134dc9dd5e5506d627a62c2703af736a1dfdfe9560e9c45010c,CA,서울,168,03,2000
655610a5c3b49db6ae174d71901dc6617706949ba3240d1917baf43f64b5ddab,BB,서울,84,03,1400
c95788a8f20a648d7c37315d3eb9ad7a7280b5ec1002ae8fd4a7ec5488d5f125,CB,서울,25,02,2000
7da45e5af1835506253558c21a02254d136ed27a1b37483e78ce7e0c62dbf73c,AA,서울,92,11,1700
25c81fb4c1bdb27a295be1bcf94ba97a16880e35068d4945a3f15ea08cf99a05,CC,서울,139,15,3500
5a87831ab647aa5f807a543fb1adf2096266325c58c96b9a84cae497d0324016,CA,서울,27,02,2000
65889d2acadf23829f572fcf2718724d7f07d1d3ee7469c1203d397a5da154af,AC,서울,147,23,1800
bd3726d0718eaeec176723fe43b3912b5c0391ff3aa9b1b9bd356ac4b85277f4,CD,경기,175,13,2000
4097fc6bccac02e0a072050d3e5bb96fd2052bc18ae5983784be0f0c589c0bfa,CD,서울,142,13,2000
dba6cc46af7f2fcfabfe3b2b2efc8684958cdac190dd0479bdd36d0d9babb0ed,BB,경기,99,18,1400
dba6cc46af7f2fcfabfe3b2b2efc8684958cdac190dd0479bdd36d0d9babb0ed,AD,경기,148,18,3200
dba6cc46af7f2fcfabfe3b2b2efc8684958cdac190dd0479bdd36d0d9babb0ed,BB,경기,133,18,2600
724c00da1921ebebeb886fa44f4f0ae672e1491b66fbb8289fe5ce83b7faea35,AA,경기,31,17,1700
3ef31b879115baedab406fe25bea450389de026300864a5274a9b29753dccc71,AA,서울,82,17,1700
10f46141bf119240de0f3e9e716111864a91e225fa5945e7d15def099ded3cb2,BB,부산,72,18,3800
3e58001264ea362acf4890d23c45563fde756f5aaf10a5f5700cae5da7c7c62f,AC,부산,25,10,1800
ae7bb2b6292ddbb872617a6b106a154b5e03ccc81d3cd1504b5530cde64773c1,AB,서울,99,20,2200
1057ef6b73c06f1389131a398a2e3b23aeccd8e86fdbdbae4d98f6f7a760e09c,AB,경기,44,22,4200
0e7dec152eb1e8fc0a0fdfb4c59968709dda7493dbd26f50d45ac8a285084ff6,CC,경기,86,19,30500
cf5a173e729b022d86bd57dfd4bc751a19cbae7ac4c0737e6c858162b904be7e,BD,서울,49,16,4100
15cd9045484121dfb3aa21872d2af096a25aaa14f9aaf61275797678da2e43aa,AD,경기,43,01,1700
52fbf2b23f0689c64479748a3f443f02ba5501d6db3885e417534ae38b32162b,BD,서울,116,21,1500
dfb46dcfca482c829ec378e77bb0602d19feada0cf022d423ac46f812690ac0a,CC,서울,114,19,2000
dfb46dcfca482c829ec378e77bb0602d19feada0cf022d423ac46f812690ac0a,AC,서울,52,18,3400
a24825cb1ced377eed6d76c03f960972600e640e6aa2dc55294d3deaadefeef0,AB,서울,163,15,4200
7f9e8abc98d427db9ce6a16e7b0045b62487a7ecde59f9fcf43aa6c53b549253,AD,경기,88,07,3200
62a6afd14aaed4a735728e891455aaf05b63efa51fa689bd86969feabb7d5678,CD,경기,38,22,2000
3519dff60d03d75f9edfb18cc0a52727b51281dfe2e2647e8ce8ac0973ea13a0,CC,서울,157,17,6500
3519dff60d03d75f9edfb18cc0a52727b51281dfe2e2647e8ce8ac0973ea13a0,BB,서울,45,11,1400
8cd9f9cda576de331339ed3bb2b5a86a1ddb54a281fa4d289a9c2df80d0ba995,BD,서울,12,17,4100
fcade2edeb965745bc24c00c4c62bcc14787d97ea533d7281df3222c5a58b5f8,CA,서울,35,23,2000
5af5abb86b6f626f74961104be5e25a14ca9715a0f90b946d18afb61f346595e,CD,경기,73,10,2000
f8ff870d7f885db07795a4a8ea0f19e11343a5b4c41064b356eaf792998102ae,CB,서울,15,14,2000
cace37745dbd3257b4f250f8cd706f8c67c6108de837d9c5024194e598e6f7af,CC,서울,57,19,3500
472bcbe6b93e8d8b99b9d03bc4f503968606a95a1680d5901a03e1e7afdfd718,AC,서울,93,18,5000
8471090f030344b3fb311419575becfe665c2327c849b6ea1e582a25063eb63b,AB,경기,115,20,2200
1dde5365e5d03a1ac1ab3711620de7ffa9366b04d2273e41151fe6240c27ffd8,CC,서울,164,15,2000
1dde5365e5d03a1ac1ab3711620de7ffa9366b04d2273e41151fe6240c27ffd8,CD,서울,20,22,18500
2a857ed38a3779a658898d0a33a1e66842f86c1097da892f33c95eeeb02e43b7,BB,서울,63,11,1400
2a857ed38a3779a658898d0a33a1e66842f86c1097da892f33c95eeeb02e43b7,AB,서울,29,19,2200
2a857ed38a3779a658898d0a33a1e66842f86c1097da892f33c95eeeb02e43b7,CD,서울,146,10,2000
e83e6486bc9dea0ac1617d71f691c9873adf8a8300ca84503ff59765b47844f3,AC,서울,178,19,3400
92ec6a10d217c0897b648d9a3575c0fe929a75b99a810c44d28e3b54a839b81a,CC,서울,141,08,11000
5887b4a4b310b641c911fbdb261c4adf453623576c9e13aa5bd3f7f816ddaec2,CD,경기,137,14,2000
5887b4a4b310b641c911fbdb261c4adf453623576c9e13aa5bd3f7f816ddaec2,CD,경기,164,09,2000
64d59f5a5671f855425d59650f4471cee3ffd4d7c8e6782800d217e4f5afe13b,AC,서울,1,21,3400
64d59f5a5671f855425d59650f4471cee3ffd4d7c8e6782800d217e4f5afe13b,BA,서울,37,09,1200
64d59f5a5671f855425d59650f4471cee3ffd4d7c8e6782800d217e4f5afe13b,CC,서울,115,21,5000
9d6fcd5511ff1b9123a348eb9b3f02a481eca97b61abcffa3eee5452a85510e8,BB,서울,66,10,3800
59384082ed42ae9a393abdfd1d10b0f7282a29e9b9ce8586506fa4cab89c16c8,BB,서울,80,16,2600
843a335550854898fda2a29e955237a9ef48bff0f2cab0cd5e016c474bdd663c,CB,서울,63,14,2000
3239f921b51e275bcaceba11664d39ce45953c0d3e7ce16721239ca7e2d64f1c,BB,경기,91,08,1400
3239f921b51e275bcaceba11664d39ce45953c0d3e7ce16721239ca7e2d64f1c,BB,경기,70,08,1400
b4e97eae6fca841b3af1b2a972f2efe99b1d932b368fa6078b2ce2edb6104955,AC,서울,59,21,5000
62b029be1dbc45245fd1d6f81e5ccce33fb33d82c290caad69ab572215e3d65e,AB,경기,104,22,2200
62b029be1dbc45245fd1d6f81e5ccce33fb33d82c290caad69ab572215e3d65e,CC,경기,111,20,12500
e1fefeb4257281ba8ae0e258a9ec145a7f826ab43234719f0e0f34212f187b1b,CC,경기,165,22,3500
e1fefeb4257281ba8ae0e258a9ec145a7f826ab43234719f0e0f34212f187b1b,CD,경기,100,20,2000
445c07c60a807b53b71d9885bfe37c3b77e56c51f2c9269c9d124be9471d9584,CD,서울,103,01,2000
b23994d1101511cbe1d35a561cc3805d31b5b662327fd39ad1d780a0606959bc,AA,서울,51,23,1700
07a5d145845c151c04007ce58f5e0edafd834ec8a7bbd10ff8d3f02ed6bd641f,AC,서울,17,17,1800
07a5d145845c151c04007ce58f5e0edafd834ec8a7bbd10ff8d3f02ed6bd641f,AC,서울,17,17,1800
3313790d509dc5c834f21f9680ad94906323424a72d04d51cfeed6e2644b4cb4,AC,서울,69,14,1800
3313790d509dc5c834f21f9680ad94906323424a72d04d51cfeed6e2644b4cb4,BD,서울,28,11,1500
9a1c292135eb7a73a8cb358f18873453d96e84d33bad51d7ec55f2f53468bb7e,CD,서울,177,22,2000
5098cb761bae1e39aa74b7f56da634816d67d18d523a52d04c777037d47f6192,CD,서울,121,01,2000
a94e6890a0554b6bdf399740fb6d819ba24246ba618b07b6b758758f04b56afb,BB,경기,63,21,1400
f6890942c97156bcedb40ea7f06a912b855f26948444e23048ee0b7df09111c2,AD,서울,81,23,3200
a452e7b7a167196b99e0c5be1c230c70e66a9d2ef15d201c11c7d56caaa539d3,CC,경기,173,18,5000
510abef3330d13f85d37d8cbca652dfb91bf13cdc54e7d0388f2e65f090d6d58,AC,서울,31,09,3400
ffd8fb06b4a341bd05458a69eec8e01581bd162baeb834fec27f02f6e6ad18a6,BB,경기,136,17,1400
6fa2d3bac71f22edee1529723af943df8bbe62c783c34756208477f2c1094df9,AC,경기,18,20,9800
fb2916a77cbd4926f3d1bf3a61ddb5c73bc525d1ca79e2d70f134baf1a7ef985,CC,경기,172,14,3500
fb2916a77cbd4926f3d1bf3a61ddb5c73bc525d1ca79e2d70f134baf1a7ef985,CB,경기,167,11,2000
0b9dda643a1fe56ffa889910ae66fcd3bde0efc530330b2893c7a7bd32f61019,CD,서울,49,18,5000
b867c502247989f623c28417bcc20e8ef04c1115a29a457173472b4bfa828e80,BA,서울,145,12,1200
b867c502247989f623c28417bcc20e8ef04c1115a29a457173472b4bfa828e80,AD,서울,136,08,1700
b867c502247989f623c28417bcc20e8ef04c1115a29a457173472b4bfa828e80,AB,서울,128,07,1200
900a4e5814da3f5f26819c95a89b95797c4f8f19626f86fc1934d317bc8c558e,BD,서울,34,05,1500
c3efa4a47051f9a049c34b4d27cd0a8f5c08bc54ff83693371040757a924d0c4,AA,경기,67,15,1700
344241bfb3a1016228192c9a938c6f6ecd673a4b370297c04f8944a0b6d43132,BD,경기,26,05,1500
f2fb2f4231aab9922cec57c03b56d96074e3b7825e4541181cd97d00aa9a9926,BB,서울,166,11,1400
f2fb2f4231aab9922cec57c03b56d96074e3b7825e4541181cd97d00aa9a9926,BA,서울,51,10,1200
f2fb2f4231aab9922cec57c03b56d96074e3b7825e4541181cd97d00aa9a9926,AC,서울,29,10,6600
f2fb2f4231aab9922cec57c03b56d96074e3b7825e4541181cd97d00aa9a9926,BA,서울,84,11,1200
f2fb2f4231aab9922cec57c03b56d96074e3b7825e4541181cd97d00aa9a9926,BA,서울,98,11,1200
87567b3bb58d836b94a6971f3a841b3f53e9ea4ac2f148d0003c5dada695b368,AC,서울,105,21,1800
d27f61203d04796012024b67c4b4ad037dc9180d8aaa5e8c367299874f8b23bf,AC,경기,105,23,1800
914d9324391e63d67d27f517c12c949a35d2b43897636fc207a01a0761acb2de,BD,서울,102,14,4100
3eba3cd36c4b0dc147274eb0989d3b902135a390e1f0c17c4b67221a96471097,BB,경기,99,13,2600
3eba3cd36c4b0dc147274eb0989d3b902135a390e1f0c17c4b67221a96471097,CA,경기,141,20,3500
c62b6402f8bf227477a372e769fabb0725796a04150f8d3f3391d61918ad6f82,CD,서울,3,16,3500
d8ebe3a2edfd4385404d91a6de6743f5582e3277681b0e6f42dab825c6fbd399,BD,서울,40,18,1500
6039b3716bff95307394bfaccd9ec5df324e2903876f6b5424b22d6c6376175d,BC,서울,94,03,1800
440947421d2acfc383d2d854ce713c6ead90578e0dd588d33075206d14cd98e8,CD,경기,32,01,3500
20148b62520dee5d26bdd5db46dd7759bb83423d84f5203f69b64d749dd1cba4,BD,서울,90,01,4100
e40331da99521b33d3162251e7e034d5409e0b171f3d2f551ec21df855f4777b,CA,경기,46,20,23000
e40331da99521b33d3162251e7e034d5409e0b171f3d2f551ec21df855f4777b,BA,경기,66,18,1200
7a31dab439d73a0b64048288fc9351cc540eb480058bd2d9f69abd61948cc39f,CD,서울,100,23,2000
04c2eeec96b59c93440880ca4d29e56861d3a2d336d7af2e9606a3bfe69de017,BB,서울,145,04,1400
e2ddc182423913e51d949181618ef345518a2c33ca96939c1b770ea79c00f707,BB,부산,14,12,1400
734e07b3156b8ca732d262327a28fbd1c8717ed21b038379bbf8829ef4e64b23,AC,경기,14,01,3400
734e07b3156b8ca732d262327a28fbd1c8717ed21b038379bbf8829ef4e64b23,BB,경기,44,19,1400
734e07b3156b8ca732d262327a28fbd1c8717ed21b038379bbf8829ef4e64b23,BB,경기,40,19,1400
734e07b3156b8ca732d262327a28fbd1c8717ed21b038379bbf8829ef4e64b23,BC,경기,42,18,1800
734e07b3156b8ca732d262327a28fbd1c8717ed21b038379bbf8829ef4e64b23,AD,경기,107,02,3200
734e07b3156b8ca732d262327a28fbd1c8717ed21b038379bbf8829ef4e64b23,AD,경기,178,19,3200
734e07b3156b8ca732d262327a28fbd1c8717ed21b038379bbf8829ef4e64b23,AD,경기,173,03,3200
2cb1caae93e3231fdef318f05de6aded9d1b067fb2c9260f406d5f09c715ebd9,AB,부산,138,19,1200
f548bfae835ab9c71001f313e4923588b0c7713aaad6450cc5c733bde7c6ba7f,CA,부산,10,16,2000
f548bfae835ab9c71001f313e4923588b0c7713aaad6450cc5c733bde7c6ba7f,CC,부산,68,22,3500
f548bfae835ab9c71001f313e4923588b0c7713aaad6450cc5c733bde7c6ba7f,AA,부산,177,14,1700
f548bfae835ab9c71001f313e4923588b0c7713aaad6450cc5c733bde7c6ba7f,CC,부산,175,18,17000
eb25cc400c22a9410f86f449b579dc20f58349214f00306ecc7d3f4272509e01,CB,경기,95,13,2000
07c2584424753abf426c56c0fa9136602a080a63328c7d3a363ff201253ca0a4,CD,경기,122,09,2000
07c2584424753abf426c56c0fa9136602a080a63328c7d3a363ff201253ca0a4,CD,경기,133,08,2000
07c2584424753abf426c56c0fa9136602a080a63328c7d3a363ff201253ca0a4,BD,경기,11,12,4100
07c2584424753abf426c56c0fa9136602a080a63328c7d3a363ff201253ca0a4,CC,경기,92,00,5000
07c2584424753abf426c56c0fa9136602a080a63328c7d3a363ff201253ca0a4,BB,경기,138,08,1400
0295e5f2d25709eb907a5aee15c29ac410c6ababab4a7dd3c42e903bd3d2abb1,CC,경기,102,03,2000
b5e0c4546295b3741a3be3977180f47f3479c8795dd2336d972f4fadacea47d6,CA,경기,34,00,2000
a919e8f37191b4a3baef364022c0161cdaa9abfdb2f4020e44aaea8e21f675bd,CD,서울,120,20,2000
aba572c7f4461097e9217f8e29e5e446ee6e8f32ec8e157e50fcb72db738369d,CC,서울,180,01,5000
a927421ef1ad14985f4b0b99c04d1aa5bd949f24bc23e591dbb3588128ce3f36,CA,서울,56,21,2000
a927421ef1ad14985f4b0b99c04d1aa5bd949f24bc23e591dbb3588128ce3f36,BB,서울,86,12,3800
a927421ef1ad14985f4b0b99c04d1aa5bd949f24bc23e591dbb3588128ce3f36,AD,서울,80,10,1700
e82de62a2f4088db328bf276cb1de1604d43f4a2e3e9705de684581507385278,AA,경기,65,11,1700
6a59169bbd4af0c6880ed3815860bf821fe75f320d2eb147a5f98bdadf115795,BB,서울,121,14,1400
6a59169bbd4af0c6880ed3815860bf821fe75f320d2eb147a5f98bdadf115795,BB,서울,69,12,1400
c83b87ee609cccd2a34f6582894d44ed333ce8ce3b4f0eb7c925569411901bb8,AC,서울,23,15,6600
fe5bccb93e994ef0e8fdfab2cef0b73ec36ac3061b32c3101132a1c724776c8c,AD,경기,134,07,3200
d4e8627202afe8a1773d88fcfdb57c070201f25dacfbea59fa90b3376dbda4a7,AA,경기,161,22,1700
495e261011c17e8b53f675eae2051eda85dadc07db23ccb219641b517e6dc9ea,CB,경기,99,17,2000
b31a7f957c37ec4f379abd6ae8d969c2061e80833f7243642fbb2190c3295351,CA,서울,151,22,2000
8ec8fcca39f30e09737a40d518b914e43fec5775f16917730b00d55076463c9e,AD,서울,12,11,1700
8ec8fcca39f30e09737a40d518b914e43fec5775f16917730b00d55076463c9e,BB,서울,119,20,2600
f3e27145fd6428abdebf5a82a7ada54a435b617f90398dd2aa5b39811d76ba8f,BB,서울,144,20,3800
709854b9574bf43bd8068511077d782baf682ff43a50dc8f098eb930b4d42041,BB,서울,67,11,3800
801bb0f057a7cbb05c42333db1bdc202c8ba04da8ca0e8b33c689dfa6e50662f,CA,서울,180,16,2000
394589b2f1c1d811d1943bce38caf02a1685a2142fa028098f48e86d5121df01,BD,경기,48,19,1500
67c46f0bdcd256040a2c7f2b9f32e7b29d76a45d3a878eff0b5ca07af69d65c4,BB,경기,32,15,1400
0d231df5ba4a53ebd6e8c1ca93cd1c8375b71078268ba089919beea6c60f7ce2,AA,서울,133,00,3200
1a7f9bce0a2fe56397e6a4a5b24a94254909c6b8cca05d1d8e9ffe65af403314,AD,서울,118,10,3200
2f3afef9cc6a1fade2f77b7cb2b7f45369f89e9490a8f7803ba7650af3ea34f0,AA,경기,55,23,1700
2746e58b0e056feea3a52aff3945aa40140c3b642ebc8392ae3ac340c1aaa71a,BD,경기,77,08,4100
58cae5421e3f83a0537b286996b188d271bae57b30784a070a26cff6cca41638,AA,서울,71,22,3200
15f37f1bd71108d59899405939ce90cc4532be257881212ca63962373a6c63a1,AC,서울,136,03,1800
6242035589f50d416ed78baa2e62fe7b0e5fa1e4389577de27db5cc602d0d29e,CB,경기,13,19,2000
027b802dcdfb43b9cbadb42d99892ddc55a1a757537442777e7607fab49f2076,AA,서울,39,20,3200
8ee471be86ae184aee220329fa99c362b5861dd380a6e76a649a46fcce2bea20,AB,서울,94,02,2200
8ee471be86ae184aee220329fa99c362b5861dd380a6e76a649a46fcce2bea20,AB,서울,108,13,2200
8ee471be86ae184aee220329fa99c362b5861dd380a6e76a649a46fcce2bea20,BD,서울,159,07,1500
8ee471be86ae184aee220329fa99c362b5861dd380a6e76a649a46fcce2bea20,BD,서울,47,10,4100
dd8b4cc16df9f99c16e38a5f93d13b45f192ffdac80fa7abe5d46a9f0b4076c9,CD,부산,59,15,2000
dd8b4cc16df9f99c16e38a5f93d13b45f192ffdac80fa7abe5d46a9f0b4076c9,AD,부산,38,04,1700
b564ef5d3bcd8ca19809227b765759bd38462793bf7dfbc24ddf95951ab84a78,BB,서울,172,10,1400
abf7fe7c6133e94bef56484a569c12350509d1281a17b1c4745f7d000a457551,CD,경기,102,00,2000
abf7fe7c6133e94bef56484a569c12350509d1281a17b1c4745f7d000a457551,BD,경기,174,06,1500
abf7fe7c6133e94bef56484a569c12350509d1281a17b1c4745f7d000a457551,CA,경기,27,21,2000
ba9cf9acb86317b3d702549c413d740294876d1817324914802f711a09082698,CA,서울,77,19,2000
585f919ab93e7b83f5d1aa463f4362903e2f626bdcdcb567be06a54b32eb7a9e,BB,경기,87,21,3800
0629fb5b599003a7b67d7cf4009d66ed78ea6d5a62e3c97b72d1d1c5a8580ef1,AD,부산,29,15,1700
13458c308262290dd2fceff59a2bc2f343f1ef31b54d80df360727b3c71a4ec1,AD,경기,80,06,6200
edae1fc044a9fdd13ad2926cb57c7e4a67cc7ef4382ac1770be89b554f66654e,BA,경기,130,06,1200
0564b3acfc93a7a9aa33e19054eafa593f7882c600cbee39bb79a9595e40ceb3,AC,경기,90,22,1800
f50579977e37b578e6dcf2610a1870d882619698fb83ed4619a3ebc9da906e15,BD,서울,64,23,1500
57decf9ee7a4cce269246de0017b77a5883aa2953c346f4f032a580edb3ec221,CC,경기,97,17,2000
0ca86e2a6d4a9ce9a81689008dc80d586e7287d6fbfa01b93e4d49baaa0b1ba4,CC,경기,113,15,2000
0de65711cdd30a8a63769307c3d1d4bf6f22b06b5a75b979a2c5cdd8628cbda3,CD,서울,2,22,8000
d958306419a075bcff9a4e1a74c64e298a30daca360faa806c628e64d3789e88,BB,경기,102,01,1400
ed2dd131b454fcf410e3deb3d35b95dc666199b3b70934938de9ca07dca40359,AD,서울,151,18,3200
ccf33fba2bfefeb86a4dbe865196240bbc6247f5551bdd73a8a3501257965cd3,AB,서울,114,07,2200
ccf33fba2bfefeb86a4dbe865196240bbc6247f5551bdd73a8a3501257965cd3,AB,서울,54,06,5200
e2d3e468c45636a525e8c2f2c1fa99573f38104ecc7df092dac0e17dde1fccfc,BA,서울,55,16,1200
8c311f8334b145f79e2cd19b39685ff6bf222ca37d8d56425ab6a1dab963c527,CA,서울,83,20,2000
8c311f8334b145f79e2cd19b39685ff6bf222ca37d8d56425ab6a1dab963c527,CA,서울,151,17,2000
bec4535153595db5fd5ff4146d3d35adf6e347d53dc34659211b330b2fe36e38,AD,경기,73,12,3200
3049f4f08751ba0360ef33fc85a8a0dc0d4e943edfd3eb6596dec566858cf71b,BD,서울,115,22,1500
2c0a7c9aacab6a447a85b11e752c69b7fed1753c3af7b23ceb7771f16cda767f,BD,경기,33,15,1500
2f6a6cd10f15bdad6f50940f172baaa9e49b99a42977406377da1f3f11fad435,BB,경기,79,22,1400
1de5fb231576cfdbe3f36d09112e31e258e3bf08ed77059143fe6a704692a071,BC,경기,179,08,1800
8ed9b1b5bc7a97da0d8502a0646b69aab359d351d464d2235a04b7053c03da29,AB,서울,93,12,2200
8ed9b1b5bc7a97da0d8502a0646b69aab359d351d464d2235a04b7053c03da29,CC,서울,10,12,15500
00f99643081154ce2c8381740af75f299b68b9fb67ab956bde23cd3443e8c836,BA,서울,170,07,1200
01c676e80b5e73bce1d4a64ef74eda36d7168eee78b087d34af691f963fee7cb,AD,경기,172,07,3200
45cd30b61a8b46257cd2f66eb1c3e19a84a5d00c011bc7ed8486c80aa1dbe468,BB,경기,56,23,1400
45cd30b61a8b46257cd2f66eb1c3e19a84a5d00c011bc7ed8486c80aa1dbe468,BA,경기,124,23,1200
371efaba248834cf02e839543c00271382a02c5f3c87c150fab3d6eebb160949,BA,서울,75,16,1200
b5142afd4153a37bd158577ed19f58bbab5728a7062cb457a8f9d01ba80de3af,BB,경기,134,07,1400
6771617d0f977869bc925a3e47d95d24ccf4f4fef05777a3a45aafa2d22a72f3,CD,경기,168,04,2000
6e9b2a4ca8931a238f7ee052926699215523fe154082e7f540a0d02d460b4363,BD,서울,175,15,1500
0a72aec20be75112f92cbe618f198e8fb09f301e31e22ea1bc5548c93e6e0dcf,AC,서울,36,16,3400
914e5985be616848cbe9d03e0eda8995980490838ab7b6e7e74d77e3211007b8,CD,경기,15,23,2000
02dc416e3df8220ce5197a74430bf5d23a892f0879d2d01836883275d8132c24,AA,서울,151,09,1700
dd8b0416762a8af473d92dadc38f680d5c970ba38ff08bf510b0924718cb0aff,BD,서울,90,15,1500
b1c2ceb2dfb61f2acdb2787764fee57bd1383bd6516b39ca804cc77b15402c1e,AA,서울,8,23,1700
7fc3e1cc896fb1c853a300bb25363ff786960b081ec5ab0caf7d72575a8753ea,AD,부산,169,10,1700
7fc3e1cc896fb1c853a300bb25363ff786960b081ec5ab0caf7d72575a8753ea,AD,부산,141,08,3200
8ac9ae763bb21add899f5091356f8eef02dda5872f928c7d9f3cf0eff1d90b21,BA,서울,108,09,1200
0d543fc1be595a9f7bc31942f5e76a942383769dca4f83ef44adc81eb2720315,CC,서울,169,23,5000
178ff7bc7d8a7be24e593e6a53ade072af8fe5df1e8206a26baa55ebfeff72dc,AB,서울,177,10,1200
72b35408ce844a21a47b978af8f67787b937cf654ccebcc2b076585bb6cfe2fe,CC,부산,80,12,3500
72b35408ce844a21a47b978af8f67787b937cf654ccebcc2b076585bb6cfe2fe,BB,부산,149,08,1400
e01a67325e408aaa73ca0db8729ebdd64438a026fb826cc460d8c22ac7810e58,AA,서울,26,16,4700
7b5d853b2d3bc70cfae2bae56f8b75068fc8ef7b70e046bb038b0998b4be4797,BD,경기,181,11,1500
0440cdf15f02b08ebb776bfe3c752d806a32b6732da1cbc35d07c92014e217dd,CD,부산,171,21,2000
ba930e2ecbb516304384660f7fd3a3201a2785b21eecbbe16a15124753032106,AC,경기,158,17,5000
cebd4aa0d63343b611600b22ccc107de9ed8c5d626efbbd3e9fa0994e8b53f90,CA,서울,116,12,2000
2018b7f60d8aa909556d5ea3b58ceb31b780f3dc373bfdd59ec3c917bdbb482e,AC,서울,45,08,5000
e7c49fc9bbed7b0369ef8bbf693673e47ab5f8abdb030b56ac6c5349f5052369,AC,서울,171,17,1800
d506975927c44c251353cef19906feb33435a03804d560f6059d48e48c8a6b02,BB,서울,178,21,1400
d506975927c44c251353cef19906feb33435a03804d560f6059d48e48c8a6b02,CC,서울,69,18,2000
24b317daf5b7f7fdaa8e5e70cd01912412b15e0d7c5321b15c923cde5ffcee4b,BB,서울,132,20,1400
fb34e9ac715150301a3d086644059d58dfe0a0de8b3b17cc2ccf60dd6fe82349,BD,경기,43,23,1500
f51e5c8bd12233788d8767219139f1ef49f842192d808d8f532d97b26888cc99,BD,서울,74,15,4100
d5997d022deb71b446a51b2cc6534ea80d5e1ecd38cfa5f623174b8701f183a0,CD,서울,148,21,2000
3020b886e8c87454a6b2416214f6aade2917a6d46a8e9eaf9acfad78bcc54d08,AD,서울,8,09,1700
8a98d68a588b8843665a578527fe460eb128cb3b1be84b8096212e21ba5b28b7,BD,경기,2,18,1500
2e80b529c1c0dfe2e5234660c1c2fe2b7f9d22c700f1cd310502bdb791607e68,BA,서울,26,08,1200
37728a96eda4f4241c9d9121ce461eafdef62c7c3892306a5b982e0d42cb5131,BA,경기,18,21,1200
078b5e01dc8f98a7143348cad69638bc640d7e3c64d36bd65c0f310c8acbcb56,BA,서울,39,19,1200
d6ecf39b9288dce0581e7a53166d4921ab077e27dda06324026e05697e7edebe,AD,서울,133,19,1700
d6ecf39b9288dce0581e7a53166d4921ab077e27dda06324026e05697e7edebe,AD,서울,129,08,1700
2ae021746b2d43d6950c72a322fc17c1b20471ff55cae69fd17f62e3cc94049a,BB,경기,152,22,1400
ada03d83341390f0c8b0dfea8a92bc09be25ee4685aa50663fa9916d50c55df5,CB,서울,11,18,5000
94ba21350e113d4315b7da5184b7eae314ace254059f32ec419b17d5a7dfb8be,CC,서울,62,21,2000
a30ff78c3f19f7bf9dafe9e3e80f2c55a6a3e0e8fe14ccf8a4cbb3b297fdabdf,BB,부산,179,18,1400
a141f993d51eb2d9ac09ab89e6e2dcf3ec49b3e44ff88f0e5734a6b70d9565d1,AB,서울,73,07,3200
a141f993d51eb2d9ac09ab89e6e2dcf3ec49b3e44ff88f0e5734a6b70d9565d1,AB,서울,57,07,1200
a141f993d51eb2d9ac09ab89e6e2dcf3ec49b3e44ff88f0e5734a6b70d9565d1,AB,서울,50,07,1200
a141f993d51eb2d9ac09ab89e6e2dcf3ec49b3e44ff88f0e5734a6b70d9565d1,AB,서울,33,07,1200
a141f993d51eb2d9ac09ab89e6e2dcf3ec49b3e44ff88f0e5734a6b70d9565d1,AB,서울,3,19,2200
a141f993d51eb2d9ac09ab89e6e2dcf3ec49b3e44ff88f0e5734a6b70d9565d1,AD,서울,171,16,3200
a3fe86ea35135ae178289cb80c92bb0eb2dc944ccc4b48bb36f780a0845cf906,AD,서울,156,16,1700
e6024367dc53622f216eb5ba8b8385c95399bd6a3335b951a6d38c8630ead1ed,AB,서울,172,19,1200
e6024367dc53622f216eb5ba8b8385c95399bd6a3335b951a6d38c8630ead1ed,AB,서울,172,19,1200
db194379ccd1f419d28b2bfdc403fde0a8cba8da3004e19f100ac0e74c6e684f,AD,서울,76,06,1700
088eedd5a7a251e3d5c92313b5f16c311215f9ff656ea72346d0a46cae6fad40,AB,경기,153,16,1200
05dba6b3bc60515263775bb7005a2fc4fbb461f927de751de89866ee5d8c99a8,BB,서울,93,09,1400
05dba6b3bc60515263775bb7005a2fc4fbb461f927de751de89866ee5d8c99a8,BB,서울,93,09,3800
05dba6b3bc60515263775bb7005a2fc4fbb461f927de751de89866ee5d8c99a8,BB,서울,54,13,1400
05dba6b3bc60515263775bb7005a2fc4fbb461f927de751de89866ee5d8c99a8,BB,서울,78,13,1400
05dba6b3bc60515263775bb7005a2fc4fbb461f927de751de89866ee5d8c99a8,BB,서울,51,08,1400
05dba6b3bc60515263775bb7005a2fc4fbb461f927de751de89866ee5d8c99a8,BB,서울,84,09,2600
da37270a75f2bc29bad10df64684f51b2784c6917feb95e403a3fe46eb8e533a,BB,서울,94,18,1400
991b59d3a6b572a540b4902209bf31226533fe9f34d77e63616840f968388dcf,CC,서울,176,17,5000
c6d8d7f2fcd8b4934fec2a214f91269f95128f7d6307a04823469cb19ab38773,BA,서울,156,08,1200
9d9b2d1b9286badb95020dc6bbd7c848e014893c386169e3559703834ef838aa,BD,경기,31,09,15800
f6c7bb2f1f59e561d125a095fde6d719c62a7e53412dbaa008a87ec19331b215,CD,경기,179,23,1850
f08cf525d4ef5b810355ba604ae96606d523e04a7e0d7c33c16f22e5f778145b,AA,서울,139,07,3200
19003a6ad414d6aaefe621bc835fb276110d94e2eeca208488e6cfc856b368cb,CA,경기,165,18,2000
8833014863eff44b783d8f6f7bc9431f9f450596080e2b3e92d39dc8e44d7753,AD,경기,173,11,3200
036dc9b3e4f5eafbdf23d8f2f085dc66b95c2a133aab8a3f11ba0cf87254f637,CC,서울,67,03,2000
e3ef99e912cec18684d7e5ace2df2cc19b71f8c3dba9c108862abe0727b3223f,CD,서울,116,22,2000
ffc9d04c536581399f6eb294fbbe6ae8d2934f4080776025baef8a1be5c6c9da,CC,서울,132,21,3350
f3e70c027e42e19c161351e14f52fc81226b762c759df743b5660b1a5f6eee2a,CC,서울,107,22,2000
b07d7647697827352b0ed9b9f4c16a43dde7778ea355d2b3400b23e8ee3e4ef9,BD,서울,42,15,1500
1225c62554cc6c46d668bd20f97ab99ee7a3e3aca5174576527123b9fad31bab,AA,경기,95,16,3200
5ecac3d44e3b0aec8f194e55673aa78eb65a20dc81b9998eb74f3640163860ac,CC,부산,123,21,2000
8f5b2cd9d6b9f6314c4f440e9173f3058ac09caabf2e4d18189ad4c4823c9ac7,AC,서울,16,12,3400
e5b0a517da1d1127cc33994f806d9d7deb912d825725a15ed9164f432451784d,AC,서울,145,19,1800
5ccacf16d9e72c2770826b0d15cc39435f39a1635fd856ff62ae2a8fda046e5b,BB,서울,132,07,1400
73f09469050fc59ed2cdbe265466f8092aacc67607db9881bdc34d5ffde41a0e,CC,서울,51,10,3500
d0c6454beaa8a5ab3085b5790c4e0b02d30bbaad0558437ceb081f7945418834,CB,서울,88,22,2000
379cfc3cea2104d813ef5ddf60bef1a89367f7ec998e567cf881a35848456584,BB,부산,16,13,1400
548893805e2461c2cced301e06606ad6449f3d00fc7e5aec86d4c4854dcb8ef5,CA,서울,133,18,2000
f53eccc9eb14eb1590c0a4db5e2ed42b7b4b38a815be08a6f0f88091e951201c,BD,부산,116,19,4100
9c3e7b10f88b7f9ee5d0efa763fb76e45d9d7176645f5e5d9fe55f159feb8537,BD,서울,80,02,1500
9c3e7b10f88b7f9ee5d0efa763fb76e45d9d7176645f5e5d9fe55f159feb8537,BD,서울,11,23,1500
9c3e7b10f88b7f9ee5d0efa763fb76e45d9d7176645f5e5d9fe55f159feb8537,CC,서울,70,00,2000
987c0afaf2f86f1aa8c061663eed966d592f0af9021f7351cce3c6dccd56b0e4,CD,경기,154,18,2000
97c7fc5636f8e275cc173c2e17bd334e14f9cd34eb2922ac556d850db9b6e808,AD,경기,180,16,3200
ff5b5c50a847b438e83dc2aa7068d7e33a5e4e812d685e1029713377207f886f,AD,경기,112,07,3200
ff5b5c50a847b438e83dc2aa7068d7e33a5e4e812d685e1029713377207f886f,CD,경기,177,02,2000
ff5b5c50a847b438e83dc2aa7068d7e33a5e4e812d685e1029713377207f886f,BA,경기,77,00,1200
aadc93b164a3dcc68278509fd39506d317942c6df44ddb17ff32e50f93dffbf7,BA,경기,8,00,1200
310893bb225dddfa83e0a8a661b9f8919f73fa31ab7b36427b7b176a521f2d5f,CC,경기,70,18,3500
e6075517f812b00a58b6ec44379bef1fcf78892a12adaea9502b64c3021d3dfa,BB,경기,73,19,3800
da9287adcbe7b7a63aba9ac570ffd1859087c760f8a7e28084d79650e03986b2,BB,경기,165,17,1400
c4bf6999b4f447ffb2ce37dd12c5decdbac8b9312087bc37b528aff7842422ae,AC,서울,75,10,5000
c4bf6999b4f447ffb2ce37dd12c5decdbac8b9312087bc37b528aff7842422ae,AB,서울,85,09,3200
383fa72c3aa900bef2d719f7bf16bb7e39e08ab0be49f4e1d9188f2c589c8e94,CD,서울,58,22,2000
ad917440b489dec595e1460be6989281cd2f9afff514d5b65edc5376a22cbc29,CC,서울,149,03,2000
ad917440b489dec595e1460be6989281cd2f9afff514d5b65edc5376a22cbc29,BD,서울,89,06,4100
9a65e997c658598fd08f154ebbab135ed49e8232789b638a421644e218f1a0ee,AB,서울,151,22,2200
72a264f2b2395369074eaa539742fd1413d803d62c9269a67a9c0b907defc879,CD,경기,20,22,2000
72a264f2b2395369074eaa539742fd1413d803d62c9269a67a9c0b907defc879,CD,경기,180,19,2000
db805224da9d099b64feec38f5bf0d43609b6898d81a78ebf6cb2c9a2a85c712,BC,서울,91,17,1800
bbfc7cea0cf9916e061553cf68177892f9111a51f1cf515033326443c15a1ba5,AC,서울,145,11,1800
80e0ccc2549060ff549cbe5b51201beb197444fb8649b9c4206e80b5ac97cb13,AC,서울,18,09,3400
ddb6a17ddbc4b4e8ffd9a0c42f267d2b94f667c7cfa49c40456c80990b605807,AB,서울,106,10,2200
0ec6d0c7d71be3c95d3714a6b17f4c851d17ac7b7fb7c421662611445b9241dc,BB,경기,111,17,1400
63d1c5f579887c87ec5b131c37c5f5ca6a75c1e21f2c45ce3dbaad7de93cc26e,CA,경기,37,22,2000
b6b19a6457f7ea05bcf367d749fe7390016bff94cc952f50fabfa00f488b4267,AD,서울,101,22,1700
197031e04164dd783d98640fc4e79eafa6d8e15a55d444131cfe3196e15d5830,BC,경기,63,08,1800
dcf40fc54b3f7c59ae1c14ccef3e4a293db6fdcb8f41261c88e97a77506358bc,CC,경기,155,15,3500
8d657f7c025408e499a17eef492b46090cc9cbe2032a4ca25f4f2f91a70bf948,BD,경기,168,23,4100
4fe3d044e126d3991242e24bb8ef2bf96864d53e6cb9e7d119a882af528a4c4a,AD,부산,93,18,3200
bf507e6a32913b3e9bfe60a8e9f28e109c5ea3698a514775955fe4b0f78d1ac4,CD,서울,29,13,3500
73148b674debc0c93c67829bb8793995e4271332f862ec02cc336e97954a803a,CD,경기,28,08,2000
acb9d3cd1baf4335332291435469cb622794691b7a609a271162148dc5b463cc,AB,서울,118,08,1200
f614a4b72b431b7784cf7f8e356295c4ab99007a66cdf1b7138e2be5f4156655,BC,경기,99,09,1800
6a72963ee2802bcbc4288998948f309d1ccd9dcc62cc5a1bcd71fd96f1be135a,CC,서울,84,22,3500
2e7f1739a7a6c7f79139890396598e9b04813bfe534eab8f303079e52ff738f5,BC,경기,135,11,8200
2e7f1739a7a6c7f79139890396598e9b04813bfe534eab8f303079e52ff738f5,CA,경기,154,23,2000
2e7f1739a7a6c7f79139890396598e9b04813bfe534eab8f303079e52ff738f5,BB,경기,70,23,1400
2e7f1739a7a6c7f79139890396598e9b04813bfe534eab8f303079e52ff738f5,AC,경기,28,09,3400
2e7f1739a7a6c7f79139890396598e9b04813bfe534eab8f303079e52ff738f5,BB,경기,107,10,1400
df6e7a17b8a2c33f9543adab5affba71294a545d864092dda0dc461af9a1c276,BB,경기,180,22,1400
0c7d678b2196254d317db9c3c7d07e570d27aa026aeaae24adee53de05d335d7,AC,경기,40,22,9800
0c7d678b2196254d317db9c3c7d07e570d27aa026aeaae24adee53de05d335d7,CC,경기,150,19,3500
2cea7038cb7fb3c1872151991b2c8609a218d0d525c89720feaa6b6bd6db2548,BD,경기,28,10,1500
61e211fd1876cc605df047a43b47793110bf8263aae3cf3b7a3ec38c91015cf4,BD,서울,180,12,1500
fd517b266e6176297774bb75d9da3747d8536e09fed9ea8b8aed4173d5f12a4b,BC,경기,63,21,5000
17d58f73bb4a1282ee517769948e125ecb226c2c97ad866c0babe2b0c914b14d,BA,서울,23,21,1200
a9e20a383a61f5f5a03bb210eab48d0d2a8b0ea70d02b4dfeec88184c3f55f21,BB,경기,37,22,5000
a9e20a383a61f5f5a03bb210eab48d0d2a8b0ea70d02b4dfeec88184c3f55f21,BB,경기,49,15,5000
e7e23922efd842daa34d3b16bef60a5bb34ef7d1ff49550340b5c6c0cc6d4566,AC,경기,173,14,1800
39895a5d738170a42043bd8650964c185f0ae4aac93536c541cd5954944476d4,CB,서울,79,06,2000
39895a5d738170a42043bd8650964c185f0ae4aac93536c541cd5954944476d4,AB,서울,93,06,2200
3c76237e85777af2c364b8d739f876157a41c3f0773111554ee86c72f881850b,CC,경기,157,10,3500
bdd806810548f79e1bb307c91f61b7bb26da0614c7c01c516ef1c919a9b2da1c,AC,서울,168,09,1800
6820dad39cbdc303eb25aac7ec05ce508e8248461ad40a40f4cce22b06128495,CA,서울,136,17,3500
a13cbd0c6ced6247d56e15b8e3feee351e6bba609d092c0323d00a91e533a588,AC,서울,40,22,64200
d942cca8481a5940c4e4d80723dc041bc049a4184cd730c64a6f255be985d29c,CD,서울,139,22,2000
b1077749a215b7bfeecd03cf7f9054ece7d877479a42a88e3499b341bd92a1d4,BC,서울,126,16,5000
b1077749a215b7bfeecd03cf7f9054ece7d877479a42a88e3499b341bd92a1d4,CD,서울,58,21,3500
e9106324e0218bea66fcefc446f82795e8912709eed8e94d905dbd7612483389,BD,경기,69,11,1500
3dd2bdecdb8a96fdbc31a570c01882b2ae47d3ef7720b4bed1c108648fd6247b,BD,경기,110,22,1500
3ac9c7f14e82ac4123532d3c7dc9c574682b4047a056ffbb94fe446c40b71cca,AC,서울,89,21,1800
408095e05e4f4d9473920f6650ea691db9b5024c43d0de1e38990abe565ea7e6,CC,서울,73,07,3500
429b2899dad7ef22fd78b0863177ac0612a8ccd6afc12d39d8c80f21be79dc70,CA,서울,20,23,2000
429b2899dad7ef22fd78b0863177ac0612a8ccd6afc12d39d8c80f21be79dc70,BD,서울,63,00,8000
429b2899dad7ef22fd78b0863177ac0612a8ccd6afc12d39d8c80f21be79dc70,CB,서울,69,23,2000
429b2899dad7ef22fd78b0863177ac0612a8ccd6afc12d39d8c80f21be79dc70,BB,서울,143,04,5000
f9359e29eab659d9c6564edc4eb5ded0bc93259203709e0cfab2c12fbe2a80d3,BB,경기,96,22,1400
d4dd5919945606441e6bda57cce8ce75c9069c54f9a387741aa6a5d6efd246aa,CB,서울,64,19,2000
623f353fd1c1db1a53ceb332a620d8a9d47dbac6595bfcda3a3f91822c61ce4d,CD,부산,58,09,3500
da07ab661d7efedb4c8bf0e7f23695862a5d1a9228485833975020affc7d4dec,BD,서울,26,09,1500
5277c90bd31f7e44936902090f3dddb7ddc608fd10677ade46c26f872964ab79,AC,서울,73,16,5000
f5b68462108b96fb2c24bfd3e33ef6f5a6d7e5d8958a835ee8e89ef31a4c1b70,AC,경기,46,19,1800
6a9f2659296ce0aec0659fc97e18d3e50f6657f55f0034be5adae7bd55cc6a1e,BC,경기,149,20,5000
b193cdca73f49f30753d7418b5fb6522241d6ffe2952f6b41ba8930f8f0be5e3,CD,경기,102,21,2000
c3332b4630f25fefa838650e967406bc8354b5ed94f60acdc015151848e6360f,BA,경기,72,20,1200
c3332b4630f25fefa838650e967406bc8354b5ed94f60acdc015151848e6360f,BA,경기,33,23,1200
9c6fbcacdf589dcfd6e2ddaef0716ea00df267331d2a77f3383d9aef7a473b13,CB,서울,30,17,2000
30213d391304d79dee2e307c3e956dea230bf78bc31c2303455dbda54d9a62dd,AD,서울,85,23,3200
001cf40f16519251877474c11a30404ab608a1c811bf064dfab3651633bae7fa,CC,서울,162,15,2000
001cf40f16519251877474c11a30404ab608a1c811bf064dfab3651633bae7fa,BB,서울,75,21,1400
835bdf832528b83edee4db51cc4a738832e4e84bddce5ae82f110f42e8b0be05,AD,부산,101,00,3200
46404d769a5d6b39388877b5bf760b55141cc7d36b078495dadb0cbecf2d9910,AD,서울,139,22,6200
e1e15c4df6a3b690335698717ac6e852e93ab1726eec06a7ae0c987d1660e840,CC,서울,85,18,3500
e1e15c4df6a3b690335698717ac6e852e93ab1726eec06a7ae0c987d1660e840,CA,서울,109,23,3500
19d76f0a4f35713b806e8386b6c20e6ee2f96319ba35c697c43dc0523ac68390,AD,경기,166,22,1700
b02fa4ea2c7555c748ecc103f8971b29d10fb0862b230b03ffa6e084b142bbc4,BB,서울,134,10,1400
fcd71a56694edc7d054657b4d2838748938d17796113295e101520ec1cf4524d,AC,서울,138,15,3400
dddd3a7008607b1e0c8a0302ac29462ce7d81bb3036ed44485545823f793cb79,BB,경기,77,17,3800
ce687bdc8d837515528b7c55e085ce0971df8f9c231281a7ddeddc5ca783700f,BA,경기,42,07,2200
45c99632c740fd422403c4ca2ce01bb6d97af487b3e7872bfaeadf45e6c5bef7,CD,경기,99,18,2000
1fec0d506bcd0a101339c2b1c18f26a861e7621e3c09144151bf54ab6f89dd46,BD,서울,45,10,1500
ea90c003bd302c577a3986f0c47a8c1369cefab4ea9915b661624f8db2ed243a,BA,서울,44,23,1200
3a0f68179e836e6762d3e9a7e2caca7b68fb8b59368740b44660b2477250fdc1,CB,서울,11,18,2000
79402b727114eab79cf635ea4de15be3bc8be8867b364d9659687becbe2d329f,CA,경기,147,19,2000
c93bd43b64463bd6db04a06fb8f7118057a1d0cf2812150d1ce497b98e473ad1,AC,서울,12,22,6600
ad61f1256cd17d6fe8b8179a9009097412150764a5cd00ef58d332534ce92f08,CD,경기,79,09,2000
12aba2bd8508b92cd103aeffce99a1215934436c635fbd5e4456827bdb7ea530,AC,서울,60,09,1800
e303e2f8e4db7df203e38faf1aabc45d9337f84be5772de2caa573002e79b4e4,AB,서울,126,13,1200
7c4bf9b9ce2959ad161f5b69cec9b48af9212685590f9dfc2a3edc3a57ea5b64,CB,서울,16,13,2000
41a6aa0235f4b0f55839bea7f3dccdb660a47a4982546e039d544e3f2aa4b2f8,CD,서울,28,16,3500
d281e4e144cc12a600f0938d4ad69ebc85b65ced7d285077a2be7483cdc7cc8d,AA,서울,69,22,1700
c4c61bef2b2313e02c302ea943c212c8f0b70f90f25d5749a09575f8b9d76bdb,BA,경기,32,23,1200
3737f56eb2d00a6527753c78f87f46428794278c628d4402834d1359c2510c36,CA,경기,147,18,2000
12c934ecac4a4c63b3125382ccfdc452b9cecc1668dee5fe73500cd7a5608702,BB,서울,81,15,3800
12c934ecac4a4c63b3125382ccfdc452b9cecc1668dee5fe73500cd7a5608702,CB,서울,69,20,2000
12c934ecac4a4c63b3125382ccfdc452b9cecc1668dee5fe73500cd7a5608702,CD,서울,65,17,2000
12c934ecac4a4c63b3125382ccfdc452b9cecc1668dee5fe73500cd7a5608702,BB,서울,133,16,1400
12c934ecac4a4c63b3125382ccfdc452b9cecc1668dee5fe73500cd7a5608702,BD,서울,172,17,1500
8f89a37686012933fbc50c494690688de0b4c369134d7bc7de4e9169f36036c3,AA,서울,78,22,1700
9aa1d32e996e157dd8225966b42aaa304320e88600eebaa8c3dca232e706afd9,AD,서울,177,10,3200
9aad63a76a4c329a1100e6cbd55e10b45330a12d024484fa040e19d5e41083d6,CB,부산,66,16,2000
cd80c847088c7317f643cc649d1f459b569849ac0c5ac9dcd381428668c2462b,CC,서울,167,22,3500
5282202009fe65db8bd0025b714b6660f77a167067a2ee5925d33f97d4da5249,AD,서울,27,14,1700
217410bb71265b600da2c52f11e3a00bde5b6d0f144695e933c5471f48bc8633,BB,서울,51,10,2600
16eea21b5b57bfd5f6b2d43dead71cc4af05f516868ee2efd3b0fee463227d57,BA,서울,21,14,1200
91f5c171303feb200c5dc7c52c0d06fd4e302b442c55e15f657b25718bdbd1ef,CA,서울,120,23,2000
6eed4fcf123766b361c539855a7edd2b4ccebcfe551d7c82e772897bb0de579d,BB,부산,57,18,1400
ce02adc56144eb4779b34751726e381e71472f7a84b2c23c13987f91eda0cf93,CD,부산,2,20,2000
420ebd7e15a66229a7e0004eaa8eead353c72b621d00d09b6dbf263796a9bc44,CA,부산,122,20,2000
e9666e89139cce4b37af6bc9308c94f02fc36d83c5817801558fa1ae11e8ac9b,BA,경기,145,23,1200
94cac66506fad83e46f596739db875495306b9355407530976337ce2a727e146,BB,서울,63,17,1400
d149f01ce76f3bdd7b45479e18bf40b0bc4fe30201a5a25fef32bcc31b79683c,CD,부산,3,07,6500
d149f01ce76f3bdd7b45479e18bf40b0bc4fe30201a5a25fef32bcc31b79683c,CC,부산,125,07,5000
89662a562b81f84f63502a247ae794805364397c366434df09a265d939c04f25,AA,서울,69,10,3200
57efecee3124029fb302f76c556f4cde73a8a3bea0e4e19231f87064cb657194,BD,경기,103,19,4100
d513cb0c5512b005639359e6d9531e89b7ff0828ab2b60c51ed16bba0e884fc1,CC,서울,106,23,5000
6971a50a8b38b182c1ec61dbbee1686738355c721f2c3b594349c4c5a8100c75,AC,경기,135,21,1800
f22913531b406bab23fc047365794702df79acf93cf3825661341ad56d2cb593,CC,서울,51,16,2000
e3831f0449368f2f011e5fe5ddd12ae8a8bf1cb1450a26572eee7fc60d8336a5,AB,경기,164,17,1200
7663d5aaa4eec485a0253d4f959afe11fc0a4ab7893b18628f1405b63ac93e9a,BB,서울,109,16,1400
360501dccb682a6ddbd7e208f0281658eeec1b66bec943d6b2b3b74e4911d37e,CD,부산,3,15,2000
360501dccb682a6ddbd7e208f0281658eeec1b66bec943d6b2b3b74e4911d37e,CD,부산,2,19,3500
360501dccb682a6ddbd7e208f0281658eeec1b66bec943d6b2b3b74e4911d37e,CD,부산,1,19,2000
fe971ff69d1d83357ea5c9d6505782d2c0ff468d9eb567343e888bb0e700c21b,BB,경기,83,11,3800
bd0688f30a2bda6d4d372327e9d16e8b5228fe4d556da5584805bc396bf73c7b,CC,부산,74,16,3500
568964549209c820978a446b7920711b162fecfb0efbcaeca4bf093ccafc9153,BB,부산,151,23,3800
bc47ea5a774d769b3b27ba31688638f94bd32e8cbbb15b06d20ffb4fcc52e713,CC,서울,106,23,12500
bc47ea5a774d769b3b27ba31688638f94bd32e8cbbb15b06d20ffb4fcc52e713,AB,서울,109,04,2200
6ea129a04a6cbcef9940a11f765535ab751f78bd1cc0d57e280a925fcd4c08e2,BA,서울,23,21,1200
14ccfa75c0ffcf54ccec9400bf6c54c8a19bab10c61cbf0dd88f18f8e4a3c795,CA,서울,52,02,2000
eac917600d97b72a68436c6b509407af426401849257a717ecc94a5fa3eb8878,CA,서울,43,15,2000
f1653a594f4ee0b0ec970cd3aad534e71b8cd5722d71b4434ca2f647988522ce,BB,경기,77,23,1400
078ba2d2292d815d3bcb525a42d92fa68cd6c597b1130d1b264d6473fb0542c2,BB,서울,71,21,3800
2d8a6d85391e4691398034dd760e0ff54465d2de1543cb0d6b21547e16b918f6,BB,서울,129,19,1400
e7045b85127a10eaa90c092922b2c38ed1c970c783a4b07b6472c389e3f14563,BB,서울,165,12,1400
008c596a70587678ec31648337c21467a00bb2be0091f49a41f4e5beefb84116,BA,서울,92,15,1200
c7d424734bb19053ca08a68ee03b4b47a0d69d03210c96b2877c6b0987e32c22,CA,서울,105,16,2000
7594ecced23887254792dcf0018ce6232dfa4d3c4fe71d5cdc9da5d6b462b5b6,AA,서울,14,01,1700
f3943c79367d0250eaf75244dc5e97e2a1b85a0c22ea5977bf6541279d5813e2,CA,경기,154,20,2000
68394fa9eecaa0811da0b87bbe36baf2adf5496276cc2fda4a8a6a80bd36c69f,CA,경기,20,06,2000
4168123e488ae8b0a5ffd730b003fa01747f54f80f0041d6c18c2d816bf0c4f3,BB,경기,172,19,1400
eeb14a942f994b9c84a272dff17935cff32b068c92a46ab08785205acd804101,CB,서울,75,16,2000
b5715a496caa6a1a30c9407d623130e6edd21ddd1a84c99469301a2625d9fbd4,BA,경기,18,20,1200
1a9bffe275904f0de5fd4abf0b8ba332f64793190f172a7a3068bbbd48b6182c,CA,부산,40,03,2000
8ea021cbd9411b9aa09bb1819f87952d74490421acaec65357d2252c0a289cf3,CC,서울,154,08,2000
8ea021cbd9411b9aa09bb1819f87952d74490421acaec65357d2252c0a289cf3,AD,서울,39,15,1700
11734676695f39717956d013136359c33a0b6eaf1cce693ebbbaced968f5d2f8,BA,서울,136,18,1200
51cee607df49b49e14dae57814dd658fe9d3c4ea21c22e004962c0d3e714b4fb,BD,부산,118,07,4100
a49986de38046dc796d38c0c79129031360066a7bc74cd2be7cc55fe9adf786b,BB,서울,77,20,3800
81df060c915bf2a35f35aeed646bcad28835c4a9a26bbed618857f4f66a1ea2e,CB,경기,126,01,2000
38a83bcf188fe5dbc6c0077c66b1cd03fb2dab108793e77b7eb5ed70c5714dbe,AD,서울,124,16,3200
3a94221d739e79f6f5e42a0e253d534cbbc09ccca9a3497f9f2de7d6580a0c75,CA,서울,125,12,6500
1932ae0a333f4934756e32227ddb6fc58417913bfd8b58e542bc057cfea8cd28,BA,경기,127,20,1200
f2a467a725d8086e33c6acbc5540ab55258de7091ebc6885547802c2e9c8ee76,BC,서울,146,16,5000
bc23ffff2881fad92d3d983e899b26df64f590babd169c772dbe838c583fc55a,BB,경기,41,19,1400
7d0a30da4bff627f3c10af8ce2acc2ccf890a22e7db61901de69fae75b887219,AA,서울,77,12,1700
ad94e708642e3c06b3b22d3ad102e1c992cdd9bf8efb201df162a29255270e42,AC,서울,129,02,5000
81e5fb44f2f862781aed5f633654c06358aef0cb1599ba495ae4d1f1153ba66b,BD,경기,10,18,4100
0d4fbbffe84492c5e46b76cbb2d40e96f6b5b8f08e834d5fa5a0b3eae0636d3a,CD,경기,109,07,2000
8a4e9616b98ad00e0ef48f2e77e464f81d970b9c17b76793843c32f17d6e88a7,CC,서울,164,12,2000
8a4e9616b98ad00e0ef48f2e77e464f81d970b9c17b76793843c32f17d6e88a7,CD,서울,153,15,2000
d4439ff3e242998f63aae757e737e5f8ec6317cd439fbaade5817c3d64df1b0b,CD,서울,32,14,3500
67437953bba51a2386371a8ba9de4da8b5618ffd0af2e56f1dce87b43d9ede3f,CA,경기,174,11,2000
9873ebcf00e1d849f4b5af0721054d69d9b8506e9f985c12dd1a1220aceb69cc,BA,서울,68,06,1200
33ed6dd55d8a1d9aa346dc69b27a27f41f05230ce7dcb92f287da8e35b83e556,CC,서울,120,21,2000
f6a36c8f5a51688414171e9b885ef75ca3952ba86bff60eee0a2786dffa06ae1,BD,경기,39,19,1500
7bff4b5e8e035437c9be044456d5d60df9bc894072b6532189661109a2879628,AD,서울,9,16,1700
9dcb2e1eb11be9898a285332268ba1753d194019f390cb0e22f0f94143ded7d1,CA,서울,157,01,2000
9d34a1d8b817ff86315c64e8b7c227663883b43530a2c4cf92e61893bee25d1d,BB,서울,140,17,1400
907aa74a2f89bdcf19dff3126b387bb211a3ff99d404293a53d201357960486c,BB,서울,74,14,3800
c897622e92b87fa17ac1e4a63b9d2e3e12a1c61bca186aae8faea4f29d02875f,BA,경기,54,13,1200
f84b5d3a51a86510bec0a8a6fa197960d972ed6d9d780a51240ed3cb83e2ce7d,CC,서울,81,23,2000
25b83986c4a5f306c366adf8dc9c059816ff5732592b0b57413198a5ae7c30b6,BD,경기,158,10,1500
9a2c82e4cba2e4a3316276b9bec13a973002195a1960fc247bd08266b51a9f82,CD,서울,139,19,2000
121f5f69be844ad2355363929af0a56f3d2c81f8b7344822bc124d87e1abfdc4,BD,경기,27,18,1500
121f5f69be844ad2355363929af0a56f3d2c81f8b7344822bc124d87e1abfdc4,CD,경기,28,21,5000
88b91fb192741bf6c2693d53429d29854afcfc8c4590e25834be694aa0facdd4,AB,부산,13,19,1200
ece279ead232c29f34bbb99814103895f5a5810f75acda9859b4122101cac302,CD,서울,104,22,2000
e34493bdfc532836e2e1ef0915806fbd370915d9116d31399f094cb66c063a41,CD,서울,135,05,2000
b4c3d37ac55316d7642b8e9dcbe252fecf98e79a3c73a2dd471ad7991ad48c6f,BD,서울,17,16,1500
de501e384972cfe7f3a5f20542f88a6ac78e980e8b1594d9886c302a4d7aef6a,BD,서울,10,13,4100
13988e8891938998d3f0b4540eb2f8249e6fd752f2a6ce5855736cc071e445da,AA,경기,73,19,1700
78b4f17a07c120a365ff384b729e67466e607781fc87be0517ed6bc864a2c713,AD,서울,64,15,1700
0c2c9787a802b2d5d83a02aea4ab3d7aff6874a26d4cb3a34b338526b914a2f3,AD,경기,108,13,3200
0c2c9787a802b2d5d83a02aea4ab3d7aff6874a26d4cb3a34b338526b914a2f3,AC,경기,106,18,1800
78fe10ffa11aaba7fd322008075d50f6135c0e2a4d8e6cc7c47373769ab4eff6,AB,경기,167,20,6200
742d69d6e249e4c08ff6396819479ba6061106b850b6c7bef3ad5f37fa665da4,CC,서울,84,15,2000
742d69d6e249e4c08ff6396819479ba6061106b850b6c7bef3ad5f37fa665da4,CC,서울,77,14,3500
3c26e22b3d43ee275635951daae2aed33a91c38c78a0114b24f4f030326afdd6,BA,서울,102,03,1200
3c26e22b3d43ee275635951daae2aed33a91c38c78a0114b24f4f030326afdd6,CD,서울,147,03,2000
3c26e22b3d43ee275635951daae2aed33a91c38c78a0114b24f4f030326afdd6,BB,서울,103,08,2600
3c26e22b3d43ee275635951daae2aed33a91c38c78a0114b24f4f030326afdd6,CC,서울,53,23,2000
a36abe41403f2e207e23d41dd29428ba6ad470bb6a936eed7f21adee0528fb89,BB,서울,176,20,1400
a7166d88bf0835c76e810cedd1f8170eb627dc090fdc8463b786b37735b7601c,CD,서울,151,19,2000
a01588d884f277be37b27c45d01805cbcaaa029c0b9e71a7e452c68cd58acfef,CA,서울,87,20,2000
a01588d884f277be37b27c45d01805cbcaaa029c0b9e71a7e452c68cd58acfef,CA,서울,87,20,2000
3c30880ba88f049f3277fbe8d4930360284fd1b2dceaaae6a270bc24812527b4,BB,서울,81,01,1400
a64eff3140fddbbe5b3608d7ae3621ab0de61e8d70bc46076fe369703645b3eb,CA,서울,12,20,2000
72284d07d95cba37f56c2ed06b274ca53ac0bf1878e434709b4e10bdd602e86e,CA,경기,151,20,2000
ba4dfb7fcf32904df8299c197ce999ce69c34f16902a73b0ab6ed478ed0cec4d,CD,경기,144,03,2000
9135391fddba88a0e5f2dc77f956e54ee4c15f8d3aaec291a8fc0dbaa25c6ed2,BD,서울,110,03,1500
2e70dffb5bb3743ad57b0102ecfbf21da62f6911bd9d1c655f08e89358f12e93,CD,서울,87,20,2000
4cae2d502af677056544a04fcd8b6b1f26760974bbbb52caa29039692ba8c40c,CD,부산,126,20,3500
4cae2d502af677056544a04fcd8b6b1f26760974bbbb52caa29039692ba8c40c,BA,부산,35,19,1200
4cae2d502af677056544a04fcd8b6b1f26760974bbbb52caa29039692ba8c40c,BD,부산,176,12,1500
4cae2d502af677056544a04fcd8b6b1f26760974bbbb52caa29039692ba8c40c,BB,부산,43,17,1400
4cae2d502af677056544a04fcd8b6b1f26760974bbbb52caa29039692ba8c40c,BA,부산,8,19,1200
4cae2d502af677056544a04fcd8b6b1f26760974bbbb52caa29039692ba8c40c,BD,부산,137,11,1500
4cae2d502af677056544a04fcd8b6b1f26760974bbbb52caa29039692ba8c40c,AD,부산,139,20,3200
4154408dbf30e7fe8f3b7b127f7d9f7df9b42bef46f6f2c2098a1f82b6deb379,CB,경기,15,11,2000
c6d2dfee4454e137badf8069c528733271d10e230b0b6e3ffbffbe8f76fa9b3a,AD,서울,75,15,3200
a3cec396a30fd4cc63c90bcb45d84e34c281cede6a4b69581312d43fc5dd2c33,AC,경기,181,15,1800
ae06b52cbe9e80fc2c8da789283b163c4b320fd45313f6e93b0db734dbd565ad,CD,부산,23,08,2000
d8b8c4249c8af3201bc726dd640998366be4a3dc76e8fb722cde98eedc6ead96,AC,서울,156,16,1800
d8b8c4249c8af3201bc726dd640998366be4a3dc76e8fb722cde98eedc6ead96,AC,서울,156,16,1800
33806597d9e15bf8521b560faa94e2f8e1c2c39ded983b5cb35b3d4b078f3f78,AA,경기,34,19,3200
0ecb89e713cb1ea10fa11d81d9daac093d0a3476a788825f212f3abef8fdfd35,BB,경기,31,00,3800
e5c03810c2c08522c5e9426bc9cc7d3d429b3f6f91f41db1ed5e9444fd4d4aea,BB,경기,54,17,1400
e5c03810c2c08522c5e9426bc9cc7d3d429b3f6f91f41db1ed5e9444fd4d4aea,BB,경기,33,02,1400
e5c03810c2c08522c5e9426bc9cc7d3d429b3f6f91f41db1ed5e9444fd4d4aea,CD,경기,20,15,3500
53c0a65b9ea17c33bd9656479fedaf110128a231ca2caee5a752588af6238667,CC,경기,169,15,2000
818cb72fb31d27ca327064258bc2214cf9c4b03304dc2d3afe28acf027316963,BD,서울,114,23,2800
fd4977d6dde185d3c948b7a8e913d399e6bd10659deb9fcaced8fa942989535f,AB,서울,105,15,2200
91855d2c8f1f0d27b9a88326ac51a15f9cb85ad21f4293768d92239a3d2e323f,CD,서울,97,15,2000
90fcadc2adb59f7a34f385e1849140526c1183e53830777e5e5b95059feabd3e,BD,서울,8,21,1500
261d388ede885ba1ea84e8ff5a0da6afe889af330a6bb005a76b752e9771ded6,AB,서울,132,18,2200
f2104443004d56a2e84d1c7246ab885c768cbd1fb7de316ad3ac02ffab63bd62,CD,서울,27,02,2000
f2104443004d56a2e84d1c7246ab885c768cbd1fb7de316ad3ac02ffab63bd62,AD,서울,115,09,3200
f2104443004d56a2e84d1c7246ab885c768cbd1fb7de316ad3ac02ffab63bd62,AD,서울,177,10,3200
f2104443004d56a2e84d1c7246ab885c768cbd1fb7de316ad3ac02ffab63bd62,CC,서울,126,10,6500
f2104443004d56a2e84d1c7246ab885c768cbd1fb7de316ad3ac02ffab63bd62,CC,서울,83,08,6500
6658af2b22683f13f1b33a4d8aaece68055a00fb8714aeeadc299218cb83f894,AA,서울,36,17,1700
bc66aae2a86a0885482177563edf782b507d049cbd46506c9b92781b5d111552,CD,서울,148,17,2000
f089aba4c1efdbffeaa2522a4b2700e0c793e8f5e0aa2a24f29cafff7b1af082,BA,서울,45,17,1200
f089aba4c1efdbffeaa2522a4b2700e0c793e8f5e0aa2a24f29cafff7b1af082,BC,서울,176,21,5000
f089aba4c1efdbffeaa2522a4b2700e0c793e8f5e0aa2a24f29cafff7b1af082,CC,서울,54,15,3500
5228616ab83dcfb3d332aab0bc7f2db7b83b221d70309c50348de03489b786e3,CD,부산,79,01,2000
1e280cea26ee4f57e3ef06a5a063d352638f1b926ef7ad155acd5bfa2bdc7f62,CD,서울,5,19,2000
cd2fa423cd3cce3422389fc5cb6f7f80fcf0934cd91df50631b4d3f7a53b37f4,AC,경기,169,23,5000
43593f637ed699da5212fba70ffcc31c3ba4bd4ce7e993ce32dbbe1b67cddba2,CB,경기,36,19,2000
76f911f8fd17dbda1693c7d69b4c8c6a927a872661b8df3cd86c20fba468bb9e,BB,서울,71,14,1400
1f20b640bd71227c5bfabe5b8d2de1838615e9c746e9ffc9ae4ed17bf6ae4c4d,AD,서울,158,14,1700
19023da15d7355ea7b07cd3b943dda7e58eba68ac5d889c500e18675ad6f57a8,CC,경기,98,18,3500
3b9f080a31037b1c15f05cfe9f773dff23bba7146ade6052732bfc72fcd09d64,AD,서울,149,09,3200
2af306ed681768114ca9f6adfb339aefda9efecbee449ef55a22f8cdfb3181f3,BB,서울,73,08,3800
87ac73875e95e5c5788405481f90376aa7297628d844afe9ac8152878503966e,AD,경기,136,18,3200
87ac73875e95e5c5788405481f90376aa7297628d844afe9ac8152878503966e,AD,경기,112,09,6200
4120dfcbbabee2778527c93d2a6e2817e93b3bd8437c4bd23be902ac7756c91a,CC,서울,99,22,2000
3d6cca363b38b09f47cb8ced1bc9a19f44c6a82958889757ecfbd990e5a4d58d,BD,경기,22,21,4100
df507e2bc2ced6d43e719188d3fab93b9b439925a80856c4972b83cd4114a05c,CA,부산,146,16,2000
2d004b644bc3e41abaabaea1080f50558fc57a302d02e39acbbe612742cf7e41,CA,부산,142,13,2000
1c8c286309705c62a9aa300352f62d6be26d1d6da8c99229791342c735c78a2d,BB,경기,76,18,1400
4869f38aeabbcc46d31a000e274933174eba0a824aa9f5fd6023d8599cae322e,CB,서울,14,08,2000
4869f38aeabbcc46d31a000e274933174eba0a824aa9f5fd6023d8599cae322e,CA,서울,134,15,2000
5a9ae63c851638ee95a85a1bed44ef1ae1668d8abd6d8c90eff211eaf3b78e88,AD,서울,126,07,1700
8abf2547b2855ed0a72d99c7997fb6221a416876fe9911baa8d5a25f013475d3,CD,경기,23,22,9500
47c051705f83de6b91a34cf94cc0922193f48f69a53ca234cf3705d8bd8abf2d,BA,서울,179,08,1200
58fea98863ab6d68f4d135ce20d29d536fa9279495dad6db62a33ff25cb3e9be,CD,부산,89,19,2000
58fea98863ab6d68f4d135ce20d29d536fa9279495dad6db62a33ff25cb3e9be,CD,부산,138,15,2000
79e6af4c708a5205c34de64ad625ba4987256d0436c0c85fa94003226d1c5447,BD,서울,30,16,1500
d923932b4446683708baa90069e175d4f2bbd2c3e3c665d801d862a4c2298aa2,AC,서울,101,20,1800
d96a88ada731680b61ee5b4ceba132561b081cddc24395669dc8b54cb24740cd,AA,경기,95,22,1700
cbed2687504097d337595d9aa5f397cc08ea699ec4f1318c5a978dc44af24ce8,AD,경기,57,23,1700
6ed8b14218d5fc68df777a04cca2f015129416e6c2a26efa733a3fb57397a20e,AC,서울,162,08,1800
c5ea4870ce76a47a8329578d92040d5200c44806ffa2f6075d3f044dac99fad7,AB,서울,117,17,2200
c5ea4870ce76a47a8329578d92040d5200c44806ffa2f6075d3f044dac99fad7,CD,서울,152,19,2000
89b2076aaf737e02c68bb9b91a064f46c665c31d4bc35326b4bb84a60754d678,AD,서울,163,22,3200
89b2076aaf737e02c68bb9b91a064f46c665c31d4bc35326b4bb84a60754d678,CD,서울,167,16,2000
89b2076aaf737e02c68bb9b91a064f46c665c31d4bc35326b4bb84a60754d678,AD,서울,58,21,1700
89b2076aaf737e02c68bb9b91a064f46c665c31d4bc35326b4bb84a60754d678,CC,서울,97,23,5000
735decb6049dd3d3a8c692b91b6b8efaffb15128ee4df5cb9f0fb3d347920654,AD,서울,42,18,4700
5f6ae48b69d21ac38a320ab00b10015fb0757702601290d39300f4b2f9118e37,CA,경기,84,16,2000
00c77ff281e3ea29eceb716acf4774b0ac9ef99a9e696fbe7075d8d9ebf32d72,BA,경기,39,01,1200
980b6f9be66436d409f9f763fad9f17b961a19fd1bd3ec517b09456c39c71b2d,AD,서울,174,19,1700
10fa776c50c488e69ede21fd2e084879e08685753ede6ab45ef2a94d81d1b241,BD,부산,57,11,1500
dc4e33fc7f0f29e508992cefc3af763f0d519cd3de48f7f4084dc0c8a59470dc,BB,경기,43,10,2600
168d323a19ec5742e5674e52b8d4bef9f979db0835a28a6529e4723900dad01b,CD,서울,11,23,2000
481b556fb2cfe62b235c8b16587786828394180445c6420173c64f0844792f59,AB,서울,94,09,2200
558912f37d874d5856ce4d8c6a4b0db9a7f940414af5cdfc2b8d2dfcf10d31db,BC,부산,104,17,1800
558912f37d874d5856ce4d8c6a4b0db9a7f940414af5cdfc2b8d2dfcf10d31db,CC,부산,27,16,2000
5d2a092a5a1bc9c99c4b23d436b65019ac4f4789842280ec77436350f47f9f76,CB,서울,89,23,2000
c90bde42210c462f53c66d716f04352b07d6a7dacfdfc704f536f61c2c531cee,CA,경기,146,01,2000
2bb33ba62e1046a3078aaccf9853558cfb0d8864fd80cabdaf2e5df2139ff7ab,AA,서울,30,07,1700
dea65ee1f7e127e825d03fef208289426a51eab046a6e237c77fe1e9a2313942,CC,서울,163,19,3500
27338b7ba7cf8a356beea3836510138e978561baac82ad2b048803d76896a2f4,AD,서울,113,17,1700
55a34af87bc01202bcb6dbf721feeeb6973166e30e09ea4aed8288df59da1c88,BA,서울,143,06,2200
003204c030e64d5b4e17b0b05e5f6d5c9df13a2773b0cd1811cded1f09340b1d,BD,경기,35,14,1500
a115e0f2da32a5b83f8d861a5b1c20c4a8f126bf66b595c0c89826aa2c3df904,BB,경기,168,14,1400
3c85296252310b352a00092f90c67296d8596de30c6939428440fea9c3a5af56,BD,서울,47,21,1500
903d43857e61af7dfcc8ca09aa568c78c23b4ab73682eddd9a567a7749989fd7,CC,경기,67,23,2000
acc538b8cb19ec7d5dacedd107700ba9f73fef65a13a07979c299703d0b3e09b,AD,경기,145,22,3200
6c40a36981be628ebd536ba9109a6e3b3b850a7c851c6c89ba3a3f0b955b91b0,BA,서울,89,10,1200
024d1a4f867e4906fd05ab2202e2491c4ddd1a134c1812452e6fb24eab5e3f35,AB,경기,153,21,4200
81ab3bb424278412ae509a5b0bdf2de6c8a20b531286e3e421dda9300846311a,BD,서울,81,18,1500
eecc7c0413c04f447699ebd9cb859670dc03ac08876510b8222801c7ff55e4c3,AC,경기,8,14,1800
3a3ad034c6ecc78cdcd7b6719ee2f1229acb1f200eac884345ab4dda078873c2,AD,서울,68,18,1700
52e071b5eaab81c97bb3217c1207ba8e078f02ebd1181d0ff24012c277283cbf,CD,경기,169,16,2000
52e071b5eaab81c97bb3217c1207ba8e078f02ebd1181d0ff24012c277283cbf,CD,경기,182,16,2000
666165fddd949543a79fdd78c2f192c2a4259c5046840e04857ade6b1a7eeb60,BB,서울,166,12,1400
666165fddd949543a79fdd78c2f192c2a4259c5046840e04857ade6b1a7eeb60,BA,서울,72,09,1200
a2b749144ae8d8ae311d2b8a32da5db5c37677aacf54337b49b682a48ff87917,CD,부산,92,15,2000
8a29aaaa7955bff5e7660dd805e55d39786bc2481fe434d91915a44978e6ff9f,BD,서울,109,07,1500
065ce8aef5a76346c5b6e58c1734b377de6b86ab6eccbb6fae763cf90533c7c3,CC,경기,83,20,3500
574dd0e93115c53165c5778d85b8383f61aa8c4f27d8b6c3d3ac14cc8543d59f,BC,서울,114,10,1800
0b8fbd1227a6933b2938fdc411da69f385ddb47904c2df3e8980d5d7d8291774,BA,서울,149,08,1200
ef404d54f07b503d427f67520e63b9be1132f1cda9a13ef1a987e2547734f2dc,CD,서울,130,22,2000
3bb80361ae836837b9157f67ea7f9d015d706c7739c2ff3fd76879e3d6608619,AD,경기,160,23,1700
9e732072206deb14624c9f57890a5ec23971f5d48ed0533804243c9908ae2903,BB,서울,136,10,1400
5f73c0b6c410e51105cac88a9c8c5f8f256f2ae98905993005f5ad5e5bfa1da7,AD,서울,100,22,3200
a8c78d8b50f1f42b115dfc16f4427984963220e49cd4f428bdcabc44384b58f8,AC,서울,88,10,1800
90578fa27e905b76455d312ec1a19f7c381d88f6435deb5876406f77e272522e,BC,서울,48,20,1800
76abb976475851573fcfa28681b74cc9d5fd1d34d09c2f5902b84e0be0a0bcfa,BD,서울,48,08,4100
76abb976475851573fcfa28681b74cc9d5fd1d34d09c2f5902b84e0be0a0bcfa,BD,서울,46,08,4100
f8a16b62c8b92c9c761c2a21400aca939113ad2520eb6efd2684598791209a7a,CD,서울,180,00,2000
4f3c9beebb1fa83535d179e438f8e6de73415f7aa72a42fab48b3ce8be0568b4,AD,서울,120,02,3200
cfc92fe864793f424e322ddb71e02a92dfb7bb29bdc05f6be5fbfe88fd83cb3e,BB,경기,144,10,1400
ce6931975629ee2a6dc4c7ff07a02335d46857c6d66f66fc7550c95e403ea69f,AA,서울,55,22,1700
56c3b92faccd0fa648a55b9e89e719ecab77604334d1c3796796d0c5e9a95534,BD,경기,92,14,1500
a76a6d8116487df5cc4c0c16ad0f99ad19e48262b55fa209ee9f5c56ccb91435,CD,경기,139,13,2000
aeafb5b0ff83ac660fd5e92966d813b776baecb7af7a5dbb5dee206538716708,BD,서울,100,18,1500
b4c1366098a6b09650014312470b40670c2cdbcc891edfc4e7641e6cd2ad3648,CD,경기,1,19,6500
b4c1366098a6b09650014312470b40670c2cdbcc891edfc4e7641e6cd2ad3648,CD,경기,57,22,2000
b4c1366098a6b09650014312470b40670c2cdbcc891edfc4e7641e6cd2ad3648,BB,경기,160,21,1400
cbbbb5d3d318a28b4db24dddacc8a5609159ce601e0fefaaf8eefbc8ae836eee,BD,경기,50,08,1500
90545eb797d679d8e486e3b1a100fb3597459952ca76faad773e9899823224d7,CD,서울,124,15,2000
bafb743edf22c1a783a51d0cb58c68b0aad6632d7e75fbb6a4914dc22929bcd6,CB,서울,118,09,2000
064a1a1584449d0f57fdcf42d81a5489c66fe0810c746fd5e5ed5cc5f8ab9633,BD,서울,91,19,1500
ae0690e042024687f1e1fce2ac671d176abeb8cb48f6f8054c8e7543c4849f7e,CC,경기,125,20,3500
ce202b71a323558429dcf37ac472cb611d2c45dd495848f7fa7d506ada3b78be,CD,서울,57,08,3500
9314d6f45651ac58f59a06bdcf432b41dd37bfe63737935877ed4d2bde51977e,CA,서울,177,15,2000
de58fc94fb63c44a8b0689ddfb4dda4fe86dfb7a0318546ebd33d6584e84e722,BB,경기,69,10,1400
6924219d60673b84d0716957dd4e5f10747fa80c77b896e0615344db5f174a6b,CD,서울,30,20,2000
5f30924024a557d4de86e2cc1bc8f74bb969ed6e3d32aa6688015fc8f70b2a37,CD,서울,64,21,3500
e5877a896ab295f5341836cf396fb69fba84eae85e03029420b1587c4441ca5a,AC,서울,49,17,1800
ad2e1a06962f8328758d8214a1b8b4c801ba18846feeb61348291daf99247137,CC,경기,47,02,3500
ebbf8a57d63b35ad36930f33bef1fa0a5f5d7c1fa647b463eb1493f6f629b62f,BA,서울,47,00,1200
7be92e788a6acd3f42a86b12c7e3eed80fc0226de6d4ec1d3f57a1a3acd3beee,CB,서울,17,15,2000
eb51ffc6244d88255608013da80e274417c8c77ad7b9b8bc9d101fb40392e1c7,AD,서울,182,17,3200
41ecd8abc78f7150e462ab1651e4319c6f58ed5b86cb501aecdaf6fff24c1ee7,CA,경기,38,23,2000
4ae419dcd4b4a3c367dd4216e14b5515520666904d8a60d03e64d6b6998aafc6,CB,서울,41,18,2000
de56d7532413a7ef69de0106c46fbb0161b8d51655aa95bfdd83a242bc675584,AD,서울,68,16,1700
1bdf1e96405ac897c49a1077bbaa8573318e0af32942e92b5effd46c53479569,CB,서울,16,09,2000
cea2581a2fbd2a06be66e2c5411474709745eb74a190a6a3f6d2e379f6830916,BD,경기,118,21,4100
e26b560456bced5d3a6e134df7065d3b0482ceeda67f9be3552f99027638fba6,CA,서울,104,18,2000
00353815115f87ff6d5798f5e0af55a6f09ba99152afd941fb364d2b13d31195,CC,서울,66,19,2000
26ad9e19ba5339744add21b538df6e5c598bdab1ab245da79846a95490c14b6a,AC,서울,29,11,1800
344b084d10ecef90a7c59a6c1a1aed447d1f0e0fef425d235b4482dd39e99956,BA,서울,4,20,1200
efe203560c23919729ce47502a49a69b80a936deb03655e467e1271ab163bc09,BA,서울,98,20,1200
6869ddfce85d151a757022eba7dea8fecfd14a4a314753d1343f38457c08324e,CB,서울,17,13,3500
6250b5cd1b2980cdd89cb5d27fd53cbdac8a9abdcc3a5eb408c10fa708fc37c4,AA,서울,42,13,3200
4b3e61b30dcb2ec2bf05532e9fbad9d12ca49a678a81f26c92d97fe9fbcab7a1,AB,서울,120,14,2200
e9b8254a251f3bbd458e04ba7e2948b0ca7c99d8eb25f3a4058a2d5716079911,BA,서울,46,09,2200
51cbd3abcd7236a9ca786e405f4d9ec691701f395b821d70e79723632f4d4e64,AD,서울,122,17,3200
97e8c98ca6eb3273d24ecc9e3838367dfef1e6ebf6f33617bff7a2327e1a59ee,AC,경기,150,14,1800
e8f90f588794e5d43fa59fe442c5fc4f4499aee82292071b3e53292eeab10ee4,BB,서울,67,12,1340
fea0db5f00f1494e79780f768126ff8c34593ec6d106fab5b9a4ce407a9f97c5,CA,서울,86,18,2000
779927fedce2eb2d1d321d9f37bd3f6b02772bb37b8c1c5abd2549de591226f8,BD,경기,30,22,1500
b33f989c5e129d6180bfaf19ad57d5bada37334c27af268ca4e465eaed1a6924,AD,부산,115,12,4700
b33f989c5e129d6180bfaf19ad57d5bada37334c27af268ca4e465eaed1a6924,BB,부산,68,00,3800
4ccde50746d0c03be2278bf642562b9690a2b212063e26ca6a0f3440a24cbe9b,CB,경기,10,04,2000
4ccde50746d0c03be2278bf642562b9690a2b212063e26ca6a0f3440a24cbe9b,CD,경기,7,07,2000
8017bacc852a2e8a51848370f6feef774f68f8a99bdf1c1433627b336126e127,CA,서울,85,00,2000
4fc86deb4a66de3537b1eef35f116801caa8efaed74e15de0442b3d5edc00eda,BB,서울,69,04,1400
1c7c1a35ab26d2bb907cb3bb89d2ab0092e5feee3999c1a8849d86372607e61d,AB,서울,158,11,4000
ac1597166cb0b1daabb7fd8e4bedce614df4ea4ecda5c3a178c25e25943be67a,CC,서울,77,20,3500
797b64c195ffd63953f3c70b25558778240ab26eac49f94a48694a299eff50cb,CA,경기,143,01,2000
797b64c195ffd63953f3c70b25558778240ab26eac49f94a48694a299eff50cb,CD,경기,28,22,2000
d3a0d70949f382e52f4dc5684988223bc08a01f1843760c457ae7e742aae88bb,AC,경기,153,08,1800
e24a894bebda13e28ce096b8f0590e020277f67d275c672e360c651be081471e,AB,경기,157,16,2200
d69a197d62230af06353cddd022542bea6c31d8d0f430a3b0b03b78292bc18ec,CC,서울,41,17,3500
d69a197d62230af06353cddd022542bea6c31d8d0f430a3b0b03b78292bc18ec,BD,서울,24,19,4100
d0cf4a09ae4750788070b653c8d3f1059de05c4bd47b5b6c29c433f945ca6d48,BB,경기,168,20,1400
b5a2f50e56b6068ef968b6b794cec86ee8048ead893876fdc9c4ef111ee89823,AB,서울,45,00,1200
b5a2f50e56b6068ef968b6b794cec86ee8048ead893876fdc9c4ef111ee89823,AB,서울,45,00,1200
8c8de84c76f23d00cdf1b33dfc5b0368ddd6be5e1bc5831066fb515433ace7ca,BB,서울,88,10,1400
f9f30d0e7e5a4de3d0c35ddc270378489069422debd58f922b4f7f710c6560ba,BB,서울,91,06,3800
ad878c8833cca5a2a308530290b53abb9b39691fc7a678aeda8987580a246fed,BA,서울,18,08,1200
542a758d955b0a7802f3a9597ea2e8a4601649d079420db00fbab9c9d04f31a7,AA,경기,64,08,3200
922c02b521354941a4ccb022d35c7682cc2b52a2aa0227301eef8f45cf79be31,CD,경기,7,08,2000
a975e07eab77ad52b52bb5e8ddd9e6ff1c73968cf5e4567cfd893bf81be55c6c,CD,서울,171,16,2000
68539ffffb1a5b27fab83df3660811544e9fde93f7bd653487e5e32f0d0d4bb0,CA,서울,81,01,2000
68539ffffb1a5b27fab83df3660811544e9fde93f7bd653487e5e32f0d0d4bb0,CD,서울,100,19,6500
bc03b4ebdc5b456ac4913d2b9bbcff8846a026ec1bc4da6fe2004bf22c0617a5,CC,경기,19,09,2000
bc03b4ebdc5b456ac4913d2b9bbcff8846a026ec1bc4da6fe2004bf22c0617a5,BB,경기,54,15,1400
1eb4486973e7be3cda6f9ecccd48711a79bc23ca4f857d0901ae6414ea4899d3,AC,서울,120,14,1800
dc65d17484168e944cf0608a69128829d728b2cfbaeed8f069efb2ef913ea5c6,AD,서울,102,08,1700
e339f94b71ddb0d4fa93c2d08eef14b105164bb3550792724cfdd95ae548331b,BB,부산,161,23,1400
7b0a67921006a860d0bbfc7acad5490f646d3aac4dcb8ea20622d7150585a181,CA,서울,95,19,3500
2de8d6ab74bb750d0d5c45a2eb5de68d261c772f19fb88a478a2a4dd39a0564c,CD,경기,21,13,2000
809b92ec29d00bdb6244e30985c080a66bec961f68eee2d5dc6e00fddf71c7a6,CD,서울,108,19,2000
56b45bcac075afcc2dfd2ab99875e29b605f22acf56fffc218e79c0205e632ab,AC,서울,64,19,1800
ed3421053000175089f5db7beb246a289d47ea3f6dcda97c486ef4c4df63e815,AA,서울,165,17,1700
178aba04b8900379396f1d656eeff86640d8865058e920a559c15c349c32415a,CB,경기,27,17,2000
204cfae55871ac9050482de8516b9e3cea6206ac4342289ecff3e6067661c4a8,CC,서울,142,20,3500
37b7ffcf312d0b046102f7fb3b6350234c1ff186b3958b1734b7e64dffefdd29,AC,서울,92,08,1800
aa83831e87eef21207d39e1a05a7f063252fef3082a3ae623a0fa7be86001282,CD,부산,116,01,2000
aa83831e87eef21207d39e1a05a7f063252fef3082a3ae623a0fa7be86001282,BB,부산,114,21,2600
79bdbc1905169b55dc1ce00efb5edd5ef77cb5ea1becf818881d9fdfa5c6689b,AD,서울,98,22,1700
89ae6f20818ba728bfa5e220e24a4a73dddc2d117865a146e2cb18cef9ed2c3b,BD,경기,108,03,1500
a4ecab1dd2a5f0d5de3fd5a226cc53f92533ce2297c81371d9610476b559e4a2,AC,서울,21,21,3400
588904946ac0a9e22336fdef6f27ee2ed011a7ff833f74f8984f1e57a9991f57,AC,서울,177,19,1800
d0aae3e5a95570f0be6193f3cd10e8bd8005bd7ae1a38c74f4cfb4996ca20f6b,CB,서울,181,17,3500
8db27328cd37813c69e41b9d749568b9f1dd44587d22abb282188fcb5cbe0c05,AC,서울,180,15,5000
8db27328cd37813c69e41b9d749568b9f1dd44587d22abb282188fcb5cbe0c05,CD,서울,154,07,2000
8db27328cd37813c69e41b9d749568b9f1dd44587d22abb282188fcb5cbe0c05,AC,서울,32,19,3400
e938abfe2b245d0a9bc55e92a02d0f1f8886c0e32f23f8ba841bad39b1fd3fb0,AD,경기,88,22,1700
f0b9ef0087e104d9749763025d2b94e70896946fdeeecb173a57a195b5de0755,BC,서울,49,15,5000
ff787427bb2c241a338f9862c30a09fb16ed65365ce9d5bc15972cb8275ef1cf,BD,서울,79,09,1500
482410e1b3589e6bc8e541799a60e9cdfe257615eb746c1781ffb7b4afb005b2,BD,서울,109,15,8000
c7ddabe1a7ea87929e931f842e5d5b09b32944f05bc390d2d7e68eefebb764bf,BB,경기,111,20,1400
2929593d63a85f77ba0657f2d72aca0b46caa9c18e93096a0485087a084da7b9,BD,서울,62,21,1500
edb3254016d866c4b2cf28072bd54c12d8e24623a475e6a14d85282c750807d7,AA,서울,102,02,3200
df92fb52043b117ed1291947e1ed3538a8faba9b564fc266a5109f765655b586,AA,서울,79,16,1700
df92fb52043b117ed1291947e1ed3538a8faba9b564fc266a5109f765655b586,CD,서울,116,18,3500
a464b032dd50e371f311f08fa2e6bb509f825148a4500ed5e60c2d7033845a7f,BB,경기,83,08,3800
785140899a9784d653f76a50e5b10099ba586f3e22cbab37bda49d7b41c86211,BC,경기,165,17,5000
785140899a9784d653f76a50e5b10099ba586f3e22cbab37bda49d7b41c86211,CB,경기,33,09,2000
785140899a9784d653f76a50e5b10099ba586f3e22cbab37bda49d7b41c86211,AC,경기,116,15,3400
df7bd8d4d35d0fe63dc5cf74fc2046d75b3b03ba6643d68161f031a308398bf5,BB,서울,17,16,1400
45243ca8fe5d3a774b1205b45e8c57ca55a8de9a26da5e31f76807a86d1d82ff,BB,경기,105,15,1400
a7c215a3e40701a0b744969129652b61bf53df4f728a23973cbe6f1d0feb5f2e,AC,부산,44,23,1800
34b7b5917850dcca14f67dd494fa50705cbf5905e5d6334267b1f321b576bef8,BB,경기,171,15,1400
a0112666620c010615aa6e33b28885cabf7433ca214f7bd567fed8b6f777bfbd,AD,서울,162,14,3200
a0112666620c010615aa6e33b28885cabf7433ca214f7bd567fed8b6f777bfbd,AD,서울,161,14,3200
a0112666620c010615aa6e33b28885cabf7433ca214f7bd567fed8b6f777bfbd,AD,서울,157,14,3200
97102ee8a403890f635915bce51c28a67634e74e50a0e8c1edd53ae7b839e2ef,AD,서울,159,06,3200
abd0868af431f0151133f8bc2920d3a2a2000099391fc8c5bc62ecad6865cbfc,BA,서울,105,06,1200
03bc7f3fd2a0321f136fe23ffc717c8bf85e8ae8b519222aaa366b66c260ea8e,AC,서울,45,18,1800
770ecf7f83ccdf9b01577647fb3c24d30239233b5789b360522eb2b005da200c,AB,부산,176,11,2200
770ecf7f83ccdf9b01577647fb3c24d30239233b5789b360522eb2b005da200c,AB,부산,174,10,2200
e23db84297884f0d95a6679401d970f6d523c8af0feb4b50bdad57179a2c3e27,BD,경기,64,07,4100
2449461bb0b9660229405e72842de74210d75d6c6a4408d351979020fe08f31b,BD,부산,37,22,8000
2449461bb0b9660229405e72842de74210d75d6c6a4408d351979020fe08f31b,CD,부산,177,17,2000
c836428ae3a709a60318f5ee1728632f567e7504a7f79809d1d76c09434bf23e,CD,부산,146,12,2000
7da84f66475a19556f4140aa3f01c6a5b8c2c0ea453522c5c1206984e231486c,CA,경기,27,00,2000
585de37881e84b6544cd2dafc8c2a6cb6fc05c9299fba8e4adaa5367fc9e74a6,BB,경기,144,13,1400
833f0a0c434f1d62b01e0bdbdce1a6e0eefdb978e3598e66debd1f5df10e045d,AB,서울,3,10,1200
70fa8fa20cf1921cd938697684fc919ede2396358a1a54e9f88873f0956eb746,BD,경기,51,15,1500
356c56feddbdd85f2b39ae3f092a766862ed6149e2e1315f0b901929beb9c52b,CD,서울,106,10,2000
b632b4eec4e6186f103f77444e6458eb30cab1f227edd38df66bfb98848840cc,CA,경기,137,00,2000
b632b4eec4e6186f103f77444e6458eb30cab1f227edd38df66bfb98848840cc,BA,경기,27,00,2200
b632b4eec4e6186f103f77444e6458eb30cab1f227edd38df66bfb98848840cc,BA,경기,24,00,1200
b632b4eec4e6186f103f77444e6458eb30cab1f227edd38df66bfb98848840cc,CC,경기,95,21,3500
b632b4eec4e6186f103f77444e6458eb30cab1f227edd38df66bfb98848840cc,AD,경기,179,03,3200
1a52af6d85b87fb7138dcd20205081e8b0541bd3693ec54b5a2efab814d4593c,BB,경기,128,18,1400
6bf905c8b4005236541a0d6a255b74f3413096d7cc4cad7aa126a23146f22816,CB,서울,129,02,2000
58600c658335665abf5aef348563191d8053168c5f2bd2fbd155c2422eff4954,AC,서울,178,08,1800
8335779f59997741fbd77297def6b638932f0c0dfbb52f7fd1ed7040936abf85,CA,경기,46,04,2000
d5b9d17f52ea7870902e1c531d8a94cc9a9859895f7a666052e7be1c14a2b01f,AD,서울,136,20,3200
0c92d6f5fd620a438e3030013fa1b68fefad40e39db9b102a7bc3306df7e8adf,CA,서울,150,19,2000
de4e69fd247922995d008cf48de5efb13e5f7d9c907b1a1b25b34fa746454eb5,CC,경기,101,20,2000
071195704381544484cc1c297779fd9a9a078268d1a7b6ec9593056a04c0265c,BD,서울,48,08,1500
25545dc02738450ef1e8a0383437c83937bb5f5258dc1dbd9e041ed7b14073d2,AB,서울,87,21,22200
697e5e53dccff3696538cfa3deedd5445649cffc921ec891e2401e531667925b,CC,경기,95,14,23000
68befc0a65fa07eca43a92228ed0ed1796e7c41af950fa2481974f97ba0a8b93,BD,서울,166,14,4100
122f6d6328430c2b6c0fadaba22425437247ba75fe2892e0ad3703843d9a9806,CD,서울,144,16,2000
0b5c8d494fa5c634d269d9266635ed5514e943e2a68ee8944a3a024cb4c1b3e2,AD,서울,54,08,1700
3b498b42e8a0a4f9bec51dcf2cc8d3bfd4c22c73150815ed017623f813a3248a,AD,경기,125,15,3200
6aba792e7b9891298c8a4c74ea35ea06c4f02a4a38d1df6476c76bc91152f17a,CC,경기,76,21,3500
a4d1c2a9e6cf54eee3ad3b8c380559774af90d923312262861dc11e518472c35,BB,경기,99,18,1400
d0c49cb199f122ecd38d3a645ffa6b0aae3f1d93b62e302bb2c26583d0cd7350,BB,서울,108,13,1400
3838066fc57e0f50674d2343a2cc4866881f0fc852d3eeb29e3d9560ccd255b9,CC,서울,157,18,3500
28566558f93fd71392f7bcd7bb695b1d8892613787c519ad1984ea5d840e317d,AC,경기,62,21,5000
36554e994e210654d17aa18e6cde3a217d4415c276d49c028e59ea1fc8529df5,BB,서울,94,10,1400
32b99a5f75a28b35f03c5e149e9e00119c632d1a13e5bbc20b2eec5e7e51b82f,BD,경기,33,20,1500
45c11991b952404b8a8d470d17eec379afc3bf13776669af809b0d616361c40b,BB,경기,10,20,1400
ea390a02e63188ed48db3047eb6f8c879ab1346b2328d312a10bfcbfb8a244df,CD,경기,182,03,2000
c3ba12c241ec6ca7b5d8dd66d207b6c4e8ee06145f9f07cec08156eaa1669a6f,BB,서울,150,10,1400
4a4726657da3a805fadbf9dc156a45681dc888db7e401263de8e0165ed95497c,CD,서울,29,12,2000
9d1a3b72f3af8e609526ccab7ea24ab9fbd3399149948a2f31e31f3c05592c92,BD,서울,19,01,4100
30f361568e63960eac278a9405232cd4bf0b494c71252bfb74f18d2136c8b17a,BB,경기,22,22,1400
154045e804d4f0a8dd01d110d52c09e81689779f1bc72797639bbc56d00fd68f,CD,경기,98,17,2000
251cefd04107c1b12332636d0b5c7cdf3777abdc729eabfd18117a522c859400,CC,서울,90,21,2000
09424c3ab677606169dc06a7eb26108fcac8847a2ecafa815187122212941c29,BA,경기,82,17,1200
d2eae09d5f1f143b3886a4dfad9290723a8a864599c2e35de75b78f09108078b,AD,경기,110,00,3200
99d48b490e87f09da6ebf18ba867d7d7285fc60462d683ecdd9104217eef1435,BD,서울,114,03,4100
c352e37d5010292c01155254a8d6aea4f2a40d1ecb37f85afd13f5fe3e3f4fb5,CD,경기,3,20,15500
c352e37d5010292c01155254a8d6aea4f2a40d1ecb37f85afd13f5fe3e3f4fb5,CD,경기,2,19,24500
4b415dc5bd8b40b4d49a5b2a38ef986568f21b835c5ec96a00d32f281938db91,BB,서울,76,20,1400
a35b37c8683680e05545d670c6e8265068b7ffd8468cfa199e63bd1008579aed,CD,서울,103,20,2000
8ab2f824e0550bdff245f3ec8e3ce88bf3ba6d82f2427701375f34cb2259ceef,CD,경기,3,19,3500
c5e1c043176e556056dea7cbae9b22e04905f7e070b3207bf117078114b4e857,AD,서울,170,00,3200
9610540bd482f84049a0760644887f7f2b9ad5890ec64f68444916a7910fbb1e,AC,서울,143,07,1800
82153009eaea602e40eb6eff30d30ada9d609b41b9cc15150783ecc2b5f803e1,AD,서울,149,13,3200
7c10a363a795f18d6ed6df0d0f9ff9262c7258515c26569fd18510e805d36fd5,AB,경기,166,13,2200
f69115693e535caf84320f6ddd1454d2af94735ffab6f0c6b2f927fd0c4d9751,BB,서울,95,19,3800
767d18def3b155c50dff947abfa7396875aee36257fd89ac4da9e376b62ec46a,CC,서울,148,12,2000
767d18def3b155c50dff947abfa7396875aee36257fd89ac4da9e376b62ec46a,BA,서울,172,09,1200
d42dfadd48992d3bce80512eec374bebc3f4dfbe4354c437a0f10d795315a90a,BC,서울,115,12,5000
ee9dce1e42f077ad722a46bad25e23848ca6161467146bd8c595b85e709bd83f,CC,경기,111,20,2000
f6b9bc20e336cf0d5295d9b277c2bbe049fa0628cda6c0deae5c85e699609f86,AD,경기,182,17,1700
f6b9bc20e336cf0d5295d9b277c2bbe049fa0628cda6c0deae5c85e699609f86,AD,경기,175,17,1700
8daa52706ee34151a293febfdecd3e8b97c63cc4730b44f5a61c2ad75864ad83,AC,서울,7,22,1800
3de33a70253018d25265830eb247c0668b46d44630bd5f1d0c2d239075054858,BB,경기,4,08,1400
d7fd6e7631dfb6194329bf3803daf04cf5b5b25253361972db7dc5fdae0467a2,CD,서울,3,13,6500
bfe562904827c90d98760a56615e58bdf295d7d28670906afe068391347d574b,AB,서울,163,12,2200
73d039c3e9c4be222f30427a5fdabf62e58c84ffaadd83984b679511d22d6e7b,AA,서울,84,19,3200
fdfabb73ba7c738ebac81d6a4fdba377bbd5e194ab8ca267458b2275f5cd804d,CD,서울,124,08,2000
62471b2f7361431ea26bd25b8dddf18e4bfae6e1c57ef9f151f4b0ca44e69fcd,BB,서울,48,08,1400
3dd1dc686c77b19656f69349cd4ad72935349fdf39396960ced87007952be72c,BB,서울,92,03,1400
968a59def3853b823bdd574297f8c3ef2e821318a48c65c70dcf8026d03efdb1,BB,부산,120,20,1400
968a59def3853b823bdd574297f8c3ef2e821318a48c65c70dcf8026d03efdb1,BA,부산,81,18,1200
968a59def3853b823bdd574297f8c3ef2e821318a48c65c70dcf8026d03efdb1,BA,부산,130,20,1200
968a59def3853b823bdd574297f8c3ef2e821318a48c65c70dcf8026d03efdb1,CD,부산,114,13,15500
968a59def3853b823bdd574297f8c3ef2e821318a48c65c70dcf8026d03efdb1,CD,부산,62,21,2000
968a59def3853b823bdd574297f8c3ef2e821318a48c65c70dcf8026d03efdb1,CD,부산,148,14,3500
505bccbac77fdde84f24c22203f0da4128c8a101da6438f3807505313e61d0ba,BA,경기,147,13,1200
9c6733127e50a7119a282f219196de9422454cda53b0f5ee07c5225be00ba281,CD,서울,92,20,2000
568cb7e9a1269997a6a6045a277a15e1f90959bd9441768a887d555d59c62c06,AD,경기,152,20,3200
568cb7e9a1269997a6a6045a277a15e1f90959bd9441768a887d555d59c62c06,AD,경기,118,22,3200
de2cbee835878ed4ed8aa51d539053b424ecf649f52efe7769b03751c1974414,BB,서울,123,10,1400
a8232f1e7a146890ebb5a4ca263735e856fc4b3cc09ce84f055298794729d851,CD,경기,26,06,2000
4181c1efee749a63868cea5c71e3ce581f0418eb215a315852de3002e6d4d8a5,AA,서울,36,19,1700
bdebe021740c106e4a8c497886ed6ee45f33e00a66f0800717f6e238288d4f58,AD,서울,65,09,1700
81714f314711bc29e6318324db4f836f4a0e5c13feb9faa96c6493e788a8bbd9,BC,서울,51,23,5000
57a6d7c1c044546060b3d2e7dd3dc18bc46127f41f3885e7d1fc433a7f2010e9,BD,서울,148,12,1500
6982ac681930c530d17aeb08825fce53e0449e2a293da9ab9a73736ebfa1e036,AA,서울,16,01,3200
9fefd819bfca3952c48c928e07b10d480459e2bbd0953089cdf16bb242b03563,AB,부산,101,02,4200
9fefd819bfca3952c48c928e07b10d480459e2bbd0953089cdf16bb242b03563,AB,부산,112,08,2200
9fefd819bfca3952c48c928e07b10d480459e2bbd0953089cdf16bb242b03563,BA,부산,117,14,1200
9fefd819bfca3952c48c928e07b10d480459e2bbd0953089cdf16bb242b03563,BB,부산,143,13,1400
9fefd819bfca3952c48c928e07b10d480459e2bbd0953089cdf16bb242b03563,BA,부산,152,19,1200
0b2c26d9fd90afc10f48dab1807090c53756c9331fc60bb84a1e18f0dd4f4e8c,BB,서울,66,12,1400
8c2968ad09178f952833b13bf0d7d7d930d97708efad3fc152e051e91012325f,BA,경기,22,10,1200
6f9e2d3fd782e85b85b644dabc6e87ec6272b091ad714c2e31a69ebffe98b16d,CD,경기,102,09,5000
df1a52526b72daf8f1570ac8cac03bba4666aaeff2c96f973427d4f92ffa3df5,AA,서울,17,16,3200
6a4087de67aa82cdc7e1dce9c850a95f10b78f8e9d2cab6e60e66f3a30bcb020,AC,서울,35,19,3400
8243c2239b3fd2ccc7ddb46e848422256a2afbb2bac86231ae58ad0e66cd403f,BA,서울,129,18,1200
adc8f76e63923580be340c3ca2a340dd220c18ec955dfc6ae47147e74763b8e9,AD,서울,32,08,1700
d56707abe7040dc506bd98f05647135bf3da0ee35e114fe7095473e57175c709,CA,서울,133,22,2000
d56707abe7040dc506bd98f05647135bf3da0ee35e114fe7095473e57175c709,BA,서울,8,20,1200
d56707abe7040dc506bd98f05647135bf3da0ee35e114fe7095473e57175c709,BB,서울,151,18,1400
edab7456e1af7479b4af5dcb01a6d6a658a934be6d9bf87f2515a6fee23f1596,CB,경기,16,23,2000
c063e5ebf577ca69cf7dbf43ca989d7c4fd30a47bcae8d7627634f5bb52a77fd,CC,경기,60,02,2000
c063e5ebf577ca69cf7dbf43ca989d7c4fd30a47bcae8d7627634f5bb52a77fd,CC,경기,54,06,2000
d313cceccb5d7e4d34bfc87be9071f573632866d784bba02a166021c7617e09d,CC,경기,52,10,2000
d313cceccb5d7e4d34bfc87be9071f573632866d784bba02a166021c7617e09d,BB,경기,23,08,1400
d313cceccb5d7e4d34bfc87be9071f573632866d784bba02a166021c7617e09d,CD,경기,57,16,3500
f621fa597755be39c09ccfcdf5e1cfa8fe14423501b7a4129e5f9b4a03b3107a,BA,경기,163,08,1200
51778bc3ffadbfb3db3c4f94a2d92d6cea7480a41d83cd3a584a8604effc2bb2,BD,경기,38,13,1500
efe8a7ecb98cb27bed33d8930edc5ea3e48a194548e136e8a76d1641b97daf34,BD,서울,107,14,1500
e0eb67b1bd15b897d95e2e4cbc5a6a6069f803d64d7c87f84a4106fdbcfbb16f,CC,서울,101,07,2000
0a648912c402ff13ebe760ab7f48275ce53af1a03d223604edea5576c7a67e09,BB,서울,10,10,1400
132d82acc36d37832e1df3db21e20c0300d5da772415d7ad729ea3f43da4a7d7,AC,서울,26,18,1800
f2c34c9a8470b24eb8676cc4e132cc4a021b48db35600f8e4325b2d5a3aa5b50,AC,서울,76,08,5000
f2c34c9a8470b24eb8676cc4e132cc4a021b48db35600f8e4325b2d5a3aa5b50,CD,서울,121,09,2000
f2c34c9a8470b24eb8676cc4e132cc4a021b48db35600f8e4325b2d5a3aa5b50,CD,서울,14,20,9500
25955a03296929d1eb83ce640f9ddde8ea648d7a9ea6835a292484ac54ce3589,CB,경기,67,19,2000
25955a03296929d1eb83ce640f9ddde8ea648d7a9ea6835a292484ac54ce3589,CD,경기,80,20,2000
25955a03296929d1eb83ce640f9ddde8ea648d7a9ea6835a292484ac54ce3589,CB,경기,14,07,2000
8c9bcee2791d6517a59bd7a112f8ce84886f9ccc63169df8583e1a0ff1d9c29d,CA,부산,17,13,2000
ba583016feb92586ab6542d7aef28e8af0900bbf1c69e0d1e54aee616fcc2de9,CC,부산,69,18,2000
1eea445bd100c49de21444edff14a4f37236473041fdcdf69c130055f9ab004d,AB,서울,170,01,2200
1eea445bd100c49de21444edff14a4f37236473041fdcdf69c130055f9ab004d,BA,서울,130,21,1200
a30e4fc12c4ab5faebe597874b3200d490ff5cfe07033238d2c7a3415ad3e117,BB,서울,124,22,1400
b638c4a6be4d181ebacf6b416ac2fa92774a170e9fac9fb6bf18033b78dfccbb,BD,서울,21,15,1500
16a183791a289c9d8976a5925b3c05e4ea0d2297ea3e2c50d7b6a4304f2f2611,BB,경기,127,08,1400
3e1ae6a50d2db0102b04c2ce233fa453d1865e908799f477db5c238fea4bee32,BD,경기,17,12,1500
4141709d14b3e45c6f039b01e225613acdc44b6c72c2041db8213a970f3a5fc7,CD,서울,4,12,5000
4141709d14b3e45c6f039b01e225613acdc44b6c72c2041db8213a970f3a5fc7,CD,서울,21,13,2000
6285e99ae9e43f8d1da4b2b316dc7f6f14f98d99d551efbf4ecc97b328e06563,AD,서울,132,18,3200
0b017c13085860cda2d2090706de99be52c32e41de17f468438120f7c6236409,CA,경기,110,20,2000
3bdd92741fea5241146f97bb724927a48ff11d1b7062017f219130bc3552222c,BD,서울,89,23,1500
77ce12ca179b5533fe7855621fbfa90bfc19d95b111c6a2989cf69cac593b9f9,CC,부산,52,20,2000
1aa9342721a867e291588b10d746e83c696a17ffbd57f0e0c6a58af58adf1644,BD,경기,67,20,1500
b789e6b19217ba935a0f5fcabc16a9636366749df25c2facd7d681d4b1df74bd,BD,서울,166,18,1500
79ed3cbc5d74c58e80c063533c63b5536b0c10f0a7e10338af72bfe79c85592b,BD,경기,110,01,4100
46e4e964b73196168b0103c2760984c2642570bd0cb053105ec1c66da74d85bb,BB,부산,100,10,1400
657bc92f190809b61ce668dcfba81e50df2a4f4da6f3f7db39147ec48ec015fd,BD,서울,86,21,1500
da3b1dcb7dcb5fc07d0514eab1905a4f17dbf22e1c6b03b2f4632b3d8284b68c,BA,서울,22,18,1200
d0d2a655b3ee0d4f264dcc0e1f1e5df103b8ec5da02c4dbbe0f6451222d967db,CC,서울,60,22,2000
a8f627d50078748ad394b671e2765ced77fa324dc8b301d1f24b7859fca67679,CC,경기,150,22,5000
f5c1d1e9b951ce64b8414c071dd246f2a378552abebc2c5f83e6ad092da09c8d,BD,서울,64,13,4100
8b42873d294e9eda1a6b62153d8b81596ceed039f4677c97e493d02050b04cf0,BB,경기,147,19,1400
15160ac34aeda8b3ba7f0b06f75774b7150e144fd8813790d60ded72225190a8,CD,서울,136,19,2000
6c63570c9e3c080e03fda56039814abbfeab9eec91dc09404b4e84597c736ab3,AC,서울,138,11,1800
f79ef41eb6d1ce5ba58603e38681cdbbc7beb33ab6380fe825c070f90a39a8e5,BA,부산,57,21,1200
971bd09a468f63cd92ec955e2856944a0e300b3eabac52237267a90ba67674ba,CD,서울,160,22,2000
94e238123d0ec170814f06128e89297df77ac2dd8aea8dd7cb8c3916b04866f3,BD,경기,159,20,1500
07cd6bd8e53073454c2bbd48ed7a35362ebfb82de10bcb105de21fe6e792a118,CB,부산,146,19,2000
71bf89f2a5802faab64fdc2538437eff2827d7348aac45ed5297ea4a8bd2cafe,BB,서울,58,07,1400
aeb1ec453d8c271210f077253c8d3a4c3699ea58ac75626bb3f0a3022c300875,CD,경기,68,07,2000
fc330079a39d3f6d7c7f8d77a2eb074603602988e741f9383087fe4d75de74fb,AD,서울,78,17,1700
a1e227662a428ebef7c3826b00bf32668006dfa33192b4d87739815f759998d8,AB,서울,126,16,1200
34581e8f33bd46b2664ce6fc37f23a01f1644f727a3491edf1b87046b15a8ac0,CD,서울,174,22,2000
5d7e115da19682faa21a062b1314f4297c646984353b2e73ccfe65fda26e6410,CD,경기,23,20,2000
5d7e115da19682faa21a062b1314f4297c646984353b2e73ccfe65fda26e6410,BC,경기,163,18,5000
88547ed975a5aea1339b8edee3d06ffba7cdaf29641b12ab6290feb920271c80,CA,서울,33,00,2000
6fede6d6b2a1db33572953831eee2666e7ba5e5b9d54b78b588bde6668637085,BB,서울,150,22,1400
c72848d0d0969ccaddaee0d91662bf46a9f186a261c68cff7ccb019004ef49df,CC,서울,100,19,2000
c72848d0d0969ccaddaee0d91662bf46a9f186a261c68cff7ccb019004ef49df,CD,서울,41,14,2000
641604651914a2bb783e5943fd97b0118c282923d158ef0305646d404e28bbd9,BB,서울,171,14,1400
294af74ceef0148995f3fdb1f3f19f8f9be89c805ea68dcf1083938fe8cd3487,CD,서울,94,20,3500
3c82842340f88ef0672d82c068813e811022b768d94c9bb5aae3bd9ab4dbc582,CA,경기,174,03,2000
dda95442dd7bd7e1b74a7aa5ea0428cc78b4c18cf0e8bb65840785c0a0bf9e5f,BD,경기,67,17,4100
0ea4a163cdf5bccd0d9553b077a34cd66255632f5c89ef5d69269d2c81ebbb17,BB,서울,31,11,1400
0ea4a163cdf5bccd0d9553b077a34cd66255632f5c89ef5d69269d2c81ebbb17,AD,서울,26,13,1700
aee3362bee26f03ada8edfbea143972d6a89aeee16b4be79de35b5a9d5cae14e,BD,경기,93,02,1500
8031155ea7067c14460de96ec74aa287c671f3b0497c5b2535a08de85250059f,AA,부산,171,22,1700
733f00134e47f6fe9d7ed4f02115f4e878987084d00040df99eb76a3b0763b32,CA,서울,68,20,2000
924a25c56150ff9be369c53907c4f914128e4876df1ae9110641497fb76174af,CC,경기,179,11,3500
398f68346f3913abe0cd7f66494701d0102a5c5016881728fd3df38bf0f34356,BD,경기,29,23,1500
5856ca54e0821d5bf5a79b2cb31a26e2c33e10feb738bb78ce8677dbb2c2637f,CD,부산,157,21,2000
b475218748f8b7573d95bb7701153f15965627fdec504b086a7db8587819d73f,BD,부산,176,19,1500
96b090090a4297a6b08678da3104b818c381ae1b4b711a2c8638493377a689d0,BB,서울,149,12,1400
661a3c81662dd5cd68a11011c19aa51e626b4e93a5c47ea9e47b2bca25a1f5a1,AB,서울,154,00,2200
80762d755489658a6e549b95c3bc3d73b32519fb0c86e973b35e189a0d68d081,BB,경기,93,03,5000
6b1e5d210eb06ae369025ad7739465bf8dfd3e5dc794598c8484df5c303da227,CA,경기,139,19,2000
c1e3aeccf7cdeacad877793d28966ca03dd9a7f1ed39b74596264bebb3d712ca,CD,경기,27,22,2000
a7799c55aeedd463f7d00dad60df2060e579e292fc724d0256347bc39815433d,BB,서울,46,09,1400
bd718c3a44598cd20a3003a0abd94812d7184df2cf0f9f42e6ad70ea52d37cb3,AB,서울,28,22,2200
5ba5ae2403b0cdf8e69882922f486bd5ccdead0e26fdedd9f60295099c029ff6,AD,부산,11,23,1700
3742ad56c530487a4b20332a18245c31d2052c90e9a6e2cf0756106cfbc594f7,BD,서울,49,21,1500
2660c67c656d917b030d5604d8b74aa21783c2bc272ba5d39d57ef695041652d,CB,경기,71,19,2000
eab8d9a1692eac47bc4fc78be99c5ebb6d0144ea3ddf50d2b29d9d6c41c2123a,CC,부산,146,19,2000
3ab1eb2ec135befe320a2d4d07a782bd9eb86f26bee5a73c42eb7ca623cb2c9e,BA,서울,38,09,1200
cbd6217b01e94de56e13fc5884ce0b67361d2f177e168e05752e95c3e3fc9a0a,AD,서울,88,09,3200
cbd6217b01e94de56e13fc5884ce0b67361d2f177e168e05752e95c3e3fc9a0a,AD,서울,163,09,3200
cbd6217b01e94de56e13fc5884ce0b67361d2f177e168e05752e95c3e3fc9a0a,BD,서울,159,05,2800
cbd6217b01e94de56e13fc5884ce0b67361d2f177e168e05752e95c3e3fc9a0a,BD,서울,64,12,4100
cbd6217b01e94de56e13fc5884ce0b67361d2f177e168e05752e95c3e3fc9a0a,AA,서울,16,09,3200
13a09a79b5f59f33138c26b2fda379038cacda6e56657f856ddd645238668b95,AD,서울,37,16,1700
7285f6d1a5f34d4fb0838d4bf30cbbad6b2d34de9cb21ac27dacfdb883e31af6,BD,경기,159,14,2800
9959bf932f6019cf9588f1fc18b14c2c2ddc651c8b7e0095cac11c53be938b7c,AC,서울,49,16,5000
8ab755b6214568dd5ad4f2b82100af6ad11fbff57f1dc9b6f3383ca904786b19,CB,서울,16,14,2000
accd9b555d9a7be21616bd77847445dc56e0f3af930a59a39385c2b5ac97e9f4,BC,서울,161,15,1800
d7cd1d9654dcaf40387c8b50ba097635dd309cc0dac1afbdead4c8c543101b5d,AA,서울,11,11,1700
8154db66332fa26913fd2146c068c5a46e6599236d4f57f557e208bd93751660,CA,부산,113,06,2000
b5cfd893cf257596444704dd98a147d66620e6729a067ad48b64b5a5dc5f1cbc,AA,부산,55,10,1700
1dd74da2d4e0c8f0019d458b8156f17ad389f71234b38c22cbd0bc7b6b8d169d,CA,경기,123,12,3500
2a97243eb2d2c8905b5534f9ef9630134852ea0d1183c4e503353d6eb23f7e9c,BA,서울,167,19,1200
02e058a53368668780ec648eda3ef2c518487f767cae0d005e492e2f8389c737,BB,경기,154,16,1400
4e6657ea619be75dffbb4f6f469c949de77eeff9b077b7f8b5f19d59fbec8739,BB,경기,140,20,1400
10eb7b8a1645c699f6542895318011bb22f57636b6e3c0ed25561b795fb54157,BC,경기,112,16,1800
5e1e540de846dc538749edece59893d8a45331bef2c23f21b11af58ce5c42f3f,AB,서울,68,17,3200
ee0bc9cc021c2807c523287ec110c45a7edddc3589f31d51462d52d5f857a6b9,AB,서울,39,15,2200
a15268f5a0361d76872eb53d70a4b1105868ebf973aa5e899d670876aca78fef,BB,서울,89,08,3800
a7020accda65a1f3e7a2cef045230c1168981247b53490f678afbd92e7d147f6,BD,경기,9,10,1500
299365fcb96d66382ad1ba18d128a220db568abe103c80dfff7bb5a42c13aa1f,CC,경기,79,20,2000
2ee9b9c1aa238e74cb5523643cff828144dc7eee8b01b2444b0f8adf589ce497,AD,서울,137,06,3200
f9769bc90bd02ff39a06498da86245cba7f67d5e965dff55ed731a9b8210984d,AD,서울,52,08,1700
df71f4f75223fec8bd95c5dd4efdd52007d7ea9de18f530b49019df6e270e49e,BB,경기,67,02,12200
d311fc23d8eea5c9ae195525c559fa8d9a2d4e1082afa73ef481e982e5f37fa2,CB,경기,90,18,2000
b0eab64091fd98718fcd0708308fb542f4260eaa11aae8cb28acb131a49d6799,CD,경기,4,03,3500
4e0a546047833dc7031abe8498420370df1e9465d7a069c983e2c855791f7d6e,AC,경기,114,16,1800
b7a9a2c83ff440837733479c816aee392f2a5351eb20822a59c2ef386f28ffd6,BD,경기,49,07,1500
b7a9a2c83ff440837733479c816aee392f2a5351eb20822a59c2ef386f28ffd6,BD,경기,46,07,1500
b7a9a2c83ff440837733479c816aee392f2a5351eb20822a59c2ef386f28ffd6,BD,경기,50,06,1500
c2055f43f23ad82b9fe3b60247350f64b54a665192b4b3289c5bb562d9e5e4b4,AC,서울,28,09,3400
7a2b442ffc4ad7c48b177a9bc8a05d1f26734841b6756384295515deb0e601a8,BD,서울,83,21,1500
2b67d910de787bdbdd913073b1b0cb1ae855e8c48ab73f9655d397d6a4d2a56a,CC,서울,87,22,2000
2b67d910de787bdbdd913073b1b0cb1ae855e8c48ab73f9655d397d6a4d2a56a,CA,서울,85,21,2000
d13974761be718392e493466430d41d87ce06387c0ccddd0d59298040fd4cf8d,AD,서울,153,12,3200
ad91e6595f3408c5cc84fa13a9b6308cb3184861e027a2873e2b5da8483d166c,BA,서울,12,07,1200
1a34e1b92e6063e6518cd26789618b63138702da886a4a961eead2d89f673dc2,CD,경기,177,18,2000
1a34e1b92e6063e6518cd26789618b63138702da886a4a961eead2d89f673dc2,CD,경기,177,18,2000
7771fd9df8a6c83eb0ecf9bd68538682ee3b1ad2e316a53c39c4a55c02294607,BB,서울,71,07,3800
9185d494606b24791121fd189c7199aeb290c78c9f705611477d0775f0c49a37,CD,경기,104,15,2000
f2951c4c6f82af97c3097df62c9228f6357ffe0e21e44772d6e61a1cd0477c40,AA,서울,175,16,1700
6e146d5ccedd2742ecaca19799ed7c118d030c5c73492233a11255c926c3ff11,BB,서울,99,08,1400
6ff43ad910dbae521d638aa69352a5ae8d094ebb72b48c46fda8739a81866b04,BB,서울,129,21,1400
12231d51906ab27174bac3f9bea2da0880be45171816793d03dcffe57a03efc8,BB,서울,64,12,1400
036f6c75e1e6c26b7f2444fcf3f90c3e904b9f9a1aec695307a5569becb4fa79,BD,경기,7,06,1500
3e9de9c894ab2fdaee3e6f57ec7688e50a595e3e66d67ba0b206433d086f2d90,BB,경기,18,07,1400
3e9de9c894ab2fdaee3e6f57ec7688e50a595e3e66d67ba0b206433d086f2d90,AB,경기,75,22,1200
3e9de9c894ab2fdaee3e6f57ec7688e50a595e3e66d67ba0b206433d086f2d90,CD,경기,170,22,2000
8eeb25ae72c88f04b457b81a8fcc75683483cfff455edd39f096d082df245bc8,CD,서울,98,18,2000
8bded3e5d0999b08482e5d75166c6a2c5c1455178a1c49453987d8c430a3795c,AB,경기,101,08,2200
ee595b9c916cc1aadc973ebc2a4df47c214fce7397e9e5e8fa36c6f266c96f1f,AD,경기,107,14,3200
1dad628958d8b5ceb6b45f4bd971ca8bd007e30d8f364c3b9ab14d4341bcac01,CC,경기,154,15,3500
53105c1edf78181b125ea103131c695c2fc13a2e6706cd886bc00c0b7416ef0c,AA,서울,46,03,1700
cb1448229c142e813c8c6cea3d8dec5c7bbad1e83687645666c1b978d5325100,CD,경기,22,19,6500
cb1448229c142e813c8c6cea3d8dec5c7bbad1e83687645666c1b978d5325100,AD,경기,138,11,1700
882d173421589469a16d665a13f4a7d27a427014c4691e430512725f5518cd95,CA,서울,39,04,2000
7a3f32700c44dd4d17282408420228718389a378d02fc724db1be47d24eac2ae,CB,경기,15,08,2000
6fcb53d2923874b57b12a716fdb10b7302c8b5b5b49f4325f92a708009d94fdf,AC,경기,141,21,1800
1ebc67742ef88e257511d19335c86a380e77a7b2c03c5e27ad0f83a3822947bb,BB,경기,96,21,1400
2b5cbf678f2a77c31cab92024d06e0d4047d2e77cab505eb8137b9ae1967f654,CA,경기,61,13,2000
9b363dbcd41c1f5d41cefb97eb84b3896a7c9d66785d567bfe68dbec9a5748c8,CD,경기,63,09,2000
705dc1306a4efe83ed5d05e02deacb46cbd4e4e9cd7a72e341470af86eb58a84,CB,서울,40,23,2000
705dc1306a4efe83ed5d05e02deacb46cbd4e4e9cd7a72e341470af86eb58a84,CD,서울,23,23,2000
8990908a291c2b71feed7032d081dba16713cc4e3fba8effc68ea978aec57e4d,AD,부산,124,15,3200
8ec1d809780b00e4bc33ddb6f937e0bb4766e2a811544a0c3d96d60bde281059,AC,서울,132,22,1800
209749024ae7e9eebbdf888298b973f2d1c3cea802ae90fd452b71cf1488b5d2,AC,서울,57,15,1800
3758e74c3f0733b4f5b609a5ee400e042f2fa01d330a3949b79680c590c09ce2,AB,경기,92,00,2200
f931718c84ebccea23f48c316aceba0d12623ca4345e79512e4ffdd88604b5d3,CD,서울,152,00,2000
901f563158adf39d0b675f5778076b177a046944ca8aef856760f9f9d563cce5,AA,서울,149,14,1700
901f563158adf39d0b675f5778076b177a046944ca8aef856760f9f9d563cce5,AB,서울,28,12,2200
901f563158adf39d0b675f5778076b177a046944ca8aef856760f9f9d563cce5,BD,서울,36,13,4100
901f563158adf39d0b675f5778076b177a046944ca8aef856760f9f9d563cce5,BD,서울,43,10,8000
6062659fe7e28c6480e00223a19858d2bb94d5809d1430bc71c8b03eb124668a,BD,서울,19,18,4100
6062659fe7e28c6480e00223a19858d2bb94d5809d1430bc71c8b03eb124668a,CD,서울,2,22,14000
6062659fe7e28c6480e00223a19858d2bb94d5809d1430bc71c8b03eb124668a,CC,서울,101,07,12500
6062659fe7e28c6480e00223a19858d2bb94d5809d1430bc71c8b03eb124668a,BC,서울,169,19,1800
6062659fe7e28c6480e00223a19858d2bb94d5809d1430bc71c8b03eb124668a,CC,서울,179,12,3500
6062659fe7e28c6480e00223a19858d2bb94d5809d1430bc71c8b03eb124668a,AC,서울,101,18,5000
6062659fe7e28c6480e00223a19858d2bb94d5809d1430bc71c8b03eb124668a,BB,서울,148,13,1400
25c98aed801a4125897acec6e932425f24c90b6d7684086c32f3b06012a770c3,CC,서울,106,11,2000
fc36ab1f09b833094a8d4405a1181723078fab594ac2fe168bfcadaac28aacc4,CA,서울,20,21,2000
222bbec8f42a9a0d3f3177d207b4fbce493e692ba108135bb1ed080087962e8d,BC,서울,163,12,1800
289aa5fbd326c65e795ce63a18c1f74e2bf8ee32066bae84cf2d0aa12a9a491d,AC,서울,56,12,1800
432691573dc88ffbd76ab9e2a69f319d389eee9602dd9137e732b5a8deeb3854,BB,서울,86,19,1400
432691573dc88ffbd76ab9e2a69f319d389eee9602dd9137e732b5a8deeb3854,BD,서울,6,18,1500
ba9b84bcba42e337558a80217e63f5f741bfe2c851c97b0cfce1685d50d1baa7,CD,서울,65,13,2000
0afdd2116f36ff9f4d776ca5a4e07a46408fff5b6f163b868591b66e1718afee,BA,부산,165,12,1200
5f90e0638d1d339cd27feb18a15793eadc81cf9a729c2f834ae0950466adf7bd,CD,서울,15,08,2000
0d1bbca2ffa94fcd7b6a71d7056162df0bbf685dc4397107bf8a77ede878bc44,CD,서울,136,20,2000
0d1bbca2ffa94fcd7b6a71d7056162df0bbf685dc4397107bf8a77ede878bc44,CD,서울,91,18,2000
f3abc7a5ca76bb710817150ee709ef47c2ae8736d2448e2284f7f31490ddb360,BC,경기,153,07,1800
e17126e74cbf2e91606c8a4843d542df7cfdd0adcaa67428374605ab19f4dc84,CD,경기,44,14,2000
e17126e74cbf2e91606c8a4843d542df7cfdd0adcaa67428374605ab19f4dc84,CD,경기,25,13,2000
e17126e74cbf2e91606c8a4843d542df7cfdd0adcaa67428374605ab19f4dc84,AB,경기,88,10,1200
1527bd031c191b97c0bfa498d9b5ab6cc9130821576a9e42851f8e35b0bb8726,BD,서울,83,08,1500
2db89885e31b35dc42d4c3d27d68037ef85578e092c09e39f8895c9c966842f0,CD,서울,107,15,2000
3faf1b419d7826ec00ffba6b9cc593d20af1ff08706b193102def24fe6c69b0c,BB,서울,103,08,1400
67b07612b28e189a57dcb888e0b4b22346fc3b59d947903c8a68fbd0bdd38f9a,BC,부산,134,20,1800
67b07612b28e189a57dcb888e0b4b22346fc3b59d947903c8a68fbd0bdd38f9a,CC,부산,152,17,5000
2b70e9abbcc352a6ee1a3f87506fa3574e7772de5dfe5d99865fe602b06f68c5,AB,서울,171,12,2200
6c3984460e36a772b27597d8f41e8c77958e5eafb0353d14cac860547c4b3239,CC,서울,158,09,2000
c08edf62075a4acae6690ba1962a5cea10347a795bd7d3c83375920184308881,BB,서울,69,19,1400
457137ebaf5eac4a90ff64d1759203d467e0f7037de2515a243727c21acb42cb,BA,서울,56,23,1200
d6fb7bbd84d7d4f7c04a19802310b31f87dd10a1257f70859ae18ffcc2002ac5,CD,서울,26,12,2000
8fe36fce08a1b432b311e11fbb3891336abeb8433f2db2e84e1466db0882befe,BB,경기,74,23,1400
8fe36fce08a1b432b311e11fbb3891336abeb8433f2db2e84e1466db0882befe,BB,경기,72,05,3800
8fe36fce08a1b432b311e11fbb3891336abeb8433f2db2e84e1466db0882befe,BB,경기,47,04,1400
57d6eaa633ade9605160be3d3e697a2c1cb570122ff0539b3fbc112e41589dba,BB,서울,63,14,1400
35891ea6272628248f290c81e83b1a065b619fb79c0f5cb853f03fbe63f36ce0,CB,서울,59,20,2000
89627e5c17108d44103882f1df95aec0f17bf463ebfb72a9244f82b0911027ba,BD,부산,37,21,1500
290a7757e2e590adf5f037bd58b645b210a572eee6ef4277bf1fa523e9b54351,BD,서울,100,05,4100
8575fc6d2839ba0336f71395fa78784977cce4f2f96df8fad1366b6eee6de9b8,CB,경기,64,18,2000
1bd739244eaf7b5da43e7c133909fd243f09e05a0f2bd25ed8c60aca83258c36,CA,서울,114,17,2000
ca401a935f90ecddfc8c87d2294d353716befccfbdaa9b7f4c5782b56aaf568e,BB,경기,126,11,1400
791ed28ac6e84ca1a7db242ca34265636dabe3f88a1d89ee80dd9485b30988ce,CD,부산,106,17,2000
791ed28ac6e84ca1a7db242ca34265636dabe3f88a1d89ee80dd9485b30988ce,CD,부산,174,09,2000
9c08d540b53481bbcdbab7bcbcb5adf42cd8c4fa4e1948e8c6623e14755db3f1,AD,서울,154,13,3200
6b37a27d871374a976c66d15cb7eded235b0f2054ea7ac0ec181ccc94404e001,CC,서울,114,18,5000
c841e865d16d2b979efa292a39eacfb697e4957874697b86914e3fd0139c712f,AC,서울,145,11,1800
e96353dff82700619315ce98f4ee3a1c6d2322e9fdc575413398a67ca2f4dbee,BD,서울,50,18,4100
4cd8d2fd02137aa043669c6d4c8993333c6377f147d88ab8fb66573249c08c02,AB,부산,82,08,6200
d8d5d6f8ea397637c12fd6084d80581ecc150a2b9fe71e3e16d59170201543a1,CD,서울,3,19,3500
9ba65195d4ee9c1cbaec01b44a34ed4b95219e6c9f46f07824f84ee0229cfc6c,CB,서울,61,14,2000
767c27e20ac1672d5bf06a890a3be27beeb70f2a2c84927604fc716f372bc177,BA,서울,106,19,1200
cf9c06fb3f7e750f7ce7d07ccb01a61ad67eb18200914f65d3c8f6255dbf5dc5,AC,경기,163,20,1800
e04206159f0dfa9765a67ee66197cdf83bd23daf961fd6227d05adf2b548f62c,CA,부산,103,23,2000
d463d0978d2a66d1f0cbcfd323b3335f0f0e8ee51cca5283e67d4541067b7217,AC,서울,149,20,3400
4ec8d8e62490e7aec58d166b98635ff614b29be6b8cbe24b471a07384bc7a5cf,AD,서울,94,22,3200
4ec8d8e62490e7aec58d166b98635ff614b29be6b8cbe24b471a07384bc7a5cf,AD,서울,89,20,3200
4ec8d8e62490e7aec58d166b98635ff614b29be6b8cbe24b471a07384bc7a5cf,CB,서울,22,13,2000
4ec8d8e62490e7aec58d166b98635ff614b29be6b8cbe24b471a07384bc7a5cf,BD,서울,142,22,1500
9e59a68e1db676fb0732e51cdda1feba9180d558676600b148c24187d117ddfb,BD,서울,124,06,1500
9181c0354be51f2b12f90270488586c1176f9225bb031216c039c2e79be61a3e,CD,서울,3,17,3500
799dcaab055ea4da2d3b674524dc66ccc77de9f7d8f085d759e4fc132ac62fb5,AC,서울,46,23,1800
b88e2d32fb19c99810fa94da2ea07aaae3aa36e25a41aaf5e46b01a8518f1bc0,CB,경기,17,13,2000
e3749bffff99f5b45dc56589eea539832a143cfe89305157248ad9f494dfd6d0,CD,서울,153,18,2000
9de82e17011bafe3db9eebed690ccdc92e18200e8122dabbf0c88a9e519da9c8,CD,서울,32,08,5000
6ac0dde8a80812b89c80602588764671788a8f8ef290a276a7f3c8c35f0d87c5,CD,서울,94,02,2000
6ac0dde8a80812b89c80602588764671788a8f8ef290a276a7f3c8c35f0d87c5,AC,서울,65,08,1800
6ac0dde8a80812b89c80602588764671788a8f8ef290a276a7f3c8c35f0d87c5,AC,서울,80,16,1800
96129f3ae33c971cd54bfa1822f7988afbd4ec4329e0df7439867846299b519a,BB,서울,29,09,1400
6a0fdc27bf9ffd0f742fffed1a49bd22ef91c07a0875f264826e99b27e964770,CD,서울,30,20,3500
3874486edbb29ef86cb2e28413ed2801654ab2bca2e19615ea2f07a39ce9edfc,CD,경기,151,15,2000
abf25c6a3ac8b125c5b8ad0f07d9c53e951fc9d8dd4d91d9bb597bb92bb6e1b6,CD,경기,43,22,2000
a24ec3838630048066f4540bf29c1fa64ffb2cc68451fc21074d26842ef86adb,CA,서울,176,17,2000
ccd26e6df713c30591c07278dd3a5b7c0d636c3931f4658655c9801d2802b616,AC,서울,54,21,1800
1250c92657c8f8595f104a3aa11b0357ed8ee1481d2a69cb1c06c12c20ee03ca,BB,부산,145,04,1400
580c3a6e71a663f3726afaad1d66ab1936de1d0cafae6b4d128512d598d842bf,AC,서울,168,13,1800
db31909ea8f14ebc13b59920ef7ddb668113264cfe4f9c81be57b3f351b0ca0d,CD,경기,1,19,2000
8fc1734c478eecdfe5bf0cc0a4e9ba2829f25c7f55548be905250b75cd1bd205,CB,경기,122,21,2000
29a9a346930d25beedd719631b81e7348077f62c38ec7f491b6aa0a8eaa4b46d,BB,부산,79,08,2600
6231159d8476ddbbb73ff2a5eb1862d8591bda02c6f2d1c11a5fd2421be329b1,BD,경기,73,21,1500
d81eae92bb3db4d4edfcc8854885cc346d07ee8f0b2a8d00177e0ac6465dfaf1,CB,부산,142,20,2000
0df8f1f0f018299a17659399f7727de3f0d6851bbfb9ef95cc89bac49959a93f,BD,서울,97,11,1500
b2cf7da3b3150d0cd5de2546b3592685d2ab7fcd028e32132f16bba3ee0ec784,CC,서울,84,12,3500
17b994d95d85a222b4f8b456131a501ca4673fdd11d856472170a2742ce9dd29,AC,서울,129,14,1800
5905d9f05516da83fdeca5ec4ff223862a3b33600a34e90c013a2e98cbd2afdc,CC,경기,61,14,2000
16ae00dfc36f44ff89dab2504779357b93a304275298ded6ad16f9ea33f01bb9,AD,서울,91,10,1700
5e58e3f7b06d8ec994d329f90c6a22a86a21cd2770bc9bf7f98373c39b909b43,BD,서울,14,15,1500
0bb972582ab1be2203234a22ba3372aa528ba9caace00eda4cd53da6866fae62,CA,경기,152,20,2000
652d14876200f2bd465f25ab2e08bdad7e95d75d57dbd5e067abe3f3e7d0f37e,AD,서울,99,00,3200
652d14876200f2bd465f25ab2e08bdad7e95d75d57dbd5e067abe3f3e7d0f37e,CC,서울,169,04,5000
d63811c883f118ec9a3e81f210d5a33965be6eee4d603c784f66994ca889ca6b,AB,서울,109,07,2200
187fa328b099b439a07cf7590ee1c3bc1f6766165b207c6a21200f7db3d40a89,BD,서울,25,23,4100
cec8f5412ba0a25e7f065987bac915dc746a5d7772c6bc4319786364ff40dacc,CC,부산,100,21,2000
0311338195a77ea53f5ea1509ec5feab24e9f638d7ec9d04fc151890b479c8c7,CA,경기,134,07,6500
c50abf300c18bf7edfbc6d453ebcc9e0713423423a53c1e3fd5b0c46ec2df8d2,AD,서울,151,15,3200
d3c745a02bccdbbb3c55d5fd016f3b7a601f62dfdfcd912ca0f9844006913d5a,CA,경기,71,03,2000
4dbeec554a25e1a7c3cd40dd1eee5cbafbc425f92fc38006ce25c1f949b89dc6,BB,경기,175,23,1400
b2394b3ede654cc3a4f499338d3f3ba56a65c24ca8353d8e2f0bdcff3d6806db,AD,서울,111,20,3200
575538af2072a0e7284d0525873c79024e12dc0c183b143d36b1b15237653bd4,CD,경기,128,18,3500
575538af2072a0e7284d0525873c79024e12dc0c183b143d36b1b15237653bd4,CC,경기,115,18,2000
5f91534c49af796ccbcb257f5b99ea3df68d88c961b31cb11d41c112ba088cf3,BD,경기,92,21,4100
5f91534c49af796ccbcb257f5b99ea3df68d88c961b31cb11d41c112ba088cf3,CA,경기,135,21,2000
f09f8d141c8f06ddcd9f516679db6fb19ee8da143e87b255074f990ee2cf2b81,CD,경기,181,22,2000
2a6cc9c9f31bebf87bbd005898e9b9926eb576a5e664325781d876bd4254df25,BA,경기,34,08,1200
b6e03543e9e438268d45c8c735997f503a3e0ba2b82995f450309d76013ff68c,CD,부산,121,16,2000
b6e03543e9e438268d45c8c735997f503a3e0ba2b82995f450309d76013ff68c,BB,부산,159,11,1400
5e37e5f21f4e7fb1de4ab18d871533239bcb9e82011d347e0c4980a24aa5f2b5,AD,서울,166,21,3200
4ee9d53a286f69a1bc9650b7eff9dfecc2ddb7ad8c28120a1c360bd4b0ffae90,BB,서울,119,23,2600
173ccbd70b0c591c43c17978ecf9346cd934e2344df30e70b68196563afbe2d5,AD,서울,137,11,3200
15f5619bcffa5a296d28bdb633832f154143bb2c20d48ce35bf07bd3693d5999,AB,서울,14,10,1200
d6247d5e351094a6c9b6ba4682b6c4653477c98461c7e8882c62c5f5ad13afde,BB,경기,26,14,3800
ca92c0085e4f72b88b2395f504d2da400f8161a433b255cd1c23ad370fea02db,BA,서울,46,10,1200
ca92c0085e4f72b88b2395f504d2da400f8161a433b255cd1c23ad370fea02db,AD,서울,92,09,3200
2896d30383c03cef7d71e9cf62791a3df13ece4ab23bd4651c05271b86f64c60,BD,서울,34,18,1500
1422587cf84c413ac6d82ea51a90afecf94ad0ec57e7bd2c8b391202aec486cb,BB,경기,34,08,1400
5a15a35fe38e7e979d94bada87ff8afb417305b5d4840b897ca6c08c856c2911,BC,서울,39,20,1800
86633f612b5488b66167e329418977d84ade0873a954ee2fa60d967e15414ea4,AC,서울,89,18,1800
a179368762e7d677e08bed17fba901282f5657e51078ba026c32848073d53f25,CD,경기,60,16,15500
d925ef98a1f61dd358d042dc33eb4de93a8443095288ab38088ef22ae2c35e60,CD,경기,71,20,2000
b67d53cf02384036b787b4ddfdc74fea7fb60306051b42ef1152de4eb82cc831,AC,경기,62,08,1800
e2083be493acb9907967315965aa8bdc9c2feff3acb7f46297a77d680db1a6cc,CD,서울,80,19,2000
67d41a818c6db9cd2971f9ae13dbf50a263abf7c50051788dec7ab250a642669,CB,서울,37,00,2000
d0eb6591626726f9b5af47ddb7aca6ff36949038d9b43fe8f8c5f19db8c1d33d,BB,경기,90,17,1400
0585321182d68b9126423bc95eae699f587d1a1206f324accb665ef631cd553c,AC,서울,29,11,3400
2eb55f2a6d3b948133e7e20ea6bf7f619dccc979a73717831ea9baa2f89b60bb,CC,서울,81,16,2000
8fd0d5e2511f8b4706ffb6d5a3aebed24ec2dcb3c589ad0eb22ac92f0b1c1f9e,BB,경기,57,21,1400
ac3014e0d47de5d631a1093334a24ce7827b662ccc52759dcef944a6e1e12a2d,BC,부산,111,15,1800
b1fbdd7667da6d229ad7caefec3d171c18e869494413da38f8680297dd8c9fbe,BA,서울,59,07,1200
460d4efcaa5e6450a6c07990d4a1d7c38f2dc3fa2e42769cf336f1ef233ee5ba,BB,부산,74,15,3800
ac362889ab9309e1cf0ad4cfb889307e792bd0e8199c8a0a670b28312d5c625a,BB,서울,62,14,1400
9e4ace0ffc05ba3e6389c94f8145713c4ddf70a6ed9304ea855024b62e6eb5a9,AC,서울,100,11,3400
d7eea521287c2ed226214f4fc82d2872495fb66fba0bcd69d5cb745cff68c20a,AD,부산,30,09,1700
d0b4b94f8f0367d4c1c5e095eb25f085ccfeff88170fafb533d842851f5979cd,AC,서울,11,22,3400
713b96e99cc9f9da19c90ddca65f23e1ed5afc08f7ad66dbc95b86fedac6fa60,BD,경기,36,17,1500
7da7d22fc044abc756596d73ecd9cadbe590685769b27e01a53533b0bfec2be3,CC,경기,120,16,5000
76f9164277d00aff731e6604baa4d6e83fba96535c4ae0c07b6b1d69b1761002,CD,경기,147,20,2000
5f83917a075343b1e53a37e57b1a50480adf574a549cfe0c1f25554b583a850e,BB,경기,149,14,1400
5334d87d870ecf0b646cfe7df6d8234f6a7dd8d3ed20c913e89cbd0144a665b1,CC,서울,143,15,8000
f152fe0b3b2adbdd9bf355de06d45cde1c0472ea692d8065d43381b7fe9cabc2,AA,서울,15,20,1700
247c7d4ec170c5eee68806055b87a375d79efb7341fb66f6e94556de2a363e2f,BD,서울,14,05,4100
247c7d4ec170c5eee68806055b87a375d79efb7341fb66f6e94556de2a363e2f,BA,서울,7,23,1200
aa26c1bd7656bdd6670d6ef084e1832b6d9c3d21e675910ba9e22bac5191d25f,BB,서울,121,07,1400
5b36eedd748261cab5343382fe5a976ef19bdcd9d15aa51b447746ce9538cceb,AB,서울,47,10,6200
eeace0c922f63eeb6f2449f3e8044ffaf241741cfafde0abdf8e648af39cc978,CD,서울,143,18,2000
eeace0c922f63eeb6f2449f3e8044ffaf241741cfafde0abdf8e648af39cc978,CA,서울,10,15,2000
2121f580cac74f6110fc91169562a5e689409b97232c234f944008d31b40998b,CD,서울,87,13,2000
6bfe4fdfb839fad6b5856758cff3c499c0c4d4c813c032bee71cda8bed2bf0b1,AC,경기,96,20,1800
9b3889b39bac290c57a7babae1a2f5b2b69a9d34b839ad50677e760cebcca3bc,AB,서울,52,10,2200
41349409258c9e3798f4a1a80d10ec8e51f1f7ae7f58e7f04e072ac057ce95b8,BA,서울,22,07,1200
45f3f1f1efe3c46f3f4c4215db67ede2742c5c60a41fcb96e57c67169ba3b8ff,CB,경기,10,21,2000
f6f0137379bb80c8c88b60af820a73ef7f50ac3c3b956decee77a6ccb340d92a,CD,경기,59,23,2000
f6f0137379bb80c8c88b60af820a73ef7f50ac3c3b956decee77a6ccb340d92a,AD,경기,67,22,4700
f6f0137379bb80c8c88b60af820a73ef7f50ac3c3b956decee77a6ccb340d92a,AD,경기,111,22,3200
f6f0137379bb80c8c88b60af820a73ef7f50ac3c3b956decee77a6ccb340d92a,BB,경기,162,22,1400
f6f0137379bb80c8c88b60af820a73ef7f50ac3c3b956decee77a6ccb340d92a,AD,경기,101,23,3200
9d64504a066c4d1e25392d1ed9ef4b24cba4cb1cfdd7eca25d9479ab87e25aa9,AD,서울,91,14,3200
0fd2c5f13d879680fadb04452e4b43ec51d4e4982406fe21047d51a40e6b2304,AB,부산,104,16,2200
94cc6c09215bff05566866fd18e1ad03c75ba472c74cdab58ca9c5c61037fba2,AC,서울,29,16,9800
8a6510a68c603bf7b4d09152d4b5ad8a30cb2fa7909cb72c85bcc01df037af62,BD,서울,33,21,6700
3a8cc8b9bbb0c4961fb1a27d0b88da661a7cf599a9e369dd48c07d7858870b60,BB,경기,68,10,3800
e65ca8eb0aee447eaa649771e553ea4711919a934b0fb65a41b612f8ef19f660,AC,경기,61,14,3400
c984e8c5e01b24025c832e4c71b423d5120456a5a2fe0b2073caacac56eadac3,AA,서울,152,09,9200
c984e8c5e01b24025c832e4c71b423d5120456a5a2fe0b2073caacac56eadac3,AC,서울,40,03,9800
b0ca84d2e40af1f4b2cec4be7fd6ba5530554bc8719da49fd2bf64c10c0e9703,AB,서울,26,17,2200
3a2f027a5ca776f9ee161367528e8c9f97b6ce3705d27cb458e44cbfed4c04cb,CC,서울,56,10,3500
daa3581abba72ae00ccf27c29603644f96514c9b73a797e6bd3258eb2b16a7d3,BC,경기,116,12,1800
8349292b747873977deb5b90cf2d3a82bbcf208cede586e0b997389c03db35d8,AC,경기,14,10,3400
f6dd87cb38d8c313a34d0091eda934f082b6bddd857689fc5cb26fd0c1b615fd,AB,서울,114,01,2200
eedc6f2e2f5d7b2c9740805c8030c902d584533ca1da661b513404841ad66993,BD,서울,120,22,2800
25b71122efdeb1eef216838de5664d2cdb8d6314c0d70f11c45e599d2264b07c,BB,서울,87,02,1400
5ac90fb8378bbfbc3b2e20b06318b88d185c0bff5aae3cee05805948d6b05e66,BD,서울,24,19,8000
85f07d52b187d2afd631a805a426bbf5322e2edfd5f36205529eb088bbc6ac5d,CB,서울,77,00,2000
1551a797d8a92bb8f39878f32f8e8719123e6b3dbd81925b705e490fe95b9372,BD,부산,30,20,1500
39f4cbbec5046daf7e2d8f3b86fd9b9ca0fc3f4a25e09b9865c16232bb8f342e,BC,경기,166,13,1800
5085378d1633d6681f35097f5f5eab7056e471ea8e46e99a39ab7cc09a583a9a,AB,경기,98,09,1200
82a1e900a1a9c8c2159bd6f7c5ff541745bab063112ee260caf8c89ef38e798d,BB,서울,74,20,1400
191c830beef8cc0acfbd948a7c958ec3f55c310012968c856ebc7f3bf6f92790,AC,경기,23,12,3400
d4f415250bff75f37f78bb16c149c98b1b0711be8185bf9bae2365b05a51767d,BB,경기,105,18,1400
6d8605edf29718e07927213461e1a602a37c63c559e97afe7f069732566c3a5a,CD,서울,141,21,2000
66c68b4bfc269237fa187ed6d2f8173017155dca38323327d8567b95eb36d05d,BC,경기,174,22,5000
77cdb3ea68b79aa5feb2b9c6549d048d80b2a9b977a1941f8bacb837e5c1e883,CA,부산,86,17,2000
db133968bb6a4d31b3d78ca1830c14a7c6220179ad3473766b253675fb5a8712,AC,서울,177,12,6600
5d8fde6802a28c59d9438b58e0592ec3049b446d3d596efef42db1af93c398a5,AA,서울,50,16,1700
51c5458f4a5adc2aa78048cc08e0167961558b7f0a48dfc7b60002822fece56a,BA,서울,32,08,1200
36ea347e3e33c05683482c93c1971aab6fa074d41945241fa40ac5470b7401a1,AA,경기,5,12,1700
7c7e938fdfc2df7eb6e27ce28a1704c0ae1ff3e1bb327099fd0f0d6cc3d15125,BD,서울,61,12,4100
b8d55f09d849599bf51c6f6b00ee12af55f3bc14661c5d88999dc35ae0ff501a,BD,서울,35,18,1500
25925c121439c81b87c611326196a56f75955c09e016e0032c0bc0723cf41eca,BB,경기,87,11,1400
6c33d2bb8b42332e236190bc84cfe3d0cd2934a52365a8dc3fe684923aa0749e,CC,서울,76,12,2000
d7807a7d9e2cd91bcd92310a9279e561bde7398d9a7f424a412e2a88fe80a161,AA,부산,182,20,1700
1eb24b9cfddc87c74248cbd225e861dcb72ae53b643a61bb1508534b2101b315,CA,부산,118,10,2000
e35ec8ec800e5b9521ecafae2a697fa704ac5f77db5627f9a74340271e847cb2,BC,경기,49,10,1800
894339fbad8a1ce86b161bd19bb0b208d24413c86b1aad17f0a3b64fd09cd4cc,CD,경기,106,04,2000
894339fbad8a1ce86b161bd19bb0b208d24413c86b1aad17f0a3b64fd09cd4cc,AB,경기,91,23,2200
fdda71f3b7ca7e3e4233c48f3af04dcb3c8ad9eaeca1c05558a8949b92171c37,CA,경기,82,23,2000
c1d0edc0e90e53f2b0d650e910ebeb96f8d6fd41f605ea88eae1890daf4a4646,CA,부산,161,12,2000
26e7d62791c7fd2c335bc2a12f8bc3618fd62f2a52d7b439aa6c14626ae9fe9d,BC,서울,93,21,1800
b84f9ce4a875df470901b76acaad55d14d285262f60dd6df9507d30581ec8ecb,CA,서울,149,16,2000
27a32410b78b41e935ef6f9fa3f5d97e6b4b620ef51628534d1bfd953c678da2,BB,서울,134,08,2600
27a32410b78b41e935ef6f9fa3f5d97e6b4b620ef51628534d1bfd953c678da2,CD,서울,156,08,2000
27a32410b78b41e935ef6f9fa3f5d97e6b4b620ef51628534d1bfd953c678da2,BB,서울,76,09,18200
933f5fbe4ec02fd33a21669ccf4b6226e474faead4e63843549981f52f18fdd0,CA,경기,130,05,3500
0e649c7299be5aa2151838b047f3267e6269592009107a65f1d60185c77e5c25,AD,부산,18,16,1700
52f6d8a441b10a5389fbe6d8c66067ff94f04d4e9e9952578ab24181d38d7528,BD,경기,72,08,1500
c52d3fab42cce1538941f1afe8c10d3bbb60f54a941b90aae818c692832e4706,AA,부산,144,21,1700
9dc8145989cd980b606c11ec81e427a57407d4184eddfb9863e9d0681e309a6c,BA,경기,126,13,1200
6f1a35cc09241e84464de37d33ff502673e4df663b36bbb39197f140025938e4,BB,경기,30,08,1400
ec7ee83181ba5cc60cb2e087256f7034d7867c4677990339dfa153d69063bc78,AD,경기,173,17,3200
0be53e528bd814ccc0f21445bf99ecd9d6c28ea8e90dd66076aa10bdf878ac8b,BD,경기,137,06,1500
c1942c2bc9e35a31574929900ae4910cbdd056d9c6b2c7e567cb95f97c9f1251,BD,경기,90,05,4100
e2c2f72b9d95f28d1b72981e033032206bb17c4b267d04ddf29827ffb308e84e,CD,서울,123,18,2000
75f3f21fdb0186685614e119057972368571c97fded0c25eca85b403dbc810c5,CA,서울,152,14,3500
2cd77fa543ff8003f3bd2a366325bcae17a5a4d9fa44c6569c6aa5ab945bc6c7,BB,서울,103,12,1400
fd687edb704f32b81feae72f494f6876ce7429b7701d250dbaad8cd52e7432cb,BD,서울,55,18,1500
9e93b5f87765f6776ae94e4ed25598d0a7b3ba916902907d2dffa4a639c6070c,CA,서울,172,17,2000
9e93b5f87765f6776ae94e4ed25598d0a7b3ba916902907d2dffa4a639c6070c,BB,서울,81,02,1400
97d477edcc48732a8402386bc596ef493c9ce0bdf6b24f69b28454fbd7355955,CA,서울,33,02,2000
94091b9fb200675a5cd407c1bac5fb147cfb55964f1ec49ab9f81bb189639f55,CA,경기,129,16,2000
8f6e1e615dbcf5d8ec7152ae334558a58e6f60232f721d9bbeb3ced7385a7afd,CA,경기,181,23,2000
cd74b42ced64b0156661e4daee7ece0b10868df8b2b69886d6d0b4b3d34134b6,BA,서울,9,08,1200
5c0baa9abb5169b11edcfec637ee44be6c74215ef3792057f67dbf17705b3a80,CC,경기,155,20,8000
e461d9bcb22299e87b627e1e9764f4b3f097c983e22e541707cf1597fd2c8720,AD,서울,170,19,3200
e461d9bcb22299e87b627e1e9764f4b3f097c983e22e541707cf1597fd2c8720,AD,서울,168,19,3200
1ce84d55cb219115330d20799ad14198c8abd9998697adab90a926019869927e,CA,경기,155,11,2000
a31c70f145fa2e3bf22fe86217297c133026e99fe1359924d790f03e26f94724,BB,경기,154,12,2600
6d7939d41c6f272e5ce8eb13fd0d2dac11281904d02eaf2516e6b783eb3f1872,AC,서울,52,21,1800
8cbee80d5ecd32e8cf142250f6b424a4b51bb3329396409503d3a6673124567f,CD,경기,20,16,2000
632c8ca2ae1fb94e8c226ee01ce8020f17b54a5ad524dc95b257a9bb49dc23f1,BD,부산,13,13,1500
46fef5dc2c8a01dd5c1982f38777835fe7f902e86281190be5665bd8e6cebeb9,AC,경기,84,08,1800
edbcd34bd4220a8e1e209ceecbb89d39ea83bb97f2aa6e80802eab4dbaeca7b5,BB,경기,162,22,1400
9aff86e9606cff20e46296d4e78a2b067d6a1052c82dc5bee89265a2bf8927f2,CC,경기,163,03,2000
4ff9daa782467bd0bfc7b089fc050e8ea3ac675fbd945c5d77839c429e071f5d,BA,서울,115,21,1200
f9be5dd99e45eaec57d4106284a98badd52390770b1b667ca4053a6aac17d66b,CD,경기,144,17,2000
36dd5be59cf461e1b4db037b21197c4cd780bc9ae197d4fa65d45507f0c56f18,CB,경기,20,11,6500
36dd5be59cf461e1b4db037b21197c4cd780bc9ae197d4fa65d45507f0c56f18,CD,경기,150,13,2000
36dd5be59cf461e1b4db037b21197c4cd780bc9ae197d4fa65d45507f0c56f18,CD,경기,102,12,2000
7c9a04500871fb80590ada8f29023a449f138364c9eb5c41e19a4d4b98dee124,AD,경기,178,09,1700
7c9a04500871fb80590ada8f29023a449f138364c9eb5c41e19a4d4b98dee124,CD,경기,156,04,2000
778b1ebabf7f60578bf1ad6cebc481f8470555bc0c26eaaa6370986e576f6d7b,CC,서울,122,08,3500
4bdac8905104ea02ca6f59a1374818a59aa1fab48eb868eebfd9d53607e59863,BD,경기,7,11,1500
060f5b08e498c3cf05158f7d27eec17c7fba221a9cc916cff6ba49cc2860564d,BB,서울,91,17,1400
54575469c1d298b5f86d15305c1a33991d41b85bfffa2ac8d1abd85800ab107c,BB,경기,103,10,1400
50cc86b4ee611f434e40328baae35654b669e70e94915a0449da36a795061e3b,CC,부산,64,19,2000
767d6a14c68383ea9da5cb961c88f7997a22a844537f97782124175bcc0665e1,AB,서울,115,08,2200
b73b8095f068757668f553c10f4dabfd9a1bc6ef62e0e0ca1ad3d73dc6ff562b,CD,경기,173,12,2000
2e9b2b0f998fa04d45918b0d63d52b54a3279f945a1eb239f177b7622347ec50,CD,경기,3,12,2000
e544352db27df015c5b1a8204db7593723fe464f55baea03cf6a6ca51fd0fbc9,CD,경기,80,22,2000
7f570b945d6d3fa0aec044c4b59f3fdef843d354f0ce50b4f10fc1963f037c3c,CA,경기,159,14,2000
5e790e68824c51d06fdd7e899420072f3489f6875ca190b0589d6157b3a61487,CD,서울,38,13,2000
f99c3c7a041193df84849295fef575d86b01544c05bcf79fb6e287115f9e7bc3,BB,경기,69,14,1400
645ffab433c979d4fafe1e376ea3e2fd976ed30f471fc4b6146dcaab75753991,BC,경기,125,16,1800
c1601c1d9d5b693c6a2e23b8e5b81842dd56af93a4d8f96cdd5e9c9583e79377,BB,부산,151,11,1400
a7e414334b73c4211fb49ec7f110038c873e882d77f098cb529d1ae42758d3be,CA,부산,132,12,2000
bb3d3873c992a453051d52e62da65f732c11dd37d552508dd67d045dc434c092,AD,서울,181,16,3200
bb3d3873c992a453051d52e62da65f732c11dd37d552508dd67d045dc434c092,AD,서울,179,16,3200
bc6a08b198f26120ab8e7df3c938864b2835854588a54093ec327af254098b7a,BD,부산,19,02,4100
900c41b57ef5a3ca881d40914d560e6bff9c6cbcefff87e184bdd2d7e257a85c,AB,경기,55,11,1200
676e65e83b4ae01c5e3dc2966ebbff2b646d1992957bab4e956b3434bae898c1,CB,서울,18,18,2000
a0d4746b0b1253765dcea571b1c3bf0734f702ff6a4f99b23a115c3360a2369f,BB,경기,2,16,1400
a04eefb0ef7b060a9c6dd32718e4b0bd218f65c34d58eb1f4c5fe7c5d2b5f7f0,BB,경기,73,22,1400
19d88737c012f2d40171ea0077d2beb006f62cb28ce6f7235dc3fb1ebebb3bb6,CD,경기,164,04,2000
29070e51d8fe4de912f8ddfbeb3b51e233b28a134a4eefcd202c3a79cb216c82,CD,경기,178,18,2000
29214342df4b07a0bb42ca26dfb12c80508d0f114f476b9803a6931cc7ee100d,CB,경기,153,21,2000
754aca345a0703adb86ad9d723969ba65f927a6b87eb5864d27f74c7f8708f52,BA,서울,150,09,1200
a093d141097ebc4496e12502e312a0283850e0b047080a1252938a35d9d897b6,BB,부산,137,18,2600
a093d141097ebc4496e12502e312a0283850e0b047080a1252938a35d9d897b6,CD,부산,136,18,2000
dc1177e1a99740ab55fd14b0711a7e1246b1cd0f1c936c4a525ab63fbf0b50e2,BB,서울,122,11,2600
07f8ed5bb7b6223f1907bc79b25d9df3e186a5e9f82c8c623a595f08030cdb0d,BC,서울,10,09,1800
2d01a8244b586d188d5162b769235a7b0419d58755acc46f1235a77bf46b1837,BB,경기,8,21,1400
f588d6402d3271092a2b20829ecc2c77c3874b841dc8fc23e2c583ec2439e29e,AC,서울,119,12,3400
f588d6402d3271092a2b20829ecc2c77c3874b841dc8fc23e2c583ec2439e29e,AC,서울,124,18,1800
f588d6402d3271092a2b20829ecc2c77c3874b841dc8fc23e2c583ec2439e29e,AC,서울,100,20,5000
f588d6402d3271092a2b20829ecc2c77c3874b841dc8fc23e2c583ec2439e29e,AC,서울,49,13,5000
f588d6402d3271092a2b20829ecc2c77c3874b841dc8fc23e2c583ec2439e29e,AC,서울,31,23,3400
f588d6402d3271092a2b20829ecc2c77c3874b841dc8fc23e2c583ec2439e29e,AC,서울,28,12,3400
432e095cb11d414608a99aa76670310d522623e22a0f4fd61a00b8ba695d3285,AD,경기,157,02,6200
105e1935897a02da930c269a34d73abc82008f0610e6596f02f8002abc8c16e0,BB,부산,58,17,1400
22209835554c3b854a0f47e28e0ccb4ea17492985f3565275fc53140f02b989d,BC,경기,80,13,1800
d32b749903269c4d88ce98ea2ae13ec15a57af259e97310a594d4974e319e36c,AC,서울,40,21,1800
c4920eb70a3ca7ae57e8a60f5039873cdf677b3157dd71840efcc39e25f9fab8,AD,서울,24,16,1700
efc28e675b6100d2aec7c95cd3187c4ff0425649cf0de9efa806c09607110e5a,CD,서울,171,23,2000
242802f3e0f75331408a915ee259350f301a9ac7a190fe10cdf1700a6b831c13,AC,서울,82,13,1800
0a6d7e4b925664b18fe15d0382b96689892ccde7a0de8b8ca4d0e343b7230d71,AD,서울,29,10,1700
9d76d9f01538679ff4d2277007b61617cda7c3e5ec63a860e1c8fc21d352a890,AC,서울,118,12,1800
22b715064aa5299000bf2be471581151f7e63543202322d42bc9f66f71a8faea,AC,서울,90,10,1800
fc7145dff470474717c4b37feb87531828c478d5ddd4213065f3d6add4798170,CD,경기,168,20,2000
d4a4fb8999e47ba278b938e67d9e8f0cfb60ba731469acb6cf43de8f468cc4b9,BD,경기,61,09,4100
d4a4fb8999e47ba278b938e67d9e8f0cfb60ba731469acb6cf43de8f468cc4b9,AD,경기,128,07,3200
011bac0bb27f5fa3bb983949eca2037834cfc2dd3d51b54388edb9033ea0466f,CA,서울,122,00,2000
9af8d252d4f83e5b7d57d44a2439604ca3d220051143c51308909157c1e4df69,CA,서울,90,01,2000
88e8b4a850ecd808c2bd34c6be662848e9c7b516528a8a706d9766abcb0da124,CD,서울,31,07,8000
b1e0bd861d753deb5c34f25822b307d06a3afbe969b236433152a38a804efb0f,CA,서울,40,18,2000
55042f1a08361ad14f713a1e085427d7a41505ee33ae7b0e1cd80fd6afefc6a5,AA,서울,158,11,1700
55042f1a08361ad14f713a1e085427d7a41505ee33ae7b0e1cd80fd6afefc6a5,AB,서울,156,21,1200
55042f1a08361ad14f713a1e085427d7a41505ee33ae7b0e1cd80fd6afefc6a5,AA,서울,125,19,1700
7bee3c7719ec42765c6971e6035d5ab044a5e5e6bbfc2b19d1d95a2304842957,BA,서울,136,09,1200
714c483d0390ee2bda552d2d5f45d0ce1eefacbe6ca33574f6761f169ccc7dfd,CC,서울,88,16,2000
bca9233116d7efe61a53c4a1d4613b20ec25c013766ea30e9e5d3af03cff097a,BA,경기,66,15,1200
bca9233116d7efe61a53c4a1d4613b20ec25c013766ea30e9e5d3af03cff097a,BA,경기,77,18,1200
bca9233116d7efe61a53c4a1d4613b20ec25c013766ea30e9e5d3af03cff097a,BA,경기,2,15,1200
69803ecb15fbb98ab40b10ffffd3b808799192a986b52b625393378068b44976,BC,서울,139,21,3400
b050e96aae712f7453f2d46867b1730996c1faf69d0d04be7edbc177ad199369,BD,경기,28,20,1500
452f0a219bc7c76add6a92d87cc19f97e2ab19dff652b3dce31d105a2e9dd9be,BA,경기,7,19,1200
7568887c24caf8e7c24031edc0765ab914c1c846650c4891d79cfc0ffede1d72,AD,서울,114,16,6200
332f7d95a6473dd6d2845fd149507c0e5c851fb0e6f8eae8923413a652ab8896,CC,경기,174,06,2000
baf9e3d5b72f0d404757d81ae3c030e3c9636a7fade3208e0916b7b9c8d50137,CA,서울,149,16,2000
4873f94303b0d1a068d6c9b471191c8c80c8eae97c44f687edccbc13b695b30d,CC,경기,77,20,3500
09dbc5896951a355d3d01d6c0e4d6f95007937ca70189f6cd2a08560e3b0a344,BB,경기,150,07,1400
df71f441afa6743a1ba5d644fbbf9c88a18eaa92f8afcdf84a129983321a4ddc,CD,서울,124,12,2000
98258395d4b9ce7836e1cb3a455e08e34f29016d8301a6ca0e43001f586ebfc9,CB,서울,7,01,2000
025b277d061fd8ba20dfe293ac54d7cde26ca7c5dab992433b18c9ab29c6dbf8,AA,부산,15,13,3200
132c2f4b14c2a089e09f16653b4831133b51586fea72a758ebc8198128a6efcc,AC,서울,60,14,1800
1ad39d65923365afcb4fc36f87b5da8b0b230394b55c7feef11f4467682277ef,AD,경기,93,22,3200
e1acd1b721a730fdc9866a64f30cb1403b57637e278af9db37613e990ffd324f,BB,서울,95,16,1400
fd35dd0b8fb6040a36b5995c0ba27e459297867533729f4d66a974c8f1a355ef,BB,서울,150,22,2600
b89e02a02a1665301765169b20e2f8796d09ac4ea31b5021c674fa8b1c77f83b,AC,서울,87,17,1800
b89e02a02a1665301765169b20e2f8796d09ac4ea31b5021c674fa8b1c77f83b,AC,서울,87,17,1800
0871b4a0418bf36c7252f0b6662eadabacc91dde572e145bee9d46836a58b0fc,BB,경기,64,20,1400
0871b4a0418bf36c7252f0b6662eadabacc91dde572e145bee9d46836a58b0fc,CD,경기,101,20,2000
0871b4a0418bf36c7252f0b6662eadabacc91dde572e145bee9d46836a58b0fc,BB,경기,12,18,1400
663679a15afc85ae62b392cdb3e7648653e9928d21591d3cd50e96a7f8b34c56,BB,경기,141,18,1400
070309791bbde5b91e6f0af274155446b89c625c14ad4849a4bc84ec13cee6bf,AD,경기,79,06,3200
42e0f2976ac97aa21be1bd14057cc8dc5f23aa29ee691e25864da238930ac9b5,CD,서울,97,18,3500
30a13bee9ae58eee6409c2fdc999fa99a1676ef75add6bb17f87b411aae93da7,CD,경기,151,00,2000
30a13bee9ae58eee6409c2fdc999fa99a1676ef75add6bb17f87b411aae93da7,BB,경기,111,15,1400
b2a93c2fdb53ee6a66353009a43597242f800baa1a1e43cf8a8154ec74e80045,BD,경기,30,16,4100
84e92454537bdd6160d3d78d8034caae66e3c2464e05b19dc6a9612d2b7b71a1,BB,서울,67,05,1400
b8325032f9668e54bd406e2f09c9e28b7b0b94979c590e7f72435f74483c08b9,CD,부산,96,22,2000
32713944e89bd2c5005335faaeaa5fd50310604a6bd3eb1124a78b487550929b,BB,서울,64,10,1400
c45ea1cd4f6dcb0f9f9b82cccb92d21b1eceef95cdc249dcd308674150fce5ac,CC,서울,70,22,2000
db47233a739602bfbc5e9a7ad96f6ce852ec67e5b516d27252d2cc8c52446485,BB,경기,41,21,1400
76547219d2a6ebf1fe7b157b2ce28297d70aae9348ab0272946c9c388ec82b96,BB,경기,156,17,1400
6a03de1688bc93533a066eaf15feb738f4350c74f0397b9ca1241398a9df78a5,BB,경기,31,13,1400
bd6e585b8327bebd4c4b5bdd84cb1b8d50efe34b982eed0483a28b5662a1c42b,BA,부산,32,11,1200
bd6e585b8327bebd4c4b5bdd84cb1b8d50efe34b982eed0483a28b5662a1c42b,BB,부산,86,11,1400
bd6e585b8327bebd4c4b5bdd84cb1b8d50efe34b982eed0483a28b5662a1c42b,BA,부산,102,12,1200
e5af8a51d4065685abf437bb309a0e6f611e3cee632fd1bbad476f0cb7f2d2fd,CA,서울,130,16,2000
dafa9abe7d07cea67c8d926a67f622342152bd12a300d92221eca40bdaeccd81,CA,경기,158,18,2000
fb9af308e71a0f3a31b587854814b427bfddee358e6531db2b2680d681e89be8,AB,경기,97,00,1200
f5264f71aea8404694476199d83a44d8b515e05e98b212f6ffe7663b8a7f033c,CC,경기,171,04,3500
3adb0b301f2e176fa1528a91ae73b1d13a5461bff38a4de8dae7cccb73f0f5e4,BD,경기,106,14,5400
e7658fda765c933e964bace35557b084daed656e43124f50d54ce34cef02547f,BB,경기,123,09,1400
a2a61c079e545d255ae9732394f6294aa1f7489058ad93055fd4a93942327ae3,CC,서울,175,18,24500
a2a61c079e545d255ae9732394f6294aa1f7489058ad93055fd4a93942327ae3,CC,서울,93,17,6500
51d3aa2db8318992b24f4ca8eb1c00e0118ae5647896c88fdb52b4f2200d12cf,CD,부산,125,19,3500
f045e18940ec98d9172039ea9c3de97b9b2c758101b5b0e3bf4e1918c9731577,BD,서울,172,23,1500
f045e18940ec98d9172039ea9c3de97b9b2c758101b5b0e3bf4e1918c9731577,BD,서울,126,23,1500
6ab15d99f56f849215aa5d5cd896bd91035efb15f4bdecf7b9dba5306cde30d1,BB,서울,126,10,1400
3506ca9710b4c1eb989be902c15d88f724ca7f717eaf472858b782c922086e44,BD,서울,18,12,1500
1a76de51ad2db7dac825a56d047a80fbe88934a1899e5eec8aa8c64444c47f0f,AC,서울,35,23,1800
c9fbc41114ad9b71a4593929dd56a4dacbbeca1d3c73f22d474b997e75d03664,AA,서울,11,21,1700
e32305642e3161e90e9a3d6f2cd5118d967c501e6d48fd11e2fb0a9435fa5670,BD,서울,40,20,4100
e32305642e3161e90e9a3d6f2cd5118d967c501e6d48fd11e2fb0a9435fa5670,AC,서울,20,10,3400
e32305642e3161e90e9a3d6f2cd5118d967c501e6d48fd11e2fb0a9435fa5670,AD,서울,73,00,6200
52b8e557671faf277b87091871af730fde159ffb19da37c18ecf9c7e650da9ce,CD,경기,61,19,2000
e72b5c34b06d8e58fa5a2e9d2bfb1148540f0dea1876b9493e585f0ff7623387,AD,부산,125,12,3200
701be1980017cf6076c21d1143ee143e6e084eec6ce357856a9863feec3fd08c,CC,서울,99,12,2000
e772d7f0a886b71c72994a424379ccf391a0f65aff9fc1cb7457e332cfd3c5f7,AD,경기,96,12,1700
3dac870ec2056f7362847f46a9570a522d8a45c55f37d4605635b9afe79d00de,BD,경기,38,15,1500
757e5fe0181f4c09cc24dab232c10bd9c2a5c045986d3b6ee62fdf672ec352aa,CB,부산,15,20,2000
4fa4e67f919d958344d3c1f0ef0bde4ad34ee10dc1b4b32913f43ef52c84c2e7,CD,경기,117,21,2000
99605325a9000c1bc43afe25b672adf925fb264b60ac2d034ea056da61810982,AC,서울,144,20,1800
6a7c485accc26ada2019f6bb953c5f4a6fd2a1e20caf89e404c7ccc4ac4e2d9c,CA,경기,44,21,2000
c03fb76b42373687aca91745f56d65ee65323db7a1b564d76b5c586c4b8d2480,BA,서울,76,18,1200
5cdbe06d420cc3f527abeaad7108831d93e7c16d2898a3c78589def3cd020f06,BA,서울,140,07,1200
5b202907ae6c90032e8d688d0abd91586990b990fc057db61c171c6c4c1b161e,BB,서울,80,16,1400
274ef93d42fd7b40226dac5721955e771aeaa6fa42211c14c03fa0f4e6e42f38,AD,부산,171,23,1700
ca28834d3657904a2718dda535ae2bde4d0f373359a2e1e21d998659c38a85cf,BC,부산,153,22,3400
09bdc54bf13c58d915bc948195e8c95b0b3615811e547b989368d4369409b9b0,AB,서울,88,22,1200
09bdc54bf13c58d915bc948195e8c95b0b3615811e547b989368d4369409b9b0,AB,서울,55,23,4200
09bdc54bf13c58d915bc948195e8c95b0b3615811e547b989368d4369409b9b0,CC,서울,62,21,3500
3abb9ae04744877795f72af8e5790a7970a5ecbdb81f8f486102ba4662d57104,AD,서울,85,18,3200
3abb9ae04744877795f72af8e5790a7970a5ecbdb81f8f486102ba4662d57104,AB,서울,160,23,2200
3abb9ae04744877795f72af8e5790a7970a5ecbdb81f8f486102ba4662d57104,AB,서울,83,15,3200
cce2348890d13f55719851a38f833c911509e961ccc50f2b63e702f06617dea4,AD,경기,50,19,4700
210e5108a73b4fed0f36c7fccf709987da8d3d51c8a194ad9ccfab2d0065cda5,CA,서울,38,21,2000
3ad01f28682e9657c6e56421dd7ff1640ba6c611eebafff223034bed08ef1661,BD,경기,18,19,1500
5b74f8276c1c749a45161d883e107f0921c1cd6f7d010f4b0780bfc12908eaf2,BC,서울,59,20,1800
5b74f8276c1c749a45161d883e107f0921c1cd6f7d010f4b0780bfc12908eaf2,CB,서울,53,18,2000
5b74f8276c1c749a45161d883e107f0921c1cd6f7d010f4b0780bfc12908eaf2,BB,서울,118,22,1400
5b74f8276c1c749a45161d883e107f0921c1cd6f7d010f4b0780bfc12908eaf2,AB,서울,111,19,2200
db7991959aafb942867847fca76bc3ac61c47e1e195bb17b6f36705a84236096,AD,부산,86,12,3200
db7991959aafb942867847fca76bc3ac61c47e1e195bb17b6f36705a84236096,CA,부산,114,17,2000
58faf3d6fa290e30801360e4ded40b0e3bdafdbfdcbb400a582951c9e7a4f094,CD,서울,4,22,2000
138bc524e01f107a46931773ae6b9ede8aae25135203682153b573ceca804a61,BD,서울,33,17,4100
c32301eae1f30c9ca8a47573fa495b3f547689389878b166d5e2edc6ab7ed99c,BC,서울,20,14,1800
73da69dad25d1d3764c9f3605eb85d5f7c05b6152c22224d8155857d2acfe20e,BB,서울,141,13,1400
3539309ef86b8e2dd791990793ca908be4e31317c9bc46a49dd261f7c130f93d,BA,서울,127,16,1200
47d0b3c258079ee807ad3cceb35cb3d1b56f373ecf1b0c16da7e32863bdf31bd,AC,서울,98,22,5000
2ec0e05b958d8bad6a87466cfdcac055316ff85d5951c532d6948b17e658e53e,BA,서울,2,07,1200
fb2bdccb47def33e5215f0595ae5a166b2b5a0353b1ab3b0a53b44c1133d20aa,AC,서울,106,14,3400
80212550abcd0da281ca16164e639e98a63a3e99f49766b4ee3925b93ca3f24c,BD,서울,44,19,1500
40d64dc6ecad006bca46ae9542f54646b0994dce46eab3176908bba4fb26256f,CA,서울,156,19,2000
8963179ffcae73cb1bb20e07b02f4ae4511ca6637f18e7b2a1dafe517db14b19,AB,부산,112,08,4200
1187c10699b40f167f7895d17de6902ac03915a9ea6ba585cbc8613ee18b4ff9,CA,서울,150,02,2000
35629c51f7a525463fd9e5ddb23ac3233b0a6588ce21c52ce875b95d3865225a,BB,서울,119,08,1400
15b67e752f4ac179eb52030f81d6b82e2735fb419f5ca31549c57796914faa9c,BD,경기,136,15,2800
5d4e73d17da238da2b4868218ff0a38f33b69c0c20cb070eb294dce6438e122d,AB,서울,182,19,1200
2ebdf389e88181f18e98cf8602747a27db81d08d5d2e59edf93dfc3ef4ea8dbd,CD,서울,103,00,2000
c0b0800a797de09a1e1b25bda882d7498e4b25928f8cc21c8a64519a3f553459,BA,부산,142,10,1200
45ead3c2a6cbeabc74a4adf1625cfb6c311f397043fb038cc888166a2f453e89,CB,경기,93,22,2000
958495e688dd13eb3301b1adff0544a94f4e8bc6cc41b26c996676afffe0c63a,BC,서울,110,18,1800
7ebd05054aab0e856e7fa7dc2cdb154c7ea8ae60b422efd10b2aa0cc239f50a6,CD,부산,77,18,2000
f29082c93aa0dbd849d6b7d38a0504bb230198ca7355aa5d5b2581ba8c75a274,CA,서울,104,16,2000
baa2b5e3f19a8c3aca9db1a66b118189c2db112d128375bf73faa99bfef09db1,AB,서울,41,18,2200
fcadf403008969d2fc3a205091eaa5afa1d8972319158ad2784edb8ef58a8708,CB,서울,41,21,2000
6cf487fa14749e90c61178a0b75389086e92c5730d6af6a428ad464acebd9815,BB,서울,99,18,1400
fec55b6158e5b4ff4c11d4467ba05fbd054930b77f961772ac3679b00e1682a9,CA,서울,93,00,2000
0585ce8df18f2bf88647522183ef9c0423c5d572f5c5cd75b280a298e92112cf,AD,서울,123,18,3200
0b35b3a70d3864e2f5ff46884071b4332c11f5fbba3b8f2937cba264e75a905a,CB,서울,60,17,2000
edcb1739f4494fb45fc9cc5106fb7838cc7dfa15f558ae2cfb76993908970251,CD,경기,49,13,5000
edcb1739f4494fb45fc9cc5106fb7838cc7dfa15f558ae2cfb76993908970251,BC,경기,62,18,1800
edcb1739f4494fb45fc9cc5106fb7838cc7dfa15f558ae2cfb76993908970251,BD,경기,6,17,5400
edcb1739f4494fb45fc9cc5106fb7838cc7dfa15f558ae2cfb76993908970251,BD,경기,75,17,1500
edcb1739f4494fb45fc9cc5106fb7838cc7dfa15f558ae2cfb76993908970251,BB,경기,177,09,1400
473e482d72e3b252c86a3235936d2416f9d0cf6e0ed53d2e20b8f75d5e14d8b6,CB,서울,55,01,2000
dc112ac0af7debc246b06cb00db81866cb127a0244c4119a31bf02552169da13,BB,경기,78,13,1400
9ed685d272068d56cc0ce00772abe6872d7463c776eb45c03906b2a234096c99,BA,부산,169,18,1200
bab0d1ceb00e1f289e544d64ef73b259ef3714962f13d58ef6e2eaf9f977c61e,BA,서울,54,15,1150
e5a7b95e5e4141ec24d4bd85757620d9032fcb42ed70339a2b2e395b717a0652,BD,경기,73,16,4100
8a2195062b15c333ca67251cf1ba8a833a7a5bb2ba251b37e90acc8e812c49e7,AB,서울,110,14,1200
5ff7f0b1a5173f4ad0442336dd2058c9740cad0f276b2567527b2c84242e3ffb,CC,경기,85,23,3500
5ff7f0b1a5173f4ad0442336dd2058c9740cad0f276b2567527b2c84242e3ffb,CC,경기,85,23,3500
5ff7f0b1a5173f4ad0442336dd2058c9740cad0f276b2567527b2c84242e3ffb,CC,경기,85,23,3500
275c0cb3016bcc3bb5e1df7dfe889ebf43ff17bb6802c53dc90d204c04f4137c,BD,부산,140,08,1500
4ecdd69dc501b4543ebdb8a50be96b891a166802b9bc3df05b4349d5b217fb5a,AA,서울,63,23,3200
6fa8ebd76cc996b1249065f463323fcab0d1a3f08da4ba785811e394b1f0be29,AB,경기,58,06,3200
eee78b048056100c8fcb1a320b4165d3d88c867ef3e3d8b0b5a5628dee824786,CA,경기,166,21,2000
9fa8a43fd2acb74604a91c95bbc416b6d3aebd111dbf158adfa974eaadf192a5,CD,경기,171,17,2000
0758fb5b6aa3ac04a8d01993efef87c585a0b88ba89a86af3d1bfc46078a550b,CD,서울,139,22,2000
21d5ef8e06a23860e4f8c5479ef95cd2b1a176199337799b23c0e64481b701e7,AC,경기,72,15,5000
96a371ff758350c08cda72daac03a591f7b9dcb1a81b8c99c636eb7cfcef008e,BB,경기,111,19,2600
1e93a876ef3723815493d72c83148218bee172c9b0ccee31e2092621111775fd,CA,서울,163,20,2000
35045ce4c646ba06b04b7de4e96ce6ef52f295e4978ba66195e8f369db208cd5,CD,서울,154,23,2000
8c2fb9db515f17352249939881882f85f96ed487447dd22c6aa1b42413aca362,CA,경기,40,17,2000
6d99533917263116f5bd1a6a57b2bbb6c72a063c0103b6688ccc285dac54d12d,BA,경기,92,22,1200
63c46ce69de2f5d96497a6106118fcfd08b68ae8d19539d1054362edc0a97725,BB,경기,181,13,2600
af0fe04f1e9989ad7b531c4a803e3bd698b802725330dd4dd42afe6572225210,AC,서울,55,19,1800
f78a6386f53fd7337f0f1d693135c6cc6bbb13d69b18e92a84f1fe07622067d2,AC,서울,141,09,1800
f78a6386f53fd7337f0f1d693135c6cc6bbb13d69b18e92a84f1fe07622067d2,CC,서울,133,09,3500
07213f156083a5a4970e66f0dfdbd591f724b6e6f485bb88566e8f03f524a8bd,BD,경기,135,15,1500
934c7224cde78c8b562dee92c2d71cb4d71af11966f731a56b2d3c0219fc5f69,BC,경기,102,11,1800
cc7e617cfb4a5cac65d31d260d6c979d55ce6c1dad885e2105bd96edb4d0661a,BB,서울,133,12,1400
d4e2db630fe45b713bdcf18a1e5d317939b0d64bc6e1937d98d095e0f20c7af3,AD,부산,123,00,3200
7b1b958c795d4ce04775b013009540549e3e063e23acafeb6fb5378880b485fe,BD,서울,29,18,2800
3913d5485a0c96500880c75742bc8735ecc68405e93ab50b68d9bfaf41d2e94d,BB,서울,36,19,1400
3913d5485a0c96500880c75742bc8735ecc68405e93ab50b68d9bfaf41d2e94d,CB,서울,26,22,2000
3913d5485a0c96500880c75742bc8735ecc68405e93ab50b68d9bfaf41d2e94d,BA,서울,11,19,1200
3913d5485a0c96500880c75742bc8735ecc68405e93ab50b68d9bfaf41d2e94d,CD,서울,129,22,5000
3913d5485a0c96500880c75742bc8735ecc68405e93ab50b68d9bfaf41d2e94d,BB,서울,86,20,3800
3913d5485a0c96500880c75742bc8735ecc68405e93ab50b68d9bfaf41d2e94d,AC,서울,86,00,3400
3913d5485a0c96500880c75742bc8735ecc68405e93ab50b68d9bfaf41d2e94d,AD,서울,115,04,1700
d2efd0040a4d7be740f31ec33a8656d96fa280306c30644fcc5ab921ff4f5995,BA,서울,71,12,1200
1063043a124ff597801941fec894f6f2ecb5852abc2a7cdd2383c04babc0b422,CC,경기,98,21,12500
1063043a124ff597801941fec894f6f2ecb5852abc2a7cdd2383c04babc0b422,CC,경기,106,19,3500
9f2e03ea0334e73d18fdc70a55a3f709792dfa50ac4106cf0f4cef01cc1112fd,CA,서울,164,20,2000
99aa1c6f26dfc064e5192df4652f535a40d64315d51977c54ddf87e49310a87d,CC,경기,73,22,3500
a4c218ceac9c444e99c80fb90a02bc8a5fce201b13caf39acb97860578319c6e,CB,서울,59,00,2000
a42a6bad32b5f3536a4986ec14c7da53200b65ddd3f29be627bf1f45f83dc05b,CD,서울,25,00,2000
7c0449c181dc802e5052f73ef71083c624df43d62e6ab02926440c6eed8f32fa,BD,서울,32,12,4100
48d59cc81da6343bbef5796df2dd90274bd276a6d1bab8d2f888fa615ec8da1a,CA,경기,52,07,2000
28489e99f498a0b71df2a11c5883ba9610f42b04cb479dae918915bc2d47f7bc,BB,서울,142,22,1400
84f3c2940b053d52aca32340a55869ebf6e142c72a9777c5fe30db45b1d200cc,CD,서울,20,23,2000
76dafbaab436b7c43d415d2d555bae9f29f6140e9f033518d16b1daa8116c1aa,AA,서울,65,15,1700
3260b57697f8f90a18c1ab78f2fd8c4365d4e17ff5d2aa4d39f7ddf53f6a9783,CA,경기,76,23,3500
b688ffc7fb63eb806f0e64fef420f203c4cad09d59b2db2747b6ad3e1ac907f3,CA,경기,120,19,2000
f61690e6d52611b8eaa1a88d005d4fa90f861ba19b0704a2a73d18a3f651e412,BA,서울,126,17,1200
0d8c334e787561ef6e2a76a1a2a16e4cc1ab1816b7d12cba3e9e30a7f3fa6448,BC,서울,174,07,1800
4f9346244414eea56b5c1cd8f3367e012a49de6d79daff4eb1bc8ca9712fb2ae,AD,서울,180,11,3200
2b02f18e00de9094f096d249d4e42f74fabc461b333a60d36c888773bdbba89d,CD,서울,167,17,2000
dcac138886c3d25b233df9fb60b336d90c409fd200c984d1669d0db7056d8063,BC,경기,48,12,1800
f00a4cc4d859cb74413ef29129e4910a452ca088a1617dffb8df7f468a1ca833,AD,서울,153,15,1700
4a84a0aaf29330dcc13ee954bd5e2184d11a404908d13f277152257b5d0161c7,CB,경기,54,07,2000
3f0419b0d21c69a9c55d5633e94812defaf6e99a2453c31e1e0ce9c230fdbebc,BB,서울,113,17,1400
fa7d040a42f06429a45f6f909f7d779f0189970d5d5cc57b9d9033f9a0aa3a99,CD,경기,111,01,2000
f27b943f13610cc92bc609d198f631409c6b6d3b4fc2e799fceaedf45fe93d91,BD,경기,21,18,1500
b53e94e1b5c0ece3883b411afae5ed761e8a38971dc04294108e252cf13ec3c5,BC,서울,44,12,1800
e1df41ce78bc19602131591003b710f0c0ceffe35b0381fe8cbd344c43f1dbd9,BD,경기,171,00,1500
ed7f6258a28af337438426fa65093657149613d740f0e07b45575377407f831c,CA,경기,61,21,2000
aef02f688cb88e06fd6c6e82c2b786041f4bf05eddb734e0271bf8101f4a01b2,CC,경기,65,21,2000
211f7264234c2d3fbe64506c746418b32d44d487804c67f61a18877b9cf6b723,CD,서울,175,09,3500
6a0828e74ef9c993bb45ce08bd212aa7c9460bfff374c030d87986ce6847d670,BB,경기,138,18,1400
daccc12fb885285eff38aeb89f7ecfc7d8b7c716c6809b9a750713dbf6c8ef07,AD,부산,93,20,1700
1c3006d75c0ebaff41337659e45f5a7a189eb1a230b0055abe9ff1d926eed323,AD,서울,148,07,3200
9c711226ac9242d5e245886f477285c9dfc4fc21fb2dbefc9f09a9a9c0185a49,CD,서울,1,18,2000
9c711226ac9242d5e245886f477285c9dfc4fc21fb2dbefc9f09a9a9c0185a49,CC,서울,104,21,2000
9c711226ac9242d5e245886f477285c9dfc4fc21fb2dbefc9f09a9a9c0185a49,AA,서울,43,18,1700
985a61c61feedf7c7f33ebe9bceeb1e69429e9427946e37df16c840307d96512,AB,서울,155,13,2200
716a9a9b602ca39cf719a776585e3438d5b59e689bbced06c4a219bcf9c72965,AB,서울,79,09,3200
849e1c7c2123a24d93816b2fefbe1189022a2619828fb27becd3143c834fb501,CD,경기,99,23,2000
49823ccb9ae817c108e4ad7a4d287c17ad0afac6e7d7679c32032b9094b71145,AB,서울,98,08,4200
49823ccb9ae817c108e4ad7a4d287c17ad0afac6e7d7679c32032b9094b71145,AB,서울,96,05,2200
4fc4cf9155379f262a4786db949190594c71cf218f0208c8fa471d026e80ebf7,BB,서울,177,21,1400
4ee0c0b7cdbe393a054590e3ec640b6d80c30af17e628da1cbe2c4f16d9fbff0,CC,경기,104,22,5000
8b94d86955533b08fcde813998a1258c1699545faa809817d19e3d10d1acea48,BB,서울,125,17,1400
6623f7566b69e8bb139bc473d6443c72ac2ad1747b3d349d45a400ead19a0e57,AA,서울,54,00,1700
3ba22576def2ccf563485dd87d16bb5a47345d6cfb4e76696a0b8cf84c6ab0b7,BB,서울,174,12,1400
b98aa67e3010cba8d9c68d78427207c29502028dfb42522a9114a8a3cdfc3dca,BD,서울,119,11,1500
22399e677cdbb421c32f795a2162be60a1d9274d6378ddb6be24c41c205458f6,CC,서울,63,10,2000
22399e677cdbb421c32f795a2162be60a1d9274d6378ddb6be24c41c205458f6,CC,서울,76,20,3500
202262d2014fb8b85be1502206715ea12476db9b19f42c8f9a73715af32af698,AB,경기,153,14,2200
202262d2014fb8b85be1502206715ea12476db9b19f42c8f9a73715af32af698,AC,경기,53,19,5000
2398609af81bc3ca869315bca116da5b2745f17b247b3c0fed202c41c45b7de4,CD,경기,164,19,2000
2398609af81bc3ca869315bca116da5b2745f17b247b3c0fed202c41c45b7de4,CD,경기,31,19,3500
14769f59e8450c036ba7823afb15de469cd5500b4b86c2e4feb3ea0100804d77,AA,서울,30,07,3200
466ff19600c1fba657c1a0faaebc1da82e3bad226e4209534c628b75196257f9,AC,서울,82,17,1800
9173fef79627778073fdb242371e911f13e0a811fc003c946edfb4cd813463e7,CB,서울,176,14,3500
27668164183653264fcc78e16aa82d6f416434b538fd9c0e4de0ea713db10a28,BC,서울,52,10,1800
c62d2d59b915e004cdbabc0eb5d35ec1bdffae757eea5cc6a0b4ea08de70f398,AD,서울,96,08,1700
f616c3896f4d42433fc0507dd1e95047e3292397d1cad429aebe7f6ca9f5a948,BD,경기,124,16,4100
88bc6d5cd45a03af1c80b2b62d882f09cadccfc3604754733f7a6242a555c35c,CD,서울,143,23,2000
a3b7e044ca54385b20bf032bc0887b93c3b8519dae0e03e0741b49eb7247886a,AC,경기,37,12,3400
d23ad575918d64e7e8dfd722c41b831c0cdc68d2821022b5e6a557d60d38db71,CC,서울,121,18,2000
7d7d804a461fa624b48ab74893aea5e71df492410532fd4788c36a2ba2012eaf,AC,서울,33,12,1800
e72d56a66b4ae2e65f362593499ae8ac82206869d29b21a3e499578033506dd5,CB,서울,10,09,2000
e22805d229db6a84629556ae115da22956a9c37a366441f52f10c6af0309337d,BB,부산,66,20,1400
80859f1d4007a0b3594435f2102ab396003de3b90492d0b1d0e6880f65286388,CC,서울,165,15,9500
fb44b87bebcf56eb1b58a40f2be505dbf5ca9d75a1def31bb21c0c7ff31d783b,AD,경기,118,00,3200
fb44b87bebcf56eb1b58a40f2be505dbf5ca9d75a1def31bb21c0c7ff31d783b,BA,경기,180,18,1200
93f5e78eca1d26cb916f89400d8df092ef94f18275c53b9d9a20218b77c5ca47,BD,서울,43,13,1500
93f5e78eca1d26cb916f89400d8df092ef94f18275c53b9d9a20218b77c5ca47,BD,서울,98,12,1500
e635f7a73fdb102ab7295dfe322c14f9873b531d323b71450f3cfcac7b016aa2,BD,서울,56,10,1500
438e724bcbc00c30d0eaf8c5c00ee00f6339f604154a0e252efbefa7043f7181,CB,경기,93,22,2000
a7374455aaccc7763d1d70eb69ac5aeab334291655351e49ed7ef3591c031180,AB,서울,130,00,1200
a92893fe14cc664d9c4bead9fc71ce222b0d000bc84e0c03e6df02155b720df7,CA,서울,86,09,2000
16960912411fc08c0a0f3010978abbc5863f99f78605a15d79febc113dd531a2,CB,경기,54,15,2000
16960912411fc08c0a0f3010978abbc5863f99f78605a15d79febc113dd531a2,CB,경기,106,08,2000
7fb445dfbb146e596e8356232c6556a9a31d2ae687f8e9cf534f987835485b44,AC,서울,121,17,5000
a7ff7ed8ecde4b1759997d733d00ddad16d487d70bb038a6589a04e5b06a710c,BD,서울,90,21,1500
a7ff7ed8ecde4b1759997d733d00ddad16d487d70bb038a6589a04e5b06a710c,BD,서울,91,21,1500
f62b80649036fd0d32e87f3bb642a65eb89297ecfe2c083c56a6214cc0a5e9ae,BC,서울,115,13,3400
e7f470caa89de428138db9f28f8d033f1dbea31037c47c37035e0fb74f4e7cd4,AB,경기,177,15,2200
d3cc66006996341c0e4d68df7ea79d72a0d6570c9ab5c09c68b1bd22aa34f2ba,CC,경기,150,21,2000
57b4d5765af9e11a80862e1812dfb0d2a920ae4e9127ee95628e295282b6bfb3,BD,경기,14,05,4100
57b4d5765af9e11a80862e1812dfb0d2a920ae4e9127ee95628e295282b6bfb3,BD,경기,35,07,4100
57b4d5765af9e11a80862e1812dfb0d2a920ae4e9127ee95628e295282b6bfb3,BD,경기,27,07,1500
57b4d5765af9e11a80862e1812dfb0d2a920ae4e9127ee95628e295282b6bfb3,BD,경기,174,07,1500
57b4d5765af9e11a80862e1812dfb0d2a920ae4e9127ee95628e295282b6bfb3,BB,경기,49,08,1400
57b4d5765af9e11a80862e1812dfb0d2a920ae4e9127ee95628e295282b6bfb3,BB,경기,83,08,7400
57b4d5765af9e11a80862e1812dfb0d2a920ae4e9127ee95628e295282b6bfb3,CD,경기,116,02,2000
57b4d5765af9e11a80862e1812dfb0d2a920ae4e9127ee95628e295282b6bfb3,BB,경기,132,08,2600
403ac1c9ce35bd0d4838b28de95f4b1fa433c6a8a2f7baf4b90f7d1961add3fe,BB,경기,66,17,3800
dea42ec1b27fcbf33d64915f5c8084629416444c856f14cf08d0c0e797d8d369,CD,경기,9,23,2000
9ed76badd0b7603681d895e4c646801cfd0a115f7169d0f6fbcd89831c4cef52,AB,경기,172,08,2200
4251448eafc1278157ff7895d18e167b5eb821cc9d1056d830ebb9fdafe62c79,BB,경기,71,19,3800
afb4cc8f4e73fee1ea0e9d62cde5097227050968ba2127aa3ca67bb0510d7052,BB,경기,40,08,1400
afb4cc8f4e73fee1ea0e9d62cde5097227050968ba2127aa3ca67bb0510d7052,BB,경기,125,01,1400
afb4cc8f4e73fee1ea0e9d62cde5097227050968ba2127aa3ca67bb0510d7052,BB,경기,173,08,1400
afb4cc8f4e73fee1ea0e9d62cde5097227050968ba2127aa3ca67bb0510d7052,BB,경기,134,07,1400
1d298fdb1c11b48294b6c7ce462b88459dfb89a806892ec21f4cf91f76f79c3c,CD,부산,120,18,2000
7b5c0046fb9dce99cf009018a89afdc375a8dd4466920308cd455065cd0779bf,BB,서울,75,21,1400
2bba9eb6a7a677f181ed30e212a0d6ea50ec98f0fdb11778c6a99d571209054f,BB,서울,25,00,1400
d6c090e11fa149b02d49efeaa218fb7c14224618567fa3593da2918028590dcc,BD,경기,55,20,1500
bc4f8ac5c968d8dc51b07c101bea6f8bd5df89a914cc1d32a2f108fa43e75fdd,BB,경기,69,23,3800
bc4f8ac5c968d8dc51b07c101bea6f8bd5df89a914cc1d32a2f108fa43e75fdd,CA,경기,157,23,3500
bc4f8ac5c968d8dc51b07c101bea6f8bd5df89a914cc1d32a2f108fa43e75fdd,BD,경기,131,08,1500
3497a040d57ec65ee4fdc95ee6879698e936ab4884114bf3cdf00c2cee7513c0,AC,서울,143,23,1800
3147952a5546790825982636a9fd14f5ce4615689972f6b817f35932d807bb01,BB,경기,59,23,1400
a418b0d640b96c861f59f86b24eacfa52e776dedb2fbcbdf42c8fcfe9a15c040,CC,경기,143,10,2000
bdb11e12441f2b2ab87888ae706068bc15cecc63dfd92fc68c5db2b4b7ea6cca,BB,경기,153,02,1400
bdb11e12441f2b2ab87888ae706068bc15cecc63dfd92fc68c5db2b4b7ea6cca,BB,경기,29,06,2600
bdb11e12441f2b2ab87888ae706068bc15cecc63dfd92fc68c5db2b4b7ea6cca,CD,경기,37,08,3500
bdb11e12441f2b2ab87888ae706068bc15cecc63dfd92fc68c5db2b4b7ea6cca,CD,경기,102,00,2000
d8495193dcaa6fc8deb7a9d160a5602a38b48080a6ce714d9d1df9a4ad4f50e1,AC,서울,168,11,1800
d8495193dcaa6fc8deb7a9d160a5602a38b48080a6ce714d9d1df9a4ad4f50e1,BA,서울,158,12,1200
d8495193dcaa6fc8deb7a9d160a5602a38b48080a6ce714d9d1df9a4ad4f50e1,BB,서울,103,19,1400
d8495193dcaa6fc8deb7a9d160a5602a38b48080a6ce714d9d1df9a4ad4f50e1,BD,서울,19,10,1500
d8495193dcaa6fc8deb7a9d160a5602a38b48080a6ce714d9d1df9a4ad4f50e1,BD,서울,55,16,1500
613676ef1281d1664fa2137efdd11904ab73b6d0c5f331ec75eafc333d202e77,BA,경기,15,17,1200
64bad8adbc5756bd34810b8b1c2681a6a6420555cdc72dc4b6a5c8c50950ec0f,BB,부산,111,08,1400
3fcdf428570ca8b21dd2c383512fcf654875dc46331643611f3e418aaae7ff16,AC,서울,170,06,1800
4b5bd3a6898788154274e1349d75c604eb5ff0ed99c645343ebf71d2b65ca0cb,AB,경기,169,22,2200
21d19c97988ef52b9af198454b0c7cade14e19c89bb3bf453d4d1d00610d7947,BB,경기,156,19,1400
f6cb210bb25cbf39b50aaf0488e69ac8e41eb7e914391662dfa16b1581b70694,AB,서울,157,00,2200
7fd67222983822afb790d80abb137fc0ae87d15efa5e76ce33253a2436960ee3,CA,경기,18,21,2000
b0f6a411730599c73033e782f7544b17071558939c6e023aad1f3f9d5b2dd6d3,AD,부산,154,18,1700
671fe7fa82811ed69c49f4d2eb046dc11bf0c6d415ddb9c9340c8faf2950b798,CD,경기,115,00,2000
671fe7fa82811ed69c49f4d2eb046dc11bf0c6d415ddb9c9340c8faf2950b798,BB,경기,86,23,3800
671fe7fa82811ed69c49f4d2eb046dc11bf0c6d415ddb9c9340c8faf2950b798,CA,경기,154,23,2000
02c7b65c07dc8eeb4deb673c47d1469dd16ec05d04350f7efd2de4b33c4bb968,CD,경기,52,22,2000
c5b20b98400954dbf052800616109367b55446c1aea9e8171d4ac7edd7dca93b,CA,서울,110,17,2000
37b6b17c20004a942567e19d64b481eed1a352832abced46746482c50f2aa598,AD,서울,122,09,3200
d789eac7fbb0a3ba4e5fd10165c02b1c5565b45ebf964c71b9ab04212d0f421e,BA,서울,111,13,1200
b00bc71ac9730f8abd1e48dcac76f4a7afc893c5510273aa94723f9e8d691e97,CC,서울,181,05,6500
520e6165a23f416c22f39f4fa1e9559ae0a3ccde7efb9669e13ffa4a772c149b,BB,서울,164,18,1400
4114a80b42594a55987243a090151b30af6805c3032187d011dcde6a8dc6c250,AC,서울,150,22,3400
7d706c00763d5e89c97a92d557eae995a813547145c964d04d062355d8e65aa9,BA,경기,65,18,1200
4adb7e6a718a8389a0a8ba58779a41576f3a9bf8895fd268d5e75550cb81eec7,BB,경기,93,21,1400
6d3ae431db042a314612e3a797dd169e4eeb849cfebf07f37b2575e3fc9bf248,BB,경기,111,20,1400
6d3ae431db042a314612e3a797dd169e4eeb849cfebf07f37b2575e3fc9bf248,CD,경기,3,16,2000
6d3ae431db042a314612e3a797dd169e4eeb849cfebf07f37b2575e3fc9bf248,CA,경기,144,22,2000
6d3ae431db042a314612e3a797dd169e4eeb849cfebf07f37b2575e3fc9bf248,CA,경기,153,15,2000
f7cc79fa96229b59675706365217293333134d855c3c9570abd798bc95d9a400,CB,서울,57,15,2000
3ee46738bc22d500b13c64498d6dd42c31e50e10e3c13fd37231a694c1714cb9,CA,경기,162,02,2000
fd77a23ccd04fe9166b67331a74378dd4b34ea6363c7d33e252e71f25908a5a9,CA,경기,38,00,2000
33b36f2c601c496d907ae8c57eb719590e27d1be034b4b3a45d116a9e2b8f042,CB,경기,116,10,2000
9bc88183721193c636d8e38bb8a7a042a840b3f01b77a037e0bed2efea95d01e,CD,경기,22,18,2000
7b39653b8f7e67b9ec9f8e544943ef99adfe7a873440fabff572b3c646fa1ee9,BD,서울,52,09,1500
f80e18d375dee3802ce103a663028727fbb86e893add749efc7ff3989bd37948,CD,서울,108,16,2000
560a52f2579973aa60afc2515ebe13f1ee3c34957cc1ef9cc37eeabe8c3c6697,AD,서울,44,10,1700
1cdf0a665c83fa07afe2e7537a0f152033b2217e137f5e7c4251c299aeff9217,BB,경기,43,08,3800
d0ffc6d576b88bdbed987a8719344d7b59064b63dcd5343aa4ee4620901ea49f,AD,경기,59,09,4700
d0ffc6d576b88bdbed987a8719344d7b59064b63dcd5343aa4ee4620901ea49f,AB,경기,29,09,2200
aa90b6754e2585d8940cafc593b53bc158ed45a7377cb83770587c91e4cd9ccc,BB,경기,83,23,1400
2bc4d84a60772bf7e7d76349563c14425cb42a45e0f6df0178711e09748220d9,BD,경기,89,07,1500
e0a21047a6b3afed3d29ade7d8171951fcb55a192e42fdab60c92f2c608b2cc9,BD,경기,41,12,4100
7d6dc901ff663dfc1fc7bfaa1ef3efadc8517b19da32e745d9d743fccedfe124,BA,서울,45,07,1200
ce77c3f816433294d49dcf1bf97647045fca9ba4c50aace7a88c6c84adea1d4a,BA,서울,2,06,1200
5bd782a5eae9fa98dccb8917d992a69d3ca6d5db4ddbdb1f770dcd127d46e153,BD,경기,76,16,1500
5bd782a5eae9fa98dccb8917d992a69d3ca6d5db4ddbdb1f770dcd127d46e153,BC,경기,90,19,1800
a96d5cf09e63f0373472dd6e9922d96ccc32155e034cb99f83a0e8615c593728,BD,서울,12,23,1500
ba205f3cf944a217b55c309976b54b00cfe256e1bf0b32f2fb249cfa05a0d9b8,BD,서울,82,00,1500
8fb673195cdee94b15723c4ebba5a22f871135acd6ba4adf87a6e6fbdd9e02c5,CC,경기,30,20,2000
390951c0dfc8e38dd5500c1d10cb7aacc987c18e3369a5206106c8bad3332a30,BD,서울,114,09,1500
e6360e48e06e50d40759f390d8f048f7dd032317f89630246eb6dcbe88373489,AC,서울,54,17,1800
d5dda548fedd6222223715fb20553689df3242e222433f88646372e563ebda0f,AC,경기,73,22,3400
3362bce940c30369dd33624cf017b6c02d9b3374c4d911725f875e9dca8aa9e6,AC,경기,159,19,5000
5e5d72df9549a788e3b194cfbd6c2162d65cfdf3b546cfbfbbc686e172b3acbd,BD,서울,7,20,1500
28f5a6982a6068e2323a4c6c871e53cd5fc947825d940f4efb8f5a2c1be9373c,CC,경기,169,17,2000
28f5a6982a6068e2323a4c6c871e53cd5fc947825d940f4efb8f5a2c1be9373c,CC,경기,79,09,3500
a7263793e6ee8fde48e83db963d035be60bfee405361bd9fb898bd1ebfbde7b9,BB,경기,141,02,1400
c00c43674ab3c7d1f1a8793f9a90dfe128662b843cb8868a4a1fe7b0ea72abd8,AC,경기,26,21,3400
04a183812824ac4db47d9762008a642e500c34f1ffc72f7fe62ab0bafde304a4,CA,경기,45,00,2000
04a183812824ac4db47d9762008a642e500c34f1ffc72f7fe62ab0bafde304a4,BC,경기,133,04,1800
04a183812824ac4db47d9762008a642e500c34f1ffc72f7fe62ab0bafde304a4,CC,경기,121,00,3500
624eff91d18f53c374d5b2c0bd5b5c1cbbd2dbd87094d41fd1ff7fbadfbdf460,CD,경기,109,03,2000
d1ae7fb5060066c678892548634f4617011bc0fa818835e1b6ece09b2cb196ca,BB,경기,90,16,1400
d6a5ebf27050d34a00bb4be3f643033cdadeb6586d8b02453a9dfbd19d569e1a,CC,서울,86,21,12500
3bd380cf48575d50228bf603223e5c725044a453c96a936edd153fa745b27241,BA,서울,88,23,1200
89c0632710a599636cc4bf0d782fe397e94bd1cf026832919e708ce0b6108d21,AC,서울,142,23,1800
93add1f6516c0cbd8beb15fb2749a6f094b0a8dff02f2b81506bc23bf49c4c56,AA,부산,182,13,1700
35a15b0018598c1b55678ad4595da6a39d6d84fbace1dd7e188fdfaff402a5c4,BA,경기,87,18,1200
6d10bdabf3a11767f77cee1916a6e10048074f2a63bd143e66fb50322f579436,CD,경기,178,19,2000
6d10bdabf3a11767f77cee1916a6e10048074f2a63bd143e66fb50322f579436,CD,경기,178,19,2000
6d10bdabf3a11767f77cee1916a6e10048074f2a63bd143e66fb50322f579436,CD,경기,178,19,2000
6d10bdabf3a11767f77cee1916a6e10048074f2a63bd143e66fb50322f579436,CD,경기,178,19,2000
6d10bdabf3a11767f77cee1916a6e10048074f2a63bd143e66fb50322f579436,CD,경기,178,19,2000
6d10bdabf3a11767f77cee1916a6e10048074f2a63bd143e66fb50322f579436,CD,경기,178,19,2000
6d10bdabf3a11767f77cee1916a6e10048074f2a63bd143e66fb50322f579436,CD,경기,178,19,2000
6d10bdabf3a11767f77cee1916a6e10048074f2a63bd143e66fb50322f579436,CD,경기,178,19,2000
6d10bdabf3a11767f77cee1916a6e10048074f2a63bd143e66fb50322f579436,CD,경기,178,19,2000
6d10bdabf3a11767f77cee1916a6e10048074f2a63bd143e66fb50322f579436,CD,경기,178,19,2000
6d10bdabf3a11767f77cee1916a6e10048074f2a63bd143e66fb50322f579436,CD,경기,178,19,2000
6d10bdabf3a11767f77cee1916a6e10048074f2a63bd143e66fb50322f579436,CD,경기,178,19,2000
bf30cfabbf15aadcbfba258abbfa3a69555c1fb141af84f98ea7d32b543678ee,BB,서울,153,08,1400
2fbda7c48e7d82306145d51c850a0d1fdd9361da6938f38a2a1308ed48ffcbdd,CC,서울,134,16,3500
2fbda7c48e7d82306145d51c850a0d1fdd9361da6938f38a2a1308ed48ffcbdd,AD,서울,118,17,3200
2fbda7c48e7d82306145d51c850a0d1fdd9361da6938f38a2a1308ed48ffcbdd,AD,서울,140,09,6200
2fbda7c48e7d82306145d51c850a0d1fdd9361da6938f38a2a1308ed48ffcbdd,AD,서울,45,08,4700
2b11c66e4d9428d9fa999ef54413262544effeebc478248398bd2d4519c7cddb,BA,서울,59,08,1200
42abfc2d83282c1b2f411eb25201e749258d5ad5fc80c7e4761b607870703cfb,BB,서울,95,14,1400
b84f8ce6db06c2cd1e9b30027818fcf4023c279c2edd57dd60037901c0420259,CD,부산,132,16,2000
3bf8961a78b88ad92bce138dd0975e480991f81cd4455694e4149b9fa3370a0a,BD,서울,77,08,4100
b2bed0017e9b155e6f0aeb3d0c656711c7496db6fa6f6dc5bec7fac3f93460cf,CC,서울,182,15,2000
8aaff507be277572628beebd5c8c1304e554482c74adb38c0256ee460b68a479,AB,서울,166,22,2200
ef02a4c1033af5db3f524fcc4a41c6c6f3457850722b2e26e74bad8cbfef2970,BA,서울,181,18,1200
ef02a4c1033af5db3f524fcc4a41c6c6f3457850722b2e26e74bad8cbfef2970,AC,서울,131,09,1800
7f1eb4a9ebfea01b0ced152b79070b88ad0bc956f9cbc91c0fa3e72819116bf5,BD,경기,23,00,4100
6a9c78ae0052b53d32ccb6ef75d034733ecc921cc577b6aa006d40d3ee056412,CD,경기,130,21,3500
0814906c937ee0d8125966b6450ec055f67ff6d70810f108df1234d47ba18cfb,BB,서울,121,14,1400
ec736adb45c1dcacfc15dde2c3452e43baaa55a4a67a44dff8d316a22b9ab8b4,AB,서울,101,23,2200
8db8845b4a7e253101fb0a6c3da4dfa72ab0daafd40ed3a3339b254e253a14be,AD,서울,72,17,1700
7e95dfe941a931a8b79e6e53e017dc0ecf5cff7e09998aaeb1a24ed1c5dad88a,CD,경기,176,21,2000
04c66d33c1eba691416e6b97f1ae1024b3635b418819d6d9405cda360820cc42,AD,경기,170,18,1700
fd49c48ca747d4fea1a7eb91bdce954e7de70151ba9dc3eeec6cdc9ca51b9cf7,CA,서울,67,05,2000
1e91af3afaf7375519fee630f62783de146b434bb839e4d4272013bd1a47f596,AC,서울,73,20,1800
589ee2d22a35ab7585dbdb98e79395b73122fb1953e905510d9a866433f7815c,BA,서울,106,21,1200
7d233c4dd23c1750657bc4bb06e036f41ee3059bad51eff290b1a2292614f61b,BB,서울,59,16,1400
afbc0490cfb57d67803bf920e93888539b5cd8609b8331d17dc7d74c103b8f91,CD,경기,2,16,2000
4cea8d3bc903da9c87bfd2d06503d53955bfa5ee88cd555c4d85f51c5c087631,AD,서울,97,21,1700
7c5196459591db67879b082a5d51ca541f56e8d1ad33d745793b47ed6afb372c,CC,서울,109,00,3500
7c5196459591db67879b082a5d51ca541f56e8d1ad33d745793b47ed6afb372c,CA,서울,68,16,2000
7c5196459591db67879b082a5d51ca541f56e8d1ad33d745793b47ed6afb372c,CD,서울,23,18,2000
218e192908a43c87ddf1075b26cf638362523d31318a4001b703e41229280f37,AD,서울,92,02,3200
f42a6f47626af13b96daf62bf0351da31263d4fe9f0c6d5414bc22d4033137d0,CA,서울,139,19,2000
971af3ed29d43a48a2811f3604fc4956ee58716c038b6fdeab3ef6ffb6272594,AD,서울,182,01,3200
6ccab3e6ea4e7b9dc0338825ff3e9d773b49b99e8627c441e21725c1c92669c1,AA,서울,177,20,1700
830fda9ff15c2f5d4787904fdfd1f2fe32be13c0d11fe89a4a289734b402dbd0,BD,서울,36,15,1500
e3ac694de624f0a7282d5e16d2c616267b6b233755c039b1659ec68073093ea8,BB,서울,100,10,1400
69b0b94a687c20914c308597d5eb6830a6332e985a180aa9c92f3aedc5dacc8e,BB,서울,169,16,1400
37e22ab13d75c38ca8fa429b58f4a9c9dcf1821217267d22c2cc732f6f3fd552,AD,경기,150,12,1700
e21f35b26dc56cf45ef83fa0a577f25710778221de71b70a066b05105b526068,CD,부산,78,23,2000
8b279a3c8ece17a593ff3664946cc6c28d6054bc6e336d73e1e4d47b3cf2732e,BD,서울,113,12,4100
00d22a877e0de8445f9584885e030d64f3bb593a4ec7d73f8721345430788547,BD,서울,101,13,1500
00d22a877e0de8445f9584885e030d64f3bb593a4ec7d73f8721345430788547,BD,서울,101,13,1500
09eb9963d76524c7d3d8bc30d28d6f98adcfcd7644f8b2bd4d141048f8cb8268,CA,경기,147,20,2000
aa91c9397bf09fd9520805359336c2c24c3dacc75adae9a45c079552d8912e40,CD,서울,78,22,3500
6595e3a650a0fd894f99339992c68580fc7f5b8ca82405402f6ed8f9c5c72c09,BB,서울,75,19,1400
1d0d11c9469f095cdecbded5ec0a8b5476726ef395b522ce9779f44780fe1fe3,BB,부산,123,09,1400
d4c5d4d5c517b5f023c01f7616ab8d9e6be381e0e69358f2d9c77c78d5c7888c,AD,서울,47,14,1700
4bd1ff64abf5dc661df61f49aae478d6ed5416f2c63f0418e7ef7b5e7aa5afd6,CA,부산,113,22,2000
86b7a1f2774c961cfad52a4844a02ff600beebc692524d40029d644863b87756,CB,경기,120,20,2000
a45b95208d2cd02828a5787698a1923124e9eee5aa822587359c4773f6c37f89,CC,부산,147,16,2000
d787b18b5465f24d1ccc886756665beb4aecfb64d45c997bd64f0dd95703ef09,AC,경기,18,18,3400
d8def7c7ec17252b267a73c6bead81e45fedc8c5fa2db90e0a80ebf2b870af02,BD,서울,106,00,4100
d18350412761ef7d2839d3c1e675771ef5660d94b18db34c9c3cadabd0288aa2,AD,경기,181,09,3200
1022a40626c5a5fca52b66698f4650b6a535903f826d958bbc410fdb29b2a7f7,BD,서울,127,19,1500
18d135e05ba4389a1b10eea8e3f5aa251db6612aa563c401c4528863f9f78a56,BA,서울,147,15,1200
e073636c4674926867c6c494a280110f46bfe957a43ddcc5d22bdeb53889125f,BB,부산,161,20,1400
3e1a9eb00a888cda95a073583ef820cb0f8a1b7655cb3dd46770b033410ee4ff,AB,서울,44,09,4200
3627684a7afed53e0c27ae89900e1da54530f3294f5a7e7a74c45d96b3f1c082,AD,경기,107,10,1700
b51af78fd8efa9895aab7490e6a369ece9c97492785a36e9e73456ee87d1f8f2,BC,부산,149,20,1800
e5fe0d5f2261a1d94429dd4089525c698c1f5051377880766079f2ada2b39283,AA,서울,130,10,1700
49c7b8bd0d21f1535e051195066d86764cc9dce1b747ed10465f020afe04f090,BB,서울,177,09,1400
2f5c5acc93d9a1bc954c7776f5c4b1096f3bafb89b896c6bb0b91d76fe5d9021,BD,경기,52,13,1500
203063bd8ee63a7a96341dc4a639dcf70c6c8cefb351bd1b61cc235913ecad7b,BB,서울,33,10,1400
ee2eec4d9e5a04139b9f0e809372e4a6f5b4edaf8eb62a42a1fa17bf127b8a2c,BD,서울,23,17,1500
fef7ae70168ee7f17bd674c17bd40376ac83c0a2a0317676765e93c6de8de7fc,CD,경기,4,08,8000
dd084e9ff481f1c652392a4c5e5b84f4b25cededc0b2bf5cbf7097e244b0688a,CD,서울,120,15,1850
885e7c161e54d9a69ce153ef513a58266d0187c7dcbf2c8cb3f5fd24990f8bcd,BB,서울,13,21,1400
3d04dc0fd04957121d13eabe3c1363c6f5d3deb177391b3c9926c9f483e61a2b,BA,서울,99,08,1200
fd07ddd4b476f95b8bc24c79a1a4468a32010600068cb28b7e841a866711374d,CA,서울,140,00,2000
4acecddb3fbd82beb1fba54b40292abdc3d7f62a3b86d0708a422f80f672075c,CD,서울,150,20,5000
7257a0c8ade75a2a492215e6df2ec3a1ccf7f6a38bee8dc8f2a79dbfa566c2a2,BD,서울,30,00,1500
5082976eeb58c370442fd4f6c37a38fc118a54134ac59a6e62a66a2ed6040f13,BD,서울,25,18,1500
487c33da12079964225bffc36a602a54266a6a40c9620111552d0c72cf44bfde,CD,서울,172,22,2000
01b6e910ac95bc7cf6c45ac1363012d26435aed41056b3f8a7009bf7baa698bb,AC,경기,58,21,1800
9e4387cb79322c54ec46c546f1fb96555f30c05fd3a03478e2e93c37603be280,BD,경기,18,16,8000
c09d64148d572219345520e0b0df0f4f3a9d6abed0cda0d1f0925a0e89690881,AD,경기,79,01,3200
46dce3b3c79feacef22149563ab4866e0a9f59c5439766c55f800d26b27fc145,CD,서울,6,12,2000
7f323b81ab5a8380704cd578191b2aad15cc136cf43a2e01d8967648c37fc807,BB,서울,131,21,1400
38382f030fe25939b78920978ca89f1e1ab5a2f97ee4ab8a0c90ebc99ab8135e,AC,서울,115,09,1800
2f59046aed4955ef2e1fd099fff7ba65acfeaafe5c65b36bb513302c0e78c357,BC,경기,32,11,5000
9d559a636b993a042d76877e5b87d8cd8ff9e5404c62ec3f6a5113e5f67e0001,CD,서울,101,16,2000
9d559a636b993a042d76877e5b87d8cd8ff9e5404c62ec3f6a5113e5f67e0001,CD,서울,141,02,2000
b1f92b6a73c020d451843103d4f7776c4a7da63289e93612c166c015fc8e583f,CB,경기,8,18,2000
d08189fef464bec6c8666b4ceab2710560ada677b22434f8ac40dd6a17a0448b,CD,경기,21,19,5000
d08189fef464bec6c8666b4ceab2710560ada677b22434f8ac40dd6a17a0448b,CB,경기,13,19,2000
d08189fef464bec6c8666b4ceab2710560ada677b22434f8ac40dd6a17a0448b,CA,경기,175,20,2000
857612b370464cded0af2e39e49b37540b378f1a90d4c28e7766ab34ccf1855b,BD,경기,63,16,1500
4b79e9f55a112e224ca10bc70089c56ae512aadad1103dcfa7498c05e00e359f,CC,경기,147,02,2000
c52ed64b53f9b11628abd6bfcbad1e33cda8d43acebb3d78d3562436bd3b182d,AC,서울,33,19,3400
9bdbe74205e84c8d209ad8e896c27b9487eaeb699640d9151939994566608fd2,BC,서울,64,13,1800
28ed421dd21fb0496439101230f4fc42187164a0ac4680bd8b802ac2ffa99af3,CB,서울,47,16,2000
2427d96a7fa0de412d7f5d0cbe7e0d076b6dab0664f5a9b731a9b9975cc24ed2,BB,경기,49,19,1400
598c880d4addabbbb2356b0f8f68546edabf1df5846ea595f815e44b1e0f9675,BB,경기,75,17,2600
4987761f1af52a01cfbc848a79a62a9de790d4877732f9584dbbaf10731a8ef2,CA,경기,66,07,2000
4987761f1af52a01cfbc848a79a62a9de790d4877732f9584dbbaf10731a8ef2,CA,경기,33,12,3500
6bd64882502468b8693127ea2c89f96c3e8c8a83bee3f856ccad4f377fd5f040,BD,경기,94,15,1500
f296f9f83c91986845ee0b1f12cfbdbb631a15b6ec0bf25f027adb42a9233dac,CD,서울,67,17,2000
94defdf9667070c37c445290d0c88c37a0f439533c6d7dc5947274ed99b9053e,BB,서울,100,19,1400
524416fae7db61a58a3d2f169c4b1d4a7ea140c6936f5e4c883bce65ab0a37af,CA,경기,40,18,2000
94a42e294852314a685768ab3c27991c5f610bbfbe834e082eeaeb6843a407f4,CC,경기,172,20,3500
300be30837102a7c01010542ee26dfabb844dfa03905a50375f58b440bc0beaf,BA,서울,50,02,1200
cf6eb42a24a4d68fa1bf33a15376fc702e4ab96be7449c927c28668e4b00636f,BD,경기,149,08,1500
4515327df49c52be8364cf3b2dd49b387bdf226683327958101c9c7241eb1050,BD,서울,16,14,1500
44883865cf081d6df715d9316bf7eed3b5dd6c4ef98f069b6ef82aec599446eb,AD,경기,180,15,3200
77d0dc32a7188916dff8f7352b7d863dfd85e7d46ec12ce43ebe03504b674de7,BB,경기,80,19,1400
a4575d8c203110bcf4de74a91c69bf6c5b1dcac40aa900b7cad8aa58019b26eb,BD,서울,108,08,1500
3c3928895576bd0946df5060aafb79b07024e1d64c479f2e6c8606c020c1b603,BA,경기,127,00,1200
3c3928895576bd0946df5060aafb79b07024e1d64c479f2e6c8606c020c1b603,BB,서울,175,22,1400
3c3928895576bd0946df5060aafb79b07024e1d64c479f2e6c8606c020c1b603,BA,서울,136,07,1200
6a9da7de7fbcd96acb63cfb221122ff190c1a04ac751cb8a7b35783a0c79ce21,BB,서울,104,07,1400
1b599465a69874bf25d9ae699044484eaaf0bbd5a192d07d6d652fe972f4787f,BD,경기,49,18,1500
96bba02ce3be0f4a9619d122d792f2759369cb041aecb79296ec47b2289f1d0c,BD,서울,24,22,4100
a1e37c6ba6cdb688e29c7692552df2bf2e6d4b4d56673b71703e403d8d504e58,AA,부산,162,16,1700
3fac58dbfb43530e3596b5fee42b0af43b6d37b0814cfb5a5c44fe14fd4de822,BA,서울,168,15,1200
ceeae7841701a5ceb56d5b3b7488f292493cbdb901a8156264700990617870dd,AC,경기,18,14,1800
8a2e202465596b6c6dba23e769f1c65694f99cc9c68c77a889a9a8cb6ab14a72,AA,서울,29,15,1700
8489ba0a8d8b77db8b9c484bdb688eea29ab09a3578eb2e9c9e25a5120e1abe4,CC,서울,151,16,2000
8489ba0a8d8b77db8b9c484bdb688eea29ab09a3578eb2e9c9e25a5120e1abe4,BA,서울,10,10,2200
8489ba0a8d8b77db8b9c484bdb688eea29ab09a3578eb2e9c9e25a5120e1abe4,BB,서울,132,08,1400
57f7d383fc24ff39f5d2e29632148b3099e1f7cde9e6505d17954cc918f76627,AD,서울,148,08,150200
7ae84c6833bf832a5d80a7182865f8410a61fef5f424037206a2d64aacb54a70,AC,서울,105,01,5000
784cfe03d791b42d70531d8ab3ecf18a1941584039b3b012e08873f5f93b126d,CA,경기,174,22,2000
784cfe03d791b42d70531d8ab3ecf18a1941584039b3b012e08873f5f93b126d,BB,경기,129,15,1400
b4005b06c6fc3724a9fd2a370f31f48a4415a6c935ac189c8e4fff824a0e563b,CD,서울,128,23,5000
74c65f9f5e370d21771f6c52cf23b52e04c487aa9097f0c857edbe3b4ef2519f,BD,서울,63,00,1500
050a46d5ba1610096c5c8033cfdc9ab60df99f33d62eeed6d10f96c266454f94,CA,서울,117,18,2000
cbf12884dbdd8f0db04c0133b7d03ec07329e14b5c74d707d57c0ad8fa7c8e34,BB,경기,145,22,1400
f78c9b0c9f78b166a41ae8ff9aeba87f3a49fe0994c08f57fa12cdf42874d313,CC,서울,116,23,2000
6b34e751cfa0181025d2ba2a99338687dcc5bd7280e045ea2f22579554b18e46,CD,경기,32,10,2000
39a601d932d58bc0e8db313be6045694480b409f49bf6f75ffe349f785b95e64,BB,서울,42,23,1400
112ad77c41287649b57c988832d17cf4742cbc072de5ffa530cfd025b5645645,AC,경기,27,14,3400
aebefbf401bcfdbda23cebfb05a6b288f4b854131feda5f6b69a95063bfe4580,CC,경기,55,20,3500
f366d3f4a4f3d389c9742ae2ea487590cad4e7452abd3925eebd437edab4cdda,BD,부산,17,12,1500
2595abb55a9efca4675718add896c2fb39cbd061de44216dbd23b477654a45c7,CB,경기,70,22,2000
b97e31d3a9f25fea1ba08de28249d667d780b981086d140602b805cdf8e4cae6,BA,경기,17,08,1200
a17fa7d4a0cf49cf4c4114c16a78164125ef20f30d5cfe9b286245511e5231d1,BD,경기,49,19,1500
0fd390e5f3cb35286bc78655080702cd31f6513d1a6f9f022889408cfd00985a,BD,경기,61,19,1500
2f44949ef2c87ce245a2dee2ceb0f633423b1fa6f47e9ffea9e8d58b210b6577,BA,서울,47,08,1200
dd0d14ceaf7e4dfba0b00e7ec5069c48d5e1f637d06669d2d6f0798a5018556b,BB,경기,77,19,1400
e9e09f86b586b8676090af1f03737b548a03f07393a47bb7bd8efad7f7d5f2f0,BC,서울,148,20,1800
9bfdc1321779aa97766720cd7f300dc253febb3ff5d97470522a75b03d6687b6,CA,경기,157,20,3500
d65ea00515ecc582bbff2af9dc2f6ec9e2a4272ea16d5961bf8e6361f1514dbd,CC,서울,63,07,2000
1792db0b422f977439d255b9fed9094edf782626410d7db3eef63a1952c8e411,BA,경기,125,16,2200
360414dcbf97c446f968d68a439bbc142b1c3f527d94ced7abdd00d96cd2fba5,BB,경기,97,07,1400
f23db31b4196e060571153ef53f7066e1091c240e78951365197814f6d37aa6b,CB,서울,7,15,2000
c718361eb2dee60bde383d43964cc57c7848dce712605c73f2a216530166a9ac,BD,경기,32,13,4100
729303803a7cec91935378e4f9ac1d3aed9fe983d920e8d35cc3c878f9fcbec6,BC,부산,162,14,1800
a685a223f67b53b729936856a0283f6438267fb5e8d549f1f7eea6e72897a412,CA,서울,23,15,2000
76570dda47ffd0adcffae9fde4ca0490a65299ddf7b2609e431357bc4bf60531,CC,경기,164,17,6500
4263158a2536a3111131c0283cd3b06aee57c08f530514d1cd79720f58547da7,CA,경기,147,20,3500
9135a5ab112b25ee91939513b5ba89e66d66c81af8dfef3e0325585d766967f2,CC,서울,121,23,2000
b8a355ffb8a88bf5d554e8aa45aaf927f5f502ed47d72a931da6fc990109bbfd,AB,경기,62,00,3200
3b0288f2a63d37e325d320b8cc1b3d8075a5e9c69c9f97702f15b6cb2233ac21,BB,서울,61,18,1400
f79c445e5c7ef4a9397a33f7a02c6c47e2f8d3a10fe6bdaaa7f6a635a80b98fd,AC,부산,136,17,1800
f2bf7619fb73eb73e77e78851bb4a9731e931c6783cbd2a8f72916da724437ff,CB,경기,34,21,2000
1723b66f557c84ec0e0931bc9cc62571d85f209b76cbac42babdf3ec5c3717d2,CB,경기,43,23,2000
1723b66f557c84ec0e0931bc9cc62571d85f209b76cbac42babdf3ec5c3717d2,CC,경기,76,21,2000
1723b66f557c84ec0e0931bc9cc62571d85f209b76cbac42babdf3ec5c3717d2,CC,경기,43,20,2000
8edc9659c9947c1ed4f28f83d5b0e624432aa73c5f8538d8198015240a3d518c,AD,서울,117,04,3200
ab67c4cd83151a7a031e4222a6eabc98e29c35de3dde9a5ed6bc5d4d72984d2f,CA,부산,146,20,2000
c38b375af2ea3840f1de64d5a73b92208c28cef6abc4179c3a2c725aee119fa9,BB,경기,74,09,1400
c38b375af2ea3840f1de64d5a73b92208c28cef6abc4179c3a2c725aee119fa9,BB,경기,88,11,1400
53a1fd474d12078388a9b5eec3f1173a781a75f41468082caa758ff88d98aa96,CD,서울,42,14,3500
bfdb673ecb1cf80258fed2580017aafd691f02396fdee2f69b469962e20a1497,CB,부산,50,18,2000
ec095cfa378c6b88ed7d2a69c9f15dccd1968cb54b36ebe90d560a27e622bee6,CA,경기,19,09,2000
ec095cfa378c6b88ed7d2a69c9f15dccd1968cb54b36ebe90d560a27e622bee6,CA,경기,12,09,2000
ec095cfa378c6b88ed7d2a69c9f15dccd1968cb54b36ebe90d560a27e622bee6,CA,경기,5,09,2000
a931b2bf26b5026855d6b3e25e6e6ccc2882a942a0599ca889c45d95b8a125f8,BB,경기,10,19,1400
082d3b21b6609d1e93b5ec192dc8c71824aa6aaa202433293aef74a9930125ee,BB,경기,159,16,1400
9081b946e02e1a054140588adc6a37050dc4eb6b0d14cc8248a1e0a0c3652e47,CB,서울,120,13,2000
3c1eeb767d5739e1e566ad5eb8996bd2a67abfa11455d8b482c63a292d2a80a6,BB,서울,81,14,1400
248e4386193b68bb7d80c3d7a961ca9e4d7347a3cd2e5c0d67d553d159ecddbe,BC,서울,125,16,1800
ae7bfd105d782b062b6a531f594b771e33c48569a26a52a5f908600cffa840dd,AD,서울,164,11,3200
ae7bfd105d782b062b6a531f594b771e33c48569a26a52a5f908600cffa840dd,BB,서울,77,23,3800
90ac380b96d994692366ae61bc17a4cb92aba27b1a76a691fd434308090c89b3,CD,부산,116,14,2000
31d3bc067fea3a67941bc997419adb89a9fb3fb965376fc4ec7783b1da33ebfd,CD,서울,173,19,2000
868ae49c7767c8c657f9906a9f6e4d217004d8ca775f30867d7c01b8a0bfafd9,CB,경기,6,14,2000
da059885a6888a52b7f08765db01304815085b9623bdbe6779429e702f0b4551,AB,서울,30,21,2200
b877e1f127d99994afdcca6125c9f6e585915e069d9803a169f115775b04cfc5,AD,부산,98,16,3200
b877e1f127d99994afdcca6125c9f6e585915e069d9803a169f115775b04cfc5,CD,부산,115,16,2000
b877e1f127d99994afdcca6125c9f6e585915e069d9803a169f115775b04cfc5,CB,부산,63,16,2000
b877e1f127d99994afdcca6125c9f6e585915e069d9803a169f115775b04cfc5,CD,부산,137,14,2000
991b6ca1b524d4fe0723d8571f069cfb85a7af948758750fd11c9408c6bf22f1,BB,서울,123,15,1400
991b6ca1b524d4fe0723d8571f069cfb85a7af948758750fd11c9408c6bf22f1,CB,서울,75,19,2000
991b6ca1b524d4fe0723d8571f069cfb85a7af948758750fd11c9408c6bf22f1,CC,서울,82,17,2000
991b6ca1b524d4fe0723d8571f069cfb85a7af948758750fd11c9408c6bf22f1,AA,서울,50,22,3200
273ef37ae3216b96acea3b4d3e8abbbec2be2efbb547b6060e94c00584bd7a85,AB,부산,156,09,2200
7d584a0d4d9a38f2d743e9e41a0fcad23ea852706c495c95cbda1f66710cd519,AC,경기,77,21,1800
66a7c7798f135eefaed6cab1af84c4ed0b955bdb3ecec8075abe4be3d7192d16,CC,부산,84,02,2000
d8ce818b0662ad05e4e5a6420c2461e7d0bbb4cf5ba387b085304e8f441e44eb,BB,경기,175,23,1400
c30ad6b3e0ad9f395d35a83fec981bd6ea24293d6790b6f3de773dcad7ffb0af,AB,경기,42,04,6200
e3c3bd0324c4a871a61795bea0ef2da112f1757a33ce26ed6ea4d5072143b79d,CD,경기,59,17,2000
c91fa056f279517936b064463fc55f7f25341b11377a3a8fe9683d3af246d255,CC,경기,122,17,2000
e992edcc542cb65329fb578c7db7be9b517f6c51b36c1c9eaa6e61a02f80243b,CD,경기,170,18,2000
1bf9eac5b38714be0e093416249b0bfd1f179b48f402038790d9eac23ad6587a,BB,서울,135,15,3800
ec0e81b684ae3eb5894796d4b2d63a478ca57e89bbb134e0173573e3d099da22,AB,서울,127,17,2200
2d4ea9655d80a31da2e76422bd27a35796836d010806b8faf54320563233f8fd,CB,경기,1,22,2000
71fd36eb916fae2539470c985c7b7766462b29829034050e325627d714375cfb,CD,경기,135,08,2000
ce79b306ee1075a053193cc4f7f1ad0494a064d16b051ae54898511ae2dfd7a9,CD,경기,15,15,2000
4f62ca63942708b9a17c17b28af56da7a9d654eb490e60152cb805b2a3e39cfc,CA,부산,23,18,2000
d8328eb80523337f263a85b0d13809996eed4a957967afa11a18ba1c13c62372,BD,서울,166,15,1500
58c0a2415ded429424fcf6c3eb46efd8a7e3d0cf838c426d051e7b76e5745e12,BC,경기,148,15,1800
c269e56b0e6b95402d0232d0f423711a70f17c4adb254f11d33f51b712fa6bbd,BC,서울,92,15,1800
d19719549d3a1f28674244ad05ab33c7352809053429c43887f92cdee78ade28,CD,부산,99,13,5000
d19719549d3a1f28674244ad05ab33c7352809053429c43887f92cdee78ade28,CC,부산,147,10,2000
8885a2fb5e20949ba3044dc059caf9e84d7c1b50b2643271aab62862588a8524,CD,서울,114,22,6500
c0f90511ad8e3e3b9d8855af347527f20c659e6e2b80bad5d28d3e89922ca5f0,BB,경기,60,17,2600
36b28e1992eaecd57406f8facc22cec32efe45988459c7f3d81b82de3162f005,AB,서울,112,09,2200
76bd066a32f7479ddce84edc84dfee5159d74a7b5a44a6b284ffc6fe6f311234,AC,서울,50,16,1800
c58d5f123559ed8bf6380c92f439859c9804272499b2b07712fd340b2a72fb13,CA,경기,24,20,2000
4ec2447f772094a695f8f574a44968e236e8fe1cf6ac044d8ddabc1679a98dca,BA,경기,114,22,1200
1b81866a18d3f1e0930ce7a426e5e173ba942f74b82e4fa49e49589e2f208953,BB,서울,167,12,1400
c5800eeb9c9470971b5afb2661e3321687aa4c7aa9e971f845b4cc90a610890d,BB,부산,73,01,1400
2637b1aaebbbf2e0ca9c7430c677171e521b6a241a4a2e663552bd1cccd88f42,BD,서울,119,00,1500
58f797f87e7c22650aa1637fdac25f651b5096e9bc12dd5fca7aa901789382ec,AC,서울,65,19,1800
14fb2f9d1ac3818b9c326f79a693a932c1ce2cace05bb5745c6b35d05687b351,BD,경기,117,06,1500
9e32e8512d9740377907be299459f5683428c51c412af201e13f88458fd8d1be,BD,부산,129,14,1500
005a4db24d0d96969b70d00fc07b05afa3bd7c4a1b76bce807ce7de1026bbf43,BC,부산,38,15,1800
9e62952a3699581843de47166de5c929cbba8f52e58c1efb855a067aacf3c096,BB,서울,72,08,1400
ab96c77b166e24be790d4b87e1e11c530c01529a79e0aa1a744febd97816a750,BB,부산,88,09,1400
e84b194f70095f2443ce03ae9f630c851ec67e3969cdf9ccb471e3da5931818a,BB,경기,63,19,1400
43f474457eee68055c29b118e309566133d7aa9a5c99197fae55b3ccdaf523f8,CB,경기,113,21,2000
43f474457eee68055c29b118e309566133d7aa9a5c99197fae55b3ccdaf523f8,AC,경기,43,21,5000
0605beadd4c5cccb83b897a539798c0e5f9239efc8bc60dbe0de6d699e3d3844,BB,경기,126,12,1400
7edb483be61eca0f9326ce718452bab8e1bfb8145711f5bfe8535da76ffc2a8e,CC,서울,162,15,5000
b414b3b8c3ca8d48a53fc7daa7e0d87fae990f7fd8d81d7cdf12bf444f28c591,CB,경기,36,17,3500
b414b3b8c3ca8d48a53fc7daa7e0d87fae990f7fd8d81d7cdf12bf444f28c591,CD,경기,14,14,2000
42a441179170e3654896418901f412f9b41359752bd874627f50fc3fdf310704,AD,부산,154,09,3200
65edc8f9d6cc5e42c79b575f43d1b17846ff1c3f22dab60adfd64bf548b19092,AC,경기,9,15,1800
4acac93335ecf7590f3da3467291ec0045ba6ca8a9f72b902504c2a7467621a5,AC,서울,140,08,1800
0db0db0fe5237e669c63b5c9b30a46781f907b89fbc605af92209cf817f30c6e,BB,서울,65,11,3800
3ea56209afe0f4e9eeb13aff17b4722b4c43d47db3f8b1ee587d8b1ab4fe8999,BB,서울,134,17,1400
feab78e5209a2c9518acec8ae86d33cfe2811a2a41b98d9fb9b3e48464410495,BB,부산,70,15,3800
feab78e5209a2c9518acec8ae86d33cfe2811a2a41b98d9fb9b3e48464410495,BD,부산,155,15,1500
595e74f416ceaef469ead904280753bef15fbb1437b4a3e7043a9096ce926b64,BC,서울,150,13,1800
d790f16b2611a8d96da898ef270123da94ac407dee07240cc9e4a8b922f38766,CC,서울,149,20,24500
af35bcc40df1a8d2fb3f4fabe97d8b45c7e10892766d22313d948b401566cd42,CA,부산,149,19,2000
4b4fbc79162a67f8e871e0015aece34f03335c11cbc2ea70a293fcdee9382e21,AB,경기,49,02,2200
4b4fbc79162a67f8e871e0015aece34f03335c11cbc2ea70a293fcdee9382e21,AA,경기,26,21,3200
a608caad6091e10b1eff575441ff61a3a3a66411a9704250d26bd8c4e2370eb3,AB,경기,128,22,1200
914d8227c8e397e6f5d2533579239c453458717bdbcde7b41ba7e3aa91034dde,AD,서울,179,00,1700
914d8227c8e397e6f5d2533579239c453458717bdbcde7b41ba7e3aa91034dde,CA,서울,104,01,3500
4ec3d12e9f2a30df7eb2ed92a341a0bf0a6495b72a3632d21255a2c676dc0936,BB,서울,138,05,1400
87dbff8c2a8ed0ac00b621b78c044e877586e5a34baa488b018d40e492219965,AB,경기,83,13,3200
6b561a01c12b9e41fd5e713af98767a099ece15172890105a9f14da08647301a,CB,경기,47,00,2000
8d5faa4edbc3340b6f7969c3f9c6b9984784ad0157c29afd1d94bb3a9521bfef,CA,서울,66,19,2000
83b92247e58063cb64bc0ece672531488bb7ec7df5d73923696f5ffd58024057,CA,서울,100,17,3500
4f4dad36136660e633d8999346f57f7989be8714a2851481b3006c479b472cab,BC,서울,146,16,1800
a6c223aa8d61a96db1cca8bda758b76d9c1e210d99408f4f5f2e328c4beed142,BC,서울,114,04,3400
0f2af9488509fd25659f455d14c7aa943ec6c2fc9de14d8bfff326139a0475af,CA,서울,137,20,2000
0f2af9488509fd25659f455d14c7aa943ec6c2fc9de14d8bfff326139a0475af,CD,서울,27,00,2000
0f2af9488509fd25659f455d14c7aa943ec6c2fc9de14d8bfff326139a0475af,AB,서울,171,05,4200
82a6f9007b619c64e989e2a391559d32392ddae86beb9290ca22b143ed5dffa5,AB,서울,156,17,2200
a97f6721057386fef65536a8cec771e8de60966ecac1a8dc846aefbfccc70c8f,CB,경기,68,21,2000
a97f6721057386fef65536a8cec771e8de60966ecac1a8dc846aefbfccc70c8f,CC,경기,67,23,3500
6dbe17d78684f3073d66e4271a53b1d4d5d0034480433284090d1242858c9ada,AC,서울,23,22,3400
8afc8d1eb8354c24cddc109e9f6482895ef603cd5a56da3da4c6a0f44e9a0693,BC,서울,59,12,5000
7fc76207dae71367f81890efe42be6dd34440ad3eaa0bca87b79ade6546bb8ea,AC,경기,8,09,1800
94d8fbbdb86cf84ff804420a971e7c60ccec06b999525bb675850976a4e876b4,AD,경기,165,14,1700
c4ec0069b14af76212afdfd471e7f95c9b893b010bf6428c9b206baedf9d1e62,CA,서울,82,13,2000
95b9b8d31923cc431dd943885b4772d9fe1f21375fbe5e0fc87902953d4e05e2,CD,서울,107,12,2000
dd893290b620459d333f4790c36d5c2654c5173864c7bd6dc7792871d6cbcca2,BB,경기,89,20,1400
89427e43904d0904c9287809d520c53ed18dbec15717062859a1a2bc33e3b119,CC,경기,60,12,2000
0aabc97a30073e24f24d86df486c17667a253cde6084d7104e3d53e818de7cce,CC,서울,135,23,3500
d5af610d1669ea918928384831cc515c3edf5857ab9d32b49c9fd6b0bb5fcb57,CD,서울,30,22,3500
630e47b7becadef1c30884049fcd823b955797895032e4d6f3a185d5ed04764f,BA,서울,143,08,1200
cdbe8ccb21df3990093989ff9c413cf85226d660def4356f2c351f6403418c57,CA,경기,181,20,2000
0985d2f1949cd8a9c4867fbd68b7b25b3c88390ee45a7efd2fb2e15e6a935cda,AD,서울,156,12,1700
fe7aff2d6b09094c2059379211010c0ebca57590578f842daad215ae84ebd582,CD,경기,21,02,2000
d373ce176b27caafcd7991cf25d5e0fae8540239f15249bd6cdcbc06ab4e0413,CB,경기,121,21,2000
c9c569d475c88e1219f601a13079d4f3363058a8910add3a76421b4f342aed45,AB,경기,91,20,2200
686aa462c8a0fc273861e84371ba740cf61c85bfe26149f610adea4a90ea459a,CD,서울,21,14,2000
031386e9d2b37ce2fc5a0692b112b4304bf8b268faae9c54d85e1c4baa722db8,CD,서울,22,16,2000
273b964bb5dcb8c88cae7252d6255f7b29c3ea7ce9a5812c56d0521120f9521c,AB,서울,47,08,2200
273b964bb5dcb8c88cae7252d6255f7b29c3ea7ce9a5812c56d0521120f9521c,AB,서울,46,08,4200
273b964bb5dcb8c88cae7252d6255f7b29c3ea7ce9a5812c56d0521120f9521c,AB,서울,95,08,2200
eff03ef05c899700f8dcdf2d65aba080c7e9f7d2fafbee3c7301e983d4e56b2b,CB,서울,7,22,2000
a998fe8c3d2ade0897dc41cb7c79bf0c829875807c4912115d2daa66163c1153,AC,서울,102,12,5000
5f2545ca860571cee82625ce4ecbe1c620f904f3f1a9269d8a3a725fddf91417,AA,서울,10,14,3200
3edd34a2a5d3048c4c1a2d7bf8ff1823149614f27317e0ee429e4a7873200187,BA,경기,59,08,1200
5e606a51252a6cc4a9ac56955f262829c75ab94b449ac1afc81bfe6b07650003,CA,서울,128,22,2000
14ec646d6f7be98d21c9877d1c643d2afdedef5bcda508b05ebce81952612a7b,CB,서울,14,22,2000
724d8b1f686690200ea851dc24455bb8dee4a31654536643996665e3fd7f2555,BB,서울,42,21,1400
6c01e9a4de9eb5da5d93485ce39237d827322d9dfbe9cf472f0fedb6fcec31be,BB,부산,71,21,1400
257624f3743effac178f01a06b7e5433830f4836c6ae7d2a990d869553175c0b,CD,서울,22,15,2000
257624f3743effac178f01a06b7e5433830f4836c6ae7d2a990d869553175c0b,CC,서울,139,21,5000
90cfdb9028bfa7269fccfd906669e132b93594e2d9e789abfcada2900e53d4fe,BB,부산,55,22,1400
7af8de2c5c73cdfef2f1651458c5bce3521facc8ce2bf935399fae57927b1cfa,AA,서울,46,22,1700
ff79c5095f82078928540ad20bbbaea1b3b6f65d96dcd644a8ae1deca21b0b4f,AA,서울,158,15,3200
5db4c7b3eee3abe75664e3ddfa5f49c700e7745d8bed24511ee1eb1219187146,CC,경기,65,17,3500
5db4c7b3eee3abe75664e3ddfa5f49c700e7745d8bed24511ee1eb1219187146,CD,경기,20,22,2000
5db4c7b3eee3abe75664e3ddfa5f49c700e7745d8bed24511ee1eb1219187146,AC,경기,48,21,1800
5db4c7b3eee3abe75664e3ddfa5f49c700e7745d8bed24511ee1eb1219187146,BA,경기,29,18,1200
20e3915269cb3d31b9e12be0ee4ec12d45dd775cd68264be05e70ffc13323a04,CD,서울,27,15,2000
5d38d55a3e0d4def8473ccf78bfb00be89dd4a854913184ac041871f864fe0b7,BB,서울,26,16,1400
55d93e9d29b4228b65997d52a9185d814c82f8e6b06dc4d2bf32c5385f75077a,CC,부산,135,20,8000
f8856d8634ae82403497f643800adb9b4183f403db8b0a8bf16a974c7524291c,BC,서울,165,14,1800
f8856d8634ae82403497f643800adb9b4183f403db8b0a8bf16a974c7524291c,BC,서울,164,00,1800
929db19d562b73c146cd0f0a944a47c0c766343e9d883446dfe610cc28b7ff18,CC,서울,162,23,2000
5aa6f232be26953f70faa1b737ce1e769e3663843598d285c9cc39ce2512a02c,BA,서울,49,13,1200
5aa6f232be26953f70faa1b737ce1e769e3663843598d285c9cc39ce2512a02c,CA,서울,174,10,2000
3110aeb46bf738897b9327039819c7a86e4483aa0bfc44cf066b52e5451fd53e,CA,서울,34,21,2000
9033924aab1e80c515d78a3be63186362910b38745e0bdcb475559ffd2b3c20d,BB,서울,61,20,1400
8bf6e819ad1a9390fd28186a77607e450623a419c5237746aa0171ac0b12b7d2,CC,서울,96,21,3500
f3700645f927161c25a989b36b875f75da953c366bd6d1c47722687f1de2a479,CC,서울,58,14,3500
14933c40f3904c73233df77fe8159f831352f74f4edbb650ff638a1bbd0f8110,AB,경기,165,17,2200
235f3f286259e1d524d0fa142e415615b11b76a9a1900591769098b4aa11d329,CC,서울,35,12,2000
20958a8e5514e3be77d2ef0939518b112800f7ea9c9f8acdd99864f91ed9f061,BB,경기,30,20,1400
20958a8e5514e3be77d2ef0939518b112800f7ea9c9f8acdd99864f91ed9f061,CD,경기,106,20,3500
20958a8e5514e3be77d2ef0939518b112800f7ea9c9f8acdd99864f91ed9f061,CD,경기,182,20,2000
6f068444aba2c1aa96d70e082ca443c260db1e01a2a5293e6c66d47eec2270ec,BB,경기,128,15,1400
c95ca75df0cadead947326f67e83b0a36dd7c6a63355fa3b539ad2c7d816fd9e,CA,경기,114,15,2000
460525237b00057cd07f5ff9de0068a6817437358a137d56cc9c172ef602dce6,AD,서울,111,21,3200
711915debe0086e7c81e1cfe9e288f8cc84efda1b3508b7c2d0b43cfd28eb73e,CB,경기,122,20,2000
ccd41cf1251d63ad3bc86991284c222d751c3b9f514978e441618b9c86e19bd5,BB,경기,136,20,1400
3d1d54825ada1fa7f350165cad42f1e95692fba621cdc2ffd3d8ee0666c957d0,AB,서울,106,13,6200
efb0295ab6494e5f854108445c3603f76a3b77b44a00a7d46134c6b99f2ebab8,AD,경기,120,21,3200
efb0295ab6494e5f854108445c3603f76a3b77b44a00a7d46134c6b99f2ebab8,AD,경기,174,11,1700
b8bd1cfd3ef69ffbe7ebfcd149126e553f6137a67c3bd7855f358e751fb2f34a,CD,서울,41,23,11000
10922e1b2c2c7fc4549300b5f63d9ba7d2795685db46e4e3f7cde1e57723fbef,BB,경기,177,08,1400
d39c0a05b7621d8fcbd081e2317f146bf0c46b14b9b2f8cbcac402cff24d0fb2,BA,경기,59,16,1200
febe4ce1500725a877741649711d43ffdc9c817fb0630470845190c6304839a8,CD,경기,125,17,5000
febe4ce1500725a877741649711d43ffdc9c817fb0630470845190c6304839a8,BB,경기,79,14,3800
febe4ce1500725a877741649711d43ffdc9c817fb0630470845190c6304839a8,AC,경기,178,11,1800
092ed8838798d1d71543978a53631da38524b2bb3c91b99658945c0b16c36ba9,CA,서울,44,21,2000
092ed8838798d1d71543978a53631da38524b2bb3c91b99658945c0b16c36ba9,CA,서울,26,22,2000
29129d36566fdd5e1d82e1b72c852265fd4c699fcf111c30fbfc9a36b22e27d1,BB,서울,64,06,1400
29129d36566fdd5e1d82e1b72c852265fd4c699fcf111c30fbfc9a36b22e27d1,CD,서울,21,06,2000
29129d36566fdd5e1d82e1b72c852265fd4c699fcf111c30fbfc9a36b22e27d1,AD,서울,110,02,3200
a9ae4fb382433ae83643401aa21eaa6b2c4bc89c3381bbee79eae085c5633d94,BA,서울,102,10,1200
a9ae4fb382433ae83643401aa21eaa6b2c4bc89c3381bbee79eae085c5633d94,BB,서울,134,16,1400
a9ae4fb382433ae83643401aa21eaa6b2c4bc89c3381bbee79eae085c5633d94,BB,서울,171,09,1400
44870e21f44e3545a4a6989a27dd9b5b600846ff3e97ea572da840330d26cd4c,AD,경기,82,22,1700
c736f6a18189d085409a5d258dcd361bfa6ed94cfe1c2ec70a0016c3279d219b,BB,경기,133,12,1400
c736f6a18189d085409a5d258dcd361bfa6ed94cfe1c2ec70a0016c3279d219b,AB,경기,154,09,2200
1a8dd99585f6ed6365a5d83f1a034509489980f2b9f9c402ebf46b81067d611a,BB,서울,16,15,1400
e02073e5434d7e1145aba0fcd48465d5aab9a8dc6f637d173be027c18fed571b,CD,서울,107,22,3500
15b05cff3e20a57890591196c9a160369b588de7215706df5a524aff4736f18b,CA,서울,96,20,3500
89bcbd3ac2ecc488649b2fb7d73955b7854cba3172d02f7ee176bc747c9f2cd2,AC,서울,81,12,1800
90b45d95639bd5431e5352b814a71e43fe824adbfb4be5fb056eec1db49533ba,CB,서울,44,21,2000
90b45d95639bd5431e5352b814a71e43fe824adbfb4be5fb056eec1db49533ba,CB,서울,79,21,2000
6a3a5659a735c6424a88b3dc723d3726755a3bd392369e63f970561906df5d39,CC,서울,127,00,2000
8766ab7e16e3839d0713b9a117daeea36bdad0e82e3c76db47ad585dd85559ef,BB,경기,137,14,1400
8766ab7e16e3839d0713b9a117daeea36bdad0e82e3c76db47ad585dd85559ef,BB,경기,158,22,1400
8766ab7e16e3839d0713b9a117daeea36bdad0e82e3c76db47ad585dd85559ef,CD,경기,110,17,2000
8766ab7e16e3839d0713b9a117daeea36bdad0e82e3c76db47ad585dd85559ef,CD,경기,2,21,3500
8766ab7e16e3839d0713b9a117daeea36bdad0e82e3c76db47ad585dd85559ef,CB,경기,51,18,2000
1a8cbae9e3188a9ce6edcced989b0e64053d75ca32486d8d023dec50a335ae72,CD,부산,129,08,2000
1a8cbae9e3188a9ce6edcced989b0e64053d75ca32486d8d023dec50a335ae72,CA,부산,28,01,2000
1a8cbae9e3188a9ce6edcced989b0e64053d75ca32486d8d023dec50a335ae72,CA,부산,143,21,2000
1a8cbae9e3188a9ce6edcced989b0e64053d75ca32486d8d023dec50a335ae72,CB,부산,6,19,2000
22ba6e8c551cb269bfec2113f8125f39ac3a255cd3070433eed21ee763ffbfc3,CD,서울,102,19,2000
2642c09c0524a46e17dfd149f6ec7d10b00e045ecf33cc7e8f2526bb6602b5da,CC,경기,147,12,9950
edd28f4ae2cd4899d75fd87ba0b741f047ca79eef0bef345c26c0be3d7239103,CD,서울,94,19,2000
c3702ed4f960f7a4402cbd3aab06180e7bd949c5e3a0b6c4236dd3fcee9a8550,BA,서울,35,08,2200
594878dc92b357f7005b6fa17686360ec12c387b456350d00baa091866cb9c6f,AC,서울,144,02,9800
472ada3744a13132230609932c92d056bf446c9f6c27e6e55365782761e83013,CC,경기,60,17,3500
472ada3744a13132230609932c92d056bf446c9f6c27e6e55365782761e83013,CC,경기,60,12,2000
a3484715896e574be2e9167a0da55f2ade5137fc8885cb0e5cc286994c796538,BC,서울,160,19,1800
e8e8bfff37158bb38160f2d12f71b7ccefb3fc03470dcaf2aaa3914e21305901,AC,서울,27,15,3400
6c444fa3b7bc27bbe3cc330ca0ad0da9887419ff2d0a4d86cb61594868cdb7a6,BB,부산,103,13,1400
d730a0cf6b31dfb51bee3705139a54bfe413faf534b4686d50e65127b6f66ff4,AB,서울,129,11,1200
9aec5c03500572d9d83e7152097153065803209fb727df5b9dcb1427fb8f5d1e,BB,부산,137,15,5000
2a31c3fd70c1aa55c0330889370539a9a551d4714be7dfe55210a6d9c3d229cf,AD,부산,146,06,1700
2a31c3fd70c1aa55c0330889370539a9a551d4714be7dfe55210a6d9c3d229cf,BB,부산,44,11,1400
cd9b9f7c873cd29e514c0f9a9275a1a184bc6f831eacdf738a505604cead7e1f,CD,서울,145,01,2000
cf409f21f42b7db32f9d5368d9d130e21f2b18b6efc07dd0cd10362962276827,AA,서울,136,18,1700
ba566ba556ea52345367b4753c0e71539451a7f96ef3da16ff7050a5d7d46a58,CA,경기,93,22,2000
3c6ab7ab4f72e9a3de6a0967d75b00ca29bbda440d0dd480bd0e38d80e7ac9a9,CA,서울,124,21,2000
fdbe22c9aa5a24acd7dfbdaf65fa00a6b4981393ec7f14d6a6dda84911b4776e,BB,경기,74,18,3800
0950bdd9020cd86228fa67545eb2ebe8fbd73b1876b287e03b87abe3676d5dba,AD,경기,110,15,3200
de3a64bec57da22a3e2b8c1bad3a687273e2c76251d2a30f918317be59be0ee3,CC,경기,76,16,3500
cfc20b2405ac60f38eaae5900234ab1c0f9e55bc08b603f63ed8f5cfab24fdb0,BB,서울,83,07,1400
17e0abde31204b7162da6cd82b83a8562d74c7051248a0ef39dc709da02cf85f,CB,경기,167,08,2000
c849a95a15b2b6a5820028c0357bf3816d1fbe311c7dbb8699d5e11bdb5f6afc,CD,서울,126,18,3500
c6b6177707dcd8dcea511f374f09a836bd6a9d1a28e48e1b0715c55affae84e8,CD,서울,36,04,3500
642a1183f422cd5e568afc4471f6d25b782639953c5c530bb73e1000b22cb827,CD,경기,3,13,2000
bc7536a684b0b4f1a7992c115454def2b6d905912faa1c8b9512a5ce7b68724c,CC,서울,109,06,2000
5b77ebc276d836a599a49d6e80ba98079e05bdb4a1204c25bc798006c65fb603,AC,부산,13,21,3400
703303233735001e05b185d12570b291c145932a87e7bc12f6609eef4b531fe9,BB,경기,176,14,1400
3c358303fa0b55e4e701c203bec268c311e576d823f2c2565f577450ef5b392f,CD,경기,2,09,2000
ed96ef07aed1b69bbe3fe93ba5b5c289a9396d3d8909825a21237fcf0b856dee,AC,서울,147,08,5000
ed96ef07aed1b69bbe3fe93ba5b5c289a9396d3d8909825a21237fcf0b856dee,AC,서울,181,13,1800
12d26257c6e19b4646037ef560c245a42584a3b68233a643177dc50588837e6c,AD,서울,122,10,1700
ffba1e63eb8693e311d8b8aa2c9e6a4e78ffc107f6c97b97d7095436546d430b,BA,경기,117,19,1200
bc6e19b3504953a1694ca2bb9f4c44b4cd20b41727ca0f3ce3ebc23138319d7d,CA,경기,120,21,3500
ce9ace6edb10e43e4b7e4b4adbdd70955c89007f85e3cff593c9bd60266ff550,CA,경기,175,00,2000
afe7dd0521e3666a84a4f727b4b30b2ad0732c1e75bd278b071509580825f9b1,CD,서울,15,20,6500
164aecbdcd1bfac7e93ae0477142957bace2041bb659bbf066aeeebd107fa173,CA,경기,110,14,2000
cacaf059f2fd5bbf6e6b158aabb428c4b78b715edd5f460c200d108a9fdee1ef,CC,서울,91,19,5000
5c9938a02076489a80eb3a07c1e8aa7c5e5af99f1e243b1d4feb98672067ebb2,AD,서울,142,21,3200
a8e362014136e5a2171a23e7a09834ba6e10c9081ed62ff2ce10b569f56e543d,BB,부산,164,23,1400
a4854611f48155ea4a0f1ffb399fabf18402b79d9ab7fc2398571efd04559a5a,CB,서울,60,08,2000
8c3f627fbeb2e0d20c6c63f08e609a9486c41f6fe155a5c8db8583e8f98e4db1,BB,서울,76,00,1400
8c3f627fbeb2e0d20c6c63f08e609a9486c41f6fe155a5c8db8583e8f98e4db1,BB,서울,83,00,3800
ecda1186959d9af4480ef55d79fcc56b333ba1772da36d64f519a7818502812c,CC,부산,171,09,2000
3ac34f6fc7c10fff8d29827769246adfec0632705f4186e4e359f274a000f847,CB,경기,36,12,2000
25b7e3dd109f5e7e8920e0f6996363a54938b34f80e2accc8db7d17d12c8e75d,AB,서울,105,13,2200
6b5eef66a797aecd81ff45bb7ad262d2cf262618e8bf40d153ba77cb75af6d91,CA,경기,107,16,2000
a2101eaaf6cdf43391175dcba3507668190ee501e700d27f3d147541f865455a,CA,서울,130,22,2000
deb06d4a1c4479ecd1aed50078a6bfcf16d5b7da23413668d2bdadc816132c71,CD,경기,154,23,2000
291f718b5d4ce4a040342028d70dc40e64f9449d60a29444dd417bf623900006,BA,경기,40,12,1200
6e1b7c84362805ca025fa8e4820464e0a87510ca3a4422ffb0cb060058478911,CD,서울,169,14,2000
a2c3f4a5c247ae92685aa181558fb0871b57795f542b315cdab8aa5ea4534357,BB,서울,154,16,1400
880dcb322a42a59b21784c6c7026dcd073542bb46f4d20964cb738ca3a7093f0,CD,경기,93,08,2000
f8edddde5af8f6a5d1a6c8b8c6278fc7ff46b8b7472ef289070799d07d66ddc5,CD,경기,93,18,2000
4311dd955559d3e8cd6e01ac4f6df5f056d3d642f666fdb4171334b160ac237d,AD,서울,157,20,3200
2a48bf27b1379f9a52e866879d825d2f3c6aac407b9a7bfc80ca6b84fe3b00a4,AA,경기,171,07,3200
b86036e6bf110a993b0d8a82d5813fcc8f911684fa93b00297594bd8868b362f,CD,서울,14,13,3500
a8c94f17e833ed4932e82c6714e3594bcf7480e001d787dbd14a3c9079e6b118,CD,경기,130,18,2000
29113d73ddd8d49d6ccea9cab7b39aa60fe835486939e6a7494baa0489246064,AC,서울,10,15,3400
29113d73ddd8d49d6ccea9cab7b39aa60fe835486939e6a7494baa0489246064,AC,서울,160,17,1800
6be5300d004051003e97235b48362854392ecaf1b7e51b1ad21b8ecc2badd129,CC,서울,155,09,2000
97101400f93341c3306e70bb6d47d1be4c11d31514f3810744ad1db27b3d852a,CA,서울,176,22,3500
90a8dfc664a3c0101e049b7c2026c87d798b249c8abc0f749bb0293ca13a1609,CB,서울,4,18,2000
e1e29d2e7fbcacfa4adad5a16be940b0c53fbe0321c6d235084939f24edcdd12,BA,서울,63,20,1200
e1e29d2e7fbcacfa4adad5a16be940b0c53fbe0321c6d235084939f24edcdd12,BA,서울,71,09,1200
e1e29d2e7fbcacfa4adad5a16be940b0c53fbe0321c6d235084939f24edcdd12,AB,서울,113,22,4200
e1e29d2e7fbcacfa4adad5a16be940b0c53fbe0321c6d235084939f24edcdd12,BA,서울,43,09,1200
e1e29d2e7fbcacfa4adad5a16be940b0c53fbe0321c6d235084939f24edcdd12,BA,서울,10,22,1200
4ab6c8b83a110e4e544eab42a5922b148d5a96639389675f1e763b3f5cc27ee2,CB,부산,43,06,2000
a6b287272458824737c674972d0ff3e5197ffa0e3dbaa6221eb55bfef8ec5030,BA,서울,25,18,1200
dec3e61987b54b599a7eece2194facaea0beb6069bb8c95d1372bd56081f3b57,BB,경기,172,17,2600
98d5d6cde4bf23ea6a72f6a86a7f9663480588ce615a94c708355dc7a4e329ac,CD,서울,21,05,3500
fa6769650163abd88b3b18b8771ad3266717bbfaad5c7e5a81575860929c88ac,AB,서울,168,22,2200
1a0a99b1fe09a98d796ae260ad9ff670eb3bb731ecd680d55c666cd9877e2ec8,CD,서울,92,20,2000
b8d6b4ad4566d9f4474ccf053314d9982371854fd10d3d6bc54ebff47dd2ffd2,BA,부산,18,08,1200
18189dd47a1d8eee2bf3f93617a221170bb0a3d03d38c6e3b09553c6ff9d9041,AB,경기,33,14,2200
1d8bb2ad2cda6c228b4bf4e95ead0e098a5d45c6245333362301ee07ea87b691,CC,서울,134,23,5000
b591413e09da7c957a9f2c699f90c01704f1d5f441d4fbb14375c688450ad317,AB,서울,171,06,1200
1d5537a11b4c4b2155fbd6cb9a41cfdb819e1cec329bb6be9aad629bb29d9cdf,BB,경기,66,02,1400
b797d32034f1a2d147020515728fa9eaff64440f861d944c11895dbdbe0b172a,CD,경기,101,18,2000
dd77b13e8ae3315bac4b9b2741f7b03582bcd263e8335a6b42f8b2445fb46480,CB,서울,29,19,2000
81a3c0f1b6f5a262fbe166c0292f2d8c9fd8c7d9c61a4a405204815e71c1f45a,AA,경기,138,09,1700
5908429b8eee0e528d092e26b7b2d3bb1eb27f2f0bca536052908ff66f94beeb,BA,경기,81,18,1200
4e7fe1fe3c9d7f622126dca15e23ae849b3d26f976d4d9f05db28e06c7150498,AD,경기,141,11,1700
2af7904c8b2683f1cad3fc3432641e8728ccc6390014fcd60112df616a525ba7,AD,서울,134,01,1700
2af7904c8b2683f1cad3fc3432641e8728ccc6390014fcd60112df616a525ba7,AC,서울,21,22,3400
dac4afdb8abe38da40cec610bdb0119009837f718013c2517e326134abe48bfc,CD,경기,74,21,2000
dac4afdb8abe38da40cec610bdb0119009837f718013c2517e326134abe48bfc,AB,경기,172,20,2200
e9ed44e1e4df88a34d08bcf7cdf16d5bd8b2d91f7f3ace8ff94049c3f171f25a,BB,서울,155,14,1400
e9ed44e1e4df88a34d08bcf7cdf16d5bd8b2d91f7f3ace8ff94049c3f171f25a,AB,서울,159,15,2200
e9ed44e1e4df88a34d08bcf7cdf16d5bd8b2d91f7f3ace8ff94049c3f171f25a,AB,서울,158,18,1200
e9ed44e1e4df88a34d08bcf7cdf16d5bd8b2d91f7f3ace8ff94049c3f171f25a,AB,서울,155,12,2200
626998cc975c431ff8884f3414d4bd9349aaf4846721ceee57d07581737be4eb,AC,서울,57,01,1800
626998cc975c431ff8884f3414d4bd9349aaf4846721ceee57d07581737be4eb,CB,서울,47,22,2000
626998cc975c431ff8884f3414d4bd9349aaf4846721ceee57d07581737be4eb,CB,서울,45,00,2000
626998cc975c431ff8884f3414d4bd9349aaf4846721ceee57d07581737be4eb,CD,서울,79,02,2000
95f6beb015b4d802ec947041ae0c77d82114aa3c4cfafc6caf1489c2860e2111,BB,서울,132,07,1400
58d8134f8f7fd19c4cc783ab62adba48472285b924e0d3fefa01b84f5d33808d,AD,경기,49,18,1700
58d8134f8f7fd19c4cc783ab62adba48472285b924e0d3fefa01b84f5d33808d,CD,경기,104,19,2000
b1d3053880278caeac790a9ac1b2661aade5316fa777036e2292b98e9a07c0c9,CD,경기,174,17,2000
ecd2a21a5fe40fb2278f5a4c3eea50e0901c09d6570fe98835934edcc671461e,BB,경기,23,08,1400
2900297476a17f12edb6e2014044a97a908926a63c48f038c2763e6ab1451015,BA,서울,28,18,1200
eb1c715defbbfd54d07768bfb38aa85fc08b7cbae98c4de0e4757e22786c9d4c,BB,경기,86,05,1400
0669aafc9977ee92963ad06e916b58059f9fcbb9ca44b52c9a9434cafc49c45a,AC,경기,125,19,5000
56df4a8de7cb72016ab7efdbbff079e1a5c6c80562b0fa83b7c6d4ecc4ae74b3,AD,경기,44,10,1700
116616a23519c8670e0ca7ba6e5a30442852fe08e8296cdfd588068d04efbe67,AD,서울,48,14,1700
fa997d9eaadc7d450811d9007f7bb96e85d9bc94d4c8d31c93c79d5167ce17b7,AD,서울,90,16,1700
4d330ded722366bd8a6ccfd7dfadaf997138f6e2f1cffcf3012f7a1c6443d1df,BB,서울,151,16,1400
06a8a53e90b31ca0074cfa40204fe43d3618aa3ae465548a9a34d233d2ec1954,CC,서울,172,04,5000
1f412ab41953a4b25ef7b6c94dc2da058d937f4b7d5d8df84f934b97b6b7ec15,CD,서울,115,01,2000
17f2c0191ef83d1067480c8fe1bc71528d34daef82447728ed60d39edb1bf08b,BA,경기,124,21,1200
ec3dd387524b72821c9899cfb9563315c30bb58e342afa11dc442ad7fa9aa56e,AD,경기,155,13,1700
d523f34b28aa489149c52dce6190a2d23a66eee9d0160a0781849718244a2c0c,AB,경기,97,05,2200
d523f34b28aa489149c52dce6190a2d23a66eee9d0160a0781849718244a2c0c,BB,경기,107,00,2600
83bd48f0fa2e6bfcd4ea53509551e2bea960cb0e5717ca1bb95696e4e75c2e66,AD,서울,155,11,1700
81e8ae1dcf55f9d88a2998f63148fc7b62474baa25ad205459d08cc68b044848,AC,경기,4,15,1800
c3346fddf4aa98d15135adca249b795cd789c3a3ece7522a9d70781f1fb65099,AC,서울,156,11,1800
0f8497dd00ac5cecdb3055af4bb4862b52c2b77ad1a4b57574031821657e36a4,BB,서울,179,18,1400
0f8497dd00ac5cecdb3055af4bb4862b52c2b77ad1a4b57574031821657e36a4,BB,서울,129,12,1400
e0eb7366c29dd663f8843879f4ef88831d59cfa69e13654e0cd469840b2f80fc,CD,경기,121,17,2000
b0d6ee5e57c38a654d1f6da07ba34e88650c5c62ba550584ca7b4a9c432ea1bb,CD,경기,177,16,2000
fd29a41486526264ccbed6341fa33df904392c584fd51b740fddb4de2cf7f370,CD,경기,97,17,3500
f07da2ddd103df6657cccf78a4f7ddce287a6fc8e8a191546f8a7475b3cf227b,AC,서울,26,11,3400
0945399df248513a137fc2dafe051350165edaa54d4660734d1540372dc28bfb,CB,경기,74,00,2000
517d12283851648a57c61cbd87697eb2d176b7ebb4ce7fb98ceb43d16085ba8d,BB,경기,81,00,3800
0c1bc9c33eea80e83690f45fce104aad0922d4a5e38bd64348c40eff133796ea,AC,서울,67,21,5000
b553e94e0a43cbac287e2d0cbf9bd2ef54954998b083d22a5aa2d517fa2b264b,CD,서울,106,17,2000
355986fccd88811d8ea722afb259171c81ab64cc1c27943c64c916f98e822778,BB,경기,162,17,1400
73592061ba23c45096dd1b0e980ee21cef90b389355eb1cc95e2a6aedcda04b2,AC,부산,146,14,1800
c6517a3dc790795059d26cdf6748cc8e9a7a6a709022087fa01c9b5a1e1161b6,AD,부산,140,19,3200
c8396f6afeca3b745437e8c270dfbce5ca7fdb04b09742b6248f7445f430751a,BA,경기,47,17,1200
bb3c39f1f75fae5e8bac1ec67a3aa4cf5a2bbeed804e3f3dc071ca7d04e09d97,BB,경기,157,21,1400
62fe3c0c0aea18a19053f8bf7ed9c61524252f114893e39743b62d848a940457,AC,경기,139,20,5000
2d5b1c504405ee328f28e9263858b83392bb83db37b3c4cdbe7a5fe3bd3e252f,AC,서울,132,20,1800
e56b8755ab99b577948be4c155531335d1f8e29ed3bc746d6b8c78e3cec52f40,CD,서울,145,15,2000
0ab54e68ee2017d57564f05e52dd729ede1629330a67ded93918a439cba09895,BB,경기,55,08,1400
c73dc816efad5842e3445b8097fd3e42b0eac5dab9477d969c5e879d74f4d17f,AD,서울,118,03,3200
fd43e6e418c30348a5a9486ac509403e4715db53bf1be599ea79774e24093edc,BB,경기,163,08,1400
dd2e0da9bbc0e2bcd945b328dc9d983a9ad7dc08984dcc73bd61d738a497c634,BB,경기,52,14,1400
c2cdd519f1d5c2bfdf7227189ba1ac3ab160478e40aee03cb95a3ac6fdb3b60d,BB,부산,99,14,1400
9e33c44c1c8a6306297c0d6e8b9a363c3243d7161b3f0f38eb80d3c7fcf021da,CD,경기,106,14,2000
cac88b3af61051ee1a7d55c5bf2dde24098a1f689d860f2a1c7f6599d893de0c,BA,서울,113,22,1200
c957129727305e6a33dc84f50bb3aa053c95228b4c855d423f3955813100e6ae,BB,서울,72,18,1400
c40dff1851830a49029cddcdc619385d958d44a2820b4a1383b4c14835a5a151,BB,경기,111,17,1400
ff6ce93e82579b4ab763d1107c6d4a0a5fcec363904790a243debed6fca6c0a3,CB,서울,94,18,2000
7ab685e861a998279021332b4b50ab6023537e5399125664d91db519db303e53,BA,경기,29,13,1200
cbee9d52bbdf283c73e6b910dbbc8abb5aac959d73f04d2afd6b3379e212a40c,BB,경기,71,08,1400
f58e5a390a5ed949840dc29c8c98c6f92a22fc831483b4882ba8e72720272ae1,CD,경기,93,19,2000
12b019b05a0327ce25e06a0ec587b47f711d2363822bba776491cd25c5746aa7,BB,서울,142,13,1400
27c2d8085c6053a6709b6ba0c67a74a69b0561a71b6848524d38d979f407a484,BB,서울,87,14,1400
172b236109fe2a3f3d3254809b968b4cf5f16a350a6a02dafcd567211c3776c2,CD,부산,76,19,5000
c0cad3ad6e109f00cdfe40f7409d58ee1d91cbf331f6cf0b2089cc2c7d8d7915,BB,경기,132,20,1400
13752c5832a49250989dbbf01d6ab68f0abd1de2babedb1955cd2cf03e281e03,AD,경기,179,15,3200
98bc7f0e837223e45aa8efe5994f2edc0ea27eaf912fe34f1163657a4c6b1974,CD,서울,105,19,2000
07637a98cf7905f1f0273d370ba6ad168f09eea00e7fd3115900d44a3eaef2cd,CB,서울,151,12,2000
92dc2ea9c23098279f53999af944880d1e6e39370695e8cb2757bc901305b80d,BB,서울,130,18,1400
dc54a78dc1ef60030a5618fa2926bb8a4adf82e6d4cf5858f426a4be793fcb70,CD,경기,171,00,2000
9bca10a14192375d05bfa45d5a1c224255512d6a12f5dd2f8cce269143e0ce05,AD,서울,158,14,6200
2ef474cddedaba7788dc317f9ccaffee624a7923804c3d3237f9fbc7f24b5868,AC,서울,29,23,3400
0e133ed960bd91e7d0658875b115fb98928c9953ca48922d7061665b4e0fdecf,AC,서울,34,14,3400
75bcd567fe9994519bdac80530e6381305d4ec3678afb7c8367b74ff1f75f46f,BA,경기,56,07,1200
75bcd567fe9994519bdac80530e6381305d4ec3678afb7c8367b74ff1f75f46f,BA,경기,52,07,1200
a8722c6e4006ebea0e4debd8ae4315a9a9d3a3934f042d79d783c40c2ec76d23,AC,경기,34,15,3400
bc6e29974d006ba6e999a74b1fbfeab437cd497689f8abd3561bc8a318412865,AD,서울,176,22,1700
f56619885d332dfb621ab72810735b0305f2d0319dd8661f15bab93e36c61f39,BA,서울,179,12,1200
489d6fe392099d8a1776e207c8b0ed4b005cc385b32c1f1dcb251017add1b0db,CD,서울,153,00,2000
fb9fe19b8b427a73452ec9f78c32f20df92b9f94353c3190f49ae364cbe9c3a9,AD,부산,42,00,1700
ca2c088cb6573ed024389af75fdcef101a836d55ddb04d78f6a66d74b0dddee2,CD,서울,140,17,2000
43b36363e5918e5641a2faf2fa83f083723888425f71ea63e49d3dd04b6b9464,AC,서울,150,16,1800
594fea818ff250c7ecdedf062251ca8c4a9e93446f2f884388759a63df427c58,AD,서울,132,18,3200
d810ceed93102216e4c469ef9c2d7c3faf3c17c0527d1278cd5cacb197fcf24e,BB,경기,69,22,3800
e41f364365079ed79bd7ed544d32ab68df4e60a53399cb9839e9632ab27beae9,AB,서울,148,16,2200
2c5893e864fb29d4767cfc90849bfe161a51c94d93c381f12ed17fc63bc69755,CD,경기,150,21,2000
1678f6d94bccaff4b7dae6cbda45fdf051185fd10e4134948cba28d20099a762,AB,서울,111,16,2200
581bc7feb6fa21ee34cd557081894ba33647719755cdc6885bf0e1c65c844873,BB,서울,148,10,1400
e14cb4a1170173da481f2dddd7bba7499d490449f88db9ad891f939cdb6d87a2,BB,경기,94,05,3800
a6f2dc2a290547310624fd0ea73981534f5a35cbab0c9e38d499328cc9f30954,BB,서울,165,10,1400
a6f2dc2a290547310624fd0ea73981534f5a35cbab0c9e38d499328cc9f30954,BB,서울,162,01,1400
bdaa95922949c9c5cb58fb897fcda48f1f3438a0ce8ac0eeea825849f24c363c,BB,경기,141,18,1400
88e27bb980755596abbaa72309f0ef98983252cc55d45d69ad4407753e633640,BB,경기,100,16,1400
ac682d7be1677c4b929258d4aea9cea09757eb75e2e76b97202d6500128c530c,BB,부산,73,11,3800
954a993de4eb6325c943b475d913cb36d436f3e5aa485bbaa3ac2762d6b32926,AC,서울,149,15,5000
9eae89b0a0df3ac43847c96398818f53f0662306f50a589d1663afdd702c0287,BB,경기,97,10,1400
6e86d121a145f9db76458a05766ff32a207d302f59459761b4d60e3d95996913,CD,경기,127,17,2000
2cd69fffbb83d60f3f3e74e5d2dba74a758caeaf1386ebcee1e8f69a04aaa2a7,CD,경기,179,20,2000
015496c4df4f2e09a96f25429d09d7ebe0df4c1de0755afc54ae072c6cc1db08,AC,부산,168,22,5000
0aa1f1700dfe05ea81a0956c67a75ac5cf6e3facdec0ade0cc422fb01ee47f69,BB,서울,144,09,1400
7bbf9a10152ab165351062f00ac5021b360e5135704eebe3fc5cc0832ef904bd,BB,부산,132,15,1400
e99b146191da321df874d3f05dd6163c7db6bb0d7b3671bb7754cc4e5afecceb,AC,서울,145,21,1800
bd1e5423d35aa1de0bf0f50cd277c1e2472b334dbb699185f08b01ebaab338a3,AC,경기,72,00,5000
807140bf1fc9c32ac12311fb2a5c05f96030d0a1bcf3ed1f33af981b864a83bb,CD,부산,168,21,3500
ecfebf119d9a13a703e3534814d8ca3c1afba27749bfa60038014b30acb99877,BB,경기,169,12,1400
602912ef2ca200772cec174cc014e85f24eb1bc70be132758c760af8b8e8cdb7,AC,서울,72,21,1800
e81bf0bcfc488b3cf51216fa82f9fda9f7c0c234e7f73388f581fa07acf8b4e0,CB,경기,160,17,2000
1537cbfdbaf727fb52ac35ffa57ede5290b694abac9c71b29614e8f1dd58b96b,AD,서울,163,08,3200
8652fc4dcc7deaa98c5de249fe775758cc196f3903777e313eb14561e6af8526,AD,서울,137,21,3200
b50f43a8b364f9a775b8ff5c897df4ba41bbfd58896787f876c6e7a171045fc8,BB,경기,177,15,1400
2107dd0c80f3d10dea60c554c58bfe6ec8f78e782496e7e2c850d75993e24380,AD,서울,80,09,3200
944f2c16dd721ca7df213b7e3ec0b3227178c55569529ecf8e2bf6f14064bf99,BB,서울,173,19,1400
8fa6954c0ea934f0ece6c22a08660e74a9b9ae6743955455d0a196a03e74ac5b,BB,서울,151,15,1400
8fa6954c0ea934f0ece6c22a08660e74a9b9ae6743955455d0a196a03e74ac5b,BB,서울,147,22,2600
d6325f750a67d89fa0e4e184317c88ebfebe286402056a7e25861387d6d6c794,BB,서울,162,13,1400
3c84148e606122f070d6bb0daa5142282a567b45a56c23dca371c02ef99df16c,AD,서울,138,14,1700
53842a6a768127e5376aa9b1e62e431f9b658aaf1af9585ca12598d2b7ee8cf7,AD,서울,173,19,1700
8bae7b7bf5b31aa3e7697f9eed5ae91b82de4be7c36f689c06b7c48179403690,BA,경기,162,16,1200
1a456c6be418d76b4af7cf3bb15cc9a127563cbe5c72e9df94994f2128812c6f,BA,서울,171,10,1200
4e89ca6eb215b5765f234688f91f095bf25def18e076962bbf1c1758f157a423,AD,서울,163,17,1700
4ab58c448e552d2c3355c60a9d88c849bfc3ef5d292d9702549cc4401154c50f,AD,서울,81,18,1700
