시도,시군구,자격별,성별,연령구분,신청자,1등급,2등급,3등급,4등급,5등급,인지지원등급,등급외A,등급외B,등급외C
서울,종로구,일반,남자,65세미만,34 ,0 ,2 ,8 ,8 ,0 ,0 ,5 ,5 ,1 
서울,종로구,일반,남자,65-69세,55 ,2 ,4 ,11 ,8 ,0 ,0 ,9 ,1 ,4 
서울,종로구,일반,남자,70-74세,67 ,2 ,4 ,11 ,16 ,4 ,0 ,6 ,1 ,1 
서울,종로구,일반,남자,75-79세,106 ,5 ,8 ,19 ,30 ,3 ,1 ,5 ,3 ,2 
서울,종로구,일반,남자,80-84세,163 ,11 ,6 ,29 ,52 ,16 ,2 ,7 ,6 ,2 
서울,종로구,일반,남자,85세이상,244 ,14 ,23 ,69 ,68 ,12 ,6 ,6 ,5 ,3 
서울,종로구,일반,여자,65세미만,26 ,2 ,2 ,4 ,2 ,0 ,0 ,2 ,2 ,3 
서울,종로구,일반,여자,65-69세,55 ,2 ,4 ,13 ,10 ,1 ,0 ,6 ,0 ,1 
서울,종로구,일반,여자,70-74세,109 ,6 ,3 ,14 ,21 ,4 ,2 ,9 ,6 ,0 
서울,종로구,일반,여자,75-79세,201 ,3 ,13 ,22 ,58 ,16 ,2 ,22 ,8 ,1 
서울,종로구,일반,여자,80-84세,398 ,24 ,12 ,82 ,109 ,25 ,9 ,33 ,14 ,4 
서울,종로구,일반,여자,85세이상,570 ,53 ,70 ,152 ,159 ,41 ,6 ,17 ,6 ,2 
서울,종로구,기초,남자,65세미만,18 ,1 ,0 ,3 ,7 ,0 ,0 ,1 ,1 ,0 
서울,종로구,기초,남자,65-69세,26 ,0 ,1 ,1 ,5 ,1 ,2 ,4 ,2 ,0 
서울,종로구,기초,남자,70-74세,18 ,1 ,0 ,2 ,5 ,0 ,0 ,5 ,3 ,0 
서울,종로구,기초,남자,75-79세,19 ,1 ,1 ,2 ,6 ,2 ,0 ,0 ,1 ,0 
서울,종로구,기초,남자,80-84세,14 ,0 ,1 ,1 ,7 ,1 ,1 ,0 ,2 ,0 
서울,종로구,기초,남자,85세이상,16 ,0 ,0 ,2 ,6 ,0 ,0 ,2 ,1 ,1 
서울,종로구,기초,여자,65세미만,5 ,0 ,1 ,0 ,3 ,0 ,0 ,0 ,0 ,0 
서울,종로구,기초,여자,65-69세,17 ,0 ,1 ,5 ,3 ,0 ,0 ,1 ,1 ,0 
서울,종로구,기초,여자,70-74세,19 ,1 ,0 ,0 ,9 ,0 ,0 ,1 ,2 ,0 
서울,종로구,기초,여자,75-79세,33 ,0 ,1 ,6 ,10 ,2 ,0 ,4 ,2 ,0 
서울,종로구,기초,여자,80-84세,54 ,2 ,4 ,11 ,18 ,3 ,2 ,4 ,1 ,0 
서울,종로구,기초,여자,85세이상,74 ,7 ,13 ,19 ,18 ,2 ,1 ,6 ,1 ,1 
서울,종로구,의료,남자,65-69세,0 ,0 ,0 ,0 ,0 ,0 ,0 ,0 ,0 ,0 
서울,종로구,의료,여자,65-69세,3 ,0 ,1 ,0 ,0 ,0 ,0 ,0 ,0 ,0 
서울,종로구,의료,여자,75-79세,0 ,0 ,0 ,0 ,0 ,0 ,0 ,0 ,0 ,0 
서울,종로구,의료,여자,80-84세,1 ,0 ,0 ,0 ,0 ,0 ,0 ,0 ,0 ,0 
서울,종로구,의료,여자,85세이상,7 ,0 ,1 ,1 ,2 ,0 ,0 ,0 ,0 ,0 
서울,종로구,감경,남자,65세미만,13 ,0 ,0 ,6 ,4 ,2 ,0 ,0 ,0 ,0 
서울,종로구,감경,남자,65-69세,15 ,2 ,1 ,2 ,8 ,1 ,0 ,0 ,0 ,0 
서울,종로구,감경,남자,70-74세,23 ,2 ,2 ,8 ,8 ,2 ,1 ,0 ,0 ,0 
서울,종로구,감경,남자,75-79세,35 ,2 ,6 ,6 ,15 ,3 ,0 ,1 ,0 ,0 
서울,종로구,감경,남자,80-84세,35 ,2 ,6 ,12 ,7 ,3 ,2 ,0 ,0 ,0 
서울,종로구,감경,남자,85세이상,48 ,3 ,4 ,16 ,17 ,3 ,1 ,0 ,1 ,0 
서울,종로구,감경,여자,65세미만,8 ,3 ,0 ,2 ,1 ,0 ,0 ,0 ,1 ,0 
서울,종로구,감경,여자,65-69세,19 ,0 ,1 ,7 ,6 ,1 ,0 ,2 ,0 ,0 
서울,종로구,감경,여자,70-74세,42 ,4 ,7 ,9 ,14 ,4 ,0 ,0 ,0 ,0 
서울,종로구,감경,여자,75-79세,70 ,4 ,6 ,24 ,21 ,6 ,1 ,1 ,0 ,0 
서울,종로구,감경,여자,80-84세,150 ,12 ,13 ,27 ,80 ,9 ,3 ,2 ,0 ,0 
서울,종로구,감경,여자,85세이상,261 ,22 ,40 ,89 ,80 ,18 ,3 ,0 ,1 ,0 
서울,중구,일반,남자,65세미만,28 ,1 ,1 ,6 ,0 ,0 ,0 ,5 ,4 ,5 
서울,중구,일반,남자,65-69세,50 ,4 ,1 ,8 ,7 ,1 ,0 ,6 ,5 ,5 
서울,중구,일반,남자,70-74세,58 ,0 ,0 ,13 ,10 ,4 ,0 ,9 ,2 ,3 
서울,중구,일반,남자,75-79세,98 ,3 ,8 ,12 ,25 ,11 ,5 ,10 ,5 ,1 
서울,중구,일반,남자,80-84세,145 ,4 ,7 ,26 ,40 ,10 ,6 ,7 ,9 ,6 
서울,중구,일반,남자,85세이상,146 ,4 ,13 ,38 ,39 ,11 ,5 ,4 ,2 ,4 
서울,중구,일반,여자,65세미만,23 ,2 ,0 ,3 ,2 ,2 ,0 ,0 ,2 ,6 
서울,중구,일반,여자,65-69세,51 ,1 ,0 ,6 ,8 ,1 ,1 ,7 ,3 ,4 
서울,중구,일반,여자,70-74세,89 ,0 ,4 ,14 ,14 ,5 ,1 ,12 ,7 ,3 
서울,중구,일반,여자,75-79세,193 ,5 ,5 ,25 ,37 ,20 ,10 ,14 ,7 ,8 
서울,중구,일반,여자,80-84세,275 ,5 ,16 ,45 ,90 ,33 ,7 ,10 ,10 ,6 
서울,중구,일반,여자,85세이상,420 ,23 ,43 ,113 ,124 ,33 ,4 ,15 ,7 ,6 
서울,중구,기초,남자,65세미만,23 ,2 ,2 ,4 ,3 ,0 ,0 ,2 ,3 ,1 
서울,중구,기초,남자,65-69세,26 ,1 ,0 ,2 ,10 ,1 ,0 ,4 ,0 ,3 
서울,중구,기초,남자,70-74세,24 ,0 ,0 ,2 ,10 ,2 ,2 ,1 ,0 ,3 
서울,중구,기초,남자,75-79세,28 ,1 ,0 ,8 ,2 ,2 ,3 ,3 ,3 ,1 
서울,중구,기초,남자,80-84세,27 ,0 ,2 ,1 ,9 ,3 ,0 ,3 ,1 ,1 
서울,중구,기초,남자,85세이상,11 ,0 ,0 ,1 ,5 ,1 ,1 ,0 ,0 ,0 
서울,중구,기초,여자,65세미만,5 ,1 ,0 ,1 ,1 ,1 ,0 ,0 ,0 ,0 
서울,중구,기초,여자,65-69세,31 ,0 ,1 ,4 ,6 ,0 ,0 ,5 ,4 ,4 
서울,중구,기초,여자,70-74세,37 ,1 ,1 ,3 ,13 ,5 ,1 ,3 ,2 ,1 
서울,중구,기초,여자,75-79세,45 ,0 ,2 ,4 ,12 ,8 ,1 ,3 ,4 ,0 
서울,중구,기초,여자,80-84세,73 ,0 ,2 ,7 ,38 ,7 ,0 ,4 ,6 ,1 
서울,중구,기초,여자,85세이상,92 ,4 ,7 ,31 ,34 ,6 ,3 ,4 ,3 ,0 
서울,중구,의료,남자,70-74세,1 ,0 ,0 ,0 ,0 ,0 ,0 ,0 ,0 ,0 
서울,중구,의료,남자,75-79세,0 ,0 ,0 ,0 ,0 ,0 ,0 ,0 ,0 ,0 
서울,중구,의료,남자,80-84세,0 ,0 ,0 ,0 ,0 ,0 ,0 ,0 ,0 ,0 
서울,중구,의료,남자,85세이상,3 ,0 ,0 ,1 ,1 ,1 ,0 ,0 ,0 ,0 
서울,중구,의료,여자,70-74세,0 ,0 ,0 ,0 ,0 ,0 ,0 ,0 ,0 ,0 
서울,중구,의료,여자,75-79세,1 ,0 ,0 ,0 ,1 ,0 ,0 ,0 ,0 ,0 
서울,중구,의료,여자,80-84세,2 ,0 ,0 ,1 ,1 ,0 ,0 ,0 ,0 ,0 
서울,중구,의료,여자,85세이상,9 ,1 ,1 ,3 ,0 ,1 ,0 ,1 ,0 ,0 
서울,중구,감경,남자,65세미만,5 ,0 ,0 ,3 ,1 ,0 ,0 ,0 ,0 ,0 
서울,중구,감경,남자,65-69세,21 ,4 ,0 ,3 ,9 ,1 ,1 ,1 ,0 ,0 
서울,중구,감경,남자,70-74세,25 ,1 ,1 ,14 ,3 ,1 ,1 ,0 ,1 ,1 
서울,중구,감경,남자,75-79세,47 ,2 ,2 ,12 ,17 ,6 ,6 ,1 ,0 ,0 
서울,중구,감경,남자,80-84세,41 ,2 ,5 ,11 ,14 ,6 ,2 ,0 ,0 ,0 
서울,중구,감경,남자,85세이상,48 ,1 ,4 ,13 ,24 ,4 ,1 ,0 ,0 ,0 
서울,중구,감경,여자,65세미만,5 ,2 ,0 ,0 ,0 ,0 ,1 ,0 ,0 ,0 
서울,중구,감경,여자,65-69세,13 ,2 ,1 ,5 ,2 ,2 ,0 ,0 ,0 ,1 
서울,중구,감경,여자,70-74세,31 ,0 ,5 ,6 ,10 ,1 ,1 ,2 ,1 ,0 
서울,중구,감경,여자,75-79세,41 ,1 ,1 ,11 ,15 ,3 ,0 ,2 ,1 ,1 
서울,중구,감경,여자,80-84세,119 ,2 ,6 ,32 ,48 ,13 ,5 ,1 ,2 ,1 
서울,중구,감경,여자,85세이상,196 ,13 ,22 ,69 ,70 ,13 ,3 ,3 ,0 ,0 
서울,용산구,일반,남자,65세미만,26 ,2 ,1 ,5 ,2 ,0 ,0 ,6 ,2 ,1 
서울,용산구,일반,남자,65-69세,49 ,1 ,2 ,14 ,13 ,0 ,2 ,3 ,3 ,0 
서울,용산구,일반,남자,70-74세,73 ,2 ,4 ,19 ,23 ,4 ,0 ,6 ,2 ,0 
서울,용산구,일반,남자,75-79세,120 ,5 ,10 ,26 ,29 ,7 ,2 ,6 ,2 ,4 
서울,용산구,일반,남자,80-84세,193 ,4 ,19 ,49 ,58 ,13 ,6 ,5 ,6 ,4 
서울,용산구,일반,남자,85세이상,291 ,13 ,38 ,79 ,97 ,10 ,4 ,11 ,5 ,4 
서울,용산구,일반,여자,65세미만,26 ,2 ,0 ,6 ,5 ,1 ,0 ,5 ,1 ,2 
서울,용산구,일반,여자,65-69세,55 ,2 ,1 ,10 ,14 ,0 ,0 ,6 ,3 ,1 
서울,용산구,일반,여자,70-74세,128 ,4 ,6 ,20 ,22 ,11 ,1 ,11 ,8 ,4 
서울,용산구,일반,여자,75-79세,245 ,7 ,12 ,37 ,60 ,18 ,2 ,12 ,13 ,4 
서울,용산구,일반,여자,80-84세,502 ,18 ,30 ,110 ,167 ,40 ,9 ,28 ,13 ,5 
서울,용산구,일반,여자,85세이상,815 ,30 ,115 ,222 ,277 ,38 ,10 ,27 ,9 ,1 
서울,용산구,기초,남자,65세미만,25 ,1 ,3 ,5 ,2 ,1 ,0 ,3 ,1 ,2 
서울,용산구,기초,남자,65-69세,39 ,1 ,0 ,5 ,8 ,2 ,1 ,3 ,2 ,3 
서울,용산구,기초,남자,70-74세,28 ,0 ,0 ,7 ,8 ,3 ,0 ,1 ,2 ,0 
서울,용산구,기초,남자,75-79세,23 ,1 ,0 ,3 ,5 ,2 ,1 ,4 ,0 ,1 
서울,용산구,기초,남자,80-84세,24 ,1 ,2 ,8 ,6 ,0 ,1 ,0 ,1 ,0 
서울,용산구,기초,남자,85세이상,24 ,1 ,3 ,7 ,4 ,0 ,1 ,2 ,3 ,1 
서울,용산구,기초,여자,65세미만,13 ,1 ,2 ,2 ,3 ,0 ,2 ,1 ,0 ,1 
서울,용산구,기초,여자,65-69세,39 ,0 ,3 ,2 ,9 ,0 ,0 ,5 ,3 ,2 
서울,용산구,기초,여자,70-74세,34 ,0 ,0 ,6 ,7 ,1 ,0 ,2 ,5 ,0 
서울,용산구,기초,여자,75-79세,60 ,0 ,2 ,7 ,25 ,7 ,3 ,2 ,2 ,1 
서울,용산구,기초,여자,80-84세,66 ,1 ,4 ,11 ,26 ,5 ,1 ,8 ,3 ,0 
서울,용산구,기초,여자,85세이상,127 ,4 ,8 ,26 ,53 ,8 ,0 ,6 ,4 ,3 
서울,용산구,의료,남자,65세미만,0 ,0 ,0 ,0 ,0 ,0 ,0 ,0 ,0 ,0 
서울,용산구,의료,남자,65-69세,1 ,0 ,0 ,0 ,0 ,0 ,0 ,0 ,0 ,0 
서울,용산구,의료,남자,70-74세,2 ,0 ,1 ,1 ,0 ,0 ,0 ,0 ,0 ,0 
서울,용산구,의료,남자,75-79세,1 ,0 ,0 ,1 ,0 ,0 ,0 ,0 ,0 ,0 
서울,용산구,의료,남자,85세이상,2 ,0 ,0 ,0 ,1 ,0 ,0 ,0 ,0 ,0 
서울,용산구,의료,여자,65세미만,1 ,0 ,0 ,0 ,1 ,0 ,0 ,0 ,0 ,0 
서울,용산구,의료,여자,70-74세,1 ,0 ,0 ,0 ,0 ,0 ,0 ,0 ,0 ,0 
서울,용산구,의료,여자,75-79세,2 ,0 ,0 ,1 ,1 ,0 ,0 ,0 ,0 ,0 
서울,용산구,의료,여자,80-84세,3 ,0 ,0 ,1 ,1 ,0 ,0 ,0 ,0 ,0 
서울,용산구,의료,여자,85세이상,7 ,0 ,1 ,1 ,3 ,1 ,0 ,0 ,0 ,0 
서울,용산구,감경,남자,65세미만,3 ,0 ,0 ,1 ,0 ,2 ,0 ,0 ,0 ,0 
서울,용산구,감경,남자,65-69세,19 ,0 ,2 ,4 ,9 ,3 ,0 ,0 ,0 ,0 
서울,용산구,감경,남자,70-74세,20 ,1 ,2 ,11 ,4 ,0 ,1 ,0 ,0 ,0 
서울,용산구,감경,남자,75-79세,25 ,2 ,2 ,9 ,9 ,3 ,0 ,0 ,0 ,0 
서울,용산구,감경,남자,80-84세,49 ,1 ,5 ,16 ,21 ,4 ,0 ,0 ,0 ,0 
서울,용산구,감경,남자,85세이상,47 ,3 ,6 ,14 ,15 ,8 ,0 ,0 ,0 ,0 
서울,용산구,감경,여자,65세미만,4 ,0 ,1 ,2 ,1 ,0 ,0 ,0 ,0 ,0 
서울,용산구,감경,여자,65-69세,12 ,0 ,1 ,2 ,7 ,1 ,0 ,1 ,0 ,0 
서울,용산구,감경,여자,70-74세,16 ,0 ,0 ,5 ,5 ,2 ,1 ,1 ,0 ,0 
서울,용산구,감경,여자,75-79세,74 ,1 ,8 ,17 ,38 ,4 ,4 ,0 ,0 ,0 
서울,용산구,감경,여자,80-84세,132 ,5 ,16 ,41 ,55 ,8 ,0 ,1 ,1 ,0 
서울,용산구,감경,여자,85세이상,234 ,15 ,36 ,64 ,102 ,7 ,0 ,1 ,1 ,0 
서울,성동구,일반,남자,65세미만,33 ,4 ,2 ,1 ,8 ,0 ,0 ,12 ,1 ,0 
서울,성동구,일반,남자,65-69세,81 ,3 ,2 ,14 ,24 ,1 ,2 ,8 ,8 ,3 
서울,성동구,일반,남자,70-74세,113 ,3 ,8 ,27 ,29 ,5 ,0 ,11 ,2 ,6 
서울,성동구,일반,남자,75-79세,186 ,13 ,8 ,31 ,50 ,19 ,5 ,14 ,8 ,3 
서울,성동구,일반,남자,80-84세,287 ,12 ,18 ,42 ,86 ,42 ,7 ,11 ,15 ,7 
서울,성동구,일반,남자,85세이상,303 ,13 ,17 ,54 ,107 ,33 ,13 ,10 ,14 ,3 
서울,성동구,일반,여자,65세미만,39 ,4 ,3 ,1 ,4 ,5 ,0 ,6 ,4 ,5 
서울,성동구,일반,여자,65-69세,104 ,11 ,5 ,13 ,11 ,5 ,3 ,17 ,3 ,5 
서울,성동구,일반,여자,70-74세,214 ,10 ,14 ,18 ,33 ,12 ,6 ,34 ,12 ,8 
서울,성동구,일반,여자,75-79세,408 ,10 ,18 ,46 ,108 ,30 ,8 ,47 ,37 ,10 
서울,성동구,일반,여자,80-84세,664 ,19 ,36 ,108 ,198 ,93 ,13 ,49 ,21 ,12 
서울,성동구,일반,여자,85세이상,824 ,41 ,58 ,195 ,273 ,85 ,14 ,42 ,20 ,11 
서울,성동구,기초,남자,65세미만,31 ,3 ,1 ,4 ,9 ,2 ,1 ,4 ,4 ,1 
서울,성동구,기초,남자,65-69세,39 ,2 ,1 ,5 ,10 ,1 ,2 ,9 ,0 ,2 
서울,성동구,기초,남자,70-74세,40 ,1 ,4 ,5 ,6 ,4 ,2 ,5 ,2 ,2 
서울,성동구,기초,남자,75-79세,28 ,1 ,0 ,4 ,9 ,2 ,0 ,3 ,1 ,1 
서울,성동구,기초,남자,80-84세,31 ,0 ,2 ,4 ,7 ,4 ,1 ,1 ,2 ,1 
서울,성동구,기초,남자,85세이상,29 ,0 ,1 ,3 ,11 ,1 ,1 ,2 ,4 ,0 
서울,성동구,기초,여자,65세미만,12 ,1 ,1 ,1 ,1 ,1 ,1 ,2 ,1 ,1 
서울,성동구,기초,여자,65-69세,37 ,1 ,3 ,1 ,6 ,1 ,1 ,5 ,4 ,4 
서울,성동구,기초,여자,70-74세,38 ,3 ,1 ,6 ,13 ,1 ,1 ,2 ,4 ,3 
서울,성동구,기초,여자,75-79세,81 ,3 ,1 ,18 ,26 ,5 ,1 ,6 ,3 ,4 
서울,성동구,기초,여자,80-84세,132 ,6 ,7 ,15 ,44 ,17 ,2 ,10 ,12 ,2 
서울,성동구,기초,여자,85세이상,160 ,6 ,14 ,41 ,62 ,8 ,2 ,6 ,7 ,0 
서울,성동구,의료,남자,70-74세,0 ,0 ,0 ,0 ,0 ,0 ,0 ,0 ,0 ,0 
서울,성동구,의료,남자,75-79세,1 ,0 ,1 ,0 ,0 ,0 ,0 ,0 ,0 ,0 
서울,성동구,의료,남자,80-84세,2 ,0 ,0 ,1 ,0 ,0 ,0 ,0 ,0 ,0 
서울,성동구,의료,남자,85세이상,3 ,0 ,0 ,1 ,1 ,0 ,0 ,1 ,0 ,0 
서울,성동구,의료,여자,65-69세,1 ,0 ,0 ,0 ,0 ,0 ,0 ,1 ,0 ,0 
서울,성동구,의료,여자,70-74세,1 ,1 ,0 ,0 ,0 ,0 ,0 ,0 ,0 ,0 
서울,성동구,의료,여자,75-79세,1 ,0 ,0 ,0 ,0 ,0 ,1 ,0 ,0 ,0 
서울,성동구,의료,여자,80-84세,8 ,0 ,2 ,0 ,3 ,0 ,1 ,1 ,0 ,0 
서울,성동구,의료,여자,85세이상,16 ,0 ,3 ,4 ,8 ,0 ,0 ,0 ,0 ,0 
서울,성동구,감경,남자,65세미만,24 ,0 ,2 ,9 ,5 ,1 ,0 ,0 ,0 ,0 
서울,성동구,감경,남자,65-69세,26 ,2 ,4 ,3 ,9 ,0 ,2 ,0 ,0 ,3 
서울,성동구,감경,남자,70-74세,46 ,5 ,4 ,16 ,10 ,5 ,2 ,1 ,1 ,0 
서울,성동구,감경,남자,75-79세,51 ,0 ,4 ,9 ,24 ,4 ,4 ,1 ,0 ,2 
서울,성동구,감경,남자,80-84세,65 ,3 ,6 ,11 ,32 ,8 ,3 ,0 ,1 ,0 
서울,성동구,감경,남자,85세이상,66 ,1 ,5 ,17 ,30 ,9 ,3 ,0 ,0 ,1 
서울,성동구,감경,여자,65세미만,16 ,3 ,2 ,3 ,5 ,0 ,0 ,1 ,0 ,0 
서울,성동구,감경,여자,65-69세,26 ,3 ,0 ,9 ,10 ,2 ,1 ,1 ,0 ,0 
서울,성동구,감경,여자,70-74세,60 ,4 ,7 ,18 ,20 ,3 ,2 ,0 ,0 ,1 
서울,성동구,감경,여자,75-79세,123 ,7 ,7 ,27 ,52 ,13 ,7 ,0 ,0 ,1 
서울,성동구,감경,여자,80-84세,204 ,5 ,9 ,54 ,91 ,24 ,12 ,2 ,1 ,1 
서울,성동구,감경,여자,85세이상,345 ,15 ,26 ,109 ,142 ,38 ,4 ,2 ,1 ,0 
서울,광진구,일반,남자,65세미만,50 ,6 ,4 ,2 ,10 ,1 ,0 ,7 ,4 ,2 
서울,광진구,일반,남자,65-69세,108 ,6 ,10 ,21 ,22 ,5 ,1 ,12 ,4 ,4 
서울,광진구,일반,남자,70-74세,144 ,2 ,6 ,36 ,44 ,5 ,1 ,9 ,5 ,4 
서울,광진구,일반,남자,75-79세,210 ,7 ,7 ,50 ,66 ,13 ,2 ,11 ,7 ,5 
서울,광진구,일반,남자,80-84세,322 ,8 ,12 ,84 ,110 ,23 ,14 ,17 ,7 ,4 
서울,광진구,일반,남자,85세이상,390 ,13 ,40 ,101 ,155 ,29 ,5 ,7 ,4 ,3 
서울,광진구,일반,여자,65세미만,45 ,1 ,1 ,12 ,11 ,0 ,0 ,7 ,1 ,3 
서울,광진구,일반,여자,65-69세,113 ,3 ,6 ,12 ,23 ,6 ,3 ,9 ,6 ,5 
서울,광진구,일반,여자,70-74세,236 ,11 ,13 ,38 ,53 ,13 ,3 ,24 ,11 ,4 
서울,광진구,일반,여자,75-79세,436 ,15 ,18 ,95 ,112 ,34 ,10 ,25 ,12 ,7 
서울,광진구,일반,여자,80-84세,722 ,18 ,37 ,168 ,261 ,61 ,14 ,35 ,14 ,3 
서울,광진구,일반,여자,85세이상,953 ,45 ,97 ,304 ,322 ,63 ,7 ,27 ,7 ,1 
서울,광진구,기초,남자,65세미만,48 ,2 ,3 ,6 ,11 ,6 ,2 ,2 ,4 ,3 
서울,광진구,기초,남자,65-69세,46 ,3 ,1 ,5 ,10 ,6 ,3 ,4 ,2 ,2 
서울,광진구,기초,남자,70-74세,40 ,1 ,5 ,2 ,19 ,1 ,1 ,1 ,1 ,5 
서울,광진구,기초,남자,75-79세,30 ,1 ,2 ,3 ,13 ,4 ,0 ,2 ,1 ,1 
서울,광진구,기초,남자,80-84세,42 ,0 ,3 ,10 ,15 ,6 ,2 ,0 ,2 ,1 
서울,광진구,기초,남자,85세이상,20 ,0 ,0 ,5 ,6 ,2 ,1 ,2 ,0 ,0 
서울,광진구,기초,여자,65세미만,25 ,1 ,4 ,2 ,10 ,0 ,1 ,1 ,0 ,0 
서울,광진구,기초,여자,65-69세,44 ,0 ,1 ,9 ,17 ,1 ,2 ,9 ,1 ,0 
서울,광진구,기초,여자,70-74세,65 ,2 ,1 ,4 ,27 ,6 ,2 ,5 ,5 ,1 
서울,광진구,기초,여자,75-79세,83 ,4 ,4 ,15 ,28 ,6 ,0 ,5 ,6 ,6 
서울,광진구,기초,여자,80-84세,113 ,1 ,11 ,25 ,45 ,9 ,1 ,5 ,5 ,2 
서울,광진구,기초,여자,85세이상,165 ,7 ,18 ,57 ,64 ,8 ,0 ,2 ,2 ,1 
서울,광진구,의료,남자,65세미만,1 ,0 ,0 ,0 ,0 ,0 ,0 ,0 ,0 ,0 
서울,광진구,의료,남자,65-69세,0 ,0 ,0 ,0 ,0 ,0 ,0 ,0 ,0 ,0 
서울,광진구,의료,남자,70-74세,1 ,0 ,0 ,0 ,1 ,0 ,0 ,0 ,0 ,0 
서울,광진구,의료,남자,75-79세,2 ,0 ,0 ,0 ,1 ,0 ,0 ,0 ,0 ,0 
서울,광진구,의료,남자,80-84세,1 ,0 ,0 ,1 ,0 ,0 ,0 ,0 ,0 ,0 
서울,광진구,의료,남자,85세이상,4 ,0 ,1 ,1 ,1 ,0 ,0 ,0 ,0 ,0 
서울,광진구,의료,여자,65-69세,0 ,0 ,0 ,0 ,0 ,0 ,0 ,0 ,0 ,0 
서울,광진구,의료,여자,70-74세,1 ,0 ,1 ,0 ,0 ,0 ,0 ,0 ,0 ,0 
서울,광진구,의료,여자,75-79세,3 ,0 ,0 ,0 ,0 ,1 ,1 ,0 ,0 ,0 
서울,광진구,의료,여자,80-84세,3 ,0 ,1 ,1 ,1 ,0 ,0 ,0 ,0 ,0 
서울,광진구,의료,여자,85세이상,24 ,1 ,2 ,9 ,8 ,1 ,0 ,0 ,0 ,0 
서울,광진구,감경,남자,65세미만,29 ,3 ,3 ,8 ,8 ,4 ,0 ,0 ,0 ,1 
서울,광진구,감경,남자,65-69세,29 ,0 ,5 ,7 ,7 ,2 ,1 ,0 ,1 ,0 
서울,광진구,감경,남자,70-74세,57 ,2 ,4 ,18 ,22 ,6 ,0 ,1 ,0 ,0 
서울,광진구,감경,남자,75-79세,64 ,1 ,6 ,21 ,29 ,4 ,0 ,0 ,0 ,0 
서울,광진구,감경,남자,80-84세,79 ,1 ,4 ,17 ,42 ,9 ,1 ,0 ,0 ,0 
서울,광진구,감경,남자,85세이상,89 ,3 ,4 ,25 ,48 ,8 ,0 ,0 ,0 ,0 
서울,광진구,감경,여자,65세미만,24 ,3 ,4 ,4 ,5 ,3 ,0 ,0 ,0 ,0 
서울,광진구,감경,여자,65-69세,52 ,2 ,6 ,12 ,19 ,4 ,1 ,1 ,2 ,0 
서울,광진구,감경,여자,70-74세,76 ,3 ,3 ,24 ,36 ,3 ,2 ,1 ,0 ,1 
서울,광진구,감경,여자,75-79세,141 ,8 ,13 ,38 ,54 ,13 ,4 ,0 ,1 ,0 
서울,광진구,감경,여자,80-84세,304 ,10 ,26 ,88 ,140 ,22 ,5 ,1 ,0 ,0 
서울,광진구,감경,여자,85세이상,438 ,19 ,59 ,153 ,173 ,23 ,2 ,0 ,0 ,0 
서울,동대문구,일반,남자,65세미만,70 ,9 ,2 ,15 ,8 ,1 ,2 ,7 ,5 ,0 
서울,동대문구,일반,남자,65-69세,130 ,4 ,14 ,21 ,20 ,5 ,0 ,19 ,7 ,6 
서울,동대문구,일반,남자,70-74세,183 ,13 ,10 ,22 ,49 ,15 ,2 ,21 ,8 ,1 
서울,동대문구,일반,남자,75-79세,294 ,14 ,16 ,59 ,77 ,18 ,7 ,28 ,19 ,4 
서울,동대문구,일반,남자,80-84세,385 ,15 ,25 ,66 ,120 ,41 ,14 ,19 ,14 ,3 
서울,동대문구,일반,남자,85세이상,419 ,10 ,15 ,85 ,135 ,50 ,18 ,33 ,15 ,4 
서울,동대문구,일반,여자,65세미만,50 ,8 ,3 ,1 ,7 ,1 ,0 ,9 ,2 ,0 
서울,동대문구,일반,여자,65-69세,181 ,11 ,7 ,19 ,27 ,9 ,4 ,23 ,9 ,9 
서울,동대문구,일반,여자,70-74세,288 ,8 ,11 ,37 ,49 ,18 ,5 ,44 ,18 ,3 
서울,동대문구,일반,여자,75-79세,583 ,24 ,24 ,93 ,152 ,57 ,19 ,53 ,20 ,9 
서울,동대문구,일반,여자,80-84세,965 ,39 ,48 ,163 ,321 ,88 ,26 ,71 ,34 ,8 
서울,동대문구,일반,여자,85세이상,1093 ,44 ,87 ,233 ,361 ,129 ,15 ,41 ,33 ,7 
서울,동대문구,기초,남자,65세미만,91 ,3 ,4 ,17 ,17 ,5 ,4 ,10 ,5 ,1 
서울,동대문구,기초,남자,65-69세,110 ,6 ,6 ,12 ,27 ,12 ,1 ,10 ,9 ,6 
서울,동대문구,기초,남자,70-74세,82 ,4 ,4 ,14 ,20 ,7 ,2 ,6 ,7 ,4 
서울,동대문구,기초,남자,75-79세,65 ,2 ,1 ,9 ,17 ,8 ,4 ,3 ,9 ,1 
서울,동대문구,기초,남자,80-84세,70 ,0 ,3 ,8 ,26 ,8 ,3 ,4 ,2 ,3 
서울,동대문구,기초,남자,85세이상,41 ,2 ,3 ,8 ,14 ,5 ,1 ,2 ,3 ,0 
서울,동대문구,기초,여자,65세미만,43 ,1 ,6 ,5 ,9 ,3 ,1 ,5 ,1 ,1 
서울,동대문구,기초,여자,65-69세,75 ,1 ,7 ,9 ,16 ,2 ,2 ,7 ,3 ,3 
서울,동대문구,기초,여자,70-74세,91 ,2 ,4 ,15 ,30 ,7 ,3 ,6 ,4 ,1 
서울,동대문구,기초,여자,75-79세,167 ,3 ,4 ,26 ,60 ,20 ,6 ,9 ,12 ,2 
서울,동대문구,기초,여자,80-84세,229 ,3 ,8 ,42 ,90 ,27 ,2 ,17 ,7 ,4 
서울,동대문구,기초,여자,85세이상,227 ,14 ,10 ,43 ,94 ,22 ,3 ,11 ,6 ,5 
서울,동대문구,의료,남자,65-69세,0 ,0 ,0 ,0 ,0 ,0 ,0 ,0 ,0 ,0 
서울,동대문구,의료,남자,70-74세,0 ,0 ,0 ,0 ,0 ,0 ,0 ,0 ,0 ,0 
서울,동대문구,의료,남자,75-79세,2 ,0 ,1 ,1 ,0 ,0 ,0 ,0 ,0 ,0 
서울,동대문구,의료,남자,80-84세,1 ,0 ,0 ,0 ,0 ,0 ,1 ,0 ,0 ,0 
서울,동대문구,의료,남자,85세이상,3 ,0 ,0 ,0 ,0 ,1 ,0 ,1 ,0 ,0 
서울,동대문구,의료,여자,65세미만,2 ,0 ,0 ,0 ,0 ,0 ,0 ,1 ,0 ,0 
서울,동대문구,의료,여자,65-69세,0 ,0 ,0 ,0 ,0 ,0 ,0 ,0 ,0 ,0 
서울,동대문구,의료,여자,70-74세,2 ,0 ,0 ,0 ,1 ,0 ,0 ,0 ,0 ,0 
서울,동대문구,의료,여자,75-79세,4 ,0 ,0 ,0 ,1 ,0 ,0 ,1 ,0 ,0 
서울,동대문구,의료,여자,80-84세,5 ,0 ,0 ,1 ,1 ,2 ,0 ,1 ,0 ,0 
서울,동대문구,의료,여자,85세이상,12 ,0 ,1 ,6 ,3 ,1 ,0 ,0 ,0 ,0 
서울,동대문구,감경,남자,65세미만,43 ,5 ,2 ,14 ,11 ,3 ,1 ,0 ,0 ,0 
서울,동대문구,감경,남자,65-69세,60 ,6 ,4 ,17 ,17 ,7 ,2 ,2 ,1 ,0 
서울,동대문구,감경,남자,70-74세,93 ,6 ,7 ,22 ,35 ,16 ,3 ,2 ,0 ,0 
서울,동대문구,감경,남자,75-79세,84 ,2 ,7 ,21 ,29 ,16 ,3 ,2 ,1 ,0 
서울,동대문구,감경,남자,80-84세,124 ,8 ,5 ,27 ,47 ,22 ,7 ,2 ,2 ,0 
서울,동대문구,감경,남자,85세이상,135 ,4 ,10 ,31 ,63 ,19 ,4 ,0 ,1 ,0 
서울,동대문구,감경,여자,65세미만,24 ,4 ,2 ,7 ,4 ,3 ,0 ,1 ,0 ,0 
서울,동대문구,감경,여자,65-69세,57 ,9 ,4 ,18 ,18 ,1 ,2 ,1 ,0 ,0 
서울,동대문구,감경,여자,70-74세,96 ,7 ,5 ,24 ,30 ,7 ,10 ,3 ,0 ,0 
서울,동대문구,감경,여자,75-79세,236 ,21 ,10 ,38 ,116 ,28 ,3 ,4 ,0 ,1 
서울,동대문구,감경,여자,80-84세,364 ,24 ,27 ,71 ,171 ,38 ,13 ,6 ,1 ,0 
서울,동대문구,감경,여자,85세이상,581 ,36 ,51 ,187 ,229 ,53 ,6 ,5 ,0 ,0 
서울,중랑구,일반,남자,65세미만,87 ,5 ,3 ,11 ,10 ,1 ,1 ,19 ,5 ,6 
서울,중랑구,일반,남자,65-69세,152 ,6 ,8 ,28 ,38 ,4 ,0 ,14 ,12 ,7 
서울,중랑구,일반,남자,70-74세,220 ,7 ,17 ,55 ,33 ,9 ,3 ,24 ,10 ,5 
서울,중랑구,일반,남자,75-79세,293 ,16 ,17 ,63 ,81 ,21 ,0 ,18 ,11 ,7 
서울,중랑구,일반,남자,80-84세,387 ,14 ,24 ,90 ,113 ,30 ,6 ,22 ,11 ,7 
서울,중랑구,일반,남자,85세이상,380 ,16 ,26 ,82 ,116 ,34 ,11 ,19 ,12 ,1 
서울,중랑구,일반,여자,65세미만,79 ,4 ,6 ,11 ,8 ,5 ,0 ,11 ,3 ,6 
서울,중랑구,일반,여자,65-69세,192 ,7 ,11 ,33 ,34 ,4 ,4 ,20 ,11 ,11 
서울,중랑구,일반,여자,70-74세,295 ,5 ,9 ,44 ,62 ,19 ,8 ,34 ,14 ,6 
서울,중랑구,일반,여자,75-79세,646 ,16 ,40 ,108 ,182 ,44 ,19 ,50 ,42 ,11 
서울,중랑구,일반,여자,80-84세,919 ,30 ,55 ,189 ,292 ,70 ,24 ,49 ,34 ,9 
서울,중랑구,일반,여자,85세이상,934 ,44 ,90 ,267 ,329 ,45 ,14 ,22 ,17 ,6 
서울,중랑구,기초,남자,65세미만,148 ,9 ,7 ,30 ,49 ,7 ,4 ,14 ,8 ,5 
서울,중랑구,기초,남자,65-69세,170 ,6 ,7 ,28 ,56 ,9 ,1 ,18 ,8 ,11 
서울,중랑구,기초,남자,70-74세,125 ,3 ,9 ,22 ,50 ,8 ,0 ,7 ,4 ,5 
서울,중랑구,기초,남자,75-79세,107 ,3 ,7 ,25 ,34 ,6 ,1 ,12 ,3 ,5 
서울,중랑구,기초,남자,80-84세,79 ,5 ,6 ,17 ,25 ,5 ,0 ,5 ,2 ,5 
서울,중랑구,기초,남자,85세이상,59 ,1 ,7 ,9 ,23 ,2 ,2 ,5 ,4 ,0 
서울,중랑구,기초,여자,65세미만,70 ,8 ,4 ,17 ,23 ,1 ,1 ,5 ,2 ,2 
서울,중랑구,기초,여자,65-69세,137 ,9 ,5 ,29 ,34 ,4 ,3 ,19 ,9 ,3 
서울,중랑구,기초,여자,70-74세,134 ,4 ,8 ,25 ,47 ,6 ,2 ,7 ,6 ,4 
서울,중랑구,기초,여자,75-79세,263 ,5 ,22 ,66 ,75 ,19 ,2 ,15 ,13 ,4 
서울,중랑구,기초,여자,80-84세,317 ,22 ,32 ,79 ,101 ,23 ,5 ,13 ,4 ,6 
서울,중랑구,기초,여자,85세이상,466 ,44 ,74 ,126 ,159 ,17 ,7 ,7 ,5 ,2 
서울,중랑구,의료,남자,65세미만,2 ,0 ,1 ,0 ,0 ,0 ,0 ,1 ,0 ,0 
서울,중랑구,의료,남자,65-69세,1 ,0 ,0 ,1 ,0 ,0 ,0 ,0 ,0 ,0 
서울,중랑구,의료,남자,70-74세,1 ,0 ,0 ,0 ,0 ,0 ,0 ,0 ,0 ,1 
서울,중랑구,의료,남자,75-79세,3 ,0 ,0 ,2 ,1 ,0 ,0 ,0 ,0 ,0 
서울,중랑구,의료,남자,80-84세,2 ,0 ,0 ,0 ,1 ,0 ,0 ,0 ,0 ,0 
서울,중랑구,의료,남자,85세이상,8 ,0 ,1 ,4 ,2 ,1 ,0 ,0 ,0 ,0 
서울,중랑구,의료,여자,65세미만,0 ,0 ,0 ,0 ,0 ,0 ,0 ,0 ,0 ,0 
서울,중랑구,의료,여자,65-69세,1 ,0 ,0 ,0 ,0 ,0 ,0 ,0 ,0 ,0 
서울,중랑구,의료,여자,70-74세,3 ,0 ,0 ,1 ,0 ,0 ,0 ,1 ,1 ,0 
서울,중랑구,의료,여자,75-79세,5 ,0 ,0 ,0 ,0 ,0 ,0 ,0 ,0 ,0 
서울,중랑구,의료,여자,80-84세,7 ,0 ,1 ,2 ,4 ,0 ,0 ,0 ,0 ,0 
서울,중랑구,의료,여자,85세이상,28 ,2 ,6 ,5 ,8 ,2 ,0 ,1 ,0 ,0 
서울,중랑구,감경,남자,65세미만,57 ,4 ,5 ,18 ,19 ,1 ,0 ,1 ,1 ,0 
서울,중랑구,감경,남자,65-69세,101 ,11 ,10 ,30 ,37 ,3 ,1 ,3 ,0 ,0 
서울,중랑구,감경,남자,70-74세,124 ,6 ,5 ,51 ,50 ,6 ,2 ,0 ,1 ,0 
서울,중랑구,감경,남자,75-79세,157 ,5 ,14 ,51 ,64 ,9 ,4 ,0 ,0 ,2 
서울,중랑구,감경,남자,80-84세,187 ,2 ,18 ,62 ,74 ,17 ,6 ,0 ,0 ,1 
서울,중랑구,감경,남자,85세이상,186 ,2 ,16 ,68 ,76 ,16 ,3 ,0 ,1 ,0 
서울,중랑구,감경,여자,65세미만,51 ,8 ,6 ,17 ,9 ,3 ,0 ,1 ,0 ,0 
서울,중랑구,감경,여자,65-69세,75 ,4 ,8 ,19 ,27 ,6 ,0 ,1 ,1 ,0 
서울,중랑구,감경,여자,70-74세,159 ,8 ,14 ,47 ,55 ,18 ,5 ,2 ,0 ,2 
서울,중랑구,감경,여자,75-79세,313 ,17 ,20 ,94 ,127 ,30 ,10 ,5 ,0 ,0 
서울,중랑구,감경,여자,80-84세,542 ,27 ,44 ,175 ,198 ,55 ,11 ,3 ,4 ,0 
서울,중랑구,감경,여자,85세이상,732 ,51 ,114 ,228 ,275 ,43 ,6 ,4 ,1 ,0 
서울,성북구,일반,남자,65세미만,61 ,7 ,1 ,12 ,11 ,0 ,0 ,5 ,7 ,1 
서울,성북구,일반,남자,65-69세,145 ,8 ,7 ,29 ,29 ,6 ,0 ,19 ,7 ,7 
서울,성북구,일반,남자,70-74세,203 ,14 ,14 ,44 ,55 ,10 ,1 ,15 ,7 ,4 
서울,성북구,일반,남자,75-79세,326 ,22 ,15 ,84 ,90 ,15 ,5 ,25 ,9 ,4 
서울,성북구,일반,남자,80-84세,511 ,17 ,41 ,136 ,168 ,34 ,7 ,26 ,11 ,6 
서울,성북구,일반,남자,85세이상,564 ,13 ,61 ,126 ,217 ,40 ,5 ,22 ,10 ,1 
서울,성북구,일반,여자,65세미만,74 ,9 ,3 ,11 ,5 ,4 ,1 ,14 ,6 ,3 
서울,성북구,일반,여자,65-69세,170 ,8 ,10 ,17 ,32 ,7 ,2 ,29 ,9 ,6 
서울,성북구,일반,여자,70-74세,359 ,19 ,21 ,45 ,77 ,19 ,8 ,39 ,15 ,6 
서울,성북구,일반,여자,75-79세,664 ,29 ,32 ,111 ,192 ,55 ,10 ,64 ,28 ,4 
서울,성북구,일반,여자,80-84세,1147 ,51 ,106 ,233 ,384 ,99 ,15 ,72 ,29 ,5 
서울,성북구,일반,여자,85세이상,1355 ,74 ,160 ,390 ,449 ,70 ,7 ,44 ,10 ,6 
서울,성북구,기초,남자,65세미만,89 ,7 ,6 ,20 ,16 ,3 ,0 ,8 ,4 ,5 
서울,성북구,기초,남자,65-69세,93 ,1 ,4 ,11 ,34 ,6 ,1 ,9 ,6 ,3 
서울,성북구,기초,남자,70-74세,69 ,3 ,6 ,7 ,21 ,5 ,0 ,8 ,6 ,1 
서울,성북구,기초,남자,75-79세,69 ,4 ,4 ,13 ,19 ,3 ,1 ,8 ,3 ,0 
서울,성북구,기초,남자,80-84세,62 ,3 ,4 ,17 ,22 ,7 ,0 ,7 ,0 ,0 
서울,성북구,기초,남자,85세이상,62 ,0 ,7 ,11 ,25 ,5 ,0 ,3 ,2 ,0 
서울,성북구,기초,여자,65세미만,32 ,6 ,2 ,9 ,6 ,1 ,0 ,2 ,0 ,1 
서울,성북구,기초,여자,65-69세,91 ,6 ,4 ,12 ,19 ,3 ,2 ,17 ,3 ,3 
서울,성북구,기초,여자,70-74세,88 ,1 ,4 ,15 ,27 ,3 ,0 ,6 ,7 ,1 
서울,성북구,기초,여자,75-79세,166 ,5 ,9 ,26 ,65 ,9 ,3 ,17 ,7 ,8 
서울,성북구,기초,여자,80-84세,236 ,4 ,22 ,62 ,91 ,16 ,3 ,11 ,4 ,3 
서울,성북구,기초,여자,85세이상,322 ,18 ,61 ,96 ,101 ,16 ,2 ,7 ,2 ,1 
서울,성북구,의료,남자,65-69세,1 ,0 ,0 ,0 ,0 ,0 ,0 ,0 ,0 ,0 
서울,성북구,의료,남자,70-74세,1 ,0 ,1 ,0 ,0 ,0 ,0 ,0 ,0 ,0 
서울,성북구,의료,남자,75-79세,2 ,0 ,0 ,1 ,0 ,0 ,0 ,1 ,0 ,0 
서울,성북구,의료,남자,80-84세,3 ,0 ,1 ,0 ,0 ,0 ,0 ,0 ,0 ,1 
서울,성북구,의료,남자,85세이상,3 ,0 ,0 ,1 ,2 ,0 ,0 ,0 ,0 ,0 
서울,성북구,의료,여자,65세미만,0 ,0 ,0 ,0 ,0 ,0 ,0 ,0 ,0 ,0 
서울,성북구,의료,여자,65-69세,1 ,0 ,0 ,0 ,0 ,0 ,0 ,0 ,0 ,0 
서울,성북구,의료,여자,70-74세,1 ,0 ,0 ,1 ,0 ,0 ,0 ,0 ,0 ,0 
서울,성북구,의료,여자,75-79세,4 ,0 ,0 ,1 ,2 ,1 ,0 ,0 ,0 ,0 
서울,성북구,의료,여자,80-84세,8 ,0 ,0 ,1 ,4 ,0 ,0 ,0 ,0 ,1 
서울,성북구,의료,여자,85세이상,22 ,3 ,4 ,6 ,4 ,1 ,0 ,1 ,0 ,0 
서울,성북구,감경,남자,65세미만,50 ,9 ,5 ,14 ,13 ,4 ,0 ,1 ,1 ,0 
서울,성북구,감경,남자,65-69세,65 ,8 ,6 ,16 ,30 ,4 ,0 ,0 ,0 ,0 
서울,성북구,감경,남자,70-74세,97 ,3 ,10 ,29 ,45 ,4 ,2 ,1 ,0 ,0 
서울,성북구,감경,남자,75-79세,148 ,7 ,13 ,47 ,57 ,14 ,2 ,1 ,1 ,0 
서울,성북구,감경,남자,80-84세,179 ,13 ,16 ,61 ,58 ,22 ,4 ,1 ,0 ,0 
서울,성북구,감경,남자,85세이상,174 ,5 ,19 ,50 ,71 ,19 ,4 ,0 ,1 ,0 
서울,성북구,감경,여자,65세미만,30 ,2 ,3 ,8 ,10 ,2 ,0 ,1 ,1 ,0 
서울,성북구,감경,여자,65-69세,51 ,5 ,7 ,15 ,19 ,2 ,1 ,1 ,0 ,0 
서울,성북구,감경,여자,70-74세,143 ,10 ,13 ,33 ,57 ,12 ,3 ,4 ,0 ,0 
서울,성북구,감경,여자,75-79세,314 ,23 ,35 ,87 ,108 ,27 ,3 ,6 ,3 ,1 
서울,성북구,감경,여자,80-84세,510 ,21 ,54 ,124 ,217 ,61 ,6 ,2 ,3 ,0 
서울,성북구,감경,여자,85세이상,786 ,47 ,111 ,269 ,294 ,44 ,3 ,3 ,0 ,0 
서울,강북구,일반,남자,65세미만,77 ,6 ,3 ,9 ,3 ,0 ,0 ,19 ,6 ,4 
서울,강북구,일반,남자,65-69세,118 ,4 ,5 ,22 ,18 ,2 ,0 ,21 ,4 ,10 
서울,강북구,일반,남자,70-74세,151 ,8 ,10 ,22 ,32 ,3 ,4 ,23 ,7 ,2 
서울,강북구,일반,남자,75-79세,244 ,7 ,11 ,44 ,72 ,16 ,5 ,23 ,16 ,3 
서울,강북구,일반,남자,80-84세,333 ,7 ,17 ,66 ,94 ,27 ,11 ,25 ,12 ,7 
서울,강북구,일반,남자,85세이상,346 ,8 ,26 ,72 ,119 ,34 ,7 ,15 ,13 ,4 
서울,강북구,일반,여자,65세미만,45 ,3 ,1 ,4 ,7 ,2 ,1 ,7 ,2 ,3 
서울,강북구,일반,여자,65-69세,145 ,5 ,7 ,21 ,17 ,2 ,2 ,19 ,14 ,6 
서울,강북구,일반,여자,70-74세,275 ,8 ,14 ,30 ,46 ,10 ,7 ,36 ,23 ,4 
서울,강북구,일반,여자,75-79세,483 ,12 ,26 ,63 ,117 ,39 ,21 ,60 ,27 ,7 
서울,강북구,일반,여자,80-84세,795 ,25 ,48 ,149 ,252 ,72 ,35 ,60 ,24 ,10 
서울,강북구,일반,여자,85세이상,776 ,28 ,60 ,180 ,261 ,58 ,20 ,42 ,14 ,4 
서울,강북구,기초,남자,65세미만,112 ,7 ,5 ,18 ,24 ,6 ,3 ,17 ,7 ,7 
서울,강북구,기초,남자,65-69세,151 ,6 ,11 ,20 ,35 ,7 ,4 ,20 ,12 ,9 
서울,강북구,기초,남자,70-74세,103 ,3 ,8 ,15 ,31 ,3 ,2 ,8 ,6 ,4 
서울,강북구,기초,남자,75-79세,91 ,3 ,2 ,12 ,29 ,8 ,3 ,6 ,7 ,5 
서울,강북구,기초,남자,80-84세,90 ,2 ,3 ,17 ,29 ,11 ,3 ,5 ,3 ,4 
서울,강북구,기초,남자,85세이상,70 ,5 ,4 ,11 ,27 ,9 ,3 ,2 ,5 ,0 
서울,강북구,기초,여자,65세미만,52 ,2 ,6 ,4 ,13 ,1 ,1 ,11 ,3 ,4 
서울,강북구,기초,여자,65-69세,95 ,2 ,2 ,15 ,29 ,6 ,1 ,12 ,7 ,5 
서울,강북구,기초,여자,70-74세,159 ,5 ,8 ,21 ,55 ,8 ,4 ,16 ,11 ,3 
서울,강북구,기초,여자,75-79세,195 ,5 ,7 ,24 ,77 ,16 ,4 ,19 ,14 ,4 
서울,강북구,기초,여자,80-84세,296 ,6 ,19 ,51 ,122 ,25 ,11 ,15 ,10 ,4 
서울,강북구,기초,여자,85세이상,338 ,14 ,25 ,81 ,150 ,28 ,3 ,8 ,7 ,2 
서울,강북구,의료,남자,70-74세,0 ,0 ,0 ,0 ,0 ,0 ,0 ,0 ,0 ,0 
서울,강북구,의료,남자,75-79세,3 ,0 ,1 ,0 ,1 ,1 ,0 ,0 ,0 ,0 
서울,강북구,의료,남자,80-84세,4 ,0 ,0 ,2 ,2 ,0 ,0 ,0 ,0 ,0 
서울,강북구,의료,남자,85세이상,3 ,0 ,0 ,0 ,3 ,0 ,0 ,0 ,0 ,0 
서울,강북구,의료,여자,65세미만,0 ,0 ,0 ,0 ,0 ,0 ,0 ,0 ,0 ,0 
서울,강북구,의료,여자,65-69세,0 ,0 ,0 ,0 ,0 ,0 ,0 ,0 ,0 ,0 
서울,강북구,의료,여자,70-74세,0 ,0 ,0 ,0 ,0 ,0 ,0 ,0 ,0 ,0 
서울,강북구,의료,여자,75-79세,6 ,0 ,0 ,1 ,0 ,0 ,1 ,0 ,2 ,0 
서울,강북구,의료,여자,80-84세,6 ,0 ,0 ,0 ,5 ,0 ,0 ,0 ,1 ,0 
서울,강북구,의료,여자,85세이상,22 ,0 ,2 ,3 ,11 ,3 ,0 ,1 ,1 ,0 
서울,강북구,감경,남자,65세미만,35 ,4 ,6 ,10 ,8 ,0 ,0 ,2 ,0 ,2 
서울,강북구,감경,남자,65-69세,70 ,3 ,8 ,23 ,24 ,5 ,1 ,1 ,1 ,0 
서울,강북구,감경,남자,70-74세,92 ,4 ,12 ,26 ,35 ,11 ,2 ,0 ,1 ,0 
서울,강북구,감경,남자,75-79세,146 ,3 ,8 ,38 ,68 ,20 ,6 ,1 ,1 ,0 
서울,강북구,감경,남자,80-84세,168 ,6 ,15 ,36 ,81 ,16 ,7 ,1 ,1 ,0 
서울,강북구,감경,남자,85세이상,146 ,3 ,14 ,41 ,59 ,19 ,5 ,0 ,0 ,0 
서울,강북구,감경,여자,65세미만,36 ,4 ,1 ,14 ,7 ,2 ,2 ,0 ,1 ,0 
서울,강북구,감경,여자,65-69세,63 ,6 ,4 ,19 ,24 ,4 ,2 ,0 ,0 ,1 
서울,강북구,감경,여자,70-74세,154 ,7 ,11 ,25 ,75 ,16 ,8 ,4 ,1 ,1 
서울,강북구,감경,여자,75-79세,298 ,16 ,15 ,72 ,124 ,41 ,12 ,2 ,1 ,4 
서울,강북구,감경,여자,80-84세,485 ,21 ,38 ,109 ,203 ,71 ,24 ,3 ,0 ,0 
서울,강북구,감경,여자,85세이상,633 ,28 ,72 ,208 ,245 ,48 ,14 ,2 ,5 ,0 
서울,도봉구,일반,남자,65세미만,68 ,2 ,4 ,7 ,11 ,3 ,0 ,12 ,7 ,4 
서울,도봉구,일반,남자,65-69세,120 ,2 ,4 ,21 ,23 ,7 ,1 ,22 ,7 ,3 
서울,도봉구,일반,남자,70-74세,166 ,5 ,7 ,36 ,43 ,4 ,3 ,21 ,11 ,2 
서울,도봉구,일반,남자,75-79세,267 ,6 ,16 ,46 ,74 ,16 ,8 ,25 ,9 ,5 
서울,도봉구,일반,남자,80-84세,387 ,11 ,23 ,68 ,135 ,42 ,12 ,23 ,16 ,0 
서울,도봉구,일반,남자,85세이상,408 ,10 ,18 ,63 ,138 ,45 ,10 ,29 ,15 ,10 
서울,도봉구,일반,여자,65세미만,59 ,6 ,4 ,6 ,10 ,3 ,1 ,7 ,7 ,5 
서울,도봉구,일반,여자,65-69세,158 ,9 ,6 ,18 ,19 ,7 ,3 ,26 ,7 ,3 
서울,도봉구,일반,여자,70-74세,271 ,10 ,13 ,33 ,56 ,9 ,5 ,30 ,16 ,9 
서울,도봉구,일반,여자,75-79세,507 ,14 ,19 ,68 ,123 ,27 ,19 ,57 ,20 ,16 
서울,도봉구,일반,여자,80-84세,852 ,26 ,56 ,157 ,287 ,65 ,31 ,61 ,25 ,12 
서울,도봉구,일반,여자,85세이상,1103 ,53 ,119 ,238 ,404 ,83 ,20 ,44 ,14 ,6 
서울,도봉구,기초,남자,65세미만,82 ,4 ,4 ,12 ,21 ,7 ,1 ,7 ,7 ,2 
서울,도봉구,기초,남자,65-69세,92 ,4 ,4 ,15 ,29 ,5 ,1 ,7 ,4 ,4 
서울,도봉구,기초,남자,70-74세,80 ,1 ,4 ,12 ,24 ,9 ,5 ,4 ,6 ,2 
서울,도봉구,기초,남자,75-79세,63 ,2 ,4 ,6 ,27 ,7 ,0 ,6 ,2 ,3 
서울,도봉구,기초,남자,80-84세,64 ,0 ,8 ,13 ,19 ,10 ,4 ,3 ,1 ,3 
서울,도봉구,기초,남자,85세이상,48 ,1 ,1 ,11 ,16 ,8 ,1 ,3 ,1 ,1 
서울,도봉구,기초,여자,65세미만,45 ,8 ,3 ,11 ,11 ,3 ,1 ,1 ,1 ,0 
서울,도봉구,기초,여자,65-69세,77 ,2 ,1 ,13 ,25 ,5 ,0 ,7 ,7 ,5 
서울,도봉구,기초,여자,70-74세,81 ,7 ,6 ,16 ,24 ,5 ,1 ,8 ,4 ,2 
서울,도봉구,기초,여자,75-79세,155 ,5 ,6 ,24 ,53 ,13 ,2 ,15 ,13 ,4 
서울,도봉구,기초,여자,80-84세,211 ,10 ,25 ,46 ,84 ,13 ,3 ,7 ,3 ,1 
서울,도봉구,기초,여자,85세이상,286 ,28 ,38 ,68 ,104 ,17 ,5 ,5 ,7 ,1 
서울,도봉구,의료,남자,65-69세,0 ,0 ,0 ,0 ,0 ,0 ,0 ,0 ,0 ,0 
서울,도봉구,의료,남자,70-74세,0 ,0 ,0 ,0 ,0 ,0 ,0 ,0 ,0 ,0 
서울,도봉구,의료,남자,75-79세,1 ,0 ,0 ,0 ,0 ,0 ,0 ,0 ,0 ,0 
서울,도봉구,의료,남자,80-84세,3 ,0 ,0 ,2 ,1 ,0 ,0 ,0 ,0 ,0 
서울,도봉구,의료,남자,85세이상,7 ,0 ,0 ,2 ,4 ,0 ,0 ,0 ,0 ,0 
서울,도봉구,의료,여자,65-69세,0 ,0 ,0 ,0 ,0 ,0 ,0 ,0 ,0 ,0 
서울,도봉구,의료,여자,70-74세,1 ,0 ,0 ,0 ,0 ,1 ,0 ,0 ,0 ,0 
서울,도봉구,의료,여자,75-79세,4 ,0 ,0 ,1 ,2 ,0 ,0 ,0 ,1 ,0 
서울,도봉구,의료,여자,80-84세,9 ,0 ,0 ,2 ,5 ,0 ,0 ,0 ,0 ,0 
서울,도봉구,의료,여자,85세이상,22 ,4 ,2 ,8 ,6 ,0 ,0 ,1 ,0 ,0 
서울,도봉구,감경,남자,65세미만,35 ,0 ,2 ,12 ,9 ,1 ,0 ,3 ,1 ,0 
서울,도봉구,감경,남자,65-69세,54 ,2 ,3 ,16 ,22 ,4 ,0 ,2 ,1 ,1 
서울,도봉구,감경,남자,70-74세,104 ,5 ,2 ,38 ,42 ,7 ,3 ,0 ,0 ,0 
서울,도봉구,감경,남자,75-79세,148 ,4 ,7 ,44 ,64 ,15 ,5 ,2 ,2 ,0 
서울,도봉구,감경,남자,80-84세,177 ,6 ,13 ,55 ,62 ,27 ,7 ,2 ,0 ,1 
서울,도봉구,감경,남자,85세이상,175 ,3 ,17 ,45 ,74 ,22 ,3 ,4 ,0 ,1 
서울,도봉구,감경,여자,65세미만,34 ,5 ,2 ,8 ,9 ,2 ,0 ,1 ,0 ,0 
서울,도봉구,감경,여자,65-69세,52 ,11 ,5 ,9 ,14 ,6 ,0 ,1 ,0 ,0 
서울,도봉구,감경,여자,70-74세,115 ,9 ,8 ,26 ,49 ,10 ,2 ,1 ,2 ,0 
서울,도봉구,감경,여자,75-79세,289 ,21 ,26 ,69 ,102 ,36 ,12 ,3 ,5 ,1 
서울,도봉구,감경,여자,80-84세,515 ,24 ,36 ,132 ,225 ,57 ,14 ,6 ,3 ,0 
서울,도봉구,감경,여자,85세이상,851 ,65 ,122 ,239 ,331 ,62 ,17 ,3 ,3 ,0 
서울,노원구,일반,남자,65세미만,104 ,7 ,1 ,16 ,9 ,6 ,1 ,24 ,3 ,9 
서울,노원구,일반,남자,65-69세,135 ,7 ,4 ,23 ,34 ,5 ,2 ,9 ,10 ,5 
서울,노원구,일반,남자,70-74세,226 ,8 ,13 ,45 ,57 ,10 ,2 ,20 ,6 ,10 
서울,노원구,일반,남자,75-79세,312 ,9 ,17 ,56 ,104 ,34 ,5 ,20 ,6 ,3 
서울,노원구,일반,남자,80-84세,425 ,10 ,15 ,75 ,135 ,49 ,20 ,18 ,15 ,2 
서울,노원구,일반,남자,85세이상,456 ,11 ,24 ,101 ,166 ,55 ,8 ,11 ,11 ,5 
서울,노원구,일반,여자,65세미만,83 ,6 ,1 ,13 ,18 ,3 ,1 ,15 ,8 ,3 
서울,노원구,일반,여자,65-69세,204 ,9 ,12 ,30 ,35 ,2 ,2 ,20 ,16 ,3 
서울,노원구,일반,여자,70-74세,355 ,9 ,19 ,64 ,70 ,18 ,3 ,37 ,20 ,3 
서울,노원구,일반,여자,75-79세,693 ,29 ,27 ,98 ,181 ,56 ,28 ,67 ,23 ,10 
서울,노원구,일반,여자,80-84세,1062 ,34 ,66 ,158 ,355 ,135 ,32 ,71 ,35 ,15 
서울,노원구,일반,여자,85세이상,1472 ,61 ,108 ,295 ,569 ,139 ,30 ,79 ,28 ,5 
서울,노원구,기초,남자,65세미만,186 ,7 ,16 ,21 ,52 ,12 ,3 ,21 ,16 ,14 
서울,노원구,기초,남자,65-69세,216 ,7 ,6 ,29 ,62 ,21 ,1 ,27 ,25 ,8 
서울,노원구,기초,남자,70-74세,172 ,3 ,6 ,19 ,72 ,10 ,3 ,15 ,12 ,6 
서울,노원구,기초,남자,75-79세,160 ,1 ,6 ,21 ,61 ,21 ,4 ,10 ,9 ,5 
서울,노원구,기초,남자,80-84세,169 ,3 ,5 ,25 ,62 ,25 ,6 ,13 ,4 ,3 
서울,노원구,기초,남자,85세이상,113 ,0 ,8 ,23 ,41 ,11 ,4 ,1 ,3 ,4 
서울,노원구,기초,여자,65세미만,129 ,5 ,7 ,21 ,32 ,10 ,1 ,16 ,12 ,12 
서울,노원구,기초,여자,65-69세,226 ,5 ,7 ,35 ,65 ,7 ,7 ,31 ,21 ,10 
서울,노원구,기초,여자,70-74세,226 ,3 ,4 ,34 ,82 ,17 ,8 ,12 ,15 ,7 
서울,노원구,기초,여자,75-79세,388 ,14 ,12 ,49 ,169 ,40 ,8 ,19 ,14 ,4 
서울,노원구,기초,여자,80-84세,501 ,12 ,29 ,82 ,219 ,59 ,12 ,29 ,6 ,2 
서울,노원구,기초,여자,85세이상,578 ,28 ,40 ,135 ,239 ,64 ,9 ,16 ,5 ,3 
서울,노원구,의료,남자,65세미만,1 ,0 ,0 ,0 ,0 ,0 ,0 ,0 ,1 ,0 
서울,노원구,의료,남자,65-69세,1 ,0 ,0 ,0 ,0 ,0 ,0 ,0 ,0 ,0 
서울,노원구,의료,남자,70-74세,4 ,0 ,0 ,1 ,2 ,0 ,0 ,1 ,0 ,0 
서울,노원구,의료,남자,75-79세,11 ,0 ,0 ,2 ,3 ,2 ,0 ,0 ,0 ,0 
서울,노원구,의료,남자,80-84세,3 ,0 ,1 ,1 ,0 ,0 ,0 ,0 ,0 ,1 
서울,노원구,의료,남자,85세이상,11 ,0 ,1 ,0 ,7 ,2 ,0 ,0 ,0 ,0 
서울,노원구,의료,여자,65세미만,0 ,0 ,0 ,0 ,0 ,0 ,0 ,0 ,0 ,0 
서울,노원구,의료,여자,65-69세,2 ,0 ,0 ,0 ,2 ,0 ,0 ,0 ,0 ,0 
서울,노원구,의료,여자,70-74세,10 ,0 ,0 ,0 ,4 ,1 ,0 ,0 ,2 ,0 
서울,노원구,의료,여자,75-79세,9 ,1 ,0 ,0 ,3 ,0 ,0 ,1 ,2 ,0 
서울,노원구,의료,여자,80-84세,23 ,0 ,2 ,2 ,7 ,2 ,0 ,1 ,1 ,0 
서울,노원구,의료,여자,85세이상,39 ,3 ,3 ,6 ,18 ,2 ,0 ,0 ,1 ,0 
서울,노원구,감경,남자,65세미만,44 ,6 ,2 ,10 ,13 ,3 ,1 ,5 ,0 ,0 
서울,노원구,감경,남자,65-69세,97 ,11 ,12 ,21 ,32 ,6 ,2 ,5 ,0 ,0 
서울,노원구,감경,남자,70-74세,125 ,5 ,11 ,30 ,50 ,17 ,3 ,1 ,0 ,2 
서울,노원구,감경,남자,75-79세,138 ,2 ,9 ,37 ,58 ,18 ,2 ,3 ,0 ,0 
서울,노원구,감경,남자,80-84세,198 ,6 ,10 ,41 ,88 ,40 ,7 ,0 ,1 ,0 
서울,노원구,감경,남자,85세이상,209 ,7 ,12 ,52 ,101 ,31 ,2 ,0 ,1 ,1 
서울,노원구,감경,여자,65세미만,33 ,5 ,5 ,9 ,4 ,3 ,1 ,0 ,1 ,0 
서울,노원구,감경,여자,65-69세,90 ,4 ,10 ,22 ,40 ,6 ,1 ,3 ,0 ,1 
서울,노원구,감경,여자,70-74세,162 ,5 ,13 ,31 ,64 ,26 ,10 ,2 ,1 ,0 
서울,노원구,감경,여자,75-79세,332 ,13 ,28 ,72 ,137 ,42 ,12 ,6 ,1 ,2 
서울,노원구,감경,여자,80-84세,618 ,34 ,44 ,121 ,294 ,71 ,24 ,8 ,2 ,0 
서울,노원구,감경,여자,85세이상,944 ,59 ,89 ,252 ,421 ,91 ,10 ,5 ,4 ,0 
서울,은평구,일반,남자,65세미만,89 ,6 ,5 ,15 ,12 ,2 ,0 ,15 ,3 ,5 
서울,은평구,일반,남자,65-69세,140 ,2 ,3 ,29 ,27 ,4 ,0 ,19 ,10 ,4 
서울,은평구,일반,남자,70-74세,225 ,6 ,9 ,59 ,63 ,7 ,2 ,19 ,7 ,4 
서울,은평구,일반,남자,75-79세,314 ,15 ,14 ,65 ,97 ,23 ,7 ,15 ,12 ,2 
서울,은평구,일반,남자,80-84세,560 ,19 ,41 ,137 ,176 ,43 ,12 ,16 ,15 ,1 
서울,은평구,일반,남자,85세이상,483 ,12 ,36 ,150 ,165 ,34 ,4 ,13 ,7 ,3 
서울,은평구,일반,여자,65세미만,77 ,3 ,5 ,8 ,13 ,3 ,0 ,14 ,4 ,5 
서울,은평구,일반,여자,65-69세,209 ,10 ,13 ,30 ,39 ,5 ,3 ,25 ,12 ,2 
서울,은평구,일반,여자,70-74세,355 ,13 ,16 ,48 ,82 ,23 ,7 ,37 ,19 ,7 
서울,은평구,일반,여자,75-79세,734 ,24 ,34 ,142 ,194 ,61 ,13 ,50 ,20 ,8 
서울,은평구,일반,여자,80-84세,1193 ,40 ,82 ,253 ,418 ,119 ,18 ,53 ,17 ,1 
서울,은평구,일반,여자,85세이상,1320 ,66 ,163 ,362 ,447 ,68 ,11 ,39 ,7 ,2 
서울,은평구,기초,남자,65세미만,99 ,5 ,10 ,19 ,28 ,1 ,0 ,7 ,5 ,5 
서울,은평구,기초,남자,65-69세,120 ,5 ,6 ,18 ,40 ,5 ,0 ,11 ,5 ,5 
서울,은평구,기초,남자,70-74세,94 ,3 ,2 ,18 ,32 ,2 ,2 ,7 ,4 ,0 
서울,은평구,기초,남자,75-79세,113 ,1 ,7 ,19 ,43 ,6 ,0 ,3 ,4 ,0 
서울,은평구,기초,남자,80-84세,101 ,4 ,7 ,19 ,42 ,7 ,1 ,3 ,2 ,1 
서울,은평구,기초,남자,85세이상,76 ,1 ,7 ,14 ,36 ,7 ,0 ,2 ,0 ,0 
서울,은평구,기초,여자,65세미만,42 ,4 ,1 ,8 ,12 ,0 ,1 ,2 ,5 ,2 
서울,은평구,기초,여자,65-69세,99 ,3 ,4 ,13 ,33 ,6 ,1 ,8 ,5 ,4 
서울,은평구,기초,여자,70-74세,119 ,3 ,8 ,25 ,35 ,9 ,1 ,7 ,8 ,2 
서울,은평구,기초,여자,75-79세,190 ,6 ,9 ,39 ,70 ,10 ,3 ,8 ,6 ,0 
서울,은평구,기초,여자,80-84세,312 ,11 ,23 ,71 ,124 ,25 ,5 ,9 ,4 ,4 
서울,은평구,기초,여자,85세이상,409 ,19 ,58 ,117 ,158 ,25 ,1 ,6 ,4 ,0 
서울,은평구,의료,남자,65세미만,1 ,0 ,0 ,0 ,0 ,0 ,0 ,1 ,0 ,0 
서울,은평구,의료,남자,65-69세,2 ,0 ,0 ,0 ,1 ,0 ,0 ,0 ,0 ,0 
서울,은평구,의료,남자,70-74세,2 ,0 ,0 ,1 ,0 ,0 ,0 ,0 ,0 ,0 
서울,은평구,의료,남자,75-79세,5 ,0 ,1 ,2 ,0 ,0 ,0 ,0 ,0 ,0 
서울,은평구,의료,남자,80-84세,4 ,0 ,0 ,1 ,1 ,0 ,0 ,0 ,0 ,0 
서울,은평구,의료,남자,85세이상,8 ,0 ,1 ,0 ,6 ,0 ,0 ,0 ,0 ,0 
서울,은평구,의료,여자,65-69세,0 ,0 ,0 ,0 ,0 ,0 ,0 ,0 ,0 ,0 
서울,은평구,의료,여자,70-74세,1 ,0 ,0 ,0 ,1 ,0 ,0 ,0 ,0 ,0 
서울,은평구,의료,여자,75-79세,8 ,0 ,1 ,1 ,5 ,0 ,0 ,1 ,0 ,0 
서울,은평구,의료,여자,80-84세,8 ,1 ,2 ,1 ,1 ,1 ,0 ,0 ,0 ,0 
서울,은평구,의료,여자,85세이상,34 ,1 ,3 ,16 ,12 ,0 ,1 ,0 ,0 ,0 
서울,은평구,감경,남자,65세미만,56 ,3 ,6 ,23 ,16 ,3 ,0 ,0 ,1 ,0 
서울,은평구,감경,남자,65-69세,92 ,5 ,5 ,33 ,39 ,5 ,1 ,0 ,0 ,0 
서울,은평구,감경,남자,70-74세,134 ,8 ,9 ,45 ,50 ,8 ,2 ,1 ,0 ,1 
서울,은평구,감경,남자,75-79세,163 ,7 ,15 ,45 ,73 ,14 ,4 ,0 ,0 ,0 
서울,은평구,감경,남자,80-84세,258 ,10 ,23 ,68 ,112 ,33 ,2 ,1 ,1 ,1 
서울,은평구,감경,남자,85세이상,218 ,9 ,15 ,68 ,101 ,19 ,3 ,0 ,1 ,0 
서울,은평구,감경,여자,65세미만,51 ,9 ,5 ,17 ,14 ,0 ,2 ,1 ,1 ,0 
서울,은평구,감경,여자,65-69세,97 ,3 ,8 ,27 ,35 ,8 ,5 ,0 ,2 ,1 
서울,은평구,감경,여자,70-74세,189 ,8 ,9 ,51 ,83 ,19 ,5 ,1 ,1 ,0 
서울,은평구,감경,여자,75-79세,335 ,18 ,27 ,76 ,148 ,30 ,10 ,1 ,3 ,1 
서울,은평구,감경,여자,80-84세,710 ,21 ,62 ,198 ,308 ,77 ,22 ,1 ,1 ,0 
서울,은평구,감경,여자,85세이상,961 ,52 ,134 ,327 ,360 ,58 ,11 ,1 ,1 ,0 
서울,서대문구,일반,남자,65세미만,47 ,2 ,2 ,7 ,7 ,0 ,0 ,6 ,1 ,2 
서울,서대문구,일반,남자,65-69세,99 ,6 ,3 ,14 ,30 ,3 ,1 ,7 ,3 ,2 
서울,서대문구,일반,남자,70-74세,134 ,4 ,5 ,30 ,37 ,2 ,1 ,7 ,5 ,3 
서울,서대문구,일반,남자,75-79세,229 ,5 ,10 ,39 ,73 ,16 ,4 ,14 ,7 ,4 
서울,서대문구,일반,남자,80-84세,365 ,7 ,21 ,60 ,142 ,20 ,8 ,13 ,11 ,7 
서울,서대문구,일반,남자,85세이상,395 ,8 ,26 ,64 ,172 ,25 ,2 ,15 ,8 ,1 
서울,서대문구,일반,여자,65세미만,44 ,4 ,4 ,9 ,11 ,1 ,0 ,4 ,4 ,1 
서울,서대문구,일반,여자,65-69세,154 ,6 ,5 ,15 ,28 ,7 ,1 ,18 ,7 ,4 
서울,서대문구,일반,여자,70-74세,219 ,13 ,7 ,26 ,59 ,11 ,3 ,12 ,10 ,2 
서울,서대문구,일반,여자,75-79세,493 ,17 ,23 ,59 ,145 ,26 ,10 ,32 ,18 ,12 
서울,서대문구,일반,여자,80-84세,796 ,18 ,48 ,163 ,266 ,58 ,10 ,43 ,16 ,10 
서울,서대문구,일반,여자,85세이상,1006 ,37 ,97 ,269 ,367 ,49 ,3 ,25 ,15 ,5 
서울,서대문구,기초,남자,65세미만,39 ,3 ,0 ,7 ,13 ,2 ,0 ,3 ,3 ,2 
서울,서대문구,기초,남자,65-69세,55 ,0 ,4 ,9 ,12 ,3 ,0 ,5 ,4 ,4 
서울,서대문구,기초,남자,70-74세,26 ,1 ,0 ,5 ,7 ,2 ,0 ,1 ,2 ,1 
서울,서대문구,기초,남자,75-79세,43 ,1 ,1 ,4 ,18 ,5 ,1 ,3 ,5 ,1 
서울,서대문구,기초,남자,80-84세,47 ,1 ,3 ,7 ,15 ,4 ,1 ,2 ,1 ,0 
서울,서대문구,기초,남자,85세이상,32 ,1 ,3 ,6 ,13 ,1 ,0 ,1 ,0 ,0 
서울,서대문구,기초,여자,65세미만,17 ,0 ,2 ,4 ,1 ,0 ,0 ,4 ,0 ,1 
서울,서대문구,기초,여자,65-69세,50 ,0 ,2 ,5 ,16 ,2 ,1 ,5 ,4 ,0 
서울,서대문구,기초,여자,70-74세,71 ,0 ,3 ,6 ,21 ,6 ,3 ,8 ,5 ,2 
서울,서대문구,기초,여자,75-79세,87 ,2 ,4 ,17 ,28 ,4 ,1 ,7 ,3 ,2 
서울,서대문구,기초,여자,80-84세,142 ,1 ,8 ,23 ,71 ,6 ,3 ,7 ,4 ,2 
서울,서대문구,기초,여자,85세이상,199 ,8 ,17 ,50 ,86 ,7 ,0 ,6 ,4 ,0 
서울,서대문구,의료,남자,65세미만,1 ,0 ,0 ,0 ,1 ,0 ,0 ,0 ,0 ,0 
서울,서대문구,의료,남자,65-69세,0 ,0 ,0 ,0 ,0 ,0 ,0 ,0 ,0 ,0 
서울,서대문구,의료,남자,75-79세,1 ,0 ,0 ,1 ,0 ,0 ,0 ,0 ,0 ,0 
서울,서대문구,의료,남자,80-84세,2 ,0 ,0 ,0 ,2 ,0 ,0 ,0 ,0 ,0 
서울,서대문구,의료,남자,85세이상,4 ,0 ,0 ,2 ,1 ,0 ,0 ,0 ,0 ,0 
서울,서대문구,의료,여자,65-69세,0 ,0 ,0 ,0 ,0 ,0 ,0 ,0 ,0 ,0 
서울,서대문구,의료,여자,70-74세,1 ,0 ,0 ,0 ,1 ,0 ,0 ,0 ,0 ,0 
서울,서대문구,의료,여자,75-79세,6 ,1 ,0 ,0 ,3 ,0 ,0 ,0 ,1 ,0 
서울,서대문구,의료,여자,80-84세,4 ,0 ,0 ,0 ,3 ,0 ,0 ,0 ,0 ,0 
서울,서대문구,의료,여자,85세이상,14 ,2 ,1 ,7 ,3 ,1 ,0 ,0 ,0 ,0 
서울,서대문구,감경,남자,65세미만,15 ,1 ,2 ,4 ,3 ,1 ,0 ,0 ,1 ,1 
서울,서대문구,감경,남자,65-69세,47 ,3 ,6 ,11 ,19 ,2 ,0 ,0 ,0 ,0 
서울,서대문구,감경,남자,70-74세,50 ,5 ,5 ,13 ,23 ,2 ,0 ,0 ,0 ,0 
서울,서대문구,감경,남자,75-79세,87 ,5 ,3 ,18 ,45 ,9 ,1 ,0 ,1 ,0 
서울,서대문구,감경,남자,80-84세,128 ,1 ,10 ,32 ,69 ,7 ,1 ,1 ,0 ,0 
서울,서대문구,감경,남자,85세이상,111 ,2 ,12 ,31 ,55 ,6 ,0 ,0 ,1 ,0 
서울,서대문구,감경,여자,65세미만,26 ,2 ,3 ,6 ,10 ,1 ,1 ,0 ,0 ,0 
서울,서대문구,감경,여자,65-69세,30 ,6 ,2 ,4 ,9 ,1 ,1 ,1 ,2 ,0 
서울,서대문구,감경,여자,70-74세,86 ,3 ,5 ,17 ,36 ,8 ,2 ,2 ,1 ,1 
서울,서대문구,감경,여자,75-79세,155 ,6 ,11 ,39 ,63 ,18 ,3 ,1 ,0 ,1 
서울,서대문구,감경,여자,80-84세,348 ,10 ,23 ,91 ,175 ,25 ,5 ,6 ,0 ,0 
서울,서대문구,감경,여자,85세이상,543 ,24 ,72 ,159 ,231 ,28 ,4 ,4 ,4 ,1 
서울,마포구,일반,남자,65세미만,51 ,2 ,0 ,11 ,5 ,5 ,0 ,13 ,3 ,3 
서울,마포구,일반,남자,65-69세,106 ,4 ,6 ,23 ,13 ,5 ,0 ,16 ,8 ,4 
서울,마포구,일반,남자,70-74세,136 ,7 ,12 ,34 ,31 ,7 ,2 ,12 ,2 ,1 
서울,마포구,일반,남자,75-79세,219 ,5 ,9 ,53 ,59 ,21 ,8 ,7 ,3 ,4 
서울,마포구,일반,남자,80-84세,315 ,13 ,14 ,69 ,78 ,40 ,10 ,15 ,12 ,5 
서울,마포구,일반,남자,85세이상,410 ,16 ,25 ,87 ,132 ,37 ,12 ,26 ,2 ,9 
서울,마포구,일반,여자,65세미만,52 ,2 ,7 ,6 ,7 ,1 ,1 ,7 ,7 ,5 
서울,마포구,일반,여자,65-69세,134 ,5 ,2 ,11 ,21 ,7 ,3 ,16 ,5 ,1 
서울,마포구,일반,여자,70-74세,220 ,9 ,10 ,20 ,44 ,21 ,7 ,23 ,12 ,3 
서울,마포구,일반,여자,75-79세,455 ,10 ,24 ,64 ,112 ,39 ,21 ,58 ,19 ,5 
서울,마포구,일반,여자,80-84세,831 ,36 ,46 ,161 ,245 ,74 ,38 ,66 ,26 ,7 
서울,마포구,일반,여자,85세이상,1106 ,55 ,122 ,293 ,362 ,69 ,26 ,45 ,20 ,6 
서울,마포구,기초,남자,65세미만,38 ,3 ,5 ,6 ,7 ,2 ,1 ,5 ,5 ,3 
서울,마포구,기초,남자,65-69세,55 ,1 ,1 ,6 ,18 ,7 ,1 ,4 ,2 ,4 
서울,마포구,기초,남자,70-74세,53 ,2 ,1 ,6 ,16 ,4 ,3 ,4 ,3 ,3 
서울,마포구,기초,남자,75-79세,38 ,1 ,1 ,5 ,12 ,6 ,1 ,1 ,4 ,1 
서울,마포구,기초,남자,80-84세,50 ,0 ,2 ,7 ,13 ,5 ,2 ,6 ,4 ,1 
서울,마포구,기초,남자,85세이상,31 ,1 ,2 ,8 ,12 ,2 ,0 ,2 ,0 ,1 
서울,마포구,기초,여자,65세미만,26 ,2 ,4 ,3 ,7 ,1 ,1 ,3 ,1 ,1 
서울,마포구,기초,여자,65-69세,51 ,3 ,1 ,9 ,11 ,1 ,4 ,7 ,2 ,3 
서울,마포구,기초,여자,70-74세,61 ,0 ,3 ,11 ,20 ,4 ,1 ,7 ,3 ,2 
서울,마포구,기초,여자,75-79세,113 ,1 ,1 ,24 ,40 ,9 ,3 ,9 ,6 ,3 
서울,마포구,기초,여자,80-84세,130 ,2 ,8 ,33 ,48 ,10 ,2 ,9 ,6 ,2 
서울,마포구,기초,여자,85세이상,167 ,5 ,15 ,47 ,60 ,17 ,3 ,4 ,3 ,1 
서울,마포구,의료,남자,65-69세,1 ,0 ,0 ,0 ,0 ,0 ,0 ,0 ,1 ,0 
서울,마포구,의료,남자,70-74세,3 ,0 ,0 ,1 ,1 ,1 ,0 ,0 ,0 ,0 
서울,마포구,의료,남자,75-79세,2 ,0 ,0 ,0 ,0 ,0 ,0 ,0 ,0 ,1 
서울,마포구,의료,남자,80-84세,3 ,1 ,1 ,0 ,1 ,0 ,0 ,0 ,0 ,0 
서울,마포구,의료,남자,85세이상,7 ,0 ,1 ,2 ,2 ,0 ,0 ,0 ,0 ,0 
서울,마포구,의료,여자,65세미만,0 ,0 ,0 ,0 ,0 ,0 ,0 ,0 ,0 ,0 
서울,마포구,의료,여자,65-69세,0 ,0 ,0 ,0 ,0 ,0 ,0 ,0 ,0 ,0 
서울,마포구,의료,여자,70-74세,1 ,0 ,0 ,1 ,0 ,0 ,0 ,0 ,0 ,0 
서울,마포구,의료,여자,75-79세,1 ,0 ,0 ,0 ,0 ,0 ,0 ,0 ,0 ,0 
서울,마포구,의료,여자,80-84세,7 ,0 ,1 ,0 ,0 ,0 ,0 ,1 ,0 ,0 
서울,마포구,의료,여자,85세이상,11 ,0 ,3 ,4 ,2 ,0 ,0 ,1 ,0 ,0 
서울,마포구,감경,남자,65세미만,23 ,5 ,1 ,4 ,7 ,2 ,0 ,1 ,1 ,0 
서울,마포구,감경,남자,65-69세,25 ,1 ,1 ,8 ,10 ,0 ,1 ,1 ,0 ,0 
서울,마포구,감경,남자,70-74세,41 ,0 ,2 ,17 ,13 ,5 ,1 ,1 ,0 ,0 
서울,마포구,감경,남자,75-79세,50 ,2 ,2 ,22 ,14 ,4 ,1 ,0 ,1 ,0 
서울,마포구,감경,남자,80-84세,83 ,2 ,6 ,25 ,29 ,11 ,3 ,1 ,0 ,1 
서울,마포구,감경,남자,85세이상,94 ,3 ,7 ,33 ,35 ,11 ,4 ,0 ,0 ,0 
서울,마포구,감경,여자,65세미만,12 ,3 ,1 ,3 ,1 ,2 ,0 ,1 ,0 ,1 
서울,마포구,감경,여자,65-69세,48 ,1 ,4 ,8 ,20 ,3 ,3 ,1 ,0 ,1 
서울,마포구,감경,여자,70-74세,69 ,4 ,5 ,16 ,31 ,5 ,4 ,1 ,0 ,0 
서울,마포구,감경,여자,75-79세,151 ,6 ,19 ,43 ,55 ,12 ,6 ,2 ,0 ,0 
서울,마포구,감경,여자,80-84세,278 ,17 ,19 ,76 ,102 ,36 ,12 ,6 ,0 ,0 
서울,마포구,감경,여자,85세이상,386 ,23 ,50 ,125 ,143 ,30 ,4 ,3 ,0 ,0 
서울,양천구,일반,남자,65세미만,66 ,3 ,6 ,6 ,11 ,1 ,1 ,9 ,3 ,4 
서울,양천구,일반,남자,65-69세,163 ,9 ,10 ,30 ,33 ,5 ,0 ,13 ,7 ,7 
서울,양천구,일반,남자,70-74세,199 ,9 ,7 ,45 ,58 ,11 ,3 ,14 ,3 ,3 
서울,양천구,일반,남자,75-79세,296 ,9 ,23 ,62 ,83 ,27 ,4 ,17 ,7 ,4 
서울,양천구,일반,남자,80-84세,363 ,10 ,21 ,55 ,130 ,30 ,12 ,25 ,5 ,2 
서울,양천구,일반,남자,85세이상,370 ,7 ,23 ,81 ,131 ,27 ,2 ,24 ,10 ,6 
서울,양천구,일반,여자,65세미만,76 ,6 ,5 ,15 ,11 ,0 ,2 ,10 ,7 ,2 
서울,양천구,일반,여자,65-69세,186 ,6 ,5 ,22 ,41 ,9 ,2 ,20 ,10 ,3 
서울,양천구,일반,여자,70-74세,338 ,15 ,17 ,52 ,76 ,15 ,7 ,36 ,15 ,3 
서울,양천구,일반,여자,75-79세,591 ,11 ,26 ,87 ,160 ,53 ,10 ,65 ,23 ,10 
서울,양천구,일반,여자,80-84세,864 ,23 ,48 ,139 ,327 ,72 ,10 ,63 ,24 ,7 
서울,양천구,일반,여자,85세이상,1165 ,61 ,100 ,275 ,460 ,62 ,7 ,40 ,13 ,6 
서울,양천구,기초,남자,65세미만,80 ,4 ,1 ,13 ,27 ,5 ,2 ,9 ,8 ,1 
서울,양천구,기초,남자,65-69세,109 ,2 ,2 ,12 ,37 ,7 ,3 ,11 ,11 ,8 
서울,양천구,기초,남자,70-74세,108 ,1 ,3 ,16 ,46 ,9 ,2 ,7 ,5 ,6 
서울,양천구,기초,남자,75-79세,85 ,0 ,5 ,14 ,39 ,6 ,1 ,4 ,7 ,0 
서울,양천구,기초,남자,80-84세,78 ,1 ,1 ,9 ,39 ,7 ,2 ,3 ,1 ,1 
서울,양천구,기초,남자,85세이상,59 ,0 ,0 ,10 ,25 ,8 ,1 ,6 ,1 ,0 
서울,양천구,기초,여자,65세미만,41 ,2 ,4 ,8 ,8 ,3 ,1 ,5 ,1 ,4 
서울,양천구,기초,여자,65-69세,83 ,2 ,7 ,12 ,28 ,5 ,1 ,8 ,9 ,1 
서울,양천구,기초,여자,70-74세,111 ,2 ,5 ,17 ,32 ,12 ,3 ,12 ,2 ,3 
서울,양천구,기초,여자,75-79세,167 ,5 ,8 ,31 ,69 ,7 ,3 ,19 ,5 ,1 
서울,양천구,기초,여자,80-84세,240 ,3 ,17 ,46 ,120 ,15 ,3 ,7 ,7 ,3 
서울,양천구,기초,여자,85세이상,281 ,9 ,39 ,75 ,116 ,14 ,1 ,6 ,3 ,0 
서울,양천구,의료,남자,65세미만,0 ,0 ,0 ,0 ,0 ,0 ,0 ,0 ,0 ,0 
서울,양천구,의료,남자,65-69세,1 ,0 ,1 ,0 ,0 ,0 ,0 ,0 ,0 ,0 
서울,양천구,의료,남자,70-74세,4 ,0 ,0 ,1 ,1 ,0 ,0 ,0 ,1 ,0 
서울,양천구,의료,남자,75-79세,6 ,0 ,0 ,3 ,2 ,0 ,0 ,0 ,0 ,0 
서울,양천구,의료,남자,80-84세,5 ,0 ,0 ,0 ,2 ,0 ,1 ,2 ,0 ,0 
서울,양천구,의료,남자,85세이상,14 ,0 ,1 ,3 ,7 ,2 ,0 ,0 ,1 ,0 
서울,양천구,의료,여자,65세미만,1 ,0 ,0 ,0 ,0 ,0 ,0 ,1 ,0 ,0 
서울,양천구,의료,여자,65-69세,4 ,1 ,0 ,0 ,0 ,1 ,0 ,0 ,0 ,0 
서울,양천구,의료,여자,70-74세,7 ,1 ,1 ,0 ,2 ,1 ,0 ,1 ,0 ,0 
서울,양천구,의료,여자,75-79세,9 ,0 ,0 ,4 ,3 ,1 ,0 ,0 ,0 ,0 
서울,양천구,의료,여자,80-84세,17 ,0 ,0 ,2 ,9 ,2 ,0 ,1 ,1 ,0 
서울,양천구,의료,여자,85세이상,34 ,2 ,2 ,8 ,14 ,1 ,0 ,1 ,1 ,0 
서울,양천구,감경,남자,65세미만,39 ,1 ,3 ,14 ,14 ,0 ,0 ,2 ,0 ,0 
서울,양천구,감경,남자,65-69세,87 ,3 ,9 ,27 ,37 ,4 ,0 ,1 ,0 ,0 
서울,양천구,감경,남자,70-74세,108 ,9 ,7 ,32 ,38 ,11 ,0 ,2 ,1 ,0 
서울,양천구,감경,남자,75-79세,137 ,8 ,14 ,34 ,66 ,9 ,1 ,0 ,1 ,0 
서울,양천구,감경,남자,80-84세,176 ,6 ,10 ,40 ,89 ,20 ,3 ,1 ,0 ,0 
서울,양천구,감경,남자,85세이상,157 ,2 ,10 ,47 ,74 ,16 ,2 ,3 ,1 ,0 
서울,양천구,감경,여자,65세미만,34 ,4 ,2 ,15 ,9 ,0 ,1 ,0 ,0 ,1 
서울,양천구,감경,여자,65-69세,71 ,4 ,6 ,18 ,34 ,4 ,0 ,2 ,0 ,0 
서울,양천구,감경,여자,70-74세,141 ,6 ,9 ,30 ,71 ,9 ,2 ,1 ,1 ,0 
서울,양천구,감경,여자,75-79세,268 ,13 ,24 ,60 ,106 ,35 ,5 ,0 ,2 ,1 
서울,양천구,감경,여자,80-84세,478 ,17 ,35 ,126 ,226 ,48 ,8 ,3 ,2 ,2 
서울,양천구,감경,여자,85세이상,706 ,35 ,75 ,216 ,323 ,33 ,5 ,1 ,3 ,0 
서울,강서구,일반,남자,65세미만,118 ,7 ,9 ,12 ,12 ,3 ,1 ,27 ,7 ,11 
서울,강서구,일반,남자,65-69세,206 ,15 ,7 ,32 ,47 ,5 ,1 ,28 ,13 ,9 
서울,강서구,일반,남자,70-74세,264 ,11 ,13 ,56 ,58 ,10 ,3 ,23 ,17 ,7 
서울,강서구,일반,남자,75-79세,418 ,9 ,21 ,88 ,149 ,26 ,5 ,32 ,9 ,2 
서울,강서구,일반,남자,80-84세,516 ,13 ,36 ,115 ,186 ,45 ,5 ,27 ,16 ,8 
서울,강서구,일반,남자,85세이상,529 ,10 ,42 ,126 ,211 ,40 ,6 ,34 ,13 ,4 
서울,강서구,일반,여자,65세미만,128 ,6 ,12 ,17 ,17 ,2 ,0 ,28 ,14 ,8 
서울,강서구,일반,여자,65-69세,271 ,8 ,23 ,37 ,63 ,7 ,3 ,43 ,14 ,6 
서울,강서구,일반,여자,70-74세,387 ,13 ,19 ,55 ,102 ,18 ,7 ,36 ,22 ,10 
서울,강서구,일반,여자,75-79세,753 ,25 ,39 ,103 ,250 ,70 ,10 ,73 ,31 ,18 
서울,강서구,일반,여자,80-84세,1154 ,44 ,60 ,212 ,439 ,93 ,25 ,86 ,35 ,14 
서울,강서구,일반,여자,85세이상,1528 ,90 ,161 ,367 ,613 ,83 ,16 ,47 ,24 ,6 
서울,강서구,기초,남자,65세미만,251 ,12 ,2 ,27 ,60 ,18 ,6 ,44 ,23 ,30 
서울,강서구,기초,남자,65-69세,332 ,7 ,12 ,46 ,122 ,13 ,2 ,49 ,22 ,24 
서울,강서구,기초,남자,70-74세,253 ,3 ,4 ,40 ,117 ,14 ,3 ,22 ,17 ,9 
서울,강서구,기초,남자,75-79세,192 ,2 ,6 ,27 ,92 ,16 ,2 ,14 ,11 ,9 
서울,강서구,기초,남자,80-84세,185 ,3 ,6 ,37 ,87 ,16 ,1 ,7 ,9 ,5 
서울,강서구,기초,남자,85세이상,155 ,3 ,7 ,28 ,86 ,7 ,1 ,2 ,2 ,2 
서울,강서구,기초,여자,65세미만,151 ,7 ,8 ,20 ,30 ,9 ,1 ,25 ,14 ,17 
서울,강서구,기초,여자,65-69세,230 ,6 ,8 ,31 ,82 ,4 ,2 ,33 ,16 ,13 
서울,강서구,기초,여자,70-74세,240 ,8 ,10 ,33 ,98 ,15 ,3 ,29 ,11 ,5 
서울,강서구,기초,여자,75-79세,375 ,8 ,17 ,62 ,180 ,15 ,3 ,25 ,22 ,4 
서울,강서구,기초,여자,80-84세,541 ,15 ,24 ,80 ,253 ,53 ,6 ,38 ,25 ,10 
서울,강서구,기초,여자,85세이상,624 ,22 ,58 ,162 ,299 ,33 ,5 ,13 ,9 ,3 
서울,강서구,의료,남자,65세미만,4 ,0 ,0 ,1 ,0 ,0 ,0 ,2 ,0 ,0 
서울,강서구,의료,남자,65-69세,6 ,0 ,0 ,0 ,1 ,0 ,0 ,2 ,1 ,2 
서울,강서구,의료,남자,70-74세,8 ,1 ,0 ,0 ,3 ,1 ,0 ,1 ,1 ,0 
서울,강서구,의료,남자,75-79세,10 ,0 ,1 ,1 ,4 ,1 ,0 ,0 ,0 ,1 
서울,강서구,의료,남자,80-84세,6 ,1 ,0 ,0 ,4 ,0 ,0 ,1 ,0 ,0 
서울,강서구,의료,남자,85세이상,13 ,0 ,1 ,4 ,4 ,1 ,0 ,2 ,0 ,0 
서울,강서구,의료,여자,65세미만,1 ,0 ,0 ,0 ,0 ,0 ,0 ,1 ,0 ,0 
서울,강서구,의료,여자,65-69세,2 ,0 ,0 ,0 ,0 ,0 ,0 ,1 ,0 ,0 
서울,강서구,의료,여자,70-74세,7 ,0 ,1 ,1 ,3 ,0 ,1 ,0 ,0 ,0 
서울,강서구,의료,여자,75-79세,7 ,0 ,0 ,1 ,2 ,1 ,0 ,2 ,0 ,0 
서울,강서구,의료,여자,80-84세,18 ,0 ,1 ,2 ,4 ,3 ,3 ,0 ,1 ,0 
서울,강서구,의료,여자,85세이상,47 ,2 ,3 ,10 ,22 ,4 ,0 ,3 ,0 ,0 
서울,강서구,감경,남자,65세미만,56 ,4 ,4 ,12 ,26 ,0 ,0 ,4 ,0 ,0 
서울,강서구,감경,남자,65-69세,135 ,5 ,9 ,37 ,62 ,6 ,1 ,4 ,2 ,1 
서울,강서구,감경,남자,70-74세,146 ,7 ,9 ,46 ,61 ,7 ,2 ,1 ,1 ,3 
서울,강서구,감경,남자,75-79세,212 ,10 ,16 ,52 ,109 ,15 ,2 ,0 ,1 ,1 
서울,강서구,감경,남자,80-84세,199 ,9 ,14 ,43 ,96 ,24 ,3 ,0 ,1 ,1 
서울,강서구,감경,남자,85세이상,208 ,0 ,17 ,61 ,99 ,23 ,3 ,1 ,1 ,0 
서울,강서구,감경,여자,65세미만,40 ,5 ,4 ,9 ,4 ,4 ,3 ,3 ,2 ,1 
서울,강서구,감경,여자,65-69세,81 ,3 ,5 ,20 ,34 ,5 ,0 ,1 ,2 ,1 
서울,강서구,감경,여자,70-74세,192 ,5 ,16 ,52 ,80 ,19 ,2 ,1 ,0 ,0 
서울,강서구,감경,여자,75-79세,364 ,18 ,27 ,82 ,171 ,31 ,12 ,3 ,4 ,1 
서울,강서구,감경,여자,80-84세,611 ,17 ,39 ,149 ,297 ,62 ,14 ,6 ,10 ,1 
서울,강서구,감경,여자,85세이상,1008 ,51 ,117 ,298 ,444 ,58 ,12 ,3 ,0 ,0 
서울,구로구,일반,남자,65세미만,91 ,8 ,5 ,18 ,16 ,1 ,1 ,14 ,5 ,3 
서울,구로구,일반,남자,65-69세,169 ,11 ,10 ,27 ,46 ,7 ,1 ,24 ,7 ,2 
서울,구로구,일반,남자,70-74세,281 ,13 ,18 ,48 ,80 ,14 ,3 ,33 ,8 ,6 
서울,구로구,일반,남자,75-79세,375 ,10 ,30 ,63 ,134 ,27 ,3 ,26 ,7 ,9 
서울,구로구,일반,남자,80-84세,485 ,21 ,37 ,87 ,173 ,40 ,5 ,32 ,12 ,9 
서울,구로구,일반,남자,85세이상,389 ,14 ,31 ,80 ,147 ,24 ,5 ,13 ,12 ,3 
서울,구로구,일반,여자,65세미만,84 ,9 ,6 ,15 ,15 ,1 ,1 ,13 ,6 ,3 
서울,구로구,일반,여자,65-69세,224 ,12 ,12 ,16 ,55 ,8 ,1 ,33 ,15 ,4 
서울,구로구,일반,여자,70-74세,363 ,10 ,19 ,34 ,84 ,32 ,3 ,33 ,20 ,10 
서울,구로구,일반,여자,75-79세,718 ,21 ,34 ,127 ,194 ,48 ,20 ,78 ,29 ,4 
서울,구로구,일반,여자,80-84세,1001 ,28 ,73 ,191 ,362 ,86 ,19 ,58 ,24 ,8 
서울,구로구,일반,여자,85세이상,1183 ,69 ,121 ,316 ,428 ,60 ,10 ,35 ,13 ,3 
서울,구로구,기초,남자,65세미만,74 ,5 ,10 ,15 ,20 ,1 ,0 ,7 ,3 ,2 
서울,구로구,기초,남자,65-69세,110 ,4 ,4 ,12 ,43 ,6 ,1 ,12 ,7 ,6 
서울,구로구,기초,남자,70-74세,79 ,0 ,4 ,11 ,32 ,7 ,4 ,5 ,4 ,2 
서울,구로구,기초,남자,75-79세,79 ,3 ,4 ,14 ,36 ,7 ,0 ,3 ,4 ,0 
서울,구로구,기초,남자,80-84세,82 ,1 ,6 ,16 ,31 ,6 ,1 ,9 ,2 ,1 
서울,구로구,기초,남자,85세이상,39 ,2 ,2 ,9 ,15 ,3 ,0 ,1 ,1 ,0 
서울,구로구,기초,여자,65세미만,41 ,4 ,2 ,6 ,10 ,4 ,0 ,2 ,2 ,2 
서울,구로구,기초,여자,65-69세,56 ,0 ,0 ,8 ,21 ,4 ,0 ,10 ,3 ,1 
서울,구로구,기초,여자,70-74세,109 ,5 ,5 ,18 ,44 ,8 ,1 ,4 ,8 ,2 
서울,구로구,기초,여자,75-79세,142 ,1 ,10 ,23 ,52 ,15 ,1 ,15 ,7 ,2 
서울,구로구,기초,여자,80-84세,210 ,4 ,13 ,28 ,88 ,20 ,2 ,17 ,7 ,2 
서울,구로구,기초,여자,85세이상,285 ,11 ,34 ,75 ,122 ,6 ,0 ,11 ,2 ,3 
서울,구로구,의료,남자,65세미만,1 ,0 ,0 ,0 ,0 ,0 ,0 ,0 ,0 ,0 
서울,구로구,의료,남자,65-69세,1 ,0 ,0 ,0 ,0 ,0 ,0 ,0 ,0 ,0 
서울,구로구,의료,남자,70-74세,4 ,0 ,0 ,1 ,2 ,0 ,0 ,0 ,0 ,0 
서울,구로구,의료,남자,75-79세,2 ,0 ,0 ,0 ,0 ,0 ,0 ,1 ,0 ,0 
서울,구로구,의료,남자,80-84세,2 ,0 ,0 ,0 ,0 ,0 ,0 ,1 ,0 ,0 
서울,구로구,의료,남자,85세이상,5 ,1 ,0 ,0 ,2 ,0 ,0 ,1 ,1 ,0 
서울,구로구,의료,여자,65세미만,3 ,0 ,1 ,0 ,0 ,0 ,0 ,1 ,0 ,0 
서울,구로구,의료,여자,65-69세,1 ,0 ,0 ,0 ,1 ,0 ,0 ,0 ,0 ,0 
서울,구로구,의료,여자,70-74세,1 ,0 ,0 ,0 ,0 ,0 ,0 ,0 ,0 ,0 
서울,구로구,의료,여자,75-79세,2 ,0 ,0 ,2 ,0 ,0 ,0 ,0 ,0 ,0 
서울,구로구,의료,여자,80-84세,10 ,0 ,1 ,6 ,0 ,1 ,0 ,1 ,0 ,0 
서울,구로구,의료,여자,85세이상,29 ,2 ,3 ,7 ,9 ,4 ,0 ,3 ,0 ,0 
서울,구로구,감경,남자,65세미만,66 ,9 ,4 ,21 ,16 ,3 ,1 ,3 ,0 ,0 
서울,구로구,감경,남자,65-69세,101 ,4 ,11 ,33 ,42 ,5 ,0 ,0 ,1 ,0 
서울,구로구,감경,남자,70-74세,140 ,8 ,11 ,30 ,60 ,14 ,5 ,1 ,2 ,0 
서울,구로구,감경,남자,75-79세,174 ,3 ,24 ,53 ,66 ,18 ,5 ,0 ,0 ,1 
서울,구로구,감경,남자,80-84세,171 ,8 ,16 ,30 ,85 ,24 ,4 ,0 ,0 ,0 
서울,구로구,감경,남자,85세이상,167 ,6 ,21 ,37 ,82 ,12 ,2 ,1 ,1 ,0 
서울,구로구,감경,여자,65세미만,29 ,5 ,4 ,5 ,8 ,2 ,1 ,0 ,0 ,1 
서울,구로구,감경,여자,65-69세,74 ,9 ,5 ,13 ,33 ,8 ,0 ,0 ,0 ,0 
서울,구로구,감경,여자,70-74세,158 ,15 ,14 ,33 ,61 ,11 ,8 ,3 ,0 ,1 
서울,구로구,감경,여자,75-79세,286 ,20 ,27 ,56 ,126 ,36 ,4 ,2 ,1 ,0 
서울,구로구,감경,여자,80-84세,511 ,25 ,48 ,129 ,227 ,43 ,6 ,7 ,0 ,0 
서울,구로구,감경,여자,85세이상,750 ,46 ,98 ,235 ,311 ,36 ,2 ,1 ,0 ,0 
서울,금천구,일반,남자,65세미만,58 ,3 ,1 ,5 ,8 ,2 ,0 ,18 ,6 ,3 
서울,금천구,일반,남자,65-69세,102 ,4 ,3 ,12 ,27 ,4 ,2 ,14 ,5 ,1 
서울,금천구,일반,남자,70-74세,140 ,4 ,3 ,22 ,34 ,7 ,2 ,23 ,6 ,5 
서울,금천구,일반,남자,75-79세,185 ,9 ,7 ,40 ,40 ,16 ,8 ,9 ,4 ,7 
서울,금천구,일반,남자,80-84세,242 ,5 ,10 ,38 ,79 ,24 ,5 ,11 ,7 ,8 
서울,금천구,일반,남자,85세이상,200 ,3 ,6 ,48 ,60 ,24 ,7 ,12 ,9 ,3 
서울,금천구,일반,여자,65세미만,58 ,4 ,3 ,4 ,6 ,4 ,0 ,9 ,6 ,2 
서울,금천구,일반,여자,65-69세,117 ,2 ,11 ,14 ,22 ,6 ,5 ,14 ,4 ,2 
서울,금천구,일반,여자,70-74세,192 ,1 ,9 ,19 ,46 ,6 ,6 ,23 ,18 ,3 
서울,금천구,일반,여자,75-79세,336 ,8 ,15 ,48 ,84 ,27 ,16 ,43 ,13 ,6 
서울,금천구,일반,여자,80-84세,519 ,15 ,33 ,87 ,159 ,45 ,22 ,37 ,23 ,4 
서울,금천구,일반,여자,85세이상,562 ,16 ,42 ,139 ,207 ,52 ,7 ,18 ,7 ,0 
서울,금천구,기초,남자,65세미만,80 ,4 ,7 ,13 ,20 ,8 ,2 ,7 ,6 ,1 
서울,금천구,기초,남자,65-69세,81 ,2 ,3 ,8 ,28 ,9 ,2 ,5 ,7 ,5 
서울,금천구,기초,남자,70-74세,76 ,1 ,5 ,10 ,23 ,4 ,2 ,5 ,10 ,4 
서울,금천구,기초,남자,75-79세,58 ,0 ,2 ,7 ,19 ,6 ,0 ,5 ,2 ,4 
서울,금천구,기초,남자,80-84세,47 ,1 ,2 ,7 ,17 ,6 ,3 ,1 ,3 ,1 
서울,금천구,기초,남자,85세이상,51 ,0 ,2 ,16 ,12 ,8 ,2 ,2 ,2 ,0 
서울,금천구,기초,여자,65세미만,44 ,6 ,5 ,10 ,9 ,2 ,2 ,4 ,1 ,0 
서울,금천구,기초,여자,65-69세,78 ,4 ,5 ,8 ,17 ,5 ,2 ,6 ,8 ,5 
서울,금천구,기초,여자,70-74세,91 ,2 ,6 ,15 ,38 ,4 ,3 ,6 ,2 ,3 
서울,금천구,기초,여자,75-79세,138 ,4 ,8 ,17 ,54 ,6 ,6 ,11 ,11 ,3 
서울,금천구,기초,여자,80-84세,202 ,5 ,9 ,41 ,66 ,20 ,5 ,9 ,10 ,1 
서울,금천구,기초,여자,85세이상,210 ,11 ,20 ,54 ,90 ,7 ,1 ,5 ,2 ,1 
서울,금천구,의료,남자,65세미만,0 ,0 ,0 ,0 ,0 ,0 ,0 ,0 ,0 ,0 
서울,금천구,의료,남자,65-69세,1 ,0 ,0 ,0 ,0 ,0 ,0 ,0 ,0 ,0 
서울,금천구,의료,남자,70-74세,1 ,0 ,0 ,0 ,1 ,0 ,0 ,0 ,0 ,0 
서울,금천구,의료,남자,80-84세,0 ,0 ,0 ,0 ,0 ,0 ,0 ,0 ,0 ,0 
서울,금천구,의료,남자,85세이상,3 ,0 ,0 ,1 ,1 ,1 ,0 ,0 ,0 ,0 
서울,금천구,의료,여자,65세미만,0 ,0 ,0 ,0 ,0 ,0 ,0 ,0 ,0 ,0 
서울,금천구,의료,여자,65-69세,0 ,0 ,0 ,0 ,0 ,0 ,0 ,0 ,0 ,0 
서울,금천구,의료,여자,70-74세,0 ,0 ,0 ,0 ,0 ,0 ,0 ,0 ,0 ,0 
서울,금천구,의료,여자,75-79세,3 ,0 ,0 ,0 ,0 ,0 ,0 ,1 ,0 ,0 
서울,금천구,의료,여자,80-84세,5 ,0 ,0 ,3 ,1 ,0 ,0 ,0 ,0 ,0 
서울,금천구,의료,여자,85세이상,16 ,0 ,1 ,2 ,12 ,1 ,0 ,0 ,0 ,0 
서울,금천구,감경,남자,65세미만,32 ,2 ,2 ,8 ,12 ,3 ,0 ,0 ,1 ,1 
서울,금천구,감경,남자,65-69세,73 ,0 ,8 ,15 ,34 ,4 ,2 ,0 ,1 ,0 
서울,금천구,감경,남자,70-74세,65 ,1 ,7 ,16 ,29 ,7 ,1 ,0 ,0 ,1 
서울,금천구,감경,남자,75-79세,103 ,4 ,5 ,33 ,40 ,14 ,3 ,1 ,1 ,1 
서울,금천구,감경,남자,80-84세,102 ,1 ,9 ,22 ,43 ,17 ,5 ,0 ,0 ,0 
서울,금천구,감경,남자,85세이상,115 ,4 ,9 ,30 ,50 ,16 ,3 ,0 ,0 ,0 
서울,금천구,감경,여자,65세미만,27 ,3 ,2 ,8 ,10 ,2 ,1 ,1 ,0 ,0 
서울,금천구,감경,여자,65-69세,45 ,3 ,2 ,10 ,16 ,4 ,2 ,3 ,0 ,0 
서울,금천구,감경,여자,70-74세,96 ,3 ,8 ,19 ,45 ,11 ,5 ,1 ,0 ,0 
서울,금천구,감경,여자,75-79세,202 ,7 ,15 ,37 ,87 ,23 ,9 ,2 ,1 ,0 
서울,금천구,감경,여자,80-84세,316 ,17 ,28 ,76 ,130 ,39 ,11 ,3 ,1 ,0 
서울,금천구,감경,여자,85세이상,462 ,12 ,68 ,132 ,192 ,32 ,10 ,3 ,2 ,0 
서울,영등포구,일반,남자,65세미만,87 ,4 ,3 ,17 ,15 ,2 ,1 ,14 ,3 ,2 
서울,영등포구,일반,남자,65-69세,162 ,13 ,11 ,36 ,38 ,1 ,0 ,14 ,3 ,6 
서울,영등포구,일반,남자,70-74세,212 ,11 ,20 ,55 ,58 ,3 ,0 ,10 ,7 ,1 
서울,영등포구,일반,남자,75-79세,278 ,10 ,21 ,68 ,75 ,15 ,5 ,14 ,4 ,2 
서울,영등포구,일반,남자,80-84세,448 ,20 ,33 ,87 ,141 ,47 ,6 ,22 ,8 ,5 
서울,영등포구,일반,남자,85세이상,506 ,22 ,46 ,127 ,161 ,42 ,6 ,19 ,6 ,4 
서울,영등포구,일반,여자,65세미만,69 ,10 ,2 ,10 ,7 ,1 ,0 ,16 ,3 ,2 
서울,영등포구,일반,여자,65-69세,158 ,15 ,7 ,17 ,32 ,7 ,2 ,17 ,5 ,3 
서울,영등포구,일반,여자,70-74세,321 ,21 ,9 ,40 ,87 ,19 ,3 ,22 ,13 ,2 
서울,영등포구,일반,여자,75-79세,646 ,32 ,35 ,107 ,186 ,45 ,16 ,63 ,19 ,9 
서울,영등포구,일반,여자,80-84세,1029 ,42 ,70 ,199 ,347 ,89 ,14 ,51 ,17 ,3 
서울,영등포구,일반,여자,85세이상,1341 ,89 ,133 ,321 ,518 ,84 ,10 ,44 ,11 ,2 
서울,영등포구,기초,남자,65세미만,65 ,1 ,3 ,14 ,16 ,1 ,2 ,9 ,4 ,1 
서울,영등포구,기초,남자,65-69세,67 ,0 ,2 ,11 ,23 ,2 ,2 ,9 ,5 ,3 
서울,영등포구,기초,남자,70-74세,57 ,1 ,4 ,6 ,19 ,3 ,2 ,3 ,6 ,1 
서울,영등포구,기초,남자,75-79세,46 ,0 ,3 ,3 ,22 ,1 ,1 ,2 ,3 ,1 
서울,영등포구,기초,남자,80-84세,56 ,0 ,2 ,7 ,19 ,6 ,0 ,1 ,4 ,2 
서울,영등포구,기초,남자,85세이상,31 ,2 ,2 ,5 ,15 ,1 ,0 ,0 ,2 ,0 
서울,영등포구,기초,여자,65세미만,26 ,1 ,3 ,3 ,4 ,5 ,0 ,4 ,1 ,2 
서울,영등포구,기초,여자,65-69세,49 ,1 ,1 ,8 ,10 ,1 ,0 ,12 ,5 ,3 
서울,영등포구,기초,여자,70-74세,75 ,2 ,5 ,9 ,33 ,3 ,1 ,4 ,3 ,1 
서울,영등포구,기초,여자,75-79세,119 ,3 ,3 ,20 ,37 ,6 ,6 ,10 ,6 ,2 
서울,영등포구,기초,여자,80-84세,160 ,4 ,10 ,25 ,71 ,11 ,3 ,16 ,1 ,0 
서울,영등포구,기초,여자,85세이상,163 ,11 ,16 ,34 ,69 ,5 ,3 ,2 ,2 ,1 
서울,영등포구,의료,남자,65세미만,0 ,0 ,0 ,0 ,0 ,0 ,0 ,0 ,0 ,0 
서울,영등포구,의료,남자,65-69세,0 ,0 ,0 ,0 ,0 ,0 ,0 ,0 ,0 ,0 
서울,영등포구,의료,남자,70-74세,1 ,0 ,0 ,0 ,1 ,0 ,0 ,0 ,0 ,0 
서울,영등포구,의료,남자,75-79세,3 ,0 ,0 ,1 ,0 ,1 ,0 ,0 ,0 ,0 
서울,영등포구,의료,남자,85세이상,2 ,0 ,0 ,2 ,0 ,0 ,0 ,0 ,0 ,0 
서울,영등포구,의료,여자,70-74세,0 ,0 ,0 ,0 ,0 ,0 ,0 ,0 ,0 ,0 
서울,영등포구,의료,여자,75-79세,2 ,0 ,0 ,0 ,1 ,0 ,0 ,1 ,0 ,0 
서울,영등포구,의료,여자,80-84세,7 ,0 ,3 ,2 ,1 ,0 ,0 ,0 ,0 ,0 
서울,영등포구,의료,여자,85세이상,11 ,1 ,0 ,6 ,3 ,0 ,0 ,0 ,1 ,0 
서울,영등포구,감경,남자,65세미만,30 ,6 ,2 ,6 ,8 ,1 ,0 ,0 ,1 ,0 
서울,영등포구,감경,남자,65-69세,64 ,5 ,5 ,18 ,27 ,1 ,0 ,1 ,0 ,0 
서울,영등포구,감경,남자,70-74세,79 ,10 ,5 ,19 ,35 ,6 ,0 ,1 ,0 ,0 
서울,영등포구,감경,남자,75-79세,80 ,6 ,9 ,23 ,34 ,2 ,1 ,0 ,0 ,0 
서울,영등포구,감경,남자,80-84세,97 ,8 ,4 ,31 ,32 ,11 ,2 ,1 ,0 ,0 
서울,영등포구,감경,남자,85세이상,86 ,3 ,10 ,31 ,35 ,6 ,0 ,0 ,0 ,0 
서울,영등포구,감경,여자,65세미만,19 ,2 ,4 ,6 ,6 ,0 ,0 ,0 ,0 ,0 
서울,영등포구,감경,여자,65-69세,57 ,6 ,4 ,14 ,17 ,0 ,0 ,3 ,0 ,0 
서울,영등포구,감경,여자,70-74세,91 ,2 ,10 ,22 ,43 ,4 ,1 ,2 ,0 ,0 
서울,영등포구,감경,여자,75-79세,161 ,5 ,11 ,45 ,63 ,13 ,3 ,3 ,2 ,0 
서울,영등포구,감경,여자,80-84세,309 ,16 ,27 ,73 ,139 ,30 ,7 ,0 ,1 ,0 
서울,영등포구,감경,여자,85세이상,460 ,27 ,58 ,152 ,190 ,19 ,2 ,2 ,0 ,0 
서울,동작구,일반,남자,65세미만,71 ,6 ,3 ,12 ,10 ,1 ,2 ,14 ,5 ,5 
서울,동작구,일반,남자,65-69세,128 ,6 ,11 ,18 ,23 ,4 ,0 ,22 ,3 ,6 
서울,동작구,일반,남자,70-74세,177 ,5 ,7 ,37 ,51 ,11 ,1 ,20 ,7 ,1 
서울,동작구,일반,남자,75-79세,279 ,14 ,13 ,59 ,80 ,18 ,3 ,23 ,10 ,7 
서울,동작구,일반,남자,80-84세,424 ,13 ,24 ,79 ,150 ,44 ,11 ,15 ,12 ,10 
서울,동작구,일반,남자,85세이상,445 ,7 ,34 ,97 ,167 ,36 ,3 ,23 ,7 ,7 
서울,동작구,일반,여자,65세미만,59 ,4 ,1 ,6 ,10 ,0 ,0 ,11 ,6 ,6 
서울,동작구,일반,여자,65-69세,174 ,8 ,10 ,23 ,26 ,6 ,2 ,18 ,15 ,5 
서울,동작구,일반,여자,70-74세,291 ,3 ,12 ,33 ,61 ,15 ,9 ,26 ,19 ,6 
서울,동작구,일반,여자,75-79세,559 ,14 ,28 ,76 ,174 ,45 ,12 ,41 ,23 ,8 
서울,동작구,일반,여자,80-84세,886 ,18 ,35 ,162 ,300 ,79 ,19 ,50 ,26 ,11 
서울,동작구,일반,여자,85세이상,1114 ,43 ,116 ,283 ,413 ,82 ,15 ,29 ,17 ,3 
서울,동작구,기초,남자,65세미만,43 ,3 ,3 ,5 ,10 ,2 ,0 ,11 ,2 ,3 
서울,동작구,기초,남자,65-69세,52 ,0 ,4 ,12 ,14 ,3 ,2 ,4 ,4 ,2 
서울,동작구,기초,남자,70-74세,38 ,0 ,3 ,7 ,11 ,4 ,0 ,3 ,4 ,2 
서울,동작구,기초,남자,75-79세,51 ,2 ,1 ,10 ,19 ,4 ,1 ,1 ,4 ,0 
서울,동작구,기초,남자,80-84세,44 ,2 ,2 ,10 ,15 ,3 ,2 ,2 ,2 ,1 
서울,동작구,기초,남자,85세이상,30 ,0 ,2 ,3 ,10 ,4 ,1 ,1 ,1 ,1 
서울,동작구,기초,여자,65세미만,31 ,2 ,1 ,7 ,13 ,1 ,1 ,4 ,1 ,0 
서울,동작구,기초,여자,65-69세,48 ,1 ,1 ,5 ,12 ,3 ,1 ,4 ,2 ,2 
서울,동작구,기초,여자,70-74세,98 ,0 ,6 ,7 ,22 ,2 ,2 ,12 ,7 ,11 
서울,동작구,기초,여자,75-79세,116 ,2 ,2 ,13 ,30 ,12 ,1 ,12 ,3 ,2 
서울,동작구,기초,여자,80-84세,159 ,6 ,12 ,28 ,44 ,12 ,2 ,16 ,7 ,4 
서울,동작구,기초,여자,85세이상,215 ,6 ,34 ,53 ,69 ,14 ,3 ,4 ,3 ,1 
서울,동작구,의료,남자,65세미만,0 ,0 ,0 ,0 ,0 ,0 ,0 ,0 ,0 ,0 
서울,동작구,의료,남자,65-69세,3 ,0 ,0 ,1 ,0 ,0 ,0 ,0 ,0 ,1 
서울,동작구,의료,남자,70-74세,1 ,0 ,1 ,0 ,0 ,0 ,0 ,0 ,0 ,0 
서울,동작구,의료,남자,75-79세,3 ,0 ,0 ,2 ,1 ,0 ,0 ,0 ,0 ,0 
서울,동작구,의료,남자,80-84세,2 ,0 ,0 ,0 ,0 ,2 ,0 ,0 ,0 ,0 
서울,동작구,의료,남자,85세이상,2 ,0 ,0 ,0 ,2 ,0 ,0 ,0 ,0 ,0 
서울,동작구,의료,여자,65세미만,1 ,0 ,0 ,0 ,1 ,0 ,0 ,0 ,0 ,0 
서울,동작구,의료,여자,70-74세,4 ,0 ,1 ,0 ,1 ,0 ,0 ,0 ,0 ,0 
서울,동작구,의료,여자,75-79세,3 ,0 ,0 ,1 ,1 ,0 ,0 ,0 ,0 ,0 
서울,동작구,의료,여자,80-84세,5 ,0 ,1 ,2 ,1 ,0 ,0 ,0 ,0 ,0 
서울,동작구,의료,여자,85세이상,13 ,0 ,4 ,2 ,6 ,0 ,0 ,0 ,0 ,0 
서울,동작구,감경,남자,65세미만,32 ,7 ,1 ,9 ,7 ,3 ,1 ,0 ,0 ,0 
서울,동작구,감경,남자,65-69세,29 ,3 ,2 ,11 ,9 ,1 ,0 ,0 ,0 ,0 
서울,동작구,감경,남자,70-74세,61 ,0 ,4 ,18 ,31 ,3 ,1 ,1 ,1 ,0 
서울,동작구,감경,남자,75-79세,85 ,4 ,8 ,31 ,30 ,7 ,1 ,1 ,0 ,1 
서울,동작구,감경,남자,80-84세,113 ,4 ,11 ,35 ,41 ,16 ,0 ,1 ,0 ,0 
서울,동작구,감경,남자,85세이상,95 ,1 ,8 ,29 ,41 ,6 ,1 ,0 ,0 ,0 
서울,동작구,감경,여자,65세미만,27 ,3 ,1 ,8 ,8 ,1 ,0 ,0 ,0 ,1 
서울,동작구,감경,여자,65-69세,35 ,2 ,3 ,8 ,10 ,5 ,0 ,1 ,1 ,0 
서울,동작구,감경,여자,70-74세,67 ,3 ,6 ,20 ,26 ,8 ,1 ,1 ,1 ,0 
서울,동작구,감경,여자,75-79세,143 ,4 ,11 ,36 ,56 ,22 ,5 ,2 ,0 ,1 
서울,동작구,감경,여자,80-84세,273 ,8 ,23 ,64 ,125 ,37 ,5 ,1 ,0 ,1 
서울,동작구,감경,여자,85세이상,439 ,16 ,63 ,147 ,170 ,25 ,8 ,1 ,1 ,0 
서울,관악구,일반,남자,65세미만,79 ,4 ,5 ,10 ,15 ,0 ,1 ,16 ,3 ,3 
서울,관악구,일반,남자,65-69세,161 ,8 ,12 ,16 ,32 ,4 ,1 ,26 ,8 ,1 
서울,관악구,일반,남자,70-74세,250 ,9 ,13 ,60 ,56 ,16 ,4 ,26 ,9 ,2 
서울,관악구,일반,남자,75-79세,341 ,7 ,17 ,66 ,110 ,33 ,2 ,28 ,10 ,1 
서울,관악구,일반,남자,80-84세,510 ,20 ,32 ,118 ,149 ,41 ,14 ,28 ,13 ,7 
서울,관악구,일반,남자,85세이상,461 ,13 ,33 ,115 ,155 ,43 ,4 ,16 ,15 ,3 
서울,관악구,일반,여자,65세미만,70 ,4 ,3 ,11 ,10 ,1 ,1 ,12 ,4 ,5 
서울,관악구,일반,여자,65-69세,184 ,4 ,9 ,33 ,29 ,5 ,1 ,19 ,8 ,3 
서울,관악구,일반,여자,70-74세,347 ,14 ,13 ,53 ,73 ,13 ,8 ,41 ,12 ,6 
서울,관악구,일반,여자,75-79세,686 ,20 ,33 ,103 ,186 ,51 ,21 ,74 ,20 ,9 
서울,관악구,일반,여자,80-84세,961 ,33 ,65 ,198 ,302 ,76 ,19 ,57 ,26 ,13 
서울,관악구,일반,여자,85세이상,1023 ,47 ,110 ,284 ,350 ,41 ,14 ,43 ,9 ,1 
서울,관악구,기초,남자,65세미만,96 ,4 ,10 ,16 ,26 ,5 ,1 ,9 ,6 ,2 
서울,관악구,기초,남자,65-69세,119 ,2 ,6 ,12 ,40 ,8 ,0 ,15 ,11 ,5 
서울,관악구,기초,남자,70-74세,102 ,0 ,1 ,17 ,37 ,11 ,2 ,2 ,11 ,7 
서울,관악구,기초,남자,75-79세,115 ,4 ,3 ,21 ,42 ,11 ,3 ,8 ,10 ,4 
서울,관악구,기초,남자,80-84세,91 ,2 ,6 ,20 ,29 ,12 ,3 ,4 ,1 ,1 
서울,관악구,기초,남자,85세이상,54 ,3 ,6 ,11 ,19 ,3 ,1 ,3 ,1 ,0 
서울,관악구,기초,여자,65세미만,53 ,7 ,7 ,11 ,10 ,0 ,1 ,6 ,1 ,4 
서울,관악구,기초,여자,65-69세,99 ,4 ,5 ,14 ,25 ,2 ,2 ,12 ,6 ,5 
서울,관악구,기초,여자,70-74세,127 ,1 ,5 ,21 ,43 ,6 ,1 ,19 ,11 ,1 
서울,관악구,기초,여자,75-79세,207 ,2 ,11 ,30 ,77 ,12 ,2 ,20 ,22 ,2 
서울,관악구,기초,여자,80-84세,267 ,12 ,22 ,51 ,104 ,23 ,5 ,9 ,9 ,5 
서울,관악구,기초,여자,85세이상,312 ,22 ,36 ,103 ,104 ,16 ,4 ,7 ,3 ,2 
서울,관악구,의료,남자,65세미만,0 ,0 ,0 ,0 ,0 ,0 ,0 ,0 ,0 ,0 
서울,관악구,의료,남자,65-69세,1 ,0 ,0 ,0 ,1 ,0 ,0 ,0 ,0 ,0 
서울,관악구,의료,남자,70-74세,3 ,0 ,1 ,1 ,0 ,1 ,0 ,0 ,0 ,0 
서울,관악구,의료,남자,75-79세,8 ,0 ,0 ,1 ,4 ,1 ,0 ,0 ,0 ,1 
서울,관악구,의료,남자,80-84세,5 ,0 ,1 ,1 ,1 ,1 ,0 ,0 ,0 ,0 
서울,관악구,의료,남자,85세이상,4 ,0 ,0 ,1 ,1 ,0 ,0 ,0 ,0 ,0 
서울,관악구,의료,여자,65세미만,0 ,0 ,0 ,0 ,0 ,0 ,0 ,0 ,0 ,0 
서울,관악구,의료,여자,65-69세,2 ,0 ,0 ,0 ,1 ,0 ,0 ,0 ,0 ,0 
서울,관악구,의료,여자,70-74세,5 ,0 ,1 ,2 ,2 ,0 ,0 ,0 ,0 ,0 
서울,관악구,의료,여자,75-79세,3 ,0 ,1 ,1 ,0 ,0 ,0 ,0 ,0 ,0 
서울,관악구,의료,여자,80-84세,7 ,0 ,0 ,4 ,3 ,0 ,0 ,0 ,0 ,0 
서울,관악구,의료,여자,85세이상,20 ,2 ,2 ,4 ,7 ,1 ,0 ,0 ,0 ,0 
서울,관악구,감경,남자,65세미만,47 ,4 ,7 ,11 ,14 ,2 ,0 ,1 ,1 ,0 
서울,관악구,감경,남자,65-69세,91 ,8 ,5 ,24 ,35 ,7 ,2 ,1 ,2 ,1 
서울,관악구,감경,남자,70-74세,120 ,6 ,7 ,40 ,51 ,4 ,2 ,1 ,1 ,0 
서울,관악구,감경,남자,75-79세,145 ,6 ,10 ,51 ,53 ,13 ,4 ,1 ,1 ,0 
서울,관악구,감경,남자,80-84세,176 ,4 ,12 ,51 ,74 ,19 ,2 ,1 ,3 ,1 
서울,관악구,감경,남자,85세이상,166 ,7 ,16 ,50 ,73 ,12 ,3 ,1 ,2 ,0 
서울,관악구,감경,여자,65세미만,38 ,7 ,4 ,12 ,7 ,2 ,0 ,0 ,0 ,0 
서울,관악구,감경,여자,65-69세,75 ,4 ,7 ,21 ,18 ,5 ,5 ,1 ,0 ,1 
서울,관악구,감경,여자,70-74세,132 ,7 ,9 ,26 ,51 ,17 ,3 ,3 ,3 ,0 
서울,관악구,감경,여자,75-79세,256 ,8 ,20 ,74 ,99 ,23 ,6 ,3 ,5 ,0 
서울,관악구,감경,여자,80-84세,493 ,24 ,45 ,147 ,200 ,42 ,12 ,2 ,3 ,1 
서울,관악구,감경,여자,85세이상,647 ,39 ,103 ,221 ,229 ,37 ,9 ,2 ,0 ,0 
서울,서초구,일반,남자,65세미만,42 ,7 ,4 ,4 ,3 ,1 ,1 ,8 ,2 ,6 
서울,서초구,일반,남자,65-69세,101 ,5 ,7 ,23 ,18 ,5 ,0 ,13 ,2 ,3 
서울,서초구,일반,남자,70-74세,164 ,13 ,15 ,27 ,38 ,4 ,2 ,15 ,7 ,3 
서울,서초구,일반,남자,75-79세,233 ,19 ,19 ,47 ,70 ,18 ,1 ,13 ,6 ,3 
서울,서초구,일반,남자,80-84세,366 ,24 ,31 ,73 ,109 ,28 ,6 ,13 ,9 ,4 
서울,서초구,일반,남자,85세이상,544 ,31 ,71 ,114 ,186 ,28 ,7 ,25 ,5 ,4 
서울,서초구,일반,여자,65세미만,64 ,11 ,4 ,13 ,7 ,1 ,0 ,7 ,7 ,4 
서울,서초구,일반,여자,65-69세,127 ,13 ,9 ,22 ,15 ,3 ,3 ,13 ,5 ,5 
서울,서초구,일반,여자,70-74세,271 ,12 ,25 ,37 ,58 ,18 ,5 ,20 ,11 ,4 
서울,서초구,일반,여자,75-79세,488 ,23 ,36 ,68 ,116 ,42 ,8 ,47 ,16 ,7 
서울,서초구,일반,여자,80-84세,807 ,44 ,69 ,146 ,247 ,81 ,14 ,41 ,25 ,9 
서울,서초구,일반,여자,85세이상,1198 ,110 ,166 ,295 ,389 ,66 ,8 ,31 ,10 ,3 
서울,서초구,기초,남자,65세미만,29 ,0 ,4 ,6 ,7 ,0 ,1 ,7 ,1 ,2 
서울,서초구,기초,남자,65-69세,28 ,0 ,3 ,2 ,10 ,2 ,0 ,5 ,0 ,2 
서울,서초구,기초,남자,70-74세,24 ,0 ,2 ,4 ,9 ,0 ,0 ,2 ,4 ,0 
서울,서초구,기초,남자,75-79세,12 ,1 ,1 ,1 ,4 ,1 ,0 ,0 ,1 ,1 
서울,서초구,기초,남자,80-84세,11 ,0 ,0 ,2 ,5 ,0 ,0 ,0 ,0 ,0 
서울,서초구,기초,남자,85세이상,8 ,0 ,0 ,3 ,2 ,0 ,0 ,0 ,0 ,0 
서울,서초구,기초,여자,65세미만,24 ,0 ,0 ,5 ,4 ,0 ,1 ,5 ,2 ,1 
서울,서초구,기초,여자,65-69세,28 ,1 ,0 ,2 ,7 ,1 ,0 ,5 ,2 ,2 
서울,서초구,기초,여자,70-74세,39 ,1 ,2 ,2 ,12 ,2 ,0 ,3 ,3 ,2 
서울,서초구,기초,여자,75-79세,45 ,3 ,1 ,6 ,13 ,5 ,0 ,4 ,3 ,1 
서울,서초구,기초,여자,80-84세,69 ,4 ,5 ,13 ,17 ,7 ,3 ,6 ,3 ,2 
서울,서초구,기초,여자,85세이상,103 ,1 ,12 ,31 ,34 ,7 ,2 ,5 ,1 ,2 
서울,서초구,의료,남자,65-69세,1 ,0 ,0 ,0 ,0 ,0 ,0 ,0 ,0 ,0 
서울,서초구,의료,남자,70-74세,0 ,0 ,0 ,0 ,0 ,0 ,0 ,0 ,0 ,0 
서울,서초구,의료,남자,75-79세,2 ,0 ,0 ,0 ,1 ,1 ,0 ,0 ,0 ,0 
서울,서초구,의료,남자,85세이상,2 ,0 ,1 ,0 ,0 ,0 ,0 ,0 ,0 ,0 
서울,서초구,의료,여자,70-74세,0 ,0 ,0 ,0 ,0 ,0 ,0 ,0 ,0 ,0 
서울,서초구,의료,여자,75-79세,2 ,0 ,0 ,1 ,1 ,0 ,0 ,0 ,0 ,0 
서울,서초구,의료,여자,80-84세,3 ,0 ,0 ,2 ,1 ,0 ,0 ,0 ,0 ,0 
서울,서초구,의료,여자,85세이상,10 ,0 ,0 ,4 ,4 ,0 ,0 ,0 ,0 ,0 
서울,서초구,감경,남자,65세미만,12 ,0 ,3 ,3 ,2 ,0 ,0 ,0 ,1 ,0 
서울,서초구,감경,남자,65-69세,19 ,1 ,2 ,4 ,10 ,1 ,0 ,0 ,0 ,0 
서울,서초구,감경,남자,70-74세,18 ,2 ,2 ,5 ,6 ,3 ,0 ,0 ,0 ,0 
서울,서초구,감경,남자,75-79세,38 ,3 ,3 ,12 ,18 ,1 ,1 ,0 ,0 ,0 
서울,서초구,감경,남자,80-84세,28 ,1 ,3 ,7 ,8 ,6 ,0 ,0 ,0 ,0 
서울,서초구,감경,남자,85세이상,32 ,1 ,2 ,6 ,18 ,3 ,0 ,1 ,0 ,0 
서울,서초구,감경,여자,65세미만,19 ,4 ,2 ,4 ,3 ,3 ,0 ,1 ,0 ,1 
서울,서초구,감경,여자,65-69세,22 ,2 ,1 ,6 ,6 ,4 ,0 ,1 ,1 ,0 
서울,서초구,감경,여자,70-74세,37 ,5 ,6 ,9 ,8 ,6 ,1 ,0 ,0 ,0 
서울,서초구,감경,여자,75-79세,73 ,4 ,5 ,19 ,25 ,9 ,1 ,0 ,0 ,0 
서울,서초구,감경,여자,80-84세,105 ,9 ,14 ,20 ,48 ,7 ,1 ,0 ,1 ,1 
서울,서초구,감경,여자,85세이상,242 ,15 ,23 ,73 ,95 ,24 ,2 ,1 ,0 ,0 
서울,강남구,일반,남자,65세미만,75 ,7 ,5 ,15 ,10 ,2 ,1 ,10 ,2 ,10 
서울,강남구,일반,남자,65-69세,139 ,9 ,15 ,27 ,31 ,6 ,1 ,12 ,5 ,6 
서울,강남구,일반,남자,70-74세,211 ,31 ,23 ,36 ,57 ,10 ,3 ,7 ,1 ,3 
서울,강남구,일반,남자,75-79세,329 ,33 ,30 ,77 ,89 ,16 ,4 ,16 ,1 ,2 
서울,강남구,일반,남자,80-84세,479 ,35 ,58 ,113 ,131 ,34 ,12 ,18 ,5 ,5 
서울,강남구,일반,남자,85세이상,572 ,51 ,68 ,151 ,176 ,34 ,9 ,15 ,6 ,1 
서울,강남구,일반,여자,65세미만,86 ,16 ,6 ,11 ,11 ,2 ,0 ,11 ,6 ,11 
서울,강남구,일반,여자,65-69세,166 ,15 ,5 ,20 ,31 ,11 ,1 ,24 ,10 ,1 
서울,강남구,일반,여자,70-74세,318 ,18 ,24 ,49 ,68 ,10 ,4 ,21 ,10 ,6 
서울,강남구,일반,여자,75-79세,604 ,57 ,54 ,98 ,148 ,51 ,16 ,40 ,16 ,5 
서울,강남구,일반,여자,80-84세,911 ,82 ,77 ,188 ,259 ,81 ,18 ,36 ,19 ,5 
서울,강남구,일반,여자,85세이상,1448 ,156 ,212 ,369 ,445 ,80 ,12 ,40 ,8 ,5 
서울,강남구,기초,남자,65세미만,78 ,5 ,7 ,8 ,14 ,0 ,2 ,16 ,10 ,11 
서울,강남구,기초,남자,65-69세,126 ,3 ,2 ,20 ,41 ,2 ,1 ,23 ,10 ,6 
서울,강남구,기초,남자,70-74세,100 ,1 ,4 ,13 ,52 ,7 ,0 ,6 ,3 ,4 
서울,강남구,기초,남자,75-79세,79 ,4 ,1 ,20 ,27 ,5 ,0 ,3 ,0 ,6 
서울,강남구,기초,남자,80-84세,61 ,0 ,4 ,12 ,21 ,2 ,3 ,2 ,3 ,1 
서울,강남구,기초,남자,85세이상,41 ,0 ,7 ,7 ,19 ,1 ,0 ,0 ,0 ,0 
서울,강남구,기초,여자,65세미만,51 ,3 ,1 ,8 ,7 ,1 ,0 ,8 ,9 ,7 
서울,강남구,기초,여자,65-69세,106 ,0 ,5 ,19 ,30 ,2 ,0 ,15 ,13 ,7 
서울,강남구,기초,여자,70-74세,117 ,3 ,1 ,25 ,39 ,3 ,1 ,14 ,6 ,1 
서울,강남구,기초,여자,75-79세,167 ,4 ,3 ,43 ,53 ,9 ,1 ,17 ,4 ,2 
서울,강남구,기초,여자,80-84세,188 ,2 ,13 ,46 ,79 ,9 ,4 ,12 ,1 ,0 
서울,강남구,기초,여자,85세이상,234 ,14 ,23 ,69 ,94 ,9 ,1 ,2 ,4 ,0 
서울,강남구,의료,남자,65세미만,1 ,0 ,0 ,0 ,0 ,0 ,0 ,0 ,0 ,0 
서울,강남구,의료,남자,65-69세,1 ,0 ,0 ,0 ,1 ,0 ,0 ,0 ,0 ,0 
서울,강남구,의료,남자,70-74세,0 ,0 ,0 ,0 ,0 ,0 ,0 ,0 ,0 ,0 
서울,강남구,의료,남자,75-79세,5 ,0 ,0 ,0 ,4 ,0 ,0 ,0 ,0 ,0 
서울,강남구,의료,남자,80-84세,7 ,0 ,0 ,0 ,5 ,0 ,1 ,0 ,0 ,0 
서울,강남구,의료,남자,85세이상,3 ,0 ,0 ,1 ,2 ,0 ,0 ,0 ,0 ,0 
서울,강남구,의료,여자,65-69세,2 ,0 ,1 ,0 ,0 ,0 ,0 ,0 ,0 ,0 
서울,강남구,의료,여자,70-74세,1 ,0 ,0 ,0 ,1 ,0 ,0 ,0 ,0 ,0 
서울,강남구,의료,여자,75-79세,0 ,0 ,0 ,0 ,0 ,0 ,0 ,0 ,0 ,0 
서울,강남구,의료,여자,80-84세,3 ,0 ,0 ,1 ,0 ,0 ,0 ,0 ,1 ,0 
서울,강남구,의료,여자,85세이상,19 ,1 ,1 ,5 ,6 ,2 ,1 ,1 ,0 ,0 
서울,강남구,감경,남자,65세미만,21 ,2 ,3 ,6 ,7 ,0 ,0 ,1 ,0 ,1 
서울,강남구,감경,남자,65-69세,31 ,4 ,3 ,11 ,10 ,1 ,0 ,1 ,0 ,0 
서울,강남구,감경,남자,70-74세,48 ,4 ,9 ,13 ,16 ,1 ,0 ,0 ,0 ,0 
서울,강남구,감경,남자,75-79세,55 ,4 ,7 ,21 ,16 ,2 ,1 ,0 ,0 ,1 
서울,강남구,감경,남자,80-84세,49 ,2 ,4 ,23 ,15 ,1 ,1 ,0 ,0 ,0 
서울,강남구,감경,남자,85세이상,44 ,1 ,6 ,15 ,20 ,1 ,0 ,0 ,0 ,0 
서울,강남구,감경,여자,65세미만,18 ,4 ,1 ,5 ,2 ,2 ,1 ,0 ,0 ,0 
서울,강남구,감경,여자,65-69세,41 ,2 ,4 ,10 ,16 ,4 ,1 ,1 ,1 ,0 
서울,강남구,감경,여자,70-74세,58 ,7 ,2 ,11 ,23 ,2 ,3 ,0 ,1 ,0 
서울,강남구,감경,여자,75-79세,102 ,8 ,7 ,25 ,37 ,9 ,1 ,2 ,0 ,0 
서울,강남구,감경,여자,80-84세,174 ,14 ,12 ,33 ,74 ,28 ,6 ,1 ,1 ,0 
서울,강남구,감경,여자,85세이상,318 ,31 ,53 ,92 ,114 ,18 ,2 ,0 ,1 ,1 
서울,송파구,일반,남자,65세미만,90 ,9 ,4 ,16 ,12 ,3 ,1 ,17 ,5 ,3 
서울,송파구,일반,남자,65-69세,186 ,9 ,17 ,38 ,39 ,5 ,1 ,16 ,4 ,7 
서울,송파구,일반,남자,70-74세,289 ,16 ,19 ,57 ,91 ,17 ,7 ,9 ,8 ,1 
서울,송파구,일반,남자,75-79세,441 ,22 ,19 ,113 ,136 ,25 ,9 ,16 ,9 ,6 
서울,송파구,일반,남자,80-84세,542 ,16 ,40 ,147 ,151 ,52 ,15 ,28 ,8 ,4 
서울,송파구,일반,남자,85세이상,621 ,29 ,49 ,174 ,226 ,46 ,5 ,18 ,6 ,4 
서울,송파구,일반,여자,65세미만,113 ,12 ,11 ,15 ,15 ,3 ,0 ,16 ,9 ,7 
서울,송파구,일반,여자,65-69세,230 ,13 ,10 ,35 ,53 ,12 ,1 ,15 ,9 ,8 
서울,송파구,일반,여자,70-74세,379 ,18 ,23 ,66 ,86 ,20 ,6 ,32 ,13 ,4 
서울,송파구,일반,여자,75-79세,694 ,24 ,39 ,132 ,204 ,51 ,11 ,54 ,12 ,6 
서울,송파구,일반,여자,80-84세,1209 ,35 ,66 ,261 ,425 ,103 ,25 ,64 ,26 ,9 
서울,송파구,일반,여자,85세이상,1785 ,121 ,194 ,468 ,666 ,93 ,15 ,44 ,13 ,4 
서울,송파구,기초,남자,65세미만,65 ,7 ,7 ,11 ,23 ,1 ,0 ,5 ,3 ,4 
서울,송파구,기초,남자,65-69세,94 ,4 ,4 ,15 ,38 ,3 ,2 ,3 ,3 ,3 
서울,송파구,기초,남자,70-74세,65 ,2 ,4 ,13 ,16 ,6 ,0 ,6 ,2 ,4 
서울,송파구,기초,남자,75-79세,61 ,3 ,5 ,10 ,18 ,9 ,0 ,5 ,1 ,1 
서울,송파구,기초,남자,80-84세,59 ,1 ,3 ,11 ,26 ,4 ,1 ,1 ,1 ,3 
서울,송파구,기초,남자,85세이상,45 ,3 ,1 ,13 ,17 ,1 ,0 ,3 ,0 ,0 
서울,송파구,기초,여자,65세미만,44 ,3 ,4 ,6 ,8 ,1 ,1 ,5 ,4 ,1 
서울,송파구,기초,여자,65-69세,55 ,1 ,4 ,8 ,19 ,4 ,0 ,1 ,4 ,2 
서울,송파구,기초,여자,70-74세,87 ,3 ,9 ,14 ,28 ,7 ,0 ,5 ,4 ,0 
서울,송파구,기초,여자,75-79세,131 ,4 ,5 ,25 ,54 ,12 ,2 ,7 ,2 ,1 
서울,송파구,기초,여자,80-84세,156 ,4 ,7 ,39 ,61 ,15 ,0 ,9 ,3 ,1 
서울,송파구,기초,여자,85세이상,249 ,6 ,30 ,73 ,94 ,19 ,0 ,9 ,1 ,0 
서울,송파구,의료,남자,65-69세,0 ,0 ,0 ,0 ,0 ,0 ,0 ,0 ,0 ,0 
서울,송파구,의료,남자,70-74세,1 ,0 ,0 ,0 ,0 ,0 ,0 ,0 ,1 ,0 
서울,송파구,의료,남자,75-79세,5 ,0 ,0 ,1 ,2 ,0 ,0 ,0 ,1 ,0 
서울,송파구,의료,남자,80-84세,1 ,0 ,0 ,0 ,0 ,0 ,0 ,0 ,0 ,0 
서울,송파구,의료,남자,85세이상,3 ,0 ,1 ,0 ,0 ,0 ,0 ,0 ,0 ,0 
서울,송파구,의료,여자,65세미만,2 ,0 ,0 ,1 ,0 ,0 ,0 ,1 ,0 ,0 
서울,송파구,의료,여자,65-69세,0 ,0 ,0 ,0 ,0 ,0 ,0 ,0 ,0 ,0 
서울,송파구,의료,여자,70-74세,2 ,0 ,0 ,0 ,1 ,0 ,0 ,0 ,0 ,0 
서울,송파구,의료,여자,75-79세,2 ,0 ,0 ,0 ,0 ,0 ,0 ,0 ,0 ,0 
서울,송파구,의료,여자,80-84세,7 ,0 ,0 ,1 ,2 ,0 ,0 ,1 ,0 ,0 
서울,송파구,의료,여자,85세이상,26 ,1 ,3 ,9 ,8 ,0 ,0 ,0 ,0 ,0 
서울,송파구,감경,남자,65세미만,36 ,5 ,0 ,11 ,17 ,1 ,0 ,0 ,0 ,0 
서울,송파구,감경,남자,65-69세,69 ,7 ,7 ,21 ,25 ,3 ,0 ,1 ,0 ,0 
서울,송파구,감경,남자,70-74세,79 ,3 ,5 ,24 ,35 ,3 ,3 ,0 ,1 ,0 
서울,송파구,감경,남자,75-79세,97 ,4 ,10 ,37 ,35 ,8 ,0 ,1 ,0 ,0 
서울,송파구,감경,남자,80-84세,113 ,4 ,7 ,33 ,52 ,11 ,3 ,1 ,0 ,0 
서울,송파구,감경,남자,85세이상,118 ,6 ,11 ,32 ,57 ,10 ,0 ,0 ,1 ,0 
서울,송파구,감경,여자,65세미만,28 ,5 ,1 ,8 ,9 ,3 ,0 ,0 ,0 ,0 
서울,송파구,감경,여자,65-69세,68 ,9 ,6 ,13 ,26 ,8 ,2 ,1 ,0 ,1 
서울,송파구,감경,여자,70-74세,117 ,6 ,6 ,30 ,50 ,12 ,4 ,0 ,0 ,0 
서울,송파구,감경,여자,75-79세,188 ,10 ,12 ,58 ,70 ,23 ,6 ,0 ,2 ,0 
서울,송파구,감경,여자,80-84세,380 ,16 ,28 ,112 ,170 ,37 ,4 ,3 ,1 ,0 
서울,송파구,감경,여자,85세이상,687 ,37 ,94 ,233 ,274 ,29 ,7 ,0 ,0 ,0 
서울,강동구,일반,남자,65세미만,100 ,15 ,6 ,16 ,12 ,3 ,1 ,13 ,4 ,7 
서울,강동구,일반,남자,65-69세,175 ,13 ,6 ,46 ,42 ,6 ,1 ,18 ,9 ,3 
서울,강동구,일반,남자,70-74세,307 ,27 ,24 ,74 ,62 ,13 ,4 ,20 ,11 ,1 
서울,강동구,일반,남자,75-79세,466 ,45 ,41 ,96 ,120 ,26 ,5 ,20 ,5 ,4 
서울,강동구,일반,남자,80-84세,463 ,31 ,33 ,80 ,139 ,35 ,10 ,23 ,9 ,6 
서울,강동구,일반,남자,85세이상,508 ,47 ,44 ,102 ,181 ,33 ,10 ,24 ,6 ,3 
서울,강동구,일반,여자,65세미만,97 ,11 ,3 ,18 ,13 ,3 ,0 ,17 ,5 ,5 
서울,강동구,일반,여자,65-69세,197 ,18 ,8 ,31 ,38 ,7 ,2 ,23 ,5 ,2 
서울,강동구,일반,여자,70-74세,354 ,18 ,23 ,52 ,69 ,23 ,7 ,26 ,10 ,2 
서울,강동구,일반,여자,75-79세,659 ,29 ,41 ,110 ,155 ,61 ,20 ,55 ,22 ,8 
서울,강동구,일반,여자,80-84세,892 ,41 ,61 ,169 ,287 ,86 ,18 ,44 ,17 ,2 
서울,강동구,일반,여자,85세이상,1271 ,98 ,136 ,346 ,440 ,61 ,10 ,31 ,13 ,5 
서울,강동구,기초,남자,65세미만,80 ,2 ,5 ,13 ,22 ,5 ,2 ,10 ,3 ,8 
서울,강동구,기초,남자,65-69세,90 ,0 ,2 ,14 ,30 ,7 ,2 ,6 ,9 ,3 
서울,강동구,기초,남자,70-74세,75 ,1 ,4 ,14 ,24 ,4 ,0 ,4 ,7 ,0 
서울,강동구,기초,남자,75-79세,62 ,2 ,5 ,12 ,17 ,5 ,1 ,6 ,2 ,1 
서울,강동구,기초,남자,80-84세,60 ,1 ,3 ,9 ,18 ,7 ,3 ,6 ,1 ,2 
서울,강동구,기초,남자,85세이상,43 ,0 ,2 ,9 ,18 ,3 ,1 ,0 ,0 ,2 
서울,강동구,기초,여자,65세미만,47 ,5 ,4 ,5 ,6 ,2 ,0 ,9 ,5 ,2 
서울,강동구,기초,여자,65-69세,74 ,2 ,4 ,10 ,25 ,1 ,2 ,7 ,7 ,1 
서울,강동구,기초,여자,70-74세,79 ,3 ,5 ,11 ,30 ,1 ,0 ,7 ,6 ,2 
서울,강동구,기초,여자,75-79세,110 ,4 ,7 ,22 ,35 ,2 ,2 ,10 ,2 ,1 
서울,강동구,기초,여자,80-84세,186 ,3 ,12 ,37 ,74 ,19 ,3 ,6 ,3 ,4 
서울,강동구,기초,여자,85세이상,250 ,15 ,32 ,66 ,100 ,10 ,3 ,3 ,4 ,0 
서울,강동구,의료,남자,65세미만,1 ,0 ,0 ,0 ,0 ,0 ,0 ,0 ,0 ,0 
서울,강동구,의료,남자,65-69세,2 ,1 ,0 ,0 ,0 ,0 ,0 ,0 ,0 ,1 
서울,강동구,의료,남자,70-74세,1 ,0 ,0 ,0 ,0 ,0 ,0 ,0 ,0 ,0 
서울,강동구,의료,남자,75-79세,8 ,1 ,1 ,2 ,3 ,0 ,0 ,0 ,1 ,0 
서울,강동구,의료,남자,80-84세,1 ,0 ,0 ,0 ,1 ,0 ,0 ,0 ,0 ,0 
서울,강동구,의료,남자,85세이상,12 ,1 ,3 ,3 ,3 ,0 ,0 ,0 ,0 ,0 
서울,강동구,의료,여자,70-74세,4 ,0 ,1 ,0 ,2 ,0 ,0 ,0 ,1 ,0 
서울,강동구,의료,여자,75-79세,7 ,0 ,2 ,0 ,0 ,2 ,0 ,1 ,0 ,0 
서울,강동구,의료,여자,80-84세,17 ,2 ,0 ,2 ,8 ,1 ,0 ,0 ,0 ,0 
서울,강동구,의료,여자,85세이상,38 ,4 ,5 ,9 ,11 ,2 ,1 ,1 ,0 ,1 
서울,강동구,감경,남자,65세미만,49 ,9 ,2 ,18 ,13 ,0 ,2 ,2 ,0 ,0 
서울,강동구,감경,남자,65-69세,58 ,6 ,4 ,18 ,13 ,6 ,2 ,0 ,0 ,0 
서울,강동구,감경,남자,70-74세,103 ,3 ,10 ,22 ,53 ,7 ,2 ,3 ,0 ,1 
서울,강동구,감경,남자,75-79세,141 ,14 ,13 ,40 ,50 ,14 ,5 ,2 ,0 ,0 
서울,강동구,감경,남자,80-84세,134 ,9 ,15 ,32 ,52 ,16 ,4 ,0 ,0 ,1 
서울,강동구,감경,남자,85세이상,141 ,7 ,16 ,41 ,51 ,17 ,2 ,0 ,1 ,0 
서울,강동구,감경,여자,65세미만,33 ,10 ,2 ,8 ,6 ,3 ,0 ,1 ,1 ,0 
서울,강동구,감경,여자,65-69세,73 ,3 ,7 ,22 ,28 ,4 ,2 ,0 ,0 ,0 
서울,강동구,감경,여자,70-74세,127 ,12 ,5 ,31 ,47 ,18 ,7 ,1 ,0 ,1 
서울,강동구,감경,여자,75-79세,200 ,18 ,15 ,45 ,81 ,19 ,6 ,1 ,1 ,0 
서울,강동구,감경,여자,80-84세,384 ,27 ,33 ,113 ,148 ,39 ,11 ,1 ,0 ,1 
서울,강동구,감경,여자,85세이상,695 ,43 ,92 ,202 ,293 ,37 ,6 ,4 ,0 ,0 
부산,중구,일반,남자,65세미만,9 ,1 ,1 ,0 ,0 ,0 ,0 ,2 ,3 ,0 
부산,중구,일반,남자,65-69세,25 ,0 ,3 ,4 ,6 ,2 ,0 ,3 ,1 ,1 
부산,중구,일반,남자,70-74세,19 ,0 ,0 ,3 ,7 ,1 ,0 ,2 ,0 ,0 
부산,중구,일반,남자,75-79세,36 ,2 ,1 ,7 ,10 ,2 ,1 ,6 ,0 ,2 
부산,중구,일반,남자,80-84세,52 ,3 ,1 ,9 ,18 ,6 ,1 ,4 ,2 ,1 
부산,중구,일반,남자,85세이상,40 ,1 ,2 ,5 ,18 ,3 ,1 ,3 ,2 ,1 
부산,중구,일반,여자,65세미만,9 ,0 ,0 ,1 ,2 ,1 ,0 ,1 ,2 ,0 
부산,중구,일반,여자,65-69세,20 ,0 ,0 ,2 ,2 ,0 ,0 ,8 ,4 ,0 
부산,중구,일반,여자,70-74세,63 ,0 ,1 ,5 ,17 ,1 ,0 ,7 ,5 ,3 
부산,중구,일반,여자,75-79세,87 ,2 ,2 ,11 ,18 ,11 ,0 ,7 ,7 ,1 
부산,중구,일반,여자,80-84세,156 ,5 ,13 ,24 ,50 ,8 ,3 ,16 ,6 ,0 
부산,중구,일반,여자,85세이상,139 ,7 ,13 ,30 ,47 ,6 ,0 ,7 ,7 ,0 
부산,중구,기초,남자,65세미만,24 ,1 ,1 ,3 ,7 ,1 ,0 ,4 ,1 ,1 
부산,중구,기초,남자,65-69세,39 ,1 ,3 ,4 ,9 ,2 ,0 ,4 ,6 ,0 
부산,중구,기초,남자,70-74세,23 ,1 ,0 ,5 ,5 ,1 ,0 ,1 ,4 ,0 
부산,중구,기초,남자,75-79세,23 ,0 ,0 ,4 ,8 ,1 ,1 ,1 ,0 ,0 
부산,중구,기초,남자,80-84세,14 ,0 ,2 ,0 ,9 ,1 ,1 ,0 ,1 ,0 
부산,중구,기초,남자,85세이상,21 ,0 ,1 ,4 ,10 ,2 ,0 ,0 ,1 ,0 
부산,중구,기초,여자,65세미만,9 ,0 ,0 ,1 ,1 ,0 ,0 ,2 ,0 ,0 
부산,중구,기초,여자,65-69세,23 ,1 ,1 ,2 ,8 ,1 ,0 ,3 ,1 ,2 
부산,중구,기초,여자,70-74세,48 ,1 ,1 ,5 ,16 ,5 ,1 ,4 ,6 ,1 
부산,중구,기초,여자,75-79세,54 ,2 ,2 ,8 ,20 ,2 ,1 ,4 ,4 ,1 
부산,중구,기초,여자,80-84세,69 ,3 ,4 ,4 ,28 ,3 ,0 ,6 ,3 ,0 
부산,중구,기초,여자,85세이상,80 ,5 ,9 ,16 ,32 ,2 ,0 ,2 ,2 ,0 
부산,중구,의료,남자,70-74세,1 ,0 ,0 ,0 ,0 ,0 ,0 ,0 ,1 ,0 
부산,중구,의료,남자,75-79세,2 ,0 ,0 ,2 ,0 ,0 ,0 ,0 ,0 ,0 
부산,중구,의료,남자,85세이상,1 ,0 ,0 ,0 ,1 ,0 ,0 ,0 ,0 ,0 
부산,중구,의료,여자,65세미만,0 ,0 ,0 ,0 ,0 ,0 ,0 ,0 ,0 ,0 
부산,중구,의료,여자,65-69세,0 ,0 ,0 ,0 ,0 ,0 ,0 ,0 ,0 ,0 
부산,중구,의료,여자,70-74세,1 ,0 ,0 ,0 ,0 ,1 ,0 ,0 ,0 ,0 
부산,중구,의료,여자,75-79세,1 ,0 ,0 ,0 ,1 ,0 ,0 ,0 ,0 ,0 
부산,중구,의료,여자,80-84세,3 ,0 ,0 ,1 ,1 ,0 ,0 ,1 ,0 ,0 
부산,중구,의료,여자,85세이상,4 ,0 ,0 ,2 ,1 ,1 ,0 ,0 ,0 ,0 
부산,중구,감경,남자,65세미만,7 ,0 ,1 ,2 ,3 ,0 ,0 ,0 ,0 ,0 
부산,중구,감경,남자,65-69세,21 ,2 ,1 ,4 ,8 ,1 ,0 ,1 ,0 ,0 
부산,중구,감경,남자,70-74세,22 ,1 ,3 ,8 ,8 ,2 ,0 ,0 ,0 ,0 
부산,중구,감경,남자,75-79세,41 ,3 ,1 ,6 ,22 ,3 ,1 ,0 ,1 ,0 
부산,중구,감경,남자,80-84세,50 ,4 ,3 ,12 ,23 ,5 ,2 ,0 ,0 ,0 
부산,중구,감경,남자,85세이상,41 ,0 ,7 ,10 ,19 ,1 ,0 ,0 ,0 ,0 
부산,중구,감경,여자,65세미만,7 ,0 ,3 ,4 ,0 ,0 ,0 ,0 ,0 ,0 
부산,중구,감경,여자,65-69세,21 ,0 ,4 ,4 ,7 ,0 ,0 ,0 ,0 ,0 
부산,중구,감경,여자,70-74세,48 ,1 ,3 ,8 ,24 ,3 ,1 ,1 ,1 ,0 
부산,중구,감경,여자,75-79세,64 ,3 ,2 ,10 ,26 ,9 ,0 ,4 ,2 ,0 
부산,중구,감경,여자,80-84세,113 ,9 ,9 ,26 ,44 ,13 ,2 ,1 ,0 ,1 
부산,중구,감경,여자,85세이상,172 ,11 ,11 ,62 ,65 ,9 ,0 ,1 ,1 ,0 
부산,서구,일반,남자,65세미만,14 ,1 ,0 ,3 ,0 ,0 ,0 ,2 ,2 ,0 
부산,서구,일반,남자,65-69세,66 ,4 ,3 ,12 ,12 ,3 ,0 ,7 ,5 ,2 
부산,서구,일반,남자,70-74세,92 ,7 ,0 ,13 ,19 ,2 ,3 ,17 ,3 ,4 
부산,서구,일반,남자,75-79세,121 ,2 ,4 ,17 ,30 ,7 ,2 ,18 ,4 ,2 
부산,서구,일반,남자,80-84세,158 ,5 ,8 ,29 ,43 ,12 ,3 ,13 ,12 ,3 
부산,서구,일반,남자,85세이상,150 ,10 ,11 ,18 ,62 ,13 ,2 ,8 ,8 ,3 
부산,서구,일반,여자,65세미만,13 ,1 ,0 ,0 ,2 ,0 ,1 ,7 ,1 ,0 
부산,서구,일반,여자,65-69세,73 ,5 ,2 ,6 ,11 ,1 ,0 ,11 ,4 ,1 
부산,서구,일반,여자,70-74세,140 ,4 ,9 ,13 ,24 ,3 ,2 ,22 ,14 ,4 
부산,서구,일반,여자,75-79세,268 ,5 ,8 ,37 ,65 ,11 ,1 ,46 ,21 ,7 
부산,서구,일반,여자,80-84세,396 ,6 ,14 ,71 ,132 ,30 ,4 ,39 ,17 ,4 
부산,서구,일반,여자,85세이상,385 ,21 ,32 ,82 ,135 ,13 ,7 ,30 ,17 ,2 
부산,서구,기초,남자,65세미만,26 ,1 ,0 ,3 ,7 ,2 ,1 ,6 ,1 ,3 
부산,서구,기초,남자,65-69세,67 ,0 ,4 ,7 ,23 ,1 ,1 ,9 ,8 ,3 
부산,서구,기초,남자,70-74세,60 ,4 ,2 ,9 ,15 ,2 ,0 ,4 ,4 ,0 
부산,서구,기초,남자,75-79세,46 ,2 ,0 ,7 ,15 ,2 ,0 ,5 ,2 ,3 
부산,서구,기초,남자,80-84세,42 ,1 ,2 ,5 ,21 ,3 ,1 ,0 ,0 ,0 
부산,서구,기초,남자,85세이상,29 ,1 ,2 ,5 ,12 ,3 ,0 ,2 ,1 ,0 
부산,서구,기초,여자,65세미만,17 ,2 ,2 ,0 ,2 ,1 ,1 ,0 ,0 ,0 
부산,서구,기초,여자,65-69세,55 ,1 ,0 ,9 ,10 ,1 ,1 ,13 ,2 ,1 
부산,서구,기초,여자,70-74세,83 ,2 ,2 ,8 ,19 ,5 ,2 ,19 ,9 ,4 
부산,서구,기초,여자,75-79세,119 ,2 ,1 ,20 ,44 ,2 ,1 ,20 ,5 ,1 
부산,서구,기초,여자,80-84세,136 ,4 ,8 ,23 ,52 ,6 ,2 ,9 ,6 ,1 
부산,서구,기초,여자,85세이상,175 ,6 ,19 ,25 ,74 ,7 ,6 ,5 ,8 ,0 
부산,서구,의료,남자,65세미만,1 ,1 ,0 ,0 ,0 ,0 ,0 ,0 ,0 ,0 
부산,서구,의료,남자,65-69세,2 ,0 ,0 ,0 ,0 ,0 ,0 ,1 ,0 ,0 
부산,서구,의료,남자,75-79세,3 ,0 ,0 ,1 ,2 ,0 ,0 ,0 ,0 ,0 
부산,서구,의료,남자,85세이상,0 ,0 ,0 ,0 ,0 ,0 ,0 ,0 ,0 ,0 
부산,서구,의료,여자,65세미만,0 ,0 ,0 ,0 ,0 ,0 ,0 ,0 ,0 ,0 
부산,서구,의료,여자,65-69세,3 ,0 ,1 ,0 ,0 ,1 ,0 ,1 ,0 ,0 
부산,서구,의료,여자,70-74세,0 ,0 ,0 ,0 ,0 ,0 ,0 ,0 ,0 ,0 
부산,서구,의료,여자,75-79세,3 ,0 ,0 ,0 ,2 ,0 ,0 ,0 ,0 ,0 
부산,서구,의료,여자,80-84세,10 ,1 ,2 ,1 ,4 ,1 ,1 ,0 ,0 ,0 
부산,서구,의료,여자,85세이상,14 ,3 ,3 ,3 ,4 ,0 ,0 ,0 ,0 ,0 
부산,서구,감경,남자,65세미만,16 ,2 ,3 ,3 ,3 ,1 ,1 ,2 ,0 ,0 
부산,서구,감경,남자,65-69세,36 ,2 ,2 ,12 ,14 ,1 ,1 ,2 ,0 ,1 
부산,서구,감경,남자,70-74세,64 ,3 ,4 ,19 ,31 ,2 ,1 ,1 ,0 ,0 
부산,서구,감경,남자,75-79세,91 ,2 ,7 ,22 ,42 ,9 ,0 ,1 ,0 ,1 
부산,서구,감경,남자,80-84세,115 ,2 ,7 ,18 ,62 ,10 ,3 ,3 ,1 ,0 
부산,서구,감경,남자,85세이상,103 ,3 ,4 ,32 ,50 ,10 ,1 ,1 ,0 ,0 
부산,서구,감경,여자,65세미만,10 ,5 ,1 ,1 ,2 ,0 ,0 ,0 ,0 ,0 
부산,서구,감경,여자,65-69세,36 ,1 ,3 ,6 ,15 ,1 ,1 ,2 ,0 ,2 
부산,서구,감경,여자,70-74세,95 ,2 ,8 ,14 ,46 ,10 ,2 ,5 ,0 ,0 
부산,서구,감경,여자,75-79세,151 ,6 ,8 ,31 ,67 ,15 ,0 ,3 ,1 ,0 
부산,서구,감경,여자,80-84세,275 ,13 ,16 ,69 ,120 ,30 ,5 ,1 ,1 ,0 
부산,서구,감경,여자,85세이상,392 ,26 ,40 ,113 ,179 ,13 ,5 ,0 ,0 ,0 
부산,동구,일반,남자,65세미만,22 ,3 ,3 ,4 ,1 ,0 ,0 ,5 ,4 ,0 
부산,동구,일반,남자,65-69세,50 ,2 ,6 ,4 ,9 ,4 ,0 ,4 ,4 ,1 
부산,동구,일반,남자,70-74세,85 ,7 ,5 ,17 ,17 ,1 ,0 ,6 ,8 ,4 
부산,동구,일반,남자,75-79세,116 ,4 ,10 ,25 ,28 ,2 ,0 ,12 ,5 ,1 
부산,동구,일반,남자,80-84세,118 ,1 ,5 ,24 ,42 ,4 ,1 ,5 ,7 ,2 
부산,동구,일반,남자,85세이상,134 ,2 ,14 ,22 ,49 ,7 ,1 ,10 ,3 ,0 
부산,동구,일반,여자,65세미만,16 ,2 ,0 ,2 ,0 ,0 ,1 ,5 ,1 ,1 
부산,동구,일반,여자,65-69세,69 ,1 ,2 ,5 ,12 ,2 ,0 ,13 ,8 ,1 
부산,동구,일반,여자,70-74세,128 ,3 ,4 ,22 ,25 ,6 ,2 ,18 ,10 ,0 
부산,동구,일반,여자,75-79세,232 ,9 ,16 ,31 ,56 ,11 ,6 ,26 ,15 ,2 
부산,동구,일반,여자,80-84세,327 ,10 ,15 ,67 ,112 ,23 ,1 ,30 ,15 ,1 
부산,동구,일반,여자,85세이상,290 ,12 ,21 ,73 ,106 ,15 ,0 ,20 ,6 ,0 
부산,동구,기초,남자,65세미만,52 ,1 ,3 ,9 ,17 ,1 ,1 ,4 ,2 ,0 
부산,동구,기초,남자,65-69세,93 ,4 ,0 ,9 ,29 ,9 ,2 ,11 ,11 ,5 
부산,동구,기초,남자,70-74세,66 ,2 ,1 ,10 ,20 ,5 ,1 ,7 ,6 ,0 
부산,동구,기초,남자,75-79세,47 ,1 ,2 ,7 ,18 ,6 ,1 ,2 ,4 ,0 
부산,동구,기초,남자,80-84세,50 ,1 ,3 ,14 ,14 ,4 ,1 ,3 ,1 ,0 
부산,동구,기초,남자,85세이상,31 ,0 ,1 ,7 ,10 ,6 ,0 ,2 ,1 ,0 
부산,동구,기초,여자,65세미만,29 ,2 ,1 ,2 ,6 ,2 ,1 ,3 ,2 ,2 
부산,동구,기초,여자,65-69세,53 ,4 ,2 ,5 ,10 ,2 ,1 ,3 ,9 ,5 
부산,동구,기초,여자,70-74세,107 ,3 ,5 ,13 ,36 ,4 ,0 ,12 ,14 ,2 
부산,동구,기초,여자,75-79세,139 ,6 ,2 ,20 ,54 ,8 ,0 ,16 ,7 ,0 
부산,동구,기초,여자,80-84세,159 ,2 ,10 ,30 ,61 ,8 ,1 ,15 ,6 ,0 
부산,동구,기초,여자,85세이상,178 ,11 ,19 ,45 ,64 ,6 ,3 ,7 ,4 ,0 
부산,동구,의료,남자,65-69세,1 ,0 ,0 ,0 ,1 ,0 ,0 ,0 ,0 ,0 
부산,동구,의료,남자,70-74세,2 ,0 ,0 ,0 ,1 ,1 ,0 ,0 ,0 ,0 
부산,동구,의료,남자,75-79세,2 ,0 ,0 ,1 ,0 ,1 ,0 ,0 ,0 ,0 
부산,동구,의료,남자,80-84세,1 ,0 ,0 ,0 ,1 ,0 ,0 ,0 ,0 ,0 
부산,동구,의료,남자,85세이상,1 ,0 ,0 ,0 ,1 ,0 ,0 ,0 ,0 ,0 
부산,동구,의료,여자,65세미만,0 ,0 ,0 ,0 ,0 ,0 ,0 ,0 ,0 ,0 
부산,동구,의료,여자,65-69세,1 ,0 ,1 ,0 ,0 ,0 ,0 ,0 ,0 ,0 
부산,동구,의료,여자,70-74세,0 ,0 ,0 ,0 ,0 ,0 ,0 ,0 ,0 ,0 
부산,동구,의료,여자,75-79세,3 ,0 ,0 ,0 ,1 ,0 ,0 ,0 ,0 ,1 
부산,동구,의료,여자,80-84세,5 ,0 ,0 ,0 ,4 ,0 ,0 ,0 ,0 ,0 
부산,동구,의료,여자,85세이상,11 ,0 ,1 ,3 ,6 ,0 ,0 ,0 ,0 ,0 
부산,동구,감경,남자,65세미만,22 ,3 ,2 ,3 ,8 ,0 ,1 ,0 ,0 ,0 
부산,동구,감경,남자,65-69세,34 ,1 ,1 ,10 ,18 ,2 ,0 ,0 ,0 ,1 
부산,동구,감경,남자,70-74세,60 ,6 ,7 ,18 ,20 ,0 ,0 ,1 ,0 ,0 
부산,동구,감경,남자,75-79세,84 ,4 ,6 ,24 ,36 ,8 ,3 ,0 ,0 ,0 
부산,동구,감경,남자,80-84세,88 ,5 ,8 ,25 ,32 ,9 ,3 ,1 ,1 ,0 
부산,동구,감경,남자,85세이상,56 ,2 ,4 ,11 ,33 ,2 ,1 ,1 ,0 ,0 
부산,동구,감경,여자,65세미만,15 ,1 ,2 ,7 ,1 ,0 ,0 ,2 ,0 ,0 
부산,동구,감경,여자,65-69세,37 ,6 ,5 ,6 ,12 ,3 ,0 ,2 ,0 ,0 
부산,동구,감경,여자,70-74세,64 ,4 ,5 ,11 ,23 ,6 ,0 ,3 ,2 ,0 
부산,동구,감경,여자,75-79세,157 ,4 ,17 ,43 ,67 ,11 ,0 ,2 ,0 ,0 
부산,동구,감경,여자,80-84세,270 ,5 ,29 ,67 ,111 ,31 ,3 ,3 ,2 ,0 
부산,동구,감경,여자,85세이상,379 ,22 ,49 ,104 ,162 ,17 ,1 ,3 ,1 ,0 
부산,영도구,일반,남자,65세미만,24 ,0 ,0 ,3 ,1 ,0 ,0 ,5 ,6 ,0 
부산,영도구,일반,남자,65-69세,64 ,1 ,1 ,9 ,7 ,1 ,2 ,12 ,5 ,1 
부산,영도구,일반,남자,70-74세,116 ,0 ,3 ,21 ,36 ,5 ,2 ,13 ,11 ,2 
부산,영도구,일반,남자,75-79세,129 ,1 ,6 ,20 ,29 ,8 ,3 ,9 ,18 ,5 
부산,영도구,일반,남자,80-84세,170 ,4 ,9 ,33 ,48 ,11 ,4 ,14 ,11 ,3 
부산,영도구,일반,남자,85세이상,139 ,3 ,9 ,21 ,45 ,9 ,4 ,14 ,8 ,1 
부산,영도구,일반,여자,65세미만,25 ,1 ,1 ,1 ,4 ,0 ,0 ,8 ,2 ,1 
부산,영도구,일반,여자,65-69세,73 ,1 ,2 ,7 ,11 ,1 ,0 ,14 ,10 ,1 
부산,영도구,일반,여자,70-74세,155 ,3 ,2 ,16 ,32 ,6 ,3 ,25 ,12 ,2 
부산,영도구,일반,여자,75-79세,287 ,8 ,12 ,29 ,69 ,14 ,5 ,33 ,27 ,4 
부산,영도구,일반,여자,80-84세,386 ,8 ,17 ,51 ,139 ,23 ,6 ,43 ,25 ,1 
부산,영도구,일반,여자,85세이상,359 ,11 ,24 ,83 ,143 ,9 ,2 ,18 ,8 ,2 
부산,영도구,기초,남자,65세미만,80 ,1 ,4 ,8 ,18 ,6 ,2 ,15 ,8 ,6 
부산,영도구,기초,남자,65-69세,153 ,0 ,3 ,17 ,49 ,7 ,5 ,18 ,25 ,6 
부산,영도구,기초,남자,70-74세,93 ,0 ,4 ,10 ,24 ,4 ,4 ,15 ,11 ,4 
부산,영도구,기초,남자,75-79세,73 ,0 ,1 ,7 ,25 ,4 ,1 ,9 ,10 ,0 
부산,영도구,기초,남자,80-84세,66 ,1 ,1 ,8 ,27 ,5 ,4 ,3 ,4 ,0 
부산,영도구,기초,남자,85세이상,48 ,0 ,2 ,8 ,22 ,0 ,1 ,6 ,4 ,0 
부산,영도구,기초,여자,65세미만,43 ,1 ,1 ,8 ,11 ,1 ,1 ,5 ,6 ,4 
부산,영도구,기초,여자,65-69세,120 ,7 ,5 ,9 ,35 ,6 ,2 ,18 ,12 ,1 
부산,영도구,기초,여자,70-74세,130 ,2 ,5 ,17 ,34 ,5 ,2 ,17 ,14 ,3 
부산,영도구,기초,여자,75-79세,201 ,3 ,8 ,25 ,77 ,10 ,3 ,24 ,16 ,4 
부산,영도구,기초,여자,80-84세,242 ,7 ,5 ,35 ,97 ,25 ,3 ,16 ,11 ,2 
부산,영도구,기초,여자,85세이상,215 ,9 ,19 ,47 ,95 ,8 ,2 ,6 ,4 ,0 
부산,영도구,의료,남자,65세미만,1 ,0 ,0 ,0 ,0 ,0 ,0 ,0 ,1 ,0 
부산,영도구,의료,남자,65-69세,0 ,0 ,0 ,0 ,0 ,0 ,0 ,0 ,0 ,0 
부산,영도구,의료,남자,70-74세,6 ,0 ,0 ,1 ,4 ,0 ,0 ,0 ,0 ,0 
부산,영도구,의료,남자,75-79세,4 ,0 ,0 ,0 ,4 ,0 ,0 ,0 ,0 ,0 
부산,영도구,의료,남자,80-84세,0 ,0 ,0 ,0 ,0 ,0 ,0 ,0 ,0 ,0 
부산,영도구,의료,남자,85세이상,10 ,0 ,2 ,2 ,3 ,0 ,0 ,1 ,0 ,0 
부산,영도구,의료,여자,65세미만,1 ,0 ,0 ,0 ,0 ,0 ,0 ,0 ,1 ,0 
부산,영도구,의료,여자,65-69세,1 ,0 ,0 ,0 ,1 ,0 ,0 ,0 ,0 ,0 
부산,영도구,의료,여자,70-74세,5 ,1 ,1 ,1 ,1 ,0 ,0 ,1 ,0 ,0 
부산,영도구,의료,여자,75-79세,3 ,0 ,0 ,0 ,2 ,0 ,0 ,1 ,0 ,0 
부산,영도구,의료,여자,80-84세,10 ,0 ,0 ,0 ,5 ,0 ,0 ,1 ,0 ,0 
부산,영도구,의료,여자,85세이상,20 ,0 ,2 ,8 ,8 ,1 ,0 ,0 ,0 ,0 
부산,영도구,감경,남자,65세미만,26 ,2 ,2 ,7 ,7 ,2 ,0 ,1 ,1 ,0 
부산,영도구,감경,남자,65-69세,44 ,3 ,4 ,11 ,16 ,3 ,0 ,0 ,2 ,0 
부산,영도구,감경,남자,70-74세,67 ,0 ,1 ,17 ,39 ,1 ,2 ,2 ,0 ,0 
부산,영도구,감경,남자,75-79세,91 ,3 ,6 ,31 ,35 ,5 ,4 ,1 ,2 ,0 
부산,영도구,감경,남자,80-84세,96 ,2 ,5 ,24 ,48 ,10 ,0 ,1 ,0 ,1 
부산,영도구,감경,남자,85세이상,94 ,2 ,8 ,23 ,46 ,9 ,1 ,0 ,1 ,0 
부산,영도구,감경,여자,65세미만,15 ,1 ,2 ,3 ,6 ,2 ,0 ,1 ,0 ,0 
부산,영도구,감경,여자,65-69세,54 ,4 ,5 ,6 ,18 ,4 ,4 ,3 ,3 ,0 
부산,영도구,감경,여자,70-74세,102 ,2 ,5 ,13 ,48 ,8 ,2 ,6 ,3 ,0 
부산,영도구,감경,여자,75-79세,197 ,7 ,13 ,38 ,86 ,25 ,5 ,4 ,3 ,0 
부산,영도구,감경,여자,80-84세,351 ,14 ,30 ,91 ,159 ,25 ,6 ,1 ,4 ,0 
부산,영도구,감경,여자,85세이상,362 ,20 ,44 ,99 ,158 ,18 ,2 ,1 ,0 ,1 
부산,부산진구,일반,남자,65세미만,62 ,2 ,3 ,10 ,9 ,0 ,0 ,14 ,3 ,2 
부산,부산진구,일반,남자,65-69세,219 ,11 ,8 ,42 ,50 ,4 ,1 ,30 ,15 ,4 
부산,부산진구,일반,남자,70-74세,274 ,11 ,9 ,51 ,74 ,9 ,2 ,32 ,9 ,9 
부산,부산진구,일반,남자,75-79세,342 ,7 ,10 ,74 ,98 ,25 ,6 ,26 ,13 ,8 
부산,부산진구,일반,남자,80-84세,428 ,11 ,11 ,80 ,132 ,46 ,2 ,33 ,18 ,10 
부산,부산진구,일반,남자,85세이상,415 ,12 ,23 ,90 ,165 ,25 ,1 ,27 ,10 ,6 
부산,부산진구,일반,여자,65세미만,60 ,4 ,4 ,8 ,5 ,0 ,0 ,16 ,2 ,6 
부산,부산진구,일반,여자,65-69세,240 ,11 ,14 ,33 ,41 ,4 ,2 ,29 ,27 ,3 
부산,부산진구,일반,여자,70-74세,412 ,11 ,11 ,45 ,96 ,23 ,7 ,56 ,22 ,11 
부산,부산진구,일반,여자,75-79세,753 ,14 ,25 ,91 ,216 ,62 ,16 ,73 ,43 ,13 
부산,부산진구,일반,여자,80-84세,1239 ,39 ,59 ,200 ,428 ,79 ,17 ,120 ,46 ,17 
부산,부산진구,일반,여자,85세이상,993 ,37 ,75 ,256 ,371 ,42 ,11 ,39 ,15 ,5 
부산,부산진구,기초,남자,65세미만,101 ,8 ,2 ,12 ,26 ,4 ,0 ,20 ,7 ,3 
부산,부산진구,기초,남자,65-69세,176 ,2 ,2 ,14 ,56 ,15 ,4 ,18 ,16 ,10 
부산,부산진구,기초,남자,70-74세,115 ,3 ,4 ,9 ,43 ,11 ,1 ,9 ,11 ,4 
부산,부산진구,기초,남자,75-79세,79 ,0 ,3 ,14 ,27 ,7 ,1 ,6 ,8 ,2 
부산,부산진구,기초,남자,80-84세,90 ,2 ,2 ,13 ,39 ,7 ,3 ,4 ,5 ,4 
부산,부산진구,기초,남자,85세이상,57 ,3 ,3 ,10 ,24 ,5 ,0 ,2 ,4 ,2 
부산,부산진구,기초,여자,65세미만,46 ,5 ,5 ,9 ,11 ,3 ,1 ,5 ,3 ,1 
부산,부산진구,기초,여자,65-69세,127 ,2 ,4 ,17 ,34 ,3 ,2 ,20 ,11 ,7 
부산,부산진구,기초,여자,70-74세,164 ,5 ,11 ,19 ,42 ,16 ,2 ,19 ,11 ,6 
부산,부산진구,기초,여자,75-79세,270 ,4 ,6 ,48 ,105 ,18 ,1 ,23 ,16 ,3 
부산,부산진구,기초,여자,80-84세,330 ,6 ,22 ,61 ,142 ,24 ,2 ,15 ,8 ,6 
부산,부산진구,기초,여자,85세이상,380 ,15 ,26 ,97 ,164 ,23 ,0 ,7 ,4 ,2 
부산,부산진구,의료,남자,65세미만,1 ,0 ,0 ,0 ,0 ,1 ,0 ,0 ,0 ,0 
부산,부산진구,의료,남자,65-69세,3 ,0 ,0 ,1 ,1 ,0 ,0 ,0 ,0 ,0 
부산,부산진구,의료,남자,70-74세,2 ,0 ,0 ,1 ,1 ,0 ,0 ,0 ,0 ,0 
부산,부산진구,의료,남자,75-79세,9 ,0 ,0 ,5 ,3 ,0 ,0 ,0 ,0 ,1 
부산,부산진구,의료,남자,80-84세,7 ,0 ,0 ,3 ,3 ,1 ,0 ,0 ,0 ,0 
부산,부산진구,의료,남자,85세이상,8 ,0 ,1 ,2 ,3 ,0 ,0 ,0 ,0 ,0 
부산,부산진구,의료,여자,65-69세,2 ,0 ,0 ,0 ,0 ,0 ,0 ,0 ,0 ,1 
부산,부산진구,의료,여자,70-74세,5 ,1 ,0 ,1 ,1 ,0 ,0 ,1 ,1 ,0 
부산,부산진구,의료,여자,75-79세,5 ,0 ,0 ,3 ,1 ,0 ,0 ,0 ,0 ,0 
부산,부산진구,의료,여자,80-84세,16 ,0 ,0 ,0 ,11 ,0 ,0 ,1 ,0 ,1 
부산,부산진구,의료,여자,85세이상,28 ,1 ,4 ,10 ,8 ,0 ,0 ,0 ,0 ,0 
부산,부산진구,감경,남자,65세미만,54 ,7 ,7 ,10 ,16 ,2 ,1 ,1 ,0 ,0 
부산,부산진구,감경,남자,65-69세,113 ,1 ,4 ,37 ,51 ,5 ,3 ,1 ,0 ,0 
부산,부산진구,감경,남자,70-74세,187 ,9 ,10 ,47 ,94 ,10 ,3 ,0 ,1 ,0 
부산,부산진구,감경,남자,75-79세,195 ,10 ,12 ,59 ,89 ,14 ,4 ,0 ,1 ,0 
부산,부산진구,감경,남자,80-84세,257 ,7 ,27 ,62 ,114 ,20 ,8 ,3 ,1 ,2 
부산,부산진구,감경,남자,85세이상,215 ,6 ,16 ,61 ,103 ,19 ,3 ,2 ,0 ,0 
부산,부산진구,감경,여자,65세미만,42 ,6 ,4 ,13 ,11 ,1 ,0 ,0 ,0 ,1 
부산,부산진구,감경,여자,65-69세,103 ,6 ,7 ,24 ,37 ,8 ,5 ,1 ,1 ,0 
부산,부산진구,감경,여자,70-74세,214 ,8 ,12 ,53 ,89 ,18 ,6 ,5 ,6 ,0 
부산,부산진구,감경,여자,75-79세,431 ,15 ,26 ,103 ,187 ,37 ,11 ,10 ,4 ,2 
부산,부산진구,감경,여자,80-84세,723 ,27 ,48 ,194 ,327 ,66 ,15 ,7 ,2 ,1 
부산,부산진구,감경,여자,85세이상,976 ,51 ,103 ,307 ,401 ,64 ,4 ,1 ,0 ,0 
부산,동래구,일반,남자,65세미만,56 ,8 ,3 ,8 ,3 ,0 ,0 ,11 ,3 ,0 
부산,동래구,일반,남자,65-69세,142 ,8 ,9 ,23 ,38 ,3 ,0 ,17 ,2 ,3 
부산,동래구,일반,남자,70-74세,217 ,4 ,11 ,47 ,67 ,10 ,1 ,19 ,8 ,6 
부산,동래구,일반,남자,75-79세,282 ,9 ,7 ,55 ,100 ,16 ,1 ,22 ,15 ,1 
부산,동래구,일반,남자,80-84세,357 ,8 ,22 ,74 ,129 ,24 ,8 ,35 ,9 ,4 
부산,동래구,일반,남자,85세이상,313 ,14 ,11 ,74 ,131 ,13 ,6 ,9 ,8 ,5 
부산,동래구,일반,여자,65세미만,50 ,2 ,2 ,6 ,6 ,1 ,0 ,12 ,5 ,3 
부산,동래구,일반,여자,65-69세,146 ,4 ,8 ,10 ,35 ,2 ,0 ,27 ,12 ,3 
부산,동래구,일반,여자,70-74세,335 ,9 ,16 ,44 ,101 ,23 ,0 ,37 ,16 ,3 
부산,동래구,일반,여자,75-79세,554 ,17 ,32 ,79 ,143 ,44 ,9 ,45 ,35 ,8 
부산,동래구,일반,여자,80-84세,834 ,27 ,38 ,166 ,301 ,61 ,19 ,51 ,17 ,4 
부산,동래구,일반,여자,85세이상,855 ,40 ,95 ,222 ,286 ,42 ,6 ,24 ,17 ,4 
부산,동래구,기초,남자,65세미만,56 ,2 ,1 ,12 ,16 ,1 ,0 ,9 ,3 ,3 
부산,동래구,기초,남자,65-69세,65 ,1 ,3 ,9 ,20 ,4 ,0 ,7 ,6 ,2 
부산,동래구,기초,남자,70-74세,69 ,4 ,1 ,6 ,24 ,6 ,1 ,9 ,9 ,2 
부산,동래구,기초,남자,75-79세,57 ,1 ,2 ,7 ,28 ,3 ,0 ,3 ,4 ,1 
부산,동래구,기초,남자,80-84세,53 ,1 ,3 ,17 ,17 ,3 ,0 ,1 ,2 ,1 
부산,동래구,기초,남자,85세이상,43 ,0 ,3 ,7 ,20 ,4 ,1 ,0 ,2 ,0 
부산,동래구,기초,여자,65세미만,36 ,3 ,3 ,7 ,9 ,2 ,0 ,2 ,0 ,2 
부산,동래구,기초,여자,65-69세,81 ,0 ,4 ,13 ,21 ,2 ,0 ,14 ,7 ,3 
부산,동래구,기초,여자,70-74세,108 ,5 ,9 ,20 ,31 ,4 ,3 ,11 ,6 ,4 
부산,동래구,기초,여자,75-79세,133 ,2 ,8 ,24 ,45 ,11 ,1 ,11 ,7 ,2 
부산,동래구,기초,여자,80-84세,207 ,9 ,15 ,43 ,85 ,9 ,5 ,8 ,6 ,0 
부산,동래구,기초,여자,85세이상,234 ,9 ,36 ,61 ,87 ,4 ,3 ,7 ,2 ,0 
부산,동래구,의료,남자,65세미만,0 ,0 ,0 ,0 ,0 ,0 ,0 ,0 ,0 ,0 
부산,동래구,의료,남자,65-69세,0 ,0 ,0 ,0 ,0 ,0 ,0 ,0 ,0 ,0 
부산,동래구,의료,남자,70-74세,3 ,0 ,0 ,1 ,2 ,0 ,0 ,0 ,0 ,0 
부산,동래구,의료,남자,75-79세,2 ,0 ,0 ,2 ,0 ,0 ,0 ,0 ,0 ,0 
부산,동래구,의료,남자,80-84세,1 ,0 ,0 ,0 ,0 ,0 ,0 ,0 ,0 ,0 
부산,동래구,의료,남자,85세이상,4 ,1 ,1 ,1 ,1 ,0 ,0 ,0 ,0 ,0 
부산,동래구,의료,여자,65세미만,0 ,0 ,0 ,0 ,0 ,0 ,0 ,0 ,0 ,0 
부산,동래구,의료,여자,65-69세,1 ,0 ,0 ,0 ,0 ,0 ,1 ,0 ,0 ,0 
부산,동래구,의료,여자,70-74세,1 ,0 ,0 ,0 ,0 ,0 ,0 ,0 ,0 ,0 
부산,동래구,의료,여자,75-79세,2 ,0 ,0 ,0 ,1 ,0 ,0 ,0 ,0 ,0 
부산,동래구,의료,여자,80-84세,6 ,0 ,0 ,2 ,3 ,0 ,0 ,0 ,0 ,0 
부산,동래구,의료,여자,85세이상,21 ,0 ,4 ,2 ,10 ,0 ,0 ,0 ,0 ,0 
부산,동래구,감경,남자,65세미만,33 ,6 ,2 ,8 ,11 ,0 ,0 ,1 ,1 ,0 
부산,동래구,감경,남자,65-69세,57 ,2 ,7 ,16 ,25 ,1 ,0 ,0 ,0 ,0 
부산,동래구,감경,남자,70-74세,116 ,5 ,9 ,32 ,50 ,8 ,2 ,3 ,2 ,0 
부산,동래구,감경,남자,75-79세,141 ,3 ,10 ,29 ,72 ,14 ,4 ,1 ,1 ,1 
부산,동래구,감경,남자,80-84세,180 ,10 ,11 ,53 ,83 ,9 ,3 ,3 ,0 ,0 
부산,동래구,감경,남자,85세이상,136 ,5 ,7 ,46 ,65 ,9 ,0 ,0 ,0 ,0 
부산,동래구,감경,여자,65세미만,27 ,2 ,2 ,7 ,9 ,4 ,1 ,0 ,0 ,0 
부산,동래구,감경,여자,65-69세,64 ,5 ,4 ,13 ,24 ,4 ,3 ,0 ,0 ,0 
부산,동래구,감경,여자,70-74세,157 ,10 ,12 ,27 ,64 ,16 ,6 ,5 ,1 ,0 
부산,동래구,감경,여자,75-79세,310 ,19 ,29 ,67 ,133 ,28 ,3 ,4 ,2 ,0 
부산,동래구,감경,여자,80-84세,507 ,20 ,52 ,116 ,234 ,47 ,4 ,0 ,0 ,0 
부산,동래구,감경,여자,85세이상,687 ,42 ,80 ,222 ,284 ,22 ,3 ,1 ,1 ,0 
부산,남구,일반,남자,65세미만,42 ,0 ,1 ,6 ,4 ,2 ,1 ,12 ,6 ,2 
부산,남구,일반,남자,65-69세,128 ,6 ,4 ,18 ,29 ,5 ,0 ,21 ,13 ,0 
부산,남구,일반,남자,70-74세,215 ,5 ,6 ,49 ,64 ,11 ,2 ,24 ,7 ,4 
부산,남구,일반,남자,75-79세,275 ,8 ,8 ,59 ,80 ,17 ,3 ,27 ,12 ,5 
부산,남구,일반,남자,80-84세,384 ,5 ,20 ,77 ,124 ,41 ,13 ,24 ,16 ,7 
부산,남구,일반,남자,85세이상,273 ,6 ,19 ,54 ,103 ,18 ,2 ,16 ,11 ,3 
부산,남구,일반,여자,65세미만,46 ,3 ,2 ,7 ,8 ,3 ,0 ,8 ,7 ,1 
부산,남구,일반,여자,65-69세,201 ,6 ,8 ,20 ,28 ,10 ,1 ,31 ,20 ,5 
부산,남구,일반,여자,70-74세,351 ,8 ,12 ,36 ,78 ,15 ,6 ,47 ,25 ,5 
부산,남구,일반,여자,75-79세,591 ,13 ,21 ,78 ,184 ,35 ,8 ,70 ,39 ,14 
부산,남구,일반,여자,80-84세,776 ,9 ,26 ,142 ,252 ,65 ,14 ,84 ,27 ,5 
부산,남구,일반,여자,85세이상,768 ,24 ,51 ,185 ,295 ,48 ,7 ,30 ,22 ,5 
부산,남구,기초,남자,65세미만,48 ,1 ,3 ,6 ,16 ,3 ,0 ,6 ,5 ,1 
부산,남구,기초,남자,65-69세,74 ,2 ,6 ,10 ,19 ,3 ,0 ,5 ,9 ,5 
부산,남구,기초,남자,70-74세,57 ,4 ,1 ,14 ,14 ,3 ,1 ,4 ,5 ,1 
부산,남구,기초,남자,75-79세,37 ,1 ,3 ,5 ,13 ,0 ,2 ,4 ,3 ,2 
부산,남구,기초,남자,80-84세,53 ,2 ,0 ,9 ,18 ,4 ,0 ,5 ,8 ,2 
부산,남구,기초,남자,85세이상,46 ,0 ,2 ,13 ,15 ,4 ,0 ,3 ,2 ,2 
부산,남구,기초,여자,65세미만,28 ,1 ,2 ,2 ,5 ,1 ,0 ,5 ,2 ,1 
부산,남구,기초,여자,65-69세,80 ,1 ,2 ,12 ,24 ,7 ,2 ,8 ,6 ,2 
부산,남구,기초,여자,70-74세,104 ,2 ,3 ,14 ,32 ,5 ,3 ,9 ,7 ,3 
부산,남구,기초,여자,75-79세,125 ,1 ,5 ,18 ,46 ,8 ,2 ,13 ,7 ,2 
부산,남구,기초,여자,80-84세,207 ,5 ,11 ,32 ,85 ,15 ,1 ,9 ,10 ,4 
부산,남구,기초,여자,85세이상,211 ,2 ,14 ,50 ,102 ,11 ,2 ,5 ,4 ,2 
부산,남구,의료,남자,65-69세,1 ,0 ,0 ,1 ,0 ,0 ,0 ,0 ,0 ,0 
부산,남구,의료,남자,70-74세,2 ,0 ,0 ,1 ,1 ,0 ,0 ,0 ,0 ,0 
부산,남구,의료,남자,75-79세,4 ,0 ,1 ,0 ,2 ,0 ,0 ,0 ,1 ,0 
부산,남구,의료,남자,80-84세,2 ,0 ,0 ,0 ,0 ,0 ,0 ,0 ,0 ,0 
부산,남구,의료,남자,85세이상,6 ,1 ,1 ,1 ,1 ,1 ,0 ,1 ,0 ,0 
부산,남구,의료,여자,65세미만,0 ,0 ,0 ,0 ,0 ,0 ,0 ,0 ,0 ,0 
부산,남구,의료,여자,65-69세,2 ,0 ,0 ,0 ,0 ,0 ,0 ,0 ,0 ,0 
부산,남구,의료,여자,70-74세,2 ,0 ,0 ,0 ,2 ,0 ,0 ,0 ,0 ,0 
부산,남구,의료,여자,75-79세,9 ,0 ,0 ,0 ,3 ,0 ,0 ,2 ,0 ,0 
부산,남구,의료,여자,80-84세,9 ,0 ,1 ,2 ,5 ,0 ,0 ,0 ,0 ,0 
부산,남구,의료,여자,85세이상,21 ,1 ,0 ,9 ,3 ,2 ,0 ,0 ,1 ,0 
부산,남구,감경,남자,65세미만,37 ,4 ,3 ,8 ,11 ,2 ,0 ,1 ,3 ,0 
부산,남구,감경,남자,65-69세,82 ,3 ,3 ,26 ,28 ,10 ,2 ,4 ,0 ,0 
부산,남구,감경,남자,70-74세,129 ,0 ,13 ,38 ,55 ,11 ,5 ,0 ,1 ,0 
부산,남구,감경,남자,75-79세,170 ,3 ,15 ,44 ,81 ,15 ,2 ,0 ,2 ,1 
부산,남구,감경,남자,80-84세,172 ,3 ,8 ,42 ,74 ,26 ,6 ,2 ,0 ,0 
부산,남구,감경,남자,85세이상,142 ,2 ,9 ,30 ,73 ,16 ,4 ,1 ,1 ,0 
부산,남구,감경,여자,65세미만,33 ,4 ,0 ,4 ,16 ,4 ,3 ,0 ,0 ,0 
부산,남구,감경,여자,65-69세,74 ,2 ,6 ,15 ,34 ,0 ,4 ,2 ,3 ,1 
부산,남구,감경,여자,70-74세,143 ,5 ,12 ,30 ,64 ,11 ,5 ,3 ,1 ,0 
부산,남구,감경,여자,75-79세,272 ,7 ,14 ,66 ,120 ,30 ,10 ,4 ,0 ,0 
부산,남구,감경,여자,80-84세,508 ,15 ,32 ,127 ,256 ,36 ,12 ,2 ,2 ,0 
부산,남구,감경,여자,85세이상,647 ,39 ,59 ,210 ,264 ,44 ,4 ,2 ,0 ,1 
부산,북구,일반,남자,65세미만,50 ,1 ,2 ,5 ,12 ,1 ,1 ,14 ,5 ,1 
부산,북구,일반,남자,65-69세,142 ,3 ,3 ,17 ,33 ,2 ,4 ,28 ,11 ,6 
부산,북구,일반,남자,70-74세,200 ,6 ,10 ,43 ,46 ,5 ,1 ,34 ,12 ,6 
부산,북구,일반,남자,75-79세,219 ,5 ,7 ,38 ,45 ,15 ,7 ,31 ,14 ,2 
부산,북구,일반,남자,80-84세,288 ,5 ,8 ,62 ,73 ,36 ,6 ,26 ,16 ,0 
부산,북구,일반,남자,85세이상,237 ,4 ,18 ,40 ,91 ,19 ,1 ,15 ,7 ,2 
부산,북구,일반,여자,65세미만,48 ,6 ,5 ,8 ,9 ,1 ,0 ,7 ,3 ,2 
부산,북구,일반,여자,65-69세,169 ,2 ,2 ,26 ,22 ,5 ,3 ,25 ,22 ,4 
부산,북구,일반,여자,70-74세,280 ,7 ,11 ,34 ,62 ,10 ,6 ,36 ,16 ,7 
부산,북구,일반,여자,75-79세,500 ,10 ,19 ,77 ,132 ,30 ,13 ,69 ,24 ,9 
부산,북구,일반,여자,80-84세,733 ,19 ,37 ,118 ,227 ,64 ,18 ,68 ,28 ,4 
부산,북구,일반,여자,85세이상,668 ,34 ,55 ,159 ,226 ,34 ,5 ,33 ,16 ,1 
부산,북구,기초,남자,65세미만,143 ,3 ,10 ,22 ,45 ,5 ,2 ,23 ,5 ,8 
부산,북구,기초,남자,65-69세,271 ,5 ,7 ,28 ,68 ,15 ,3 ,50 ,33 ,20 
부산,북구,기초,남자,70-74세,174 ,0 ,6 ,20 ,62 ,12 ,3 ,18 ,14 ,6 
부산,북구,기초,남자,75-79세,124 ,1 ,4 ,13 ,41 ,13 ,1 ,11 ,11 ,5 
부산,북구,기초,남자,80-84세,112 ,0 ,2 ,19 ,52 ,8 ,0 ,6 ,6 ,4 
부산,북구,기초,남자,85세이상,73 ,2 ,1 ,11 ,34 ,5 ,2 ,0 ,3 ,1 
부산,북구,기초,여자,65세미만,79 ,3 ,5 ,12 ,14 ,10 ,4 ,13 ,7 ,3 
부산,북구,기초,여자,65-69세,170 ,3 ,6 ,20 ,48 ,11 ,3 ,17 ,17 ,6 
부산,북구,기초,여자,70-74세,218 ,2 ,7 ,24 ,79 ,14 ,3 ,20 ,13 ,7 
부산,북구,기초,여자,75-79세,283 ,8 ,8 ,28 ,94 ,25 ,3 ,29 ,23 ,8 
부산,북구,기초,여자,80-84세,387 ,9 ,25 ,45 ,162 ,43 ,13 ,23 ,11 ,4 
부산,북구,기초,여자,85세이상,448 ,24 ,32 ,78 ,202 ,34 ,4 ,11 ,9 ,5 
부산,북구,의료,남자,65-69세,2 ,0 ,0 ,0 ,0 ,0 ,0 ,0 ,1 ,0 
부산,북구,의료,남자,70-74세,2 ,0 ,0 ,0 ,1 ,0 ,0 ,0 ,0 ,0 
부산,북구,의료,남자,75-79세,2 ,0 ,0 ,1 ,0 ,1 ,0 ,0 ,0 ,0 
부산,북구,의료,남자,80-84세,5 ,0 ,0 ,3 ,1 ,0 ,0 ,0 ,0 ,0 
부산,북구,의료,남자,85세이상,8 ,1 ,1 ,1 ,3 ,0 ,0 ,0 ,0 ,0 
부산,북구,의료,여자,65-69세,2 ,0 ,1 ,1 ,0 ,0 ,0 ,0 ,0 ,0 
부산,북구,의료,여자,70-74세,4 ,0 ,0 ,1 ,2 ,0 ,0 ,0 ,0 ,0 
부산,북구,의료,여자,75-79세,3 ,0 ,0 ,1 ,1 ,0 ,0 ,0 ,0 ,0 
부산,북구,의료,여자,80-84세,13 ,0 ,0 ,1 ,6 ,1 ,0 ,1 ,1 ,0 
부산,북구,의료,여자,85세이상,34 ,2 ,2 ,8 ,10 ,2 ,1 ,1 ,1 ,1 
부산,북구,감경,남자,65세미만,32 ,1 ,0 ,15 ,12 ,0 ,1 ,0 ,0 ,1 
부산,북구,감경,남자,65-69세,96 ,6 ,13 ,30 ,37 ,3 ,2 ,2 ,0 ,0 
부산,북구,감경,남자,70-74세,117 ,9 ,10 ,27 ,53 ,10 ,2 ,2 ,0 ,0 
부산,북구,감경,남자,75-79세,121 ,3 ,9 ,33 ,56 ,10 ,2 ,1 ,0 ,0 
부산,북구,감경,남자,80-84세,160 ,4 ,8 ,46 ,65 ,19 ,6 ,4 ,1 ,0 
부산,북구,감경,남자,85세이상,133 ,4 ,12 ,33 ,68 ,8 ,2 ,2 ,0 ,0 
부산,북구,감경,여자,65세미만,34 ,5 ,1 ,9 ,12 ,2 ,0 ,2 ,0 ,0 
부산,북구,감경,여자,65-69세,73 ,5 ,4 ,14 ,31 ,4 ,0 ,0 ,0 ,1 
부산,북구,감경,여자,70-74세,150 ,8 ,14 ,31 ,54 ,20 ,4 ,1 ,1 ,0 
부산,북구,감경,여자,75-79세,303 ,14 ,19 ,68 ,123 ,40 ,7 ,6 ,2 ,1 
부산,북구,감경,여자,80-84세,510 ,28 ,35 ,118 ,234 ,49 ,9 ,6 ,3 ,0 
부산,북구,감경,여자,85세이상,717 ,48 ,79 ,197 ,321 ,37 ,5 ,2 ,2 ,0 
부산,해운대구,일반,남자,65세미만,80 ,4 ,3 ,12 ,10 ,1 ,1 ,20 ,6 ,5 
부산,해운대구,일반,남자,65-69세,159 ,11 ,9 ,27 ,31 ,4 ,1 ,23 ,5 ,8 
부산,해운대구,일반,남자,70-74세,300 ,10 ,16 ,44 ,80 ,12 ,2 ,38 ,17 ,4 
부산,해운대구,일반,남자,75-79세,374 ,8 ,17 ,65 ,125 ,18 ,6 ,35 ,15 ,7 
부산,해운대구,일반,남자,80-84세,474 ,8 ,33 ,76 ,157 ,45 ,6 ,39 ,20 ,7 
부산,해운대구,일반,남자,85세이상,473 ,13 ,31 ,111 ,178 ,26 ,7 ,31 ,17 ,6 
부산,해운대구,일반,여자,65세미만,93 ,10 ,2 ,13 ,18 ,3 ,1 ,22 ,6 ,1 
부산,해운대구,일반,여자,65-69세,248 ,5 ,10 ,19 ,45 ,7 ,4 ,33 ,17 ,4 
부산,해운대구,일반,여자,70-74세,458 ,14 ,26 ,64 ,92 ,27 ,8 ,58 ,26 ,11 
부산,해운대구,일반,여자,75-79세,779 ,18 ,30 ,107 ,242 ,47 ,15 ,81 ,39 ,13 
부산,해운대구,일반,여자,80-84세,1163 ,28 ,45 ,212 ,457 ,108 ,12 ,93 ,26 ,4 
부산,해운대구,일반,여자,85세이상,1240 ,52 ,110 ,294 ,498 ,74 ,11 ,41 ,11 ,6 
부산,해운대구,기초,남자,65세미만,115 ,1 ,10 ,15 ,34 ,8 ,1 ,11 ,8 ,9 
부산,해운대구,기초,남자,65-69세,169 ,2 ,6 ,20 ,61 ,12 ,0 ,18 ,21 ,8 
부산,해운대구,기초,남자,70-74세,99 ,1 ,3 ,8 ,53 ,4 ,0 ,6 ,6 ,4 
부산,해운대구,기초,남자,75-79세,100 ,3 ,2 ,11 ,43 ,5 ,1 ,11 ,2 ,2 
부산,해운대구,기초,남자,80-84세,98 ,1 ,3 ,14 ,42 ,9 ,1 ,11 ,7 ,0 
부산,해운대구,기초,남자,85세이상,47 ,1 ,2 ,7 ,24 ,2 ,2 ,3 ,0 ,0 
부산,해운대구,기초,여자,65세미만,53 ,3 ,3 ,6 ,13 ,7 ,0 ,8 ,2 ,2 
부산,해운대구,기초,여자,65-69세,155 ,2 ,4 ,11 ,51 ,6 ,0 ,21 ,14 ,3 
부산,해운대구,기초,여자,70-74세,222 ,0 ,5 ,26 ,97 ,13 ,2 ,12 ,22 ,3 
부산,해운대구,기초,여자,75-79세,286 ,6 ,7 ,27 ,111 ,21 ,6 ,37 ,20 ,3 
부산,해운대구,기초,여자,80-84세,363 ,6 ,9 ,57 ,162 ,32 ,2 ,26 ,12 ,4 
부산,해운대구,기초,여자,85세이상,382 ,14 ,30 ,80 ,191 ,18 ,4 ,12 ,7 ,0 
부산,해운대구,의료,남자,65세미만,1 ,0 ,0 ,0 ,1 ,0 ,0 ,0 ,0 ,0 
부산,해운대구,의료,남자,65-69세,4 ,0 ,0 ,1 ,1 ,0 ,0 ,0 ,1 ,0 
부산,해운대구,의료,남자,70-74세,7 ,1 ,0 ,1 ,3 ,0 ,0 ,0 ,0 ,0 
부산,해운대구,의료,남자,75-79세,5 ,0 ,1 ,1 ,2 ,1 ,0 ,0 ,0 ,0 
부산,해운대구,의료,남자,80-84세,2 ,0 ,0 ,0 ,1 ,0 ,0 ,0 ,1 ,0 
부산,해운대구,의료,남자,85세이상,7 ,0 ,0 ,3 ,3 ,0 ,0 ,1 ,0 ,0 
부산,해운대구,의료,여자,65세미만,1 ,0 ,0 ,0 ,0 ,0 ,0 ,1 ,0 ,0 
부산,해운대구,의료,여자,65-69세,5 ,0 ,0 ,0 ,1 ,0 ,0 ,2 ,0 ,0 
부산,해운대구,의료,여자,70-74세,6 ,0 ,0 ,0 ,3 ,0 ,0 ,1 ,0 ,0 
부산,해운대구,의료,여자,75-79세,4 ,0 ,1 ,1 ,0 ,1 ,0 ,0 ,0 ,0 
부산,해운대구,의료,여자,80-84세,8 ,0 ,0 ,2 ,1 ,0 ,0 ,2 ,0 ,0 
부산,해운대구,의료,여자,85세이상,45 ,1 ,4 ,16 ,14 ,1 ,1 ,0 ,1 ,0 
부산,해운대구,감경,남자,65세미만,58 ,7 ,6 ,18 ,18 ,2 ,1 ,1 ,0 ,1 
부산,해운대구,감경,남자,65-69세,121 ,3 ,7 ,29 ,62 ,7 ,0 ,2 ,1 ,1 
부산,해운대구,감경,남자,70-74세,155 ,6 ,7 ,44 ,79 ,5 ,1 ,4 ,0 ,0 
부산,해운대구,감경,남자,75-79세,165 ,6 ,8 ,41 ,81 ,15 ,4 ,2 ,0 ,0 
부산,해운대구,감경,남자,80-84세,196 ,4 ,11 ,57 ,96 ,15 ,3 ,2 ,0 ,1 
부산,해운대구,감경,남자,85세이상,211 ,5 ,13 ,71 ,93 ,10 ,6 ,3 ,0 ,0 
부산,해운대구,감경,여자,65세미만,30 ,4 ,2 ,5 ,11 ,2 ,0 ,1 ,0 ,0 
부산,해운대구,감경,여자,65-69세,94 ,4 ,2 ,28 ,39 ,3 ,2 ,4 ,1 ,0 
부산,해운대구,감경,여자,70-74세,220 ,10 ,9 ,37 ,102 ,20 ,6 ,7 ,5 ,0 
부산,해운대구,감경,여자,75-79세,368 ,17 ,25 ,66 ,166 ,43 ,7 ,3 ,2 ,0 
부산,해운대구,감경,여자,80-84세,668 ,15 ,42 ,151 ,353 ,52 ,12 ,4 ,3 ,0 
부산,해운대구,감경,여자,85세이상,828 ,35 ,86 ,244 ,362 ,52 ,6 ,4 ,3 ,0 
부산,사하구,일반,남자,65세미만,57 ,4 ,0 ,6 ,6 ,2 ,0 ,16 ,4 ,5 
부산,사하구,일반,남자,65-69세,136 ,4 ,4 ,18 ,31 ,1 ,1 ,23 ,3 ,6 
부산,사하구,일반,남자,70-74세,227 ,7 ,10 ,38 ,58 ,9 ,1 ,31 ,15 ,4 
부산,사하구,일반,남자,75-79세,269 ,5 ,13 ,38 ,75 ,17 ,6 ,23 ,15 ,7 
부산,사하구,일반,남자,80-84세,294 ,6 ,9 ,45 ,88 ,26 ,5 ,34 ,24 ,8 
부산,사하구,일반,남자,85세이상,231 ,3 ,9 ,40 ,84 ,20 ,2 ,22 ,5 ,2 
부산,사하구,일반,여자,65세미만,53 ,3 ,1 ,7 ,5 ,1 ,0 ,12 ,4 ,3 
부산,사하구,일반,여자,65-69세,175 ,1 ,1 ,8 ,32 ,8 ,1 ,24 ,12 ,5 
부산,사하구,일반,여자,70-74세,313 ,6 ,7 ,37 ,67 ,14 ,4 ,51 ,20 ,3 
부산,사하구,일반,여자,75-79세,547 ,17 ,13 ,71 ,140 ,25 ,14 ,72 ,27 ,8 
부산,사하구,일반,여자,80-84세,839 ,22 ,42 ,125 ,267 ,66 ,13 ,82 ,35 ,5 
부산,사하구,일반,여자,85세이상,733 ,26 ,55 ,167 ,248 ,44 ,7 ,60 ,9 ,3 
부산,사하구,기초,남자,65세미만,132 ,6 ,3 ,20 ,28 ,8 ,4 ,21 ,13 ,8 
부산,사하구,기초,남자,65-69세,222 ,4 ,8 ,26 ,52 ,11 ,4 ,26 ,22 ,23 
부산,사하구,기초,남자,70-74세,168 ,2 ,2 ,30 ,52 ,16 ,6 ,16 ,12 ,6 
부산,사하구,기초,남자,75-79세,141 ,0 ,2 ,11 ,46 ,22 ,8 ,17 ,9 ,6 
부산,사하구,기초,남자,80-84세,131 ,3 ,6 ,10 ,55 ,13 ,3 ,9 ,6 ,3 
부산,사하구,기초,남자,85세이상,70 ,0 ,2 ,16 ,22 ,14 ,2 ,3 ,3 ,0 
부산,사하구,기초,여자,65세미만,67 ,2 ,3 ,11 ,15 ,3 ,1 ,16 ,4 ,1 
부산,사하구,기초,여자,65-69세,165 ,1 ,5 ,17 ,56 ,9 ,3 ,15 ,15 ,8 
부산,사하구,기초,여자,70-74세,217 ,5 ,11 ,29 ,65 ,14 ,2 ,27 ,16 ,2 
부산,사하구,기초,여자,75-79세,296 ,8 ,11 ,54 ,102 ,17 ,9 ,21 ,16 ,5 
부산,사하구,기초,여자,80-84세,400 ,12 ,20 ,66 ,176 ,28 ,10 ,23 ,12 ,2 
부산,사하구,기초,여자,85세이상,395 ,20 ,38 ,83 ,162 ,19 ,0 ,13 ,9 ,2 
부산,사하구,의료,남자,65세미만,1 ,0 ,0 ,0 ,1 ,0 ,0 ,0 ,0 ,0 
부산,사하구,의료,남자,65-69세,0 ,0 ,0 ,0 ,0 ,0 ,0 ,0 ,0 ,0 
부산,사하구,의료,남자,70-74세,1 ,0 ,0 ,0 ,0 ,0 ,0 ,0 ,0 ,0 
부산,사하구,의료,남자,75-79세,4 ,1 ,0 ,1 ,1 ,0 ,0 ,0 ,1 ,0 
부산,사하구,의료,남자,80-84세,5 ,0 ,0 ,1 ,2 ,0 ,1 ,0 ,1 ,0 
부산,사하구,의료,남자,85세이상,6 ,0 ,0 ,1 ,4 ,0 ,0 ,0 ,0 ,0 
부산,사하구,의료,여자,65-69세,5 ,0 ,0 ,1 ,1 ,0 ,0 ,0 ,0 ,1 
부산,사하구,의료,여자,70-74세,8 ,0 ,0 ,2 ,3 ,0 ,0 ,0 ,2 ,0 
부산,사하구,의료,여자,75-79세,11 ,0 ,1 ,1 ,1 ,0 ,1 ,0 ,1 ,1 
부산,사하구,의료,여자,80-84세,18 ,0 ,0 ,4 ,9 ,0 ,0 ,0 ,2 ,0 
부산,사하구,의료,여자,85세이상,22 ,1 ,2 ,6 ,8 ,1 ,0 ,0 ,2 ,0 
부산,사하구,감경,남자,65세미만,40 ,4 ,2 ,9 ,14 ,7 ,0 ,0 ,0 ,1 
부산,사하구,감경,남자,65-69세,107 ,3 ,7 ,31 ,46 ,6 ,2 ,2 ,1 ,1 
부산,사하구,감경,남자,70-74세,181 ,6 ,9 ,40 ,91 ,11 ,6 ,2 ,2 ,2 
부산,사하구,감경,남자,75-79세,220 ,11 ,14 ,53 ,98 ,17 ,7 ,2 ,2 ,1 
부산,사하구,감경,남자,80-84세,202 ,6 ,14 ,41 ,97 ,23 ,7 ,4 ,1 ,2 
부산,사하구,감경,남자,85세이상,175 ,3 ,14 ,34 ,88 ,20 ,8 ,1 ,0 ,0 
부산,사하구,감경,여자,65세미만,32 ,2 ,1 ,11 ,15 ,1 ,0 ,0 ,0 ,0 
부산,사하구,감경,여자,65-69세,103 ,2 ,11 ,29 ,39 ,9 ,3 ,1 ,0 ,0 
부산,사하구,감경,여자,70-74세,212 ,6 ,15 ,46 ,93 ,19 ,8 ,5 ,1 ,1 
부산,사하구,감경,여자,75-79세,398 ,12 ,21 ,75 ,176 ,37 ,13 ,10 ,2 ,0 
부산,사하구,감경,여자,80-84세,617 ,19 ,46 ,149 ,278 ,58 ,10 ,8 ,1 ,0 
부산,사하구,감경,여자,85세이상,910 ,49 ,96 ,261 ,373 ,57 ,8 ,2 ,1 ,0 
부산,금정구,일반,남자,65세미만,49 ,3 ,3 ,4 ,4 ,3 ,0 ,10 ,4 ,4 
부산,금정구,일반,남자,65-69세,95 ,4 ,2 ,11 ,22 ,4 ,0 ,17 ,6 ,0 
부산,금정구,일반,남자,70-74세,161 ,1 ,5 ,21 ,51 ,11 ,2 ,18 ,12 ,2 
부산,금정구,일반,남자,75-79세,229 ,2 ,7 ,27 ,73 ,26 ,0 ,29 ,7 ,1 
부산,금정구,일반,남자,80-84세,345 ,3 ,10 ,49 ,133 ,33 ,3 ,26 ,8 ,5 
부산,금정구,일반,남자,85세이상,320 ,5 ,14 ,62 ,119 ,36 ,5 ,16 ,10 ,3 
부산,금정구,일반,여자,65세미만,42 ,1 ,3 ,6 ,3 ,1 ,0 ,9 ,4 ,0 
부산,금정구,일반,여자,65-69세,122 ,5 ,6 ,5 ,26 ,3 ,1 ,17 ,7 ,1 
부산,금정구,일반,여자,70-74세,286 ,4 ,16 ,25 ,65 ,17 ,3 ,28 ,28 ,2 
부산,금정구,일반,여자,75-79세,491 ,9 ,19 ,55 ,118 ,41 ,9 ,72 ,31 ,2 
부산,금정구,일반,여자,80-84세,824 ,16 ,30 ,116 ,287 ,77 ,9 ,77 ,26 ,1 
부산,금정구,일반,여자,85세이상,817 ,26 ,58 ,193 ,311 ,58 ,4 ,22 ,13 ,2 
부산,금정구,기초,남자,65세미만,69 ,3 ,1 ,9 ,19 ,10 ,0 ,9 ,3 ,1 
부산,금정구,기초,남자,65-69세,114 ,1 ,2 ,9 ,35 ,6 ,3 ,13 ,9 ,3 
부산,금정구,기초,남자,70-74세,64 ,1 ,3 ,7 ,22 ,3 ,1 ,9 ,5 ,2 
부산,금정구,기초,남자,75-79세,56 ,1 ,5 ,5 ,20 ,4 ,0 ,7 ,0 ,0 
부산,금정구,기초,남자,80-84세,51 ,1 ,1 ,7 ,21 ,4 ,1 ,0 ,2 ,1 
부산,금정구,기초,남자,85세이상,49 ,0 ,1 ,12 ,16 ,8 ,0 ,0 ,1 ,1 
부산,금정구,기초,여자,65세미만,34 ,0 ,4 ,7 ,11 ,3 ,0 ,3 ,0 ,0 
부산,금정구,기초,여자,65-69세,82 ,2 ,2 ,5 ,21 ,10 ,1 ,14 ,5 ,1 
부산,금정구,기초,여자,70-74세,109 ,0 ,2 ,12 ,31 ,9 ,1 ,17 ,5 ,1 
부산,금정구,기초,여자,75-79세,169 ,1 ,8 ,14 ,60 ,14 ,0 ,20 ,13 ,0 
부산,금정구,기초,여자,80-84세,243 ,10 ,9 ,38 ,87 ,26 ,1 ,19 ,9 ,1 
부산,금정구,기초,여자,85세이상,277 ,11 ,26 ,47 ,125 ,20 ,1 ,6 ,5 ,0 
부산,금정구,의료,남자,65세미만,0 ,0 ,0 ,0 ,0 ,0 ,0 ,0 ,0 ,0 
부산,금정구,의료,남자,65-69세,2 ,0 ,0 ,0 ,0 ,0 ,0 ,1 ,1 ,0 
부산,금정구,의료,남자,70-74세,4 ,1 ,0 ,0 ,0 ,0 ,0 ,1 ,0 ,0 
부산,금정구,의료,남자,75-79세,1 ,0 ,0 ,0 ,0 ,0 ,0 ,0 ,0 ,0 
부산,금정구,의료,남자,80-84세,1 ,0 ,0 ,0 ,1 ,0 ,0 ,0 ,0 ,0 
부산,금정구,의료,남자,85세이상,6 ,0 ,1 ,1 ,2 ,1 ,0 ,0 ,1 ,0 
부산,금정구,의료,여자,65세미만,0 ,0 ,0 ,0 ,0 ,0 ,0 ,0 ,0 ,0 
부산,금정구,의료,여자,65-69세,3 ,0 ,0 ,0 ,3 ,0 ,0 ,0 ,0 ,0 
부산,금정구,의료,여자,70-74세,4 ,0 ,0 ,0 ,2 ,0 ,0 ,1 ,0 ,0 
부산,금정구,의료,여자,75-79세,6 ,0 ,0 ,2 ,2 ,0 ,0 ,1 ,1 ,0 
부산,금정구,의료,여자,80-84세,3 ,0 ,0 ,1 ,2 ,0 ,0 ,0 ,0 ,0 
부산,금정구,의료,여자,85세이상,26 ,0 ,4 ,6 ,12 ,1 ,0 ,2 ,0 ,0 
부산,금정구,감경,남자,65세미만,30 ,3 ,2 ,10 ,9 ,2 ,1 ,0 ,0 ,0 
부산,금정구,감경,남자,65-69세,75 ,4 ,7 ,13 ,35 ,9 ,0 ,0 ,0 ,0 
부산,금정구,감경,남자,70-74세,114 ,3 ,9 ,18 ,58 ,14 ,1 ,1 ,3 ,0 
부산,금정구,감경,남자,75-79세,127 ,3 ,7 ,20 ,62 ,17 ,3 ,2 ,1 ,0 
부산,금정구,감경,남자,80-84세,131 ,2 ,6 ,24 ,76 ,12 ,2 ,0 ,1 ,0 
부산,금정구,감경,남자,85세이상,133 ,5 ,8 ,26 ,76 ,12 ,1 ,1 ,0 ,0 
부산,금정구,감경,여자,65세미만,29 ,2 ,1 ,11 ,6 ,3 ,0 ,1 ,0 ,0 
부산,금정구,감경,여자,65-69세,60 ,7 ,5 ,12 ,26 ,1 ,0 ,0 ,0 ,0 
부산,금정구,감경,여자,70-74세,122 ,3 ,8 ,25 ,56 ,12 ,1 ,1 ,2 ,0 
부산,금정구,감경,여자,75-79세,233 ,10 ,12 ,49 ,104 ,26 ,6 ,6 ,1 ,0 
부산,금정구,감경,여자,80-84세,474 ,15 ,31 ,100 ,235 ,49 ,2 ,0 ,3 ,0 
부산,금정구,감경,여자,85세이상,713 ,32 ,89 ,171 ,320 ,47 ,2 ,2 ,2 ,0 
부산,강서구,일반,남자,65세미만,5 ,0 ,0 ,1 ,2 ,0 ,0 ,1 ,1 ,0 
부산,강서구,일반,남자,65-69세,38 ,2 ,2 ,6 ,9 ,0 ,0 ,4 ,1 ,2 
부산,강서구,일반,남자,70-74세,71 ,1 ,6 ,10 ,21 ,5 ,0 ,9 ,4 ,2 
부산,강서구,일반,남자,75-79세,76 ,2 ,0 ,13 ,27 ,9 ,0 ,6 ,5 ,0 
부산,강서구,일반,남자,80-84세,80 ,1 ,5 ,14 ,20 ,8 ,3 ,7 ,8 ,1 
부산,강서구,일반,남자,85세이상,78 ,5 ,3 ,12 ,29 ,5 ,2 ,5 ,3 ,0 
부산,강서구,일반,여자,65세미만,15 ,1 ,0 ,4 ,2 ,0 ,0 ,4 ,1 ,0 
부산,강서구,일반,여자,65-69세,56 ,2 ,1 ,8 ,9 ,3 ,1 ,6 ,5 ,1 
부산,강서구,일반,여자,70-74세,94 ,0 ,6 ,8 ,22 ,4 ,3 ,10 ,8 ,3 
부산,강서구,일반,여자,75-79세,133 ,0 ,6 ,19 ,30 ,12 ,3 ,10 ,10 ,1 
부산,강서구,일반,여자,80-84세,238 ,2 ,13 ,42 ,93 ,18 ,3 ,18 ,13 ,1 
부산,강서구,일반,여자,85세이상,242 ,9 ,17 ,51 ,96 ,16 ,2 ,12 ,9 ,0 
부산,강서구,기초,남자,65세미만,22 ,2 ,2 ,6 ,3 ,0 ,0 ,2 ,1 ,1 
부산,강서구,기초,남자,65-69세,31 ,1 ,0 ,6 ,11 ,2 ,0 ,5 ,2 ,1 
부산,강서구,기초,남자,70-74세,22 ,0 ,1 ,3 ,9 ,1 ,1 ,0 ,2 ,2 
부산,강서구,기초,남자,75-79세,19 ,0 ,0 ,3 ,4 ,1 ,0 ,2 ,3 ,1 
부산,강서구,기초,남자,80-84세,13 ,0 ,0 ,1 ,6 ,1 ,0 ,0 ,2 ,0 
부산,강서구,기초,남자,85세이상,5 ,0 ,1 ,1 ,3 ,0 ,0 ,0 ,0 ,0 
부산,강서구,기초,여자,65세미만,8 ,0 ,1 ,2 ,1 ,0 ,0 ,1 ,1 ,1 
부산,강서구,기초,여자,65-69세,18 ,0 ,1 ,3 ,5 ,1 ,0 ,4 ,1 ,1 
부산,강서구,기초,여자,70-74세,27 ,1 ,1 ,2 ,8 ,2 ,0 ,1 ,6 ,2 
부산,강서구,기초,여자,75-79세,30 ,0 ,0 ,5 ,7 ,1 ,1 ,3 ,5 ,2 
부산,강서구,기초,여자,80-84세,54 ,3 ,3 ,8 ,20 ,5 ,2 ,6 ,2 ,2 
부산,강서구,기초,여자,85세이상,57 ,3 ,3 ,10 ,28 ,4 ,0 ,2 ,1 ,1 
부산,강서구,의료,남자,65-69세,0 ,0 ,0 ,0 ,0 ,0 ,0 ,0 ,0 ,0 
부산,강서구,의료,남자,70-74세,0 ,0 ,0 ,0 ,0 ,0 ,0 ,0 ,0 ,0 
부산,강서구,의료,남자,75-79세,3 ,1 ,0 ,2 ,0 ,0 ,0 ,0 ,0 ,0 
부산,강서구,의료,남자,80-84세,1 ,0 ,0 ,1 ,0 ,0 ,0 ,0 ,0 ,0 
부산,강서구,의료,여자,75-79세,0 ,0 ,0 ,0 ,0 ,0 ,0 ,0 ,0 ,0 
부산,강서구,의료,여자,80-84세,2 ,0 ,0 ,2 ,0 ,0 ,0 ,0 ,0 ,0 
부산,강서구,의료,여자,85세이상,6 ,0 ,0 ,4 ,0 ,1 ,0 ,0 ,0 ,0 
부산,강서구,감경,남자,65세미만,10 ,1 ,2 ,3 ,1 ,1 ,0 ,1 ,0 ,0 
부산,강서구,감경,남자,65-69세,14 ,1 ,1 ,4 ,4 ,2 ,0 ,1 ,0 ,0 
부산,강서구,감경,남자,70-74세,34 ,3 ,5 ,8 ,11 ,2 ,1 ,0 ,0 ,0 
부산,강서구,감경,남자,75-79세,31 ,0 ,2 ,9 ,10 ,8 ,1 ,0 ,0 ,0 
부산,강서구,감경,남자,80-84세,37 ,2 ,1 ,10 ,14 ,7 ,1 ,0 ,0 ,0 
부산,강서구,감경,남자,85세이상,41 ,0 ,2 ,10 ,20 ,4 ,4 ,0 ,0 ,0 
부산,강서구,감경,여자,65세미만,12 ,2 ,0 ,4 ,3 ,1 ,1 ,0 ,0 ,0 
부산,강서구,감경,여자,65-69세,23 ,2 ,2 ,5 ,8 ,2 ,0 ,0 ,0 ,0 
부산,강서구,감경,여자,70-74세,38 ,1 ,3 ,6 ,18 ,5 ,1 ,0 ,0 ,0 
부산,강서구,감경,여자,75-79세,45 ,2 ,2 ,6 ,28 ,4 ,1 ,0 ,0 ,0 
부산,강서구,감경,여자,80-84세,127 ,4 ,11 ,29 ,58 ,14 ,2 ,0 ,1 ,0 
부산,강서구,감경,여자,85세이상,193 ,6 ,23 ,54 ,87 ,11 ,0 ,1 ,1 ,0 
부산,연제구,일반,남자,65세미만,41 ,3 ,5 ,8 ,5 ,1 ,0 ,10 ,1 ,1 
부산,연제구,일반,남자,65-69세,128 ,6 ,8 ,30 ,28 ,2 ,2 ,17 ,12 ,4 
부산,연제구,일반,남자,70-74세,160 ,6 ,6 ,30 ,60 ,8 ,2 ,10 ,9 ,5 
부산,연제구,일반,남자,75-79세,212 ,6 ,20 ,46 ,54 ,14 ,1 ,13 ,10 ,6 
부산,연제구,일반,남자,80-84세,288 ,7 ,22 ,68 ,110 ,12 ,5 ,20 ,10 ,2 
부산,연제구,일반,남자,85세이상,216 ,1 ,26 ,60 ,77 ,4 ,3 ,7 ,8 ,2 
부산,연제구,일반,여자,65세미만,45 ,4 ,4 ,9 ,4 ,2 ,0 ,4 ,3 ,4 
부산,연제구,일반,여자,65-69세,153 ,3 ,5 ,14 ,33 ,4 ,3 ,24 ,13 ,7 
부산,연제구,일반,여자,70-74세,247 ,6 ,18 ,36 ,54 ,11 ,4 ,30 ,14 ,6 
부산,연제구,일반,여자,75-79세,445 ,17 ,27 ,80 ,131 ,27 ,6 ,34 ,22 ,9 
부산,연제구,일반,여자,80-84세,658 ,26 ,39 ,155 ,233 ,47 ,3 ,36 ,27 ,7 
부산,연제구,일반,여자,85세이상,658 ,43 ,81 ,167 ,209 ,27 ,9 ,25 ,15 ,5 
부산,연제구,기초,남자,65세미만,41 ,1 ,3 ,6 ,12 ,1 ,1 ,5 ,2 ,3 
부산,연제구,기초,남자,65-69세,86 ,2 ,4 ,10 ,30 ,2 ,1 ,10 ,9 ,6 
부산,연제구,기초,남자,70-74세,50 ,0 ,3 ,5 ,17 ,3 ,1 ,4 ,5 ,3 
부산,연제구,기초,남자,75-79세,53 ,4 ,2 ,4 ,20 ,1 ,1 ,3 ,4 ,4 
부산,연제구,기초,남자,80-84세,43 ,1 ,3 ,15 ,13 ,3 ,0 ,1 ,1 ,0 
부산,연제구,기초,남자,85세이상,30 ,1 ,5 ,9 ,12 ,0 ,0 ,1 ,0 ,0 
부산,연제구,기초,여자,65세미만,31 ,4 ,4 ,5 ,6 ,0 ,0 ,5 ,0 ,0 
부산,연제구,기초,여자,65-69세,73 ,2 ,3 ,10 ,20 ,1 ,2 ,13 ,3 ,4 
부산,연제구,기초,여자,70-74세,99 ,3 ,6 ,14 ,42 ,2 ,2 ,10 ,4 ,1 
부산,연제구,기초,여자,75-79세,123 ,6 ,11 ,22 ,47 ,8 ,1 ,7 ,8 ,1 
부산,연제구,기초,여자,80-84세,183 ,7 ,16 ,47 ,68 ,7 ,0 ,10 ,2 ,2 
부산,연제구,기초,여자,85세이상,190 ,8 ,22 ,43 ,91 ,5 ,1 ,2 ,3 ,0 
부산,연제구,의료,남자,65세미만,1 ,0 ,0 ,0 ,0 ,0 ,0 ,0 ,0 ,0 
부산,연제구,의료,남자,65-69세,0 ,0 ,0 ,0 ,0 ,0 ,0 ,0 ,0 ,0 
부산,연제구,의료,남자,70-74세,2 ,0 ,0 ,1 ,1 ,0 ,0 ,0 ,0 ,0 
부산,연제구,의료,남자,75-79세,5 ,0 ,2 ,0 ,2 ,0 ,0 ,1 ,0 ,0 
부산,연제구,의료,남자,85세이상,1 ,0 ,0 ,0 ,1 ,0 ,0 ,0 ,0 ,0 
부산,연제구,의료,여자,70-74세,5 ,0 ,0 ,1 ,2 ,1 ,0 ,1 ,0 ,0 
부산,연제구,의료,여자,75-79세,4 ,0 ,0 ,2 ,1 ,1 ,0 ,0 ,0 ,0 
부산,연제구,의료,여자,80-84세,4 ,0 ,0 ,0 ,2 ,1 ,0 ,0 ,1 ,0 
부산,연제구,의료,여자,85세이상,24 ,4 ,5 ,5 ,6 ,2 ,0 ,0 ,0 ,0 
부산,연제구,감경,남자,65세미만,24 ,2 ,4 ,3 ,8 ,3 ,0 ,0 ,0 ,0 
부산,연제구,감경,남자,65-69세,68 ,4 ,2 ,18 ,34 ,4 ,0 ,0 ,0 ,0 
부산,연제구,감경,남자,70-74세,91 ,3 ,9 ,22 ,45 ,5 ,3 ,0 ,0 ,0 
부산,연제구,감경,남자,75-79세,122 ,5 ,11 ,42 ,48 ,8 ,3 ,0 ,0 ,0 
부산,연제구,감경,남자,80-84세,144 ,5 ,17 ,44 ,53 ,16 ,3 ,1 ,0 ,0 
부산,연제구,감경,남자,85세이상,143 ,2 ,10 ,51 ,67 ,5 ,1 ,1 ,0 ,0 
부산,연제구,감경,여자,65세미만,28 ,3 ,4 ,10 ,9 ,2 ,0 ,0 ,0 ,0 
부산,연제구,감경,여자,65-69세,60 ,6 ,7 ,19 ,20 ,2 ,0 ,0 ,1 ,0 
부산,연제구,감경,여자,70-74세,126 ,4 ,14 ,40 ,48 ,8 ,1 ,1 ,1 ,0 
부산,연제구,감경,여자,75-79세,228 ,14 ,28 ,58 ,96 ,11 ,3 ,0 ,3 ,0 
부산,연제구,감경,여자,80-84세,408 ,23 ,37 ,128 ,158 ,26 ,9 ,2 ,3 ,1 
부산,연제구,감경,여자,85세이상,521 ,42 ,105 ,157 ,176 ,11 ,2 ,1 ,0 ,0 
부산,수영구,일반,남자,65세미만,35 ,0 ,3 ,7 ,6 ,0 ,0 ,6 ,3 ,0 
부산,수영구,일반,남자,65-69세,91 ,6 ,6 ,12 ,22 ,1 ,0 ,10 ,10 ,0 
부산,수영구,일반,남자,70-74세,153 ,2 ,8 ,33 ,41 ,4 ,2 ,19 ,8 ,3 
부산,수영구,일반,남자,75-79세,227 ,9 ,10 ,40 ,60 ,20 ,0 ,18 ,11 ,5 
부산,수영구,일반,남자,80-84세,250 ,9 ,11 ,45 ,69 ,22 ,6 ,19 ,18 ,7 
부산,수영구,일반,남자,85세이상,279 ,6 ,14 ,68 ,108 ,17 ,4 ,18 ,6 ,5 
부산,수영구,일반,여자,65세미만,37 ,6 ,3 ,3 ,4 ,1 ,1 ,5 ,3 ,1 
부산,수영구,일반,여자,65-69세,130 ,4 ,5 ,12 ,18 ,1 ,1 ,19 ,11 ,5 
부산,수영구,일반,여자,70-74세,243 ,6 ,3 ,19 ,63 ,11 ,4 ,25 ,23 ,5 
부산,수영구,일반,여자,75-79세,425 ,15 ,15 ,55 ,115 ,37 ,18 ,50 ,20 ,8 
부산,수영구,일반,여자,80-84세,668 ,22 ,24 ,98 ,242 ,54 ,13 ,55 ,29 ,7 
부산,수영구,일반,여자,85세이상,788 ,39 ,85 ,177 ,286 ,36 ,5 ,42 ,15 ,3 
부산,수영구,기초,남자,65세미만,39 ,3 ,4 ,3 ,13 ,0 ,0 ,2 ,4 ,1 
부산,수영구,기초,남자,65-69세,56 ,1 ,1 ,6 ,18 ,0 ,0 ,12 ,8 ,3 
부산,수영구,기초,남자,70-74세,47 ,2 ,0 ,7 ,18 ,0 ,3 ,3 ,3 ,1 
부산,수영구,기초,남자,75-79세,34 ,0 ,0 ,5 ,9 ,6 ,2 ,4 ,3 ,1 
부산,수영구,기초,남자,80-84세,32 ,0 ,2 ,4 ,13 ,2 ,1 ,1 ,2 ,0 
부산,수영구,기초,남자,85세이상,26 ,1 ,4 ,8 ,7 ,4 ,2 ,0 ,0 ,0 
부산,수영구,기초,여자,65세미만,27 ,3 ,1 ,8 ,4 ,4 ,1 ,2 ,0 ,1 
부산,수영구,기초,여자,65-69세,66 ,2 ,1 ,6 ,16 ,4 ,1 ,11 ,9 ,3 
부산,수영구,기초,여자,70-74세,74 ,1 ,7 ,7 ,27 ,2 ,1 ,7 ,10 ,3 
부산,수영구,기초,여자,75-79세,102 ,4 ,4 ,20 ,36 ,5 ,1 ,6 ,12 ,0 
부산,수영구,기초,여자,80-84세,151 ,5 ,7 ,28 ,58 ,11 ,2 ,10 ,11 ,0 
부산,수영구,기초,여자,85세이상,184 ,9 ,24 ,39 ,74 ,12 ,1 ,4 ,4 ,0 
부산,수영구,의료,남자,65세미만,0 ,0 ,0 ,0 ,0 ,0 ,0 ,0 ,0 ,0 
부산,수영구,의료,남자,65-69세,0 ,0 ,0 ,0 ,0 ,0 ,0 ,0 ,0 ,0 
부산,수영구,의료,남자,70-74세,3 ,0 ,0 ,2 ,1 ,0 ,0 ,0 ,0 ,0 
부산,수영구,의료,남자,75-79세,3 ,0 ,0 ,1 ,1 ,0 ,0 ,0 ,0 ,0 
부산,수영구,의료,남자,85세이상,1 ,0 ,0 ,0 ,0 ,0 ,0 ,0 ,0 ,0 
부산,수영구,의료,여자,65-69세,1 ,0 ,0 ,0 ,1 ,0 ,0 ,0 ,0 ,0 
부산,수영구,의료,여자,70-74세,0 ,0 ,0 ,0 ,0 ,0 ,0 ,0 ,0 ,0 
부산,수영구,의료,여자,75-79세,6 ,0 ,1 ,1 ,2 ,0 ,0 ,1 ,0 ,0 
부산,수영구,의료,여자,80-84세,3 ,0 ,1 ,1 ,1 ,0 ,0 ,0 ,0 ,0 
부산,수영구,의료,여자,85세이상,25 ,2 ,3 ,5 ,12 ,1 ,0 ,0 ,1 ,0 
부산,수영구,감경,남자,65세미만,19 ,4 ,0 ,4 ,7 ,2 ,0 ,1 ,0 ,0 
부산,수영구,감경,남자,65-69세,56 ,3 ,3 ,15 ,26 ,4 ,0 ,1 ,1 ,0 
부산,수영구,감경,남자,70-74세,82 ,5 ,6 ,24 ,32 ,5 ,4 ,0 ,1 ,0 
부산,수영구,감경,남자,75-79세,104 ,6 ,10 ,25 ,43 ,11 ,0 ,0 ,0 ,0 
부산,수영구,감경,남자,80-84세,101 ,2 ,4 ,28 ,48 ,15 ,2 ,0 ,0 ,0 
부산,수영구,감경,남자,85세이상,115 ,2 ,2 ,33 ,62 ,10 ,2 ,0 ,0 ,0 
부산,수영구,감경,여자,65세미만,11 ,2 ,1 ,3 ,1 ,3 ,0 ,0 ,0 ,0 
부산,수영구,감경,여자,65-69세,47 ,5 ,4 ,10 ,19 ,2 ,0 ,0 ,1 ,0 
부산,수영구,감경,여자,70-74세,100 ,2 ,8 ,21 ,41 ,7 ,8 ,1 ,1 ,1 
부산,수영구,감경,여자,75-79세,196 ,11 ,15 ,36 ,73 ,22 ,7 ,3 ,3 ,0 
부산,수영구,감경,여자,80-84세,381 ,19 ,35 ,87 ,155 ,41 ,9 ,6 ,0 ,0 
부산,수영구,감경,여자,85세이상,518 ,28 ,72 ,146 ,206 ,33 ,6 ,1 ,1 ,0 
부산,사상구,일반,남자,65세미만,49 ,3 ,2 ,3 ,7 ,2 ,0 ,17 ,1 ,2 
부산,사상구,일반,남자,65-69세,130 ,4 ,7 ,12 ,30 ,5 ,1 ,25 ,6 ,3 
부산,사상구,일반,남자,70-74세,144 ,2 ,6 ,26 ,28 ,9 ,0 ,20 ,5 ,6 
부산,사상구,일반,남자,75-79세,198 ,5 ,11 ,45 ,53 ,15 ,2 ,17 ,10 ,6 
부산,사상구,일반,남자,80-84세,214 ,6 ,11 ,41 ,56 ,29 ,7 ,4 ,9 ,2 
부산,사상구,일반,남자,85세이상,140 ,6 ,5 ,28 ,51 ,10 ,1 ,7 ,6 ,3 
부산,사상구,일반,여자,65세미만,42 ,2 ,3 ,6 ,9 ,3 ,2 ,9 ,2 ,0 
부산,사상구,일반,여자,65-69세,120 ,3 ,3 ,8 ,13 ,5 ,1 ,23 ,9 ,3 
부산,사상구,일반,여자,70-74세,238 ,5 ,10 ,28 ,51 ,19 ,5 ,31 ,16 ,6 
부산,사상구,일반,여자,75-79세,369 ,8 ,13 ,34 ,101 ,36 ,7 ,31 ,21 ,7 
부산,사상구,일반,여자,80-84세,476 ,11 ,25 ,71 ,173 ,48 ,1 ,37 ,18 ,5 
부산,사상구,일반,여자,85세이상,423 ,18 ,28 ,105 ,133 ,33 ,3 ,23 ,14 ,1 
부산,사상구,기초,남자,65세미만,102 ,1 ,4 ,15 ,24 ,10 ,5 ,13 ,6 ,5 
부산,사상구,기초,남자,65-69세,168 ,6 ,4 ,15 ,44 ,17 ,1 ,19 ,28 ,8 
부산,사상구,기초,남자,70-74세,97 ,0 ,3 ,9 ,38 ,10 ,3 ,5 ,12 ,2 
부산,사상구,기초,남자,75-79세,78 ,1 ,4 ,10 ,22 ,7 ,1 ,3 ,8 ,3 
부산,사상구,기초,남자,80-84세,77 ,2 ,3 ,15 ,18 ,12 ,2 ,9 ,3 ,3 
부산,사상구,기초,남자,85세이상,47 ,1 ,0 ,10 ,16 ,8 ,0 ,2 ,3 ,1 
부산,사상구,기초,여자,65세미만,67 ,2 ,3 ,11 ,14 ,6 ,1 ,13 ,5 ,1 
부산,사상구,기초,여자,65-69세,134 ,1 ,5 ,11 ,45 ,10 ,4 ,16 ,6 ,4 
부산,사상구,기초,여자,70-74세,171 ,4 ,9 ,13 ,67 ,17 ,3 ,15 ,12 ,0 
부산,사상구,기초,여자,75-79세,193 ,2 ,5 ,24 ,84 ,25 ,2 ,16 ,5 ,3 
부산,사상구,기초,여자,80-84세,250 ,1 ,23 ,42 ,108 ,19 ,2 ,9 ,6 ,1 
부산,사상구,기초,여자,85세이상,236 ,9 ,16 ,56 ,98 ,20 ,1 ,9 ,1 ,0 
부산,사상구,의료,남자,65-69세,1 ,0 ,0 ,0 ,0 ,0 ,0 ,0 ,0 ,0 
부산,사상구,의료,남자,70-74세,5 ,0 ,0 ,2 ,0 ,0 ,0 ,0 ,0 ,0 
부산,사상구,의료,남자,75-79세,5 ,0 ,0 ,0 ,5 ,0 ,0 ,0 ,0 ,0 
부산,사상구,의료,남자,80-84세,3 ,0 ,0 ,0 ,3 ,0 ,0 ,0 ,0 ,0 
부산,사상구,의료,남자,85세이상,2 ,0 ,0 ,0 ,0 ,0 ,0 ,0 ,2 ,0 
부산,사상구,의료,여자,65세미만,0 ,0 ,0 ,0 ,0 ,0 ,0 ,0 ,0 ,0 
부산,사상구,의료,여자,65-69세,1 ,0 ,0 ,1 ,0 ,0 ,0 ,0 ,0 ,0 
부산,사상구,의료,여자,70-74세,4 ,0 ,1 ,0 ,1 ,0 ,0 ,1 ,0 ,1 
부산,사상구,의료,여자,75-79세,5 ,0 ,0 ,0 ,2 ,0 ,0 ,1 ,0 ,0 
부산,사상구,의료,여자,80-84세,13 ,0 ,0 ,1 ,5 ,2 ,2 ,0 ,0 ,0 
부산,사상구,의료,여자,85세이상,23 ,0 ,6 ,2 ,10 ,2 ,0 ,0 ,0 ,0 
부산,사상구,감경,남자,65세미만,30 ,6 ,1 ,10 ,6 ,0 ,0 ,0 ,1 ,0 
부산,사상구,감경,남자,65-69세,93 ,13 ,3 ,30 ,38 ,2 ,1 ,1 ,0 ,0 
부산,사상구,감경,남자,70-74세,131 ,3 ,10 ,36 ,55 ,12 ,4 ,1 ,2 ,0 
부산,사상구,감경,남자,75-79세,148 ,8 ,9 ,41 ,61 ,11 ,8 ,2 ,2 ,0 
부산,사상구,감경,남자,80-84세,110 ,3 ,5 ,25 ,51 ,15 ,3 ,1 ,1 ,1 
부산,사상구,감경,남자,85세이상,99 ,4 ,14 ,28 ,43 ,9 ,0 ,0 ,0 ,0 
부산,사상구,감경,여자,65세미만,36 ,4 ,1 ,11 ,10 ,5 ,2 ,0 ,0 ,0 
부산,사상구,감경,여자,65-69세,83 ,11 ,2 ,15 ,34 ,6 ,3 ,1 ,0 ,0 
부산,사상구,감경,여자,70-74세,161 ,5 ,8 ,46 ,65 ,12 ,2 ,4 ,0 ,0 
부산,사상구,감경,여자,75-79세,285 ,11 ,14 ,63 ,126 ,34 ,5 ,5 ,1 ,0 
부산,사상구,감경,여자,80-84세,430 ,13 ,34 ,94 ,196 ,48 ,10 ,3 ,1 ,0 
부산,사상구,감경,여자,85세이상,534 ,20 ,54 ,142 ,240 ,46 ,3 ,1 ,1 ,0 
부산,기장군,일반,남자,65세미만,22 ,1 ,0 ,3 ,2 ,0 ,0 ,5 ,3 ,2 
부산,기장군,일반,남자,65-69세,79 ,0 ,0 ,18 ,21 ,2 ,0 ,11 ,4 ,0 
부산,기장군,일반,남자,70-74세,135 ,0 ,5 ,22 ,35 ,6 ,1 ,18 ,10 ,2 
부산,기장군,일반,남자,75-79세,189 ,3 ,11 ,48 ,43 ,17 ,3 ,16 ,10 ,1 
부산,기장군,일반,남자,80-84세,195 ,1 ,8 ,37 ,66 ,15 ,7 ,17 ,4 ,4 
부산,기장군,일반,남자,85세이상,143 ,3 ,2 ,40 ,43 ,17 ,3 ,9 ,2 ,1 
부산,기장군,일반,여자,65세미만,29 ,0 ,4 ,4 ,7 ,0 ,0 ,3 ,2 ,0 
부산,기장군,일반,여자,65-69세,101 ,1 ,4 ,9 ,22 ,2 ,0 ,9 ,9 ,5 
부산,기장군,일반,여자,70-74세,175 ,4 ,4 ,31 ,39 ,11 ,2 ,13 ,13 ,2 
부산,기장군,일반,여자,75-79세,304 ,5 ,8 ,47 ,89 ,22 ,6 ,31 ,18 ,4 
부산,기장군,일반,여자,80-84세,463 ,14 ,27 ,89 ,164 ,26 ,6 ,41 ,16 ,4 
부산,기장군,일반,여자,85세이상,505 ,28 ,49 ,144 ,162 ,25 ,1 ,22 ,9 ,0 
부산,기장군,기초,남자,65세미만,58 ,3 ,4 ,9 ,17 ,2 ,0 ,7 ,5 ,4 
부산,기장군,기초,남자,65-69세,71 ,1 ,4 ,9 ,25 ,2 ,3 ,3 ,6 ,3 
부산,기장군,기초,남자,70-74세,61 ,2 ,1 ,8 ,26 ,2 ,1 ,5 ,6 ,2 
부산,기장군,기초,남자,75-79세,54 ,3 ,3 ,9 ,15 ,7 ,3 ,5 ,1 ,1 
부산,기장군,기초,남자,80-84세,58 ,1 ,1 ,13 ,30 ,7 ,1 ,1 ,1 ,0 
부산,기장군,기초,남자,85세이상,39 ,1 ,1 ,8 ,17 ,4 ,0 ,1 ,3 ,2 
부산,기장군,기초,여자,65세미만,50 ,2 ,1 ,12 ,16 ,2 ,2 ,6 ,2 ,2 
부산,기장군,기초,여자,65-69세,77 ,4 ,4 ,10 ,23 ,3 ,1 ,4 ,2 ,2 
부산,기장군,기초,여자,70-74세,88 ,2 ,5 ,11 ,26 ,12 ,3 ,5 ,3 ,0 
부산,기장군,기초,여자,75-79세,136 ,4 ,3 ,37 ,51 ,9 ,3 ,11 ,4 ,0 
부산,기장군,기초,여자,80-84세,191 ,11 ,8 ,43 ,71 ,19 ,2 ,15 ,3 ,1 
부산,기장군,기초,여자,85세이상,182 ,13 ,18 ,67 ,64 ,7 ,3 ,2 ,0 ,0 
부산,기장군,의료,남자,65세미만,2 ,0 ,0 ,1 ,1 ,0 ,0 ,0 ,0 ,0 
부산,기장군,의료,남자,65-69세,2 ,0 ,0 ,0 ,0 ,0 ,0 ,1 ,1 ,0 
부산,기장군,의료,남자,70-74세,4 ,0 ,0 ,0 ,0 ,0 ,1 ,0 ,0 ,0 
부산,기장군,의료,남자,75-79세,3 ,0 ,0 ,0 ,2 ,0 ,0 ,0 ,0 ,1 
부산,기장군,의료,남자,80-84세,5 ,0 ,0 ,2 ,2 ,0 ,0 ,0 ,0 ,0 
부산,기장군,의료,남자,85세이상,2 ,0 ,1 ,0 ,0 ,0 ,0 ,0 ,0 ,0 
부산,기장군,의료,여자,65-69세,0 ,0 ,0 ,0 ,0 ,0 ,0 ,0 ,0 ,0 
부산,기장군,의료,여자,70-74세,2 ,0 ,0 ,1 ,0 ,0 ,0 ,0 ,1 ,0 
부산,기장군,의료,여자,75-79세,3 ,0 ,0 ,1 ,1 ,1 ,0 ,0 ,0 ,0 
부산,기장군,의료,여자,80-84세,5 ,0 ,0 ,2 ,1 ,0 ,0 ,0 ,1 ,0 
부산,기장군,의료,여자,85세이상,21 ,0 ,6 ,8 ,4 ,1 ,1 ,0 ,0 ,0 
부산,기장군,감경,남자,65세미만,19 ,2 ,1 ,8 ,6 ,1 ,0 ,1 ,0 ,0 
부산,기장군,감경,남자,65-69세,61 ,0 ,5 ,20 ,27 ,2 ,1 ,0 ,0 ,1 
부산,기장군,감경,남자,70-74세,98 ,1 ,8 ,28 ,46 ,9 ,3 ,0 ,0 ,0 
부산,기장군,감경,남자,75-79세,119 ,5 ,6 ,29 ,59 ,9 ,6 ,0 ,0 ,1 
부산,기장군,감경,남자,80-84세,113 ,2 ,10 ,34 ,49 ,11 ,3 ,0 ,0 ,0 
부산,기장군,감경,남자,85세이상,115 ,2 ,7 ,37 ,54 ,12 ,0 ,2 ,0 ,0 
부산,기장군,감경,여자,65세미만,24 ,3 ,6 ,4 ,7 ,0 ,0 ,2 ,0 ,0 
부산,기장군,감경,여자,65-69세,71 ,6 ,7 ,18 ,28 ,2 ,2 ,2 ,0 ,0 
부산,기장군,감경,여자,70-74세,112 ,10 ,8 ,29 ,37 ,15 ,2 ,2 ,2 ,0 
부산,기장군,감경,여자,75-79세,191 ,9 ,14 ,58 ,70 ,17 ,8 ,2 ,1 ,0 
부산,기장군,감경,여자,80-84세,397 ,24 ,34 ,114 ,164 ,32 ,7 ,2 ,2 ,0 
부산,기장군,감경,여자,85세이상,531 ,46 ,63 ,165 ,196 ,29 ,3 ,2 ,0 ,0 
대구,중구,일반,남자,65세미만,25 ,2 ,0 ,4 ,2 ,0 ,0 ,7 ,4 ,1 
대구,중구,일반,남자,65-69세,45 ,1 ,0 ,14 ,15 ,1 ,0 ,2 ,2 ,4 
대구,중구,일반,남자,70-74세,66 ,2 ,4 ,14 ,18 ,3 ,0 ,5 ,3 ,1 
대구,중구,일반,남자,75-79세,83 ,4 ,4 ,19 ,26 ,9 ,3 ,4 ,6 ,0 
대구,중구,일반,남자,80-84세,113 ,5 ,9 ,23 ,40 ,12 ,3 ,4 ,1 ,2 
대구,중구,일반,남자,85세이상,116 ,2 ,8 ,25 ,48 ,9 ,1 ,6 ,4 ,0 
대구,중구,일반,여자,65세미만,21 ,0 ,1 ,1 ,5 ,0 ,0 ,6 ,1 ,1 
대구,중구,일반,여자,65-69세,46 ,1 ,5 ,3 ,6 ,4 ,0 ,13 ,1 ,2 
대구,중구,일반,여자,70-74세,100 ,3 ,5 ,16 ,13 ,6 ,1 ,12 ,7 ,3 
대구,중구,일반,여자,75-79세,164 ,3 ,11 ,28 ,43 ,20 ,3 ,15 ,5 ,4 
대구,중구,일반,여자,80-84세,260 ,2 ,12 ,58 ,95 ,30 ,2 ,16 ,7 ,3 
대구,중구,일반,여자,85세이상,327 ,11 ,31 ,87 ,119 ,26 ,1 ,12 ,4 ,1 
대구,중구,기초,남자,65세미만,24 ,0 ,1 ,3 ,6 ,1 ,1 ,5 ,2 ,1 
대구,중구,기초,남자,65-69세,33 ,1 ,0 ,4 ,8 ,8 ,0 ,8 ,0 ,1 
대구,중구,기초,남자,70-74세,18 ,0 ,0 ,1 ,6 ,1 ,0 ,1 ,1 ,2 
대구,중구,기초,남자,75-79세,17 ,0 ,1 ,3 ,2 ,2 ,0 ,0 ,3 ,0 
대구,중구,기초,남자,80-84세,24 ,2 ,0 ,8 ,10 ,1 ,0 ,1 ,0 ,0 
대구,중구,기초,남자,85세이상,13 ,0 ,0 ,4 ,9 ,0 ,0 ,0 ,0 ,0 
대구,중구,기초,여자,65세미만,9 ,0 ,0 ,0 ,4 ,0 ,0 ,1 ,1 ,0 
대구,중구,기초,여자,65-69세,32 ,0 ,0 ,2 ,10 ,5 ,0 ,5 ,2 ,1 
대구,중구,기초,여자,70-74세,34 ,0 ,0 ,5 ,11 ,5 ,0 ,3 ,4 ,0 
대구,중구,기초,여자,75-79세,39 ,0 ,1 ,4 ,17 ,5 ,1 ,2 ,2 ,0 
대구,중구,기초,여자,80-84세,84 ,3 ,5 ,22 ,21 ,14 ,2 ,1 ,2 ,0 
대구,중구,기초,여자,85세이상,87 ,2 ,8 ,26 ,37 ,5 ,1 ,3 ,0 ,0 
대구,중구,의료,남자,65세미만,0 ,0 ,0 ,0 ,0 ,0 ,0 ,0 ,0 ,0 
대구,중구,의료,남자,65-69세,2 ,0 ,0 ,0 ,0 ,0 ,0 ,0 ,1 ,1 
대구,중구,의료,남자,70-74세,0 ,0 ,0 ,0 ,0 ,0 ,0 ,0 ,0 ,0 
대구,중구,의료,남자,75-79세,4 ,0 ,0 ,0 ,2 ,0 ,0 ,1 ,0 ,0 
대구,중구,의료,남자,85세이상,4 ,0 ,0 ,0 ,3 ,0 ,1 ,0 ,0 ,0 
대구,중구,의료,여자,65-69세,0 ,0 ,0 ,0 ,0 ,0 ,0 ,0 ,0 ,0 
대구,중구,의료,여자,70-74세,1 ,0 ,1 ,0 ,0 ,0 ,0 ,0 ,0 ,0 
대구,중구,의료,여자,75-79세,2 ,0 ,0 ,1 ,1 ,0 ,0 ,0 ,0 ,0 
대구,중구,의료,여자,80-84세,4 ,0 ,1 ,0 ,2 ,0 ,0 ,0 ,0 ,0 
대구,중구,의료,여자,85세이상,11 ,1 ,0 ,3 ,6 ,1 ,0 ,0 ,0 ,0 
대구,중구,감경,남자,65세미만,7 ,0 ,1 ,1 ,2 ,0 ,0 ,2 ,1 ,0 
대구,중구,감경,남자,65-69세,19 ,1 ,1 ,4 ,5 ,1 ,2 ,0 ,0 ,0 
대구,중구,감경,남자,70-74세,34 ,2 ,3 ,9 ,13 ,3 ,1 ,1 ,0 ,0 
대구,중구,감경,남자,75-79세,38 ,1 ,4 ,12 ,13 ,3 ,0 ,0 ,0 ,1 
대구,중구,감경,남자,80-84세,46 ,2 ,1 ,9 ,24 ,6 ,1 ,0 ,0 ,0 
대구,중구,감경,남자,85세이상,53 ,1 ,5 ,16 ,23 ,3 ,3 ,0 ,0 ,0 
대구,중구,감경,여자,65세미만,7 ,1 ,0 ,2 ,1 ,1 ,0 ,0 ,0 ,0 
대구,중구,감경,여자,65-69세,25 ,1 ,2 ,7 ,8 ,4 ,0 ,0 ,0 ,0 
대구,중구,감경,여자,70-74세,39 ,0 ,5 ,13 ,10 ,2 ,1 ,1 ,1 ,0 
대구,중구,감경,여자,75-79세,79 ,1 ,9 ,22 ,30 ,5 ,3 ,2 ,2 ,0 
대구,중구,감경,여자,80-84세,156 ,3 ,8 ,52 ,61 ,18 ,2 ,2 ,0 ,0 
대구,중구,감경,여자,85세이상,231 ,14 ,28 ,61 ,88 ,29 ,1 ,2 ,0 ,0 
대구,동구,일반,남자,65세미만,57 ,4 ,2 ,8 ,11 ,1 ,0 ,9 ,6 ,3 
대구,동구,일반,남자,65-69세,152 ,5 ,2 ,31 ,35 ,7 ,2 ,19 ,9 ,5 
대구,동구,일반,남자,70-74세,218 ,3 ,7 ,48 ,50 ,20 ,6 ,21 ,12 ,4 
대구,동구,일반,남자,75-79세,274 ,5 ,11 ,50 ,80 ,34 ,12 ,19 ,9 ,7 
대구,동구,일반,남자,80-84세,419 ,10 ,17 ,71 ,134 ,53 ,16 ,27 ,17 ,6 
대구,동구,일반,남자,85세이상,426 ,7 ,21 ,80 ,169 ,55 ,9 ,21 ,13 ,7 
대구,동구,일반,여자,65세미만,62 ,2 ,1 ,15 ,7 ,3 ,1 ,15 ,4 ,2 
대구,동구,일반,여자,65-69세,178 ,2 ,6 ,20 ,32 ,8 ,3 ,33 ,11 ,4 
대구,동구,일반,여자,70-74세,360 ,3 ,14 ,46 ,70 ,28 ,6 ,42 ,24 ,6 
대구,동구,일반,여자,75-79세,623 ,11 ,25 ,77 ,162 ,62 ,16 ,72 ,29 ,19 
대구,동구,일반,여자,80-84세,1091 ,30 ,49 ,190 ,357 ,141 ,33 ,88 ,35 ,11 
대구,동구,일반,여자,85세이상,1030 ,58 ,96 ,245 ,360 ,95 ,7 ,31 ,24 ,7 
대구,동구,기초,남자,65세미만,123 ,2 ,2 ,19 ,28 ,17 ,4 ,15 ,7 ,7 
대구,동구,기초,남자,65-69세,155 ,3 ,5 ,22 ,43 ,20 ,7 ,17 ,13 ,7 
대구,동구,기초,남자,70-74세,146 ,3 ,5 ,22 ,44 ,23 ,7 ,8 ,13 ,5 
대구,동구,기초,남자,75-79세,113 ,1 ,6 ,10 ,43 ,23 ,4 ,6 ,7 ,0 
대구,동구,기초,남자,80-84세,116 ,3 ,8 ,22 ,38 ,16 ,7 ,5 ,1 ,1 
대구,동구,기초,남자,85세이상,65 ,1 ,3 ,16 ,19 ,10 ,1 ,3 ,0 ,0 
대구,동구,기초,여자,65세미만,88 ,5 ,5 ,16 ,17 ,15 ,1 ,9 ,8 ,4 
대구,동구,기초,여자,65-69세,134 ,2 ,5 ,13 ,30 ,13 ,3 ,16 ,16 ,6 
대구,동구,기초,여자,70-74세,192 ,4 ,6 ,31 ,62 ,23 ,6 ,10 ,16 ,4 
대구,동구,기초,여자,75-79세,243 ,4 ,4 ,34 ,97 ,33 ,9 ,12 ,13 ,1 
대구,동구,기초,여자,80-84세,372 ,8 ,23 ,74 ,138 ,62 ,8 ,14 ,11 ,3 
대구,동구,기초,여자,85세이상,442 ,25 ,37 ,133 ,169 ,47 ,3 ,5 ,5 ,1 
대구,동구,의료,남자,65세미만,1 ,0 ,0 ,0 ,0 ,0 ,0 ,1 ,0 ,0 
대구,동구,의료,남자,65-69세,0 ,0 ,0 ,0 ,0 ,0 ,0 ,0 ,0 ,0 
대구,동구,의료,남자,70-74세,5 ,0 ,0 ,1 ,2 ,0 ,1 ,0 ,0 ,0 
대구,동구,의료,남자,75-79세,17 ,0 ,1 ,5 ,4 ,2 ,1 ,1 ,1 ,0 
대구,동구,의료,남자,80-84세,3 ,1 ,0 ,1 ,1 ,0 ,0 ,0 ,0 ,0 
대구,동구,의료,남자,85세이상,13 ,0 ,0 ,3 ,6 ,1 ,2 ,0 ,0 ,0 
대구,동구,의료,여자,65세미만,1 ,0 ,0 ,0 ,0 ,0 ,0 ,0 ,0 ,1 
대구,동구,의료,여자,65-69세,3 ,0 ,0 ,1 ,1 ,0 ,0 ,0 ,0 ,1 
대구,동구,의료,여자,70-74세,10 ,0 ,0 ,2 ,2 ,1 ,0 ,2 ,1 ,0 
대구,동구,의료,여자,75-79세,17 ,0 ,0 ,3 ,3 ,6 ,2 ,2 ,1 ,0 
대구,동구,의료,여자,80-84세,22 ,0 ,0 ,8 ,7 ,3 ,0 ,2 ,0 ,0 
대구,동구,의료,여자,85세이상,78 ,3 ,12 ,20 ,22 ,14 ,0 ,1 ,1 ,0 
대구,동구,감경,남자,65세미만,65 ,4 ,6 ,20 ,20 ,6 ,2 ,1 ,1 ,0 
대구,동구,감경,남자,65-69세,100 ,3 ,12 ,24 ,42 ,9 ,3 ,1 ,2 ,0 
대구,동구,감경,남자,70-74세,172 ,4 ,11 ,39 ,83 ,20 ,4 ,1 ,0 ,2 
대구,동구,감경,남자,75-79세,193 ,4 ,15 ,37 ,90 ,27 ,11 ,1 ,0 ,0 
대구,동구,감경,남자,80-84세,253 ,7 ,14 ,62 ,105 ,47 ,8 ,2 ,1 ,1 
대구,동구,감경,남자,85세이상,275 ,7 ,16 ,75 ,131 ,35 ,6 ,2 ,0 ,1 
대구,동구,감경,여자,65세미만,34 ,4 ,6 ,7 ,10 ,1 ,1 ,1 ,0 ,1 
대구,동구,감경,여자,65-69세,84 ,7 ,8 ,20 ,31 ,7 ,3 ,0 ,1 ,0 
대구,동구,감경,여자,70-74세,184 ,7 ,11 ,45 ,66 ,27 ,7 ,1 ,1 ,2 
대구,동구,감경,여자,75-79세,445 ,13 ,30 ,85 ,182 ,78 ,19 ,5 ,4 ,1 
대구,동구,감경,여자,80-84세,795 ,27 ,75 ,184 ,336 ,109 ,26 ,6 ,2 ,2 
대구,동구,감경,여자,85세이상,1284 ,58 ,130 ,386 ,539 ,123 ,19 ,2 ,0 ,0 
대구,서구,일반,남자,65세미만,35 ,1 ,0 ,3 ,1 ,0 ,0 ,7 ,5 ,5 
대구,서구,일반,남자,65-69세,101 ,3 ,4 ,15 ,17 ,7 ,0 ,11 ,9 ,4 
대구,서구,일반,남자,70-74세,137 ,3 ,4 ,29 ,31 ,2 ,2 ,23 ,6 ,0 
대구,서구,일반,남자,75-79세,150 ,5 ,9 ,32 ,45 ,11 ,3 ,10 ,6 ,3 
대구,서구,일반,남자,80-84세,206 ,5 ,6 ,36 ,69 ,21 ,6 ,11 ,7 ,1 
대구,서구,일반,남자,85세이상,182 ,5 ,9 ,41 ,75 ,18 ,2 ,6 ,2 ,0 
대구,서구,일반,여자,65세미만,37 ,1 ,2 ,2 ,5 ,0 ,0 ,5 ,6 ,3 
대구,서구,일반,여자,65-69세,99 ,1 ,3 ,11 ,20 ,3 ,1 ,18 ,6 ,4 
대구,서구,일반,여자,70-74세,186 ,5 ,4 ,21 ,43 ,16 ,0 ,23 ,6 ,4 
대구,서구,일반,여자,75-79세,341 ,6 ,18 ,52 ,99 ,27 ,6 ,24 ,24 ,2 
대구,서구,일반,여자,80-84세,498 ,19 ,16 ,100 ,173 ,62 ,5 ,33 ,13 ,0 
대구,서구,일반,여자,85세이상,450 ,19 ,45 ,128 ,168 ,31 ,1 ,11 ,5 ,1 
대구,서구,기초,남자,65세미만,124 ,5 ,11 ,33 ,22 ,10 ,0 ,10 ,8 ,2 
대구,서구,기초,남자,65-69세,129 ,5 ,5 ,19 ,47 ,8 ,2 ,5 ,8 ,6 
대구,서구,기초,남자,70-74세,85 ,4 ,1 ,16 ,30 ,9 ,1 ,9 ,4 ,1 
대구,서구,기초,남자,75-79세,70 ,3 ,5 ,21 ,20 ,8 ,0 ,2 ,3 ,0 
대구,서구,기초,남자,80-84세,72 ,1 ,8 ,12 ,26 ,9 ,1 ,5 ,1 ,1 
대구,서구,기초,남자,85세이상,39 ,0 ,2 ,6 ,20 ,7 ,0 ,1 ,0 ,0 
대구,서구,기초,여자,65세미만,56 ,7 ,7 ,13 ,8 ,5 ,1 ,2 ,2 ,0 
대구,서구,기초,여자,65-69세,74 ,1 ,6 ,15 ,12 ,5 ,0 ,11 ,6 ,1 
대구,서구,기초,여자,70-74세,119 ,3 ,8 ,13 ,54 ,8 ,1 ,10 ,4 ,3 
대구,서구,기초,여자,75-79세,175 ,5 ,14 ,26 ,62 ,23 ,2 ,10 ,6 ,1 
대구,서구,기초,여자,80-84세,231 ,12 ,21 ,51 ,89 ,27 ,1 ,10 ,2 ,0 
대구,서구,기초,여자,85세이상,338 ,16 ,42 ,101 ,121 ,29 ,1 ,5 ,1 ,0 
대구,서구,의료,남자,65세미만,2 ,1 ,0 ,0 ,0 ,1 ,0 ,0 ,0 ,0 
대구,서구,의료,남자,65-69세,4 ,0 ,0 ,0 ,2 ,0 ,0 ,1 ,1 ,0 
대구,서구,의료,남자,70-74세,2 ,0 ,0 ,1 ,1 ,0 ,0 ,0 ,0 ,0 
대구,서구,의료,남자,75-79세,10 ,0 ,0 ,3 ,4 ,2 ,0 ,0 ,1 ,0 
대구,서구,의료,남자,80-84세,1 ,0 ,0 ,0 ,1 ,0 ,0 ,0 ,0 ,0 
대구,서구,의료,남자,85세이상,6 ,0 ,0 ,2 ,3 ,1 ,0 ,0 ,0 ,0 
대구,서구,의료,여자,65-69세,1 ,0 ,0 ,0 ,0 ,0 ,0 ,1 ,0 ,0 
대구,서구,의료,여자,70-74세,5 ,0 ,0 ,3 ,1 ,0 ,0 ,1 ,0 ,0 
대구,서구,의료,여자,75-79세,7 ,0 ,0 ,1 ,2 ,1 ,0 ,0 ,1 ,0 
대구,서구,의료,여자,80-84세,12 ,0 ,2 ,2 ,3 ,1 ,0 ,1 ,0 ,0 
대구,서구,의료,여자,85세이상,46 ,2 ,4 ,17 ,11 ,3 ,0 ,0 ,0 ,0 
대구,서구,감경,남자,65세미만,40 ,9 ,6 ,8 ,6 ,0 ,1 ,1 ,0 ,0 
대구,서구,감경,남자,65-69세,75 ,5 ,4 ,16 ,35 ,2 ,0 ,4 ,1 ,0 
대구,서구,감경,남자,70-74세,113 ,3 ,6 ,43 ,46 ,13 ,0 ,0 ,0 ,0 
대구,서구,감경,남자,75-79세,127 ,2 ,13 ,33 ,53 ,19 ,1 ,0 ,0 ,0 
대구,서구,감경,남자,80-84세,192 ,3 ,20 ,49 ,83 ,26 ,2 ,2 ,1 ,0 
대구,서구,감경,남자,85세이상,162 ,4 ,19 ,39 ,84 ,14 ,0 ,0 ,0 ,0 
대구,서구,감경,여자,65세미만,29 ,4 ,0 ,7 ,12 ,1 ,0 ,1 ,0 ,0 
대구,서구,감경,여자,65-69세,61 ,1 ,2 ,19 ,19 ,8 ,1 ,2 ,1 ,0 
대구,서구,감경,여자,70-74세,166 ,5 ,17 ,31 ,74 ,20 ,1 ,2 ,0 ,0 
대구,서구,감경,여자,75-79세,292 ,6 ,24 ,73 ,117 ,36 ,4 ,3 ,1 ,0 
대구,서구,감경,여자,80-84세,617 ,22 ,55 ,165 ,248 ,88 ,6 ,3 ,0 ,1 
대구,서구,감경,여자,85세이상,779 ,32 ,93 ,260 ,310 ,54 ,2 ,1 ,2 ,0 
대구,남구,일반,남자,65세미만,47 ,2 ,3 ,9 ,3 ,0 ,0 ,8 ,5 ,0 
대구,남구,일반,남자,65-69세,62 ,2 ,5 ,12 ,14 ,3 ,1 ,2 ,5 ,3 
대구,남구,일반,남자,70-74세,115 ,4 ,4 ,20 ,28 ,5 ,1 ,9 ,5 ,1 
대구,남구,일반,남자,75-79세,141 ,4 ,6 ,19 ,40 ,15 ,0 ,11 ,8 ,2 
대구,남구,일반,남자,80-84세,230 ,9 ,15 ,50 ,72 ,18 ,3 ,14 ,4 ,1 
대구,남구,일반,남자,85세이상,280 ,8 ,16 ,64 ,118 ,23 ,2 ,10 ,4 ,3 
대구,남구,일반,여자,65세미만,37 ,2 ,3 ,8 ,5 ,2 ,0 ,10 ,2 ,0 
대구,남구,일반,여자,65-69세,94 ,5 ,3 ,10 ,12 ,3 ,3 ,13 ,7 ,0 
대구,남구,일반,여자,70-74세,177 ,3 ,5 ,24 ,39 ,5 ,2 ,27 ,12 ,5 
대구,남구,일반,여자,75-79세,351 ,9 ,12 ,43 ,99 ,26 ,3 ,29 ,17 ,4 
대구,남구,일반,여자,80-84세,593 ,14 ,27 ,98 ,215 ,63 ,12 ,32 ,23 ,3 
대구,남구,일반,여자,85세이상,652 ,23 ,59 ,173 ,232 ,53 ,2 ,26 ,12 ,0 
대구,남구,기초,남자,65세미만,61 ,2 ,4 ,12 ,19 ,4 ,0 ,7 ,4 ,1 
대구,남구,기초,남자,65-69세,91 ,3 ,1 ,11 ,34 ,6 ,2 ,9 ,5 ,4 
대구,남구,기초,남자,70-74세,78 ,3 ,7 ,9 ,28 ,3 ,0 ,5 ,7 ,2 
대구,남구,기초,남자,75-79세,59 ,2 ,2 ,4 ,29 ,8 ,1 ,1 ,5 ,1 
대구,남구,기초,남자,80-84세,48 ,1 ,3 ,13 ,21 ,4 ,0 ,0 ,0 ,1 
대구,남구,기초,남자,85세이상,50 ,0 ,4 ,6 ,23 ,10 ,1 ,2 ,1 ,1 
대구,남구,기초,여자,65세미만,42 ,3 ,6 ,10 ,9 ,2 ,0 ,5 ,1 ,1 
대구,남구,기초,여자,65-69세,91 ,3 ,3 ,12 ,35 ,3 ,1 ,9 ,7 ,4 
대구,남구,기초,여자,70-74세,117 ,2 ,1 ,22 ,46 ,9 ,2 ,8 ,4 ,0 
대구,남구,기초,여자,75-79세,131 ,2 ,5 ,24 ,47 ,12 ,3 ,10 ,5 ,3 
대구,남구,기초,여자,80-84세,232 ,6 ,15 ,58 ,100 ,17 ,1 ,8 ,5 ,1 
대구,남구,기초,여자,85세이상,269 ,16 ,38 ,68 ,97 ,21 ,0 ,6 ,3 ,0 
대구,남구,의료,남자,65세미만,1 ,0 ,0 ,1 ,0 ,0 ,0 ,0 ,0 ,0 
대구,남구,의료,남자,65-69세,2 ,1 ,0 ,0 ,0 ,0 ,0 ,0 ,0 ,0 
대구,남구,의료,남자,70-74세,5 ,0 ,0 ,0 ,4 ,0 ,0 ,0 ,0 ,0 
대구,남구,의료,남자,75-79세,3 ,0 ,0 ,1 ,2 ,0 ,0 ,0 ,0 ,0 
대구,남구,의료,남자,80-84세,2 ,0 ,0 ,0 ,1 ,0 ,0 ,0 ,0 ,0 
대구,남구,의료,남자,85세이상,8 ,0 ,0 ,1 ,1 ,2 ,0 ,1 ,0 ,0 
대구,남구,의료,여자,65-69세,2 ,0 ,0 ,1 ,0 ,0 ,0 ,0 ,0 ,1 
대구,남구,의료,여자,70-74세,8 ,1 ,0 ,3 ,3 ,0 ,1 ,0 ,0 ,0 
대구,남구,의료,여자,75-79세,2 ,0 ,0 ,0 ,0 ,0 ,0 ,0 ,2 ,0 
대구,남구,의료,여자,80-84세,3 ,0 ,0 ,1 ,2 ,0 ,0 ,0 ,0 ,0 
대구,남구,의료,여자,85세이상,37 ,3 ,2 ,13 ,14 ,4 ,0 ,0 ,0 ,0 
대구,남구,감경,남자,65세미만,31 ,3 ,4 ,4 ,12 ,1 ,0 ,1 ,1 ,0 
대구,남구,감경,남자,65-69세,49 ,4 ,5 ,8 ,19 ,4 ,0 ,3 ,2 ,0 
대구,남구,감경,남자,70-74세,73 ,4 ,6 ,19 ,33 ,6 ,1 ,0 ,0 ,0 
대구,남구,감경,남자,75-79세,94 ,4 ,5 ,19 ,46 ,9 ,1 ,1 ,2 ,0 
대구,남구,감경,남자,80-84세,135 ,1 ,17 ,24 ,63 ,21 ,0 ,2 ,1 ,1 
대구,남구,감경,남자,85세이상,141 ,3 ,11 ,39 ,61 ,22 ,0 ,0 ,0 ,0 
대구,남구,감경,여자,65세미만,25 ,3 ,6 ,9 ,4 ,2 ,0 ,0 ,0 ,0 
대구,남구,감경,여자,65-69세,52 ,5 ,6 ,12 ,21 ,1 ,2 ,1 ,0 ,0 
대구,남구,감경,여자,70-74세,120 ,5 ,12 ,23 ,42 ,16 ,2 ,4 ,2 ,0 
대구,남구,감경,여자,75-79세,226 ,10 ,20 ,56 ,86 ,26 ,3 ,3 ,0 ,2 
대구,남구,감경,여자,80-84세,437 ,20 ,27 ,101 ,208 ,49 ,3 ,3 ,0 ,1 
대구,남구,감경,여자,85세이상,652 ,35 ,73 ,223 ,245 ,50 ,3 ,1 ,0 ,0 
대구,북구,일반,남자,65세미만,97 ,3 ,5 ,14 ,17 ,3 ,0 ,17 ,7 ,6 
대구,북구,일반,남자,65-69세,155 ,6 ,5 ,40 ,31 ,0 ,1 ,14 ,8 ,8 
대구,북구,일반,남자,70-74세,265 ,11 ,11 ,59 ,69 ,17 ,6 ,19 ,14 ,3 
대구,북구,일반,남자,75-79세,317 ,14 ,16 ,60 ,85 ,23 ,10 ,21 ,21 ,7 
대구,북구,일반,남자,80-84세,412 ,9 ,26 ,81 ,111 ,58 ,12 ,24 ,15 ,4 
대구,북구,일반,남자,85세이상,369 ,13 ,25 ,90 ,110 ,40 ,3 ,18 ,8 ,2 
대구,북구,일반,여자,65세미만,93 ,10 ,2 ,10 ,18 ,2 ,0 ,9 ,9 ,4 
대구,북구,일반,여자,65-69세,197 ,14 ,13 ,20 ,27 ,11 ,1 ,28 ,15 ,12 
대구,북구,일반,여자,70-74세,363 ,17 ,17 ,58 ,78 ,27 ,7 ,37 ,31 ,5 
대구,북구,일반,여자,75-79세,689 ,21 ,37 ,127 ,167 ,50 ,23 ,67 ,36 ,14 
대구,북구,일반,여자,80-84세,1064 ,34 ,60 ,227 ,336 ,122 ,16 ,60 ,43 ,14 
대구,북구,일반,여자,85세이상,1036 ,41 ,100 ,281 ,376 ,71 ,12 ,19 ,21 ,4 
대구,북구,기초,남자,65세미만,165 ,7 ,13 ,33 ,37 ,17 ,2 ,11 ,8 ,8 
대구,북구,기초,남자,65-69세,122 ,3 ,4 ,16 ,31 ,12 ,6 ,9 ,11 ,6 
대구,북구,기초,남자,70-74세,115 ,3 ,3 ,31 ,32 ,9 ,2 ,7 ,9 ,6 
대구,북구,기초,남자,75-79세,76 ,1 ,5 ,12 ,29 ,10 ,2 ,5 ,3 ,0 
대구,북구,기초,남자,80-84세,86 ,3 ,6 ,21 ,31 ,10 ,3 ,1 ,4 ,0 
대구,북구,기초,남자,85세이상,64 ,4 ,3 ,15 ,30 ,2 ,1 ,2 ,0 ,0 
대구,북구,기초,여자,65세미만,70 ,6 ,12 ,13 ,11 ,10 ,2 ,7 ,3 ,1 
대구,북구,기초,여자,65-69세,89 ,2 ,7 ,17 ,31 ,10 ,2 ,4 ,2 ,0 
대구,북구,기초,여자,70-74세,145 ,5 ,9 ,27 ,40 ,16 ,3 ,10 ,9 ,1 
대구,북구,기초,여자,75-79세,238 ,9 ,20 ,39 ,89 ,26 ,4 ,10 ,8 ,3 
대구,북구,기초,여자,80-84세,376 ,12 ,31 ,87 ,146 ,44 ,3 ,13 ,7 ,1 
대구,북구,기초,여자,85세이상,406 ,23 ,45 ,139 ,129 ,32 ,2 ,6 ,5 ,1 
대구,북구,의료,남자,65세미만,0 ,0 ,0 ,0 ,0 ,0 ,0 ,0 ,0 ,0 
대구,북구,의료,남자,65-69세,1 ,0 ,0 ,0 ,1 ,0 ,0 ,0 ,0 ,0 
대구,북구,의료,남자,70-74세,3 ,0 ,0 ,1 ,2 ,0 ,0 ,0 ,0 ,0 
대구,북구,의료,남자,75-79세,7 ,0 ,1 ,2 ,2 ,2 ,0 ,0 ,0 ,0 
대구,북구,의료,남자,80-84세,4 ,0 ,0 ,2 ,1 ,1 ,0 ,0 ,0 ,0 
대구,북구,의료,남자,85세이상,14 ,0 ,1 ,3 ,8 ,0 ,0 ,0 ,0 ,0 
대구,북구,의료,여자,65세미만,1 ,1 ,0 ,0 ,0 ,0 ,0 ,0 ,0 ,0 
대구,북구,의료,여자,70-74세,5 ,0 ,0 ,0 ,1 ,2 ,0 ,0 ,0 ,0 
대구,북구,의료,여자,75-79세,4 ,1 ,0 ,1 ,1 ,1 ,0 ,0 ,0 ,0 
대구,북구,의료,여자,80-84세,21 ,0 ,3 ,3 ,7 ,2 ,0 ,0 ,1 ,0 
대구,북구,의료,여자,85세이상,91 ,1 ,9 ,33 ,29 ,12 ,1 ,0 ,1 ,1 
대구,북구,감경,남자,65세미만,88 ,14 ,9 ,24 ,20 ,4 ,3 ,3 ,0 ,0 
대구,북구,감경,남자,65-69세,149 ,11 ,14 ,52 ,48 ,8 ,3 ,3 ,2 ,1 
대구,북구,감경,남자,70-74세,164 ,5 ,12 ,41 ,71 ,21 ,3 ,1 ,0 ,1 
대구,북구,감경,남자,75-79세,187 ,8 ,11 ,57 ,67 ,26 ,5 ,2 ,2 ,0 
대구,북구,감경,남자,80-84세,277 ,16 ,20 ,76 ,105 ,40 ,9 ,1 ,1 ,2 
대구,북구,감경,남자,85세이상,260 ,7 ,27 ,81 ,110 ,20 ,5 ,1 ,1 ,0 
대구,북구,감경,여자,65세미만,57 ,7 ,2 ,20 ,18 ,3 ,0 ,1 ,0 ,1 
대구,북구,감경,여자,65-69세,102 ,10 ,7 ,28 ,28 ,10 ,3 ,2 ,1 ,1 
대구,북구,감경,여자,70-74세,240 ,15 ,20 ,64 ,85 ,24 ,6 ,4 ,1 ,0 
대구,북구,감경,여자,75-79세,459 ,23 ,37 ,107 ,173 ,68 ,12 ,5 ,2 ,1 
대구,북구,감경,여자,80-84세,988 ,42 ,84 ,282 ,385 ,122 ,23 ,4 ,7 ,0 
대구,북구,감경,여자,85세이상,1293 ,66 ,166 ,485 ,450 ,96 ,6 ,0 ,2 ,0 
대구,수성구,일반,남자,65세미만,61 ,5 ,0 ,14 ,9 ,2 ,0 ,8 ,2 ,2 
대구,수성구,일반,남자,65-69세,138 ,4 ,7 ,23 ,42 ,4 ,1 ,15 ,12 ,0 
대구,수성구,일반,남자,70-74세,221 ,7 ,16 ,57 ,62 ,7 ,1 ,16 ,10 ,3 
대구,수성구,일반,남자,75-79세,339 ,8 ,19 ,77 ,111 ,30 ,4 ,21 ,9 ,2 
대구,수성구,일반,남자,80-84세,460 ,18 ,21 ,94 ,148 ,63 ,8 ,23 ,17 ,3 
대구,수성구,일반,남자,85세이상,656 ,15 ,36 ,148 ,278 ,56 ,14 ,32 ,11 ,4 
대구,수성구,일반,여자,65세미만,64 ,2 ,5 ,12 ,8 ,2 ,0 ,15 ,2 ,5 
대구,수성구,일반,여자,65-69세,167 ,5 ,9 ,18 ,38 ,8 ,0 ,21 ,8 ,5 
대구,수성구,일반,여자,70-74세,331 ,12 ,18 ,46 ,91 ,28 ,2 ,43 ,19 ,1 
대구,수성구,일반,여자,75-79세,734 ,19 ,48 ,103 ,211 ,80 ,20 ,68 ,36 ,8 
대구,수성구,일반,여자,80-84세,1250 ,35 ,81 ,220 ,445 ,151 ,19 ,57 ,48 ,6 
대구,수성구,일반,여자,85세이상,1518 ,71 ,132 ,346 ,594 ,158 ,15 ,41 ,19 ,3 
대구,수성구,기초,남자,65세미만,93 ,2 ,12 ,12 ,27 ,3 ,2 ,16 ,4 ,1 
대구,수성구,기초,남자,65-69세,146 ,3 ,5 ,19 ,58 ,10 ,2 ,11 ,19 ,3 
대구,수성구,기초,남자,70-74세,101 ,2 ,5 ,14 ,33 ,10 ,1 ,8 ,9 ,4 
대구,수성구,기초,남자,75-79세,76 ,1 ,7 ,14 ,27 ,12 ,0 ,3 ,2 ,0 
대구,수성구,기초,남자,80-84세,91 ,4 ,4 ,14 ,37 ,14 ,0 ,4 ,5 ,0 
대구,수성구,기초,남자,85세이상,46 ,2 ,3 ,11 ,23 ,4 ,0 ,1 ,1 ,0 
대구,수성구,기초,여자,65세미만,63 ,3 ,4 ,7 ,16 ,7 ,0 ,7 ,3 ,4 
대구,수성구,기초,여자,65-69세,140 ,3 ,3 ,14 ,44 ,11 ,3 ,12 ,12 ,3 
대구,수성구,기초,여자,70-74세,147 ,4 ,3 ,16 ,41 ,13 ,2 ,16 ,9 ,3 
대구,수성구,기초,여자,75-79세,216 ,5 ,12 ,34 ,83 ,22 ,2 ,13 ,11 ,3 
대구,수성구,기초,여자,80-84세,336 ,14 ,24 ,62 ,114 ,50 ,3 ,14 ,13 ,1 
대구,수성구,기초,여자,85세이상,384 ,18 ,45 ,89 ,144 ,44 ,3 ,11 ,4 ,0 
대구,수성구,의료,남자,65-69세,3 ,0 ,1 ,0 ,1 ,0 ,0 ,0 ,0 ,0 
대구,수성구,의료,남자,70-74세,7 ,0 ,0 ,2 ,2 ,1 ,0 ,1 ,1 ,0 
대구,수성구,의료,남자,75-79세,6 ,1 ,0 ,0 ,2 ,2 ,0 ,0 ,0 ,0 
대구,수성구,의료,남자,80-84세,5 ,0 ,1 ,1 ,3 ,0 ,0 ,0 ,0 ,0 
대구,수성구,의료,남자,85세이상,11 ,3 ,0 ,1 ,5 ,0 ,0 ,0 ,0 ,0 
대구,수성구,의료,여자,65세미만,1 ,0 ,0 ,0 ,0 ,0 ,0 ,0 ,1 ,0 
대구,수성구,의료,여자,65-69세,3 ,1 ,0 ,1 ,1 ,0 ,0 ,0 ,0 ,0 
대구,수성구,의료,여자,70-74세,7 ,0 ,0 ,1 ,2 ,3 ,0 ,0 ,1 ,0 
대구,수성구,의료,여자,75-79세,6 ,0 ,0 ,1 ,3 ,0 ,0 ,1 ,0 ,0 
대구,수성구,의료,여자,80-84세,20 ,0 ,0 ,8 ,3 ,4 ,0 ,0 ,2 ,0 
대구,수성구,의료,여자,85세이상,65 ,7 ,3 ,17 ,27 ,3 ,0 ,1 ,1 ,0 
대구,수성구,감경,남자,65세미만,35 ,0 ,4 ,14 ,11 ,2 ,0 ,2 ,0 ,0 
대구,수성구,감경,남자,65-69세,52 ,2 ,5 ,21 ,15 ,4 ,1 ,0 ,0 ,0 
대구,수성구,감경,남자,70-74세,99 ,4 ,6 ,26 ,53 ,8 ,1 ,0 ,0 ,0 
대구,수성구,감경,남자,75-79세,96 ,2 ,8 ,28 ,37 ,16 ,2 ,0 ,0 ,0 
대구,수성구,감경,남자,80-84세,141 ,3 ,10 ,38 ,55 ,26 ,3 ,1 ,0 ,0 
대구,수성구,감경,남자,85세이상,179 ,8 ,11 ,50 ,88 ,21 ,0 ,0 ,0 ,0 
대구,수성구,감경,여자,65세미만,26 ,2 ,2 ,8 ,11 ,1 ,0 ,0 ,0 ,0 
대구,수성구,감경,여자,65-69세,72 ,6 ,5 ,16 ,23 ,7 ,2 ,1 ,3 ,0 
대구,수성구,감경,여자,70-74세,125 ,4 ,11 ,32 ,47 ,14 ,0 ,3 ,2 ,0 
대구,수성구,감경,여자,75-79세,254 ,15 ,22 ,59 ,110 ,17 ,4 ,5 ,1 ,2 
대구,수성구,감경,여자,80-84세,546 ,17 ,44 ,129 ,244 ,79 ,8 ,6 ,3 ,0 
대구,수성구,감경,여자,85세이상,870 ,50 ,118 ,237 ,348 ,74 ,11 ,4 ,1 ,0 
대구,달서구,일반,남자,65세미만,113 ,4 ,8 ,12 ,10 ,1 ,0 ,33 ,10 ,3 
대구,달서구,일반,남자,65-69세,196 ,4 ,9 ,31 ,47 ,5 ,2 ,32 ,10 ,4 
대구,달서구,일반,남자,70-74세,286 ,5 ,23 ,45 ,79 ,21 ,2 ,41 ,11 ,3 
대구,달서구,일반,남자,75-79세,383 ,12 ,16 ,65 ,120 ,29 ,1 ,40 ,14 ,5 
대구,달서구,일반,남자,80-84세,485 ,4 ,18 ,99 ,166 ,61 ,10 ,27 ,20 ,8 
대구,달서구,일반,남자,85세이상,513 ,14 ,38 ,101 ,207 ,44 ,8 ,28 ,11 ,2 
대구,달서구,일반,여자,65세미만,82 ,8 ,5 ,11 ,11 ,6 ,0 ,15 ,5 ,3 
대구,달서구,일반,여자,65-69세,215 ,6 ,11 ,23 ,33 ,7 ,2 ,34 ,20 ,0 
대구,달서구,일반,여자,70-74세,461 ,8 ,14 ,54 ,115 ,31 ,4 ,70 ,28 ,9 
대구,달서구,일반,여자,75-79세,708 ,8 ,18 ,87 ,203 ,67 ,14 ,84 ,30 ,6 
대구,달서구,일반,여자,80-84세,1273 ,29 ,52 ,196 ,473 ,140 ,12 ,104 ,47 ,4 
대구,달서구,일반,여자,85세이상,1312 ,29 ,92 ,315 ,523 ,108 ,5 ,60 ,24 ,3 
대구,달서구,기초,남자,65세미만,209 ,6 ,12 ,30 ,45 ,26 ,5 ,27 ,11 ,8 
대구,달서구,기초,남자,65-69세,262 ,5 ,13 ,31 ,73 ,34 ,4 ,19 ,29 ,7 
대구,달서구,기초,남자,70-74세,209 ,5 ,2 ,20 ,75 ,34 ,4 ,22 ,14 ,4 
대구,달서구,기초,남자,75-79세,129 ,1 ,2 ,16 ,50 ,15 ,6 ,12 ,12 ,2 
대구,달서구,기초,남자,80-84세,122 ,1 ,3 ,16 ,52 ,20 ,4 ,2 ,6 ,2 
대구,달서구,기초,남자,85세이상,66 ,0 ,2 ,13 ,28 ,16 ,0 ,2 ,2 ,0 
대구,달서구,기초,여자,65세미만,119 ,1 ,2 ,16 ,29 ,15 ,3 ,17 ,9 ,5 
대구,달서구,기초,여자,65-69세,217 ,9 ,3 ,30 ,60 ,22 ,4 ,28 ,20 ,4 
대구,달서구,기초,여자,70-74세,248 ,7 ,8 ,23 ,91 ,30 ,4 ,29 ,10 ,2 
대구,달서구,기초,여자,75-79세,310 ,6 ,9 ,44 ,113 ,50 ,5 ,20 ,15 ,1 
대구,달서구,기초,여자,80-84세,487 ,8 ,30 ,86 ,211 ,69 ,7 ,20 ,6 ,1 
대구,달서구,기초,여자,85세이상,519 ,13 ,42 ,116 ,243 ,48 ,4 ,17 ,3 ,0 
대구,달서구,의료,남자,65세미만,3 ,0 ,0 ,0 ,1 ,0 ,0 ,0 ,0 ,1 
대구,달서구,의료,남자,65-69세,2 ,0 ,0 ,0 ,0 ,0 ,0 ,1 ,0 ,0 
대구,달서구,의료,남자,70-74세,16 ,0 ,0 ,6 ,7 ,0 ,0 ,0 ,2 ,0 
대구,달서구,의료,남자,75-79세,31 ,2 ,2 ,8 ,10 ,3 ,0 ,3 ,1 ,0 
대구,달서구,의료,남자,80-84세,7 ,2 ,0 ,1 ,1 ,1 ,1 ,0 ,0 ,0 
대구,달서구,의료,남자,85세이상,26 ,2 ,3 ,8 ,5 ,0 ,0 ,1 ,1 ,0 
대구,달서구,의료,여자,65세미만,1 ,0 ,0 ,0 ,0 ,0 ,0 ,0 ,1 ,0 
대구,달서구,의료,여자,65-69세,6 ,0 ,0 ,1 ,1 ,1 ,0 ,0 ,0 ,0 
대구,달서구,의료,여자,70-74세,11 ,2 ,0 ,2 ,5 ,0 ,0 ,1 ,0 ,0 
대구,달서구,의료,여자,75-79세,16 ,1 ,1 ,2 ,4 ,3 ,0 ,1 ,0 ,0 
대구,달서구,의료,여자,80-84세,21 ,0 ,1 ,4 ,8 ,2 ,0 ,2 ,1 ,0 
대구,달서구,의료,여자,85세이상,87 ,2 ,7 ,22 ,38 ,10 ,0 ,1 ,0 ,0 
대구,달서구,감경,남자,65세미만,63 ,5 ,4 ,19 ,24 ,0 ,1 ,2 ,0 ,1 
대구,달서구,감경,남자,65-69세,138 ,5 ,9 ,32 ,62 ,18 ,2 ,2 ,2 ,0 
대구,달서구,감경,남자,70-74세,159 ,6 ,12 ,40 ,72 ,17 ,1 ,2 ,1 ,0 
대구,달서구,감경,남자,75-79세,207 ,9 ,16 ,52 ,78 ,32 ,4 ,3 ,4 ,1 
대구,달서구,감경,남자,80-84세,264 ,3 ,18 ,57 ,126 ,39 ,5 ,2 ,2 ,2 
대구,달서구,감경,남자,85세이상,264 ,6 ,12 ,81 ,124 ,31 ,2 ,1 ,1 ,0 
대구,달서구,감경,여자,65세미만,66 ,6 ,5 ,17 ,24 ,9 ,0 ,0 ,0 ,0 
대구,달서구,감경,여자,65-69세,98 ,6 ,6 ,25 ,35 ,8 ,3 ,2 ,0 ,0 
대구,달서구,감경,여자,70-74세,235 ,9 ,11 ,48 ,98 ,31 ,5 ,5 ,2 ,0 
대구,달서구,감경,여자,75-79세,450 ,12 ,35 ,81 ,217 ,59 ,7 ,11 ,0 ,0 
대구,달서구,감경,여자,80-84세,930 ,16 ,79 ,203 ,448 ,121 ,13 ,7 ,5 ,0 
대구,달서구,감경,여자,85세이상,1247 ,42 ,150 ,348 ,542 ,116 ,16 ,4 ,1 ,0 
대구,달성군,일반,남자,65세미만,46 ,2 ,2 ,5 ,6 ,1 ,2 ,8 ,4 ,1 
대구,달성군,일반,남자,65-69세,85 ,2 ,2 ,19 ,19 ,7 ,1 ,14 ,3 ,0 
대구,달성군,일반,남자,70-74세,141 ,2 ,8 ,31 ,27 ,12 ,1 ,19 ,6 ,4 
대구,달성군,일반,남자,75-79세,156 ,3 ,8 ,34 ,51 ,8 ,4 ,10 ,3 ,4 
대구,달성군,일반,남자,80-84세,208 ,1 ,8 ,51 ,71 ,21 ,6 ,6 ,7 ,2 
대구,달성군,일반,남자,85세이상,239 ,5 ,18 ,53 ,86 ,30 ,2 ,11 ,4 ,1 
대구,달성군,일반,여자,65세미만,38 ,1 ,4 ,2 ,2 ,1 ,0 ,10 ,5 ,1 
대구,달성군,일반,여자,65-69세,88 ,1 ,4 ,9 ,13 ,7 ,1 ,16 ,7 ,3 
대구,달성군,일반,여자,70-74세,185 ,5 ,11 ,17 ,44 ,7 ,3 ,24 ,12 ,7 
대구,달성군,일반,여자,75-79세,331 ,7 ,11 ,55 ,87 ,34 ,14 ,29 ,16 ,5 
대구,달성군,일반,여자,80-84세,579 ,14 ,43 ,120 ,171 ,59 ,13 ,31 ,20 ,2 
대구,달성군,일반,여자,85세이상,702 ,37 ,75 ,163 ,224 ,85 ,6 ,26 ,6 ,2 
대구,달성군,기초,남자,65세미만,67 ,1 ,8 ,9 ,15 ,1 ,2 ,5 ,3 ,7 
대구,달성군,기초,남자,65-69세,60 ,1 ,2 ,17 ,18 ,8 ,0 ,5 ,3 ,2 
대구,달성군,기초,남자,70-74세,48 ,1 ,2 ,13 ,19 ,4 ,2 ,2 ,1 ,1 
대구,달성군,기초,남자,75-79세,46 ,0 ,1 ,7 ,18 ,5 ,0 ,4 ,2 ,3 
대구,달성군,기초,남자,80-84세,50 ,3 ,4 ,8 ,16 ,6 ,2 ,1 ,0 ,1 
대구,달성군,기초,남자,85세이상,33 ,0 ,0 ,8 ,16 ,3 ,0 ,1 ,0 ,1 
대구,달성군,기초,여자,65세미만,45 ,2 ,3 ,5 ,7 ,3 ,2 ,7 ,3 ,3 
대구,달성군,기초,여자,65-69세,66 ,3 ,3 ,4 ,21 ,9 ,2 ,4 ,3 ,2 
대구,달성군,기초,여자,70-74세,94 ,4 ,3 ,13 ,26 ,23 ,4 ,6 ,4 ,3 
대구,달성군,기초,여자,75-79세,130 ,4 ,6 ,15 ,45 ,16 ,0 ,9 ,4 ,4 
대구,달성군,기초,여자,80-84세,168 ,7 ,7 ,29 ,66 ,16 ,4 ,10 ,3 ,1 
대구,달성군,기초,여자,85세이상,212 ,14 ,31 ,74 ,56 ,14 ,4 ,5 ,2 ,0 
대구,달성군,의료,남자,65세미만,0 ,0 ,0 ,0 ,0 ,0 ,0 ,0 ,0 ,0 
대구,달성군,의료,남자,65-69세,2 ,0 ,0 ,0 ,1 ,0 ,0 ,0 ,0 ,0 
대구,달성군,의료,남자,70-74세,8 ,0 ,0 ,2 ,2 ,1 ,0 ,0 ,0 ,0 
대구,달성군,의료,남자,75-79세,6 ,0 ,1 ,2 ,1 ,0 ,1 ,1 ,0 ,0 
대구,달성군,의료,남자,80-84세,6 ,0 ,0 ,1 ,5 ,0 ,0 ,0 ,0 ,0 
대구,달성군,의료,남자,85세이상,6 ,0 ,0 ,0 ,3 ,2 ,0 ,0 ,0 ,0 
대구,달성군,의료,여자,65세미만,0 ,0 ,0 ,0 ,0 ,0 ,0 ,0 ,0 ,0 
대구,달성군,의료,여자,65-69세,1 ,0 ,0 ,0 ,1 ,0 ,0 ,0 ,0 ,0 
대구,달성군,의료,여자,70-74세,6 ,0 ,1 ,1 ,2 ,1 ,0 ,1 ,0 ,0 
대구,달성군,의료,여자,75-79세,7 ,0 ,0 ,0 ,3 ,0 ,0 ,0 ,0 ,0 
대구,달성군,의료,여자,80-84세,11 ,0 ,1 ,2 ,3 ,2 ,0 ,0 ,0 ,0 
대구,달성군,의료,여자,85세이상,44 ,2 ,4 ,10 ,23 ,2 ,0 ,0 ,0 ,0 
대구,달성군,감경,남자,65세미만,16 ,1 ,4 ,3 ,5 ,2 ,0 ,0 ,0 ,0 
대구,달성군,감경,남자,65-69세,56 ,3 ,5 ,13 ,23 ,6 ,1 ,0 ,0 ,0 
대구,달성군,감경,남자,70-74세,80 ,3 ,5 ,22 ,33 ,8 ,3 ,1 ,1 ,0 
대구,달성군,감경,남자,75-79세,99 ,2 ,9 ,22 ,44 ,14 ,3 ,0 ,0 ,0 
대구,달성군,감경,남자,80-84세,112 ,1 ,10 ,29 ,49 ,18 ,2 ,0 ,0 ,0 
대구,달성군,감경,남자,85세이상,156 ,4 ,12 ,41 ,72 ,12 ,5 ,0 ,0 ,0 
대구,달성군,감경,여자,65세미만,24 ,1 ,1 ,6 ,12 ,2 ,0 ,0 ,0 ,0 
대구,달성군,감경,여자,65-69세,56 ,6 ,5 ,10 ,22 ,4 ,2 ,0 ,1 ,0 
대구,달성군,감경,여자,70-74세,105 ,8 ,6 ,22 ,39 ,19 ,2 ,1 ,0 ,0 
대구,달성군,감경,여자,75-79세,181 ,9 ,12 ,47 ,65 ,21 ,8 ,2 ,1 ,1 
대구,달성군,감경,여자,80-84세,468 ,24 ,50 ,111 ,186 ,59 ,11 ,4 ,0 ,0 
대구,달성군,감경,여자,85세이상,758 ,45 ,96 ,248 ,271 ,66 ,9 ,0 ,0 ,1 
대구,군위군,일반,남자,65세미만,1 ,0 ,0 ,0 ,0 ,0 ,0 ,1 ,0 ,0 
대구,군위군,일반,남자,65-69세,17 ,0 ,0 ,3 ,3 ,0 ,0 ,4 ,1 ,2 
대구,군위군,일반,남자,70-74세,24 ,0 ,0 ,5 ,4 ,0 ,0 ,3 ,1 ,0 
대구,군위군,일반,남자,75-79세,46 ,0 ,2 ,9 ,9 ,4 ,1 ,4 ,3 ,0 
대구,군위군,일반,남자,80-84세,69 ,0 ,2 ,10 ,25 ,7 ,2 ,6 ,6 ,1 
대구,군위군,일반,남자,85세이상,78 ,0 ,4 ,10 ,29 ,8 ,2 ,4 ,6 ,0 
대구,군위군,일반,여자,65세미만,3 ,0 ,0 ,1 ,0 ,0 ,0 ,0 ,0 ,0 
대구,군위군,일반,여자,65-69세,24 ,2 ,0 ,2 ,3 ,0 ,1 ,7 ,3 ,0 
대구,군위군,일반,여자,70-74세,41 ,1 ,0 ,1 ,7 ,5 ,1 ,11 ,4 ,1 
대구,군위군,일반,여자,75-79세,95 ,0 ,2 ,9 ,23 ,5 ,1 ,11 ,13 ,2 
대구,군위군,일반,여자,80-84세,162 ,6 ,7 ,20 ,49 ,20 ,3 ,14 ,7 ,2 
대구,군위군,일반,여자,85세이상,175 ,2 ,8 ,26 ,76 ,18 ,3 ,14 ,7 ,0 
대구,군위군,기초,남자,65세미만,6 ,2 ,0 ,1 ,2 ,0 ,0 ,1 ,0 ,0 
대구,군위군,기초,남자,65-69세,12 ,0 ,0 ,2 ,4 ,2 ,0 ,1 ,2 ,0 
대구,군위군,기초,남자,70-74세,6 ,0 ,0 ,2 ,2 ,0 ,0 ,0 ,1 ,0 
대구,군위군,기초,남자,75-79세,4 ,0 ,0 ,1 ,1 ,0 ,0 ,0 ,1 ,1 
대구,군위군,기초,남자,80-84세,8 ,0 ,0 ,2 ,4 ,1 ,0 ,1 ,0 ,0 
대구,군위군,기초,남자,85세이상,3 ,0 ,0 ,1 ,0 ,0 ,0 ,0 ,1 ,0 
대구,군위군,기초,여자,65세미만,1 ,0 ,0 ,0 ,1 ,0 ,0 ,0 ,0 ,0 
대구,군위군,기초,여자,65-69세,9 ,0 ,1 ,0 ,1 ,1 ,1 ,0 ,3 ,0 
대구,군위군,기초,여자,70-74세,10 ,1 ,0 ,0 ,4 ,0 ,0 ,2 ,0 ,0 
대구,군위군,기초,여자,75-79세,18 ,0 ,0 ,2 ,7 ,3 ,0 ,1 ,4 ,1 
대구,군위군,기초,여자,80-84세,31 ,1 ,0 ,6 ,12 ,7 ,0 ,1 ,2 ,1 
대구,군위군,기초,여자,85세이상,45 ,0 ,3 ,14 ,21 ,4 ,0 ,0 ,0 ,0 
대구,군위군,의료,남자,65세미만,0 ,0 ,0 ,0 ,0 ,0 ,0 ,0 ,0 ,0 
대구,군위군,의료,남자,65-69세,2 ,0 ,1 ,0 ,0 ,0 ,0 ,0 ,1 ,0 
대구,군위군,의료,남자,70-74세,1 ,0 ,0 ,0 ,0 ,0 ,0 ,1 ,0 ,0 
대구,군위군,의료,남자,75-79세,0 ,0 ,0 ,0 ,0 ,0 ,0 ,0 ,0 ,0 
대구,군위군,의료,남자,80-84세,1 ,0 ,0 ,0 ,0 ,0 ,0 ,0 ,0 ,0 
대구,군위군,의료,남자,85세이상,3 ,0 ,0 ,1 ,1 ,1 ,0 ,0 ,0 ,0 
대구,군위군,의료,여자,70-74세,0 ,0 ,0 ,0 ,0 ,0 ,0 ,0 ,0 ,0 
대구,군위군,의료,여자,75-79세,1 ,0 ,0 ,0 ,0 ,1 ,0 ,0 ,0 ,0 
대구,군위군,의료,여자,80-84세,4 ,0 ,0 ,0 ,2 ,0 ,0 ,1 ,0 ,0 
대구,군위군,의료,여자,85세이상,9 ,0 ,1 ,1 ,5 ,1 ,0 ,0 ,0 ,0 
대구,군위군,감경,남자,65세미만,7 ,0 ,1 ,2 ,3 ,0 ,0 ,0 ,0 ,0 
대구,군위군,감경,남자,65-69세,6 ,0 ,0 ,3 ,3 ,0 ,0 ,0 ,0 ,0 
대구,군위군,감경,남자,70-74세,15 ,1 ,0 ,3 ,6 ,2 ,1 ,0 ,0 ,0 
대구,군위군,감경,남자,75-79세,24 ,0 ,3 ,3 ,15 ,2 ,0 ,0 ,0 ,0 
대구,군위군,감경,남자,80-84세,38 ,0 ,2 ,7 ,22 ,5 ,0 ,0 ,1 ,0 
대구,군위군,감경,남자,85세이상,50 ,0 ,4 ,11 ,26 ,8 ,0 ,0 ,1 ,0 
대구,군위군,감경,여자,65세미만,3 ,1 ,0 ,1 ,1 ,0 ,0 ,0 ,0 ,0 
대구,군위군,감경,여자,65-69세,12 ,0 ,0 ,2 ,7 ,1 ,0 ,0 ,0 ,0 
대구,군위군,감경,여자,70-74세,26 ,2 ,3 ,3 ,11 ,2 ,2 ,0 ,0 ,0 
대구,군위군,감경,여자,75-79세,48 ,1 ,1 ,6 ,22 ,9 ,2 ,0 ,0 ,0 
대구,군위군,감경,여자,80-84세,110 ,1 ,6 ,17 ,57 ,21 ,1 ,3 ,0 ,1 
대구,군위군,감경,여자,85세이상,214 ,6 ,18 ,47 ,115 ,24 ,1 ,0 ,1 ,0 
인천,중구,일반,남자,65세미만,26 ,1 ,4 ,4 ,6 ,0 ,0 ,1 ,0 ,0 
인천,중구,일반,남자,65-69세,34 ,3 ,4 ,6 ,5 ,0 ,0 ,2 ,4 ,0 
인천,중구,일반,남자,70-74세,72 ,1 ,5 ,14 ,26 ,2 ,0 ,4 ,2 ,0 
인천,중구,일반,남자,75-79세,114 ,5 ,11 ,26 ,35 ,5 ,0 ,9 ,3 ,1 
인천,중구,일반,남자,80-84세,132 ,4 ,9 ,30 ,40 ,10 ,0 ,8 ,8 ,2 
인천,중구,일반,남자,85세이상,112 ,2 ,8 ,40 ,32 ,3 ,1 ,6 ,1 ,0 
인천,중구,일반,여자,65세미만,24 ,2 ,3 ,5 ,1 ,0 ,0 ,8 ,2 ,2 
인천,중구,일반,여자,65-69세,48 ,1 ,2 ,10 ,6 ,0 ,0 ,11 ,1 ,1 
인천,중구,일반,여자,70-74세,127 ,3 ,6 ,20 ,37 ,3 ,1 ,16 ,6 ,4 
인천,중구,일반,여자,75-79세,198 ,7 ,16 ,36 ,61 ,14 ,1 ,17 ,4 ,1 
인천,중구,일반,여자,80-84세,268 ,11 ,19 ,71 ,85 ,13 ,1 ,16 ,5 ,2 
인천,중구,일반,여자,85세이상,411 ,17 ,50 ,129 ,157 ,14 ,0 ,7 ,5 ,1 
인천,중구,기초,남자,65세미만,56 ,3 ,6 ,20 ,14 ,0 ,0 ,3 ,2 ,2 
인천,중구,기초,남자,65-69세,56 ,4 ,4 ,10 ,23 ,1 ,1 ,1 ,7 ,0 
인천,중구,기초,남자,70-74세,60 ,2 ,4 ,8 ,23 ,2 ,0 ,7 ,3 ,0 
인천,중구,기초,남자,75-79세,49 ,0 ,7 ,9 ,16 ,2 ,3 ,1 ,3 ,0 
인천,중구,기초,남자,80-84세,57 ,0 ,3 ,20 ,20 ,6 ,0 ,2 ,0 ,0 
인천,중구,기초,남자,85세이상,32 ,1 ,2 ,8 ,16 ,1 ,0 ,2 ,0 ,0 
인천,중구,기초,여자,65세미만,16 ,2 ,1 ,2 ,6 ,1 ,0 ,1 ,1 ,0 
인천,중구,기초,여자,65-69세,40 ,0 ,2 ,7 ,23 ,1 ,2 ,1 ,3 ,0 
인천,중구,기초,여자,70-74세,61 ,1 ,0 ,19 ,25 ,0 ,0 ,6 ,1 ,0 
인천,중구,기초,여자,75-79세,102 ,4 ,10 ,14 ,50 ,8 ,1 ,5 ,3 ,0 
인천,중구,기초,여자,80-84세,138 ,10 ,15 ,40 ,52 ,5 ,0 ,7 ,1 ,0 
인천,중구,기초,여자,85세이상,210 ,16 ,38 ,58 ,77 ,4 ,0 ,2 ,0 ,0 
인천,중구,의료,남자,65세미만,1 ,0 ,0 ,0 ,1 ,0 ,0 ,0 ,0 ,0 
인천,중구,의료,남자,65-69세,0 ,0 ,0 ,0 ,0 ,0 ,0 ,0 ,0 ,0 
인천,중구,의료,남자,70-74세,2 ,0 ,0 ,0 ,0 ,2 ,0 ,0 ,0 ,0 
인천,중구,의료,남자,75-79세,7 ,0 ,1 ,3 ,1 ,0 ,0 ,0 ,1 ,0 
인천,중구,의료,남자,80-84세,1 ,0 ,0 ,0 ,1 ,0 ,0 ,0 ,0 ,0 
인천,중구,의료,남자,85세이상,5 ,0 ,0 ,3 ,1 ,1 ,0 ,0 ,0 ,0 
인천,중구,의료,여자,65세미만,1 ,0 ,0 ,1 ,0 ,0 ,0 ,0 ,0 ,0 
인천,중구,의료,여자,65-69세,0 ,0 ,0 ,0 ,0 ,0 ,0 ,0 ,0 ,0 
인천,중구,의료,여자,70-74세,5 ,0 ,1 ,2 ,1 ,0 ,0 ,0 ,0 ,1 
인천,중구,의료,여자,75-79세,0 ,0 ,0 ,0 ,0 ,0 ,0 ,0 ,0 ,0 
인천,중구,의료,여자,80-84세,5 ,0 ,0 ,2 ,2 ,0 ,0 ,0 ,0 ,0 
인천,중구,의료,여자,85세이상,14 ,2 ,3 ,2 ,7 ,0 ,0 ,0 ,0 ,0 
인천,중구,감경,남자,65세미만,21 ,5 ,5 ,4 ,5 ,1 ,0 ,1 ,0 ,0 
인천,중구,감경,남자,65-69세,34 ,1 ,2 ,11 ,17 ,2 ,0 ,0 ,0 ,0 
인천,중구,감경,남자,70-74세,61 ,2 ,2 ,25 ,26 ,3 ,0 ,1 ,0 ,0 
인천,중구,감경,남자,75-79세,75 ,2 ,8 ,27 ,26 ,6 ,2 ,0 ,0 ,0 
인천,중구,감경,남자,80-84세,91 ,1 ,8 ,29 ,44 ,6 ,1 ,0 ,1 ,0 
인천,중구,감경,남자,85세이상,79 ,1 ,11 ,22 ,38 ,3 ,0 ,0 ,0 ,0 
인천,중구,감경,여자,65세미만,15 ,3 ,0 ,5 ,2 ,1 ,0 ,1 ,0 ,0 
인천,중구,감경,여자,65-69세,37 ,4 ,2 ,7 ,18 ,3 ,0 ,0 ,0 ,0 
인천,중구,감경,여자,70-74세,57 ,2 ,9 ,12 ,20 ,4 ,3 ,0 ,0 ,0 
인천,중구,감경,여자,75-79세,153 ,9 ,10 ,49 ,63 ,7 ,0 ,0 ,2 ,0 
인천,중구,감경,여자,80-84세,258 ,14 ,22 ,85 ,117 ,9 ,1 ,2 ,2 ,0 
인천,중구,감경,여자,85세이상,419 ,17 ,71 ,159 ,153 ,8 ,0 ,1 ,0 ,0 
인천,동구,일반,남자,65세미만,10 ,0 ,0 ,1 ,1 ,0 ,0 ,3 ,1 ,1 
인천,동구,일반,남자,65-69세,29 ,0 ,3 ,7 ,8 ,0 ,0 ,2 ,0 ,0 
인천,동구,일반,남자,70-74세,45 ,3 ,1 ,10 ,10 ,4 ,0 ,5 ,4 ,1 
인천,동구,일반,남자,75-79세,69 ,3 ,8 ,11 ,26 ,4 ,0 ,7 ,2 ,0 
인천,동구,일반,남자,80-84세,69 ,0 ,5 ,21 ,24 ,3 ,1 ,2 ,1 ,0 
인천,동구,일반,남자,85세이상,62 ,2 ,4 ,16 ,33 ,3 ,1 ,1 ,1 ,0 
인천,동구,일반,여자,65세미만,17 ,0 ,0 ,4 ,4 ,0 ,0 ,5 ,1 ,0 
인천,동구,일반,여자,65-69세,31 ,0 ,0 ,5 ,7 ,0 ,0 ,4 ,1 ,1 
인천,동구,일반,여자,70-74세,66 ,0 ,1 ,9 ,16 ,3 ,1 ,10 ,5 ,2 
인천,동구,일반,여자,75-79세,138 ,1 ,3 ,21 ,37 ,10 ,1 ,28 ,7 ,2 
인천,동구,일반,여자,80-84세,162 ,5 ,14 ,36 ,56 ,12 ,1 ,10 ,2 ,1 
인천,동구,일반,여자,85세이상,214 ,6 ,25 ,73 ,71 ,8 ,0 ,11 ,2 ,0 
인천,동구,기초,남자,65세미만,27 ,0 ,1 ,5 ,11 ,2 ,0 ,3 ,0 ,0 
인천,동구,기초,남자,65-69세,48 ,0 ,2 ,11 ,19 ,3 ,0 ,6 ,3 ,1 
인천,동구,기초,남자,70-74세,26 ,1 ,0 ,2 ,12 ,3 ,1 ,2 ,1 ,1 
인천,동구,기초,남자,75-79세,26 ,0 ,1 ,7 ,11 ,4 ,0 ,3 ,0 ,0 
인천,동구,기초,남자,80-84세,22 ,4 ,2 ,3 ,8 ,2 ,0 ,1 ,1 ,0 
인천,동구,기초,남자,85세이상,18 ,0 ,1 ,3 ,11 ,1 ,0 ,2 ,0 ,0 
인천,동구,기초,여자,65세미만,9 ,1 ,0 ,5 ,0 ,0 ,0 ,1 ,1 ,1 
인천,동구,기초,여자,65-69세,40 ,2 ,3 ,6 ,15 ,3 ,0 ,4 ,1 ,0 
인천,동구,기초,여자,70-74세,36 ,1 ,2 ,4 ,16 ,2 ,1 ,4 ,4 ,0 
인천,동구,기초,여자,75-79세,50 ,1 ,3 ,9 ,24 ,0 ,1 ,5 ,5 ,1 
인천,동구,기초,여자,80-84세,97 ,0 ,5 ,30 ,49 ,5 ,1 ,4 ,0 ,0 
인천,동구,기초,여자,85세이상,100 ,4 ,14 ,32 ,41 ,3 ,0 ,1 ,1 ,0 
인천,동구,의료,남자,65세미만,0 ,0 ,0 ,0 ,0 ,0 ,0 ,0 ,0 ,0 
인천,동구,의료,남자,70-74세,2 ,0 ,0 ,0 ,1 ,0 ,0 ,0 ,1 ,0 
인천,동구,의료,남자,75-79세,0 ,0 ,0 ,0 ,0 ,0 ,0 ,0 ,0 ,0 
인천,동구,의료,남자,80-84세,1 ,0 ,0 ,0 ,1 ,0 ,0 ,0 ,0 ,0 
인천,동구,의료,남자,85세이상,1 ,0 ,0 ,1 ,0 ,0 ,0 ,0 ,0 ,0 
인천,동구,의료,여자,70-74세,0 ,0 ,0 ,0 ,0 ,0 ,0 ,0 ,0 ,0 
인천,동구,의료,여자,75-79세,2 ,0 ,0 ,0 ,1 ,0 ,0 ,0 ,0 ,1 
인천,동구,의료,여자,80-84세,1 ,0 ,0 ,0 ,1 ,0 ,0 ,0 ,0 ,0 
인천,동구,의료,여자,85세이상,6 ,0 ,0 ,3 ,2 ,0 ,0 ,0 ,0 ,0 
인천,동구,감경,남자,65세미만,5 ,0 ,0 ,2 ,2 ,1 ,0 ,0 ,0 ,0 
인천,동구,감경,남자,65-69세,28 ,1 ,5 ,10 ,7 ,1 ,0 ,0 ,1 ,0 
인천,동구,감경,남자,70-74세,21 ,0 ,0 ,6 ,11 ,2 ,0 ,0 ,0 ,0 
인천,동구,감경,남자,75-79세,64 ,1 ,3 ,19 ,33 ,6 ,0 ,0 ,0 ,0 
인천,동구,감경,남자,80-84세,53 ,0 ,3 ,17 ,27 ,5 ,0 ,0 ,0 ,0 
인천,동구,감경,남자,85세이상,51 ,1 ,8 ,11 ,24 ,7 ,0 ,0 ,0 ,0 
인천,동구,감경,여자,65세미만,9 ,2 ,2 ,1 ,1 ,3 ,0 ,0 ,0 ,0 
인천,동구,감경,여자,65-69세,22 ,1 ,1 ,3 ,13 ,2 ,0 ,0 ,0 ,0 
인천,동구,감경,여자,70-74세,46 ,5 ,3 ,10 ,23 ,1 ,0 ,1 ,0 ,0 
인천,동구,감경,여자,75-79세,98 ,1 ,8 ,30 ,46 ,6 ,1 ,2 ,0 ,0 
인천,동구,감경,여자,80-84세,174 ,6 ,8 ,49 ,90 ,14 ,0 ,1 ,0 ,0 
인천,동구,감경,여자,85세이상,282 ,9 ,32 ,108 ,121 ,7 ,2 ,0 ,0 ,0 
인천,미추홀구,일반,남자,65세미만,89 ,8 ,5 ,9 ,9 ,2 ,0 ,23 ,9 ,4 
인천,미추홀구,일반,남자,65-69세,158 ,4 ,4 ,24 ,38 ,10 ,0 ,20 ,15 ,4 
인천,미추홀구,일반,남자,70-74세,246 ,6 ,16 ,33 ,63 ,9 ,1 ,38 ,17 ,6 
인천,미추홀구,일반,남자,75-79세,400 ,16 ,24 ,70 ,102 ,28 ,5 ,37 ,16 ,3 
인천,미추홀구,일반,남자,80-84세,452 ,11 ,26 ,75 ,151 ,33 ,11 ,39 ,16 ,4 
인천,미추홀구,일반,남자,85세이상,464 ,11 ,20 ,94 ,170 ,38 ,5 ,30 ,16 ,9 
인천,미추홀구,일반,여자,65세미만,83 ,5 ,2 ,10 ,16 ,1 ,1 ,21 ,6 ,3 
인천,미추홀구,일반,여자,65-69세,194 ,5 ,8 ,21 ,37 ,3 ,1 ,50 ,12 ,5 
인천,미추홀구,일반,여자,70-74세,415 ,16 ,15 ,57 ,72 ,25 ,13 ,71 ,26 ,7 
인천,미추홀구,일반,여자,75-79세,715 ,30 ,34 ,97 ,188 ,42 ,13 ,94 ,37 ,8 
인천,미추홀구,일반,여자,80-84세,1056 ,35 ,64 ,214 ,359 ,56 ,23 ,97 ,38 ,10 
인천,미추홀구,일반,여자,85세이상,1197 ,67 ,118 ,331 ,396 ,52 ,11 ,63 ,21 ,2 
인천,미추홀구,기초,남자,65세미만,179 ,15 ,10 ,42 ,39 ,10 ,2 ,19 ,7 ,7 
인천,미추홀구,기초,남자,65-69세,231 ,6 ,9 ,41 ,74 ,17 ,4 ,27 ,19 ,7 
인천,미추홀구,기초,남자,70-74세,168 ,3 ,13 ,16 ,70 ,15 ,2 ,16 ,11 ,4 
인천,미추홀구,기초,남자,75-79세,138 ,1 ,9 ,29 ,44 ,15 ,1 ,13 ,7 ,1 
인천,미추홀구,기초,남자,80-84세,150 ,5 ,10 ,25 ,69 ,11 ,5 ,12 ,1 ,2 
인천,미추홀구,기초,남자,85세이상,96 ,2 ,5 ,14 ,52 ,6 ,2 ,0 ,1 ,1 
인천,미추홀구,기초,여자,65세미만,103 ,15 ,7 ,22 ,26 ,8 ,1 ,10 ,2 ,2 
인천,미추홀구,기초,여자,65-69세,162 ,7 ,7 ,23 ,52 ,8 ,2 ,24 ,8 ,3 
인천,미추홀구,기초,여자,70-74세,197 ,4 ,5 ,41 ,77 ,9 ,2 ,18 ,8 ,5 
인천,미추홀구,기초,여자,75-79세,330 ,12 ,20 ,52 ,117 ,30 ,9 ,33 ,19 ,2 
인천,미추홀구,기초,여자,80-84세,421 ,17 ,31 ,105 ,168 ,26 ,7 ,22 ,11 ,4 
인천,미추홀구,기초,여자,85세이상,518 ,29 ,49 ,168 ,206 ,22 ,1 ,16 ,4 ,1 
인천,미추홀구,의료,남자,65세미만,2 ,0 ,0 ,1 ,1 ,0 ,0 ,0 ,0 ,0 
인천,미추홀구,의료,남자,65-69세,0 ,0 ,0 ,0 ,0 ,0 ,0 ,0 ,0 ,0 
인천,미추홀구,의료,남자,70-74세,5 ,0 ,1 ,1 ,1 ,0 ,1 ,0 ,0 ,0 
인천,미추홀구,의료,남자,75-79세,10 ,1 ,1 ,2 ,4 ,0 ,0 ,0 ,0 ,0 
인천,미추홀구,의료,남자,80-84세,3 ,0 ,0 ,2 ,0 ,1 ,0 ,0 ,0 ,0 
인천,미추홀구,의료,남자,85세이상,15 ,0 ,0 ,2 ,11 ,0 ,0 ,1 ,0 ,0 
인천,미추홀구,의료,여자,65세미만,2 ,0 ,0 ,1 ,0 ,0 ,0 ,0 ,0 ,0 
인천,미추홀구,의료,여자,65-69세,3 ,0 ,0 ,1 ,1 ,0 ,0 ,1 ,0 ,0 
인천,미추홀구,의료,여자,70-74세,5 ,1 ,0 ,1 ,2 ,0 ,0 ,0 ,0 ,0 
인천,미추홀구,의료,여자,75-79세,10 ,0 ,1 ,1 ,3 ,3 ,0 ,0 ,0 ,0 
인천,미추홀구,의료,여자,80-84세,17 ,1 ,1 ,5 ,8 ,0 ,0 ,0 ,0 ,0 
인천,미추홀구,의료,여자,85세이상,42 ,4 ,5 ,18 ,12 ,0 ,0 ,1 ,0 ,0 
인천,미추홀구,감경,남자,65세미만,93 ,18 ,7 ,25 ,32 ,3 ,1 ,1 ,1 ,0 
인천,미추홀구,감경,남자,65-69세,141 ,10 ,10 ,46 ,57 ,9 ,0 ,0 ,0 ,1 
인천,미추홀구,감경,남자,70-74세,180 ,8 ,14 ,48 ,82 ,10 ,2 ,2 ,1 ,1 
인천,미추홀구,감경,남자,75-79세,248 ,13 ,23 ,72 ,91 ,34 ,4 ,3 ,2 ,0 
인천,미추홀구,감경,남자,80-84세,289 ,6 ,27 ,73 ,131 ,37 ,7 ,2 ,0 ,1 
인천,미추홀구,감경,남자,85세이상,271 ,10 ,17 ,84 ,129 ,24 ,2 ,1 ,0 ,0 
인천,미추홀구,감경,여자,65세미만,63 ,12 ,8 ,16 ,13 ,4 ,1 ,1 ,0 ,1 
인천,미추홀구,감경,여자,65-69세,127 ,7 ,9 ,34 ,53 ,8 ,2 ,1 ,0 ,0 
인천,미추홀구,감경,여자,70-74세,246 ,20 ,26 ,54 ,92 ,20 ,6 ,5 ,2 ,0 
인천,미추홀구,감경,여자,75-79세,509 ,36 ,41 ,114 ,217 ,52 ,14 ,7 ,1 ,0 
인천,미추홀구,감경,여자,80-84세,884 ,38 ,67 ,285 ,358 ,86 ,19 ,3 ,0 ,0 
인천,미추홀구,감경,여자,85세이상,1391 ,74 ,188 ,486 ,526 ,80 ,6 ,5 ,1 ,0 
인천,연수구,일반,남자,65세미만,70 ,4 ,3 ,16 ,9 ,3 ,0 ,17 ,4 ,4 
인천,연수구,일반,남자,65-69세,108 ,2 ,8 ,24 ,26 ,4 ,0 ,22 ,3 ,0 
인천,연수구,일반,남자,70-74세,135 ,8 ,6 ,29 ,33 ,8 ,0 ,16 ,4 ,0 
인천,연수구,일반,남자,75-79세,185 ,5 ,9 ,42 ,64 ,20 ,1 ,16 ,2 ,1 
인천,연수구,일반,남자,80-84세,226 ,11 ,12 ,48 ,77 ,17 ,2 ,15 ,4 ,1 
인천,연수구,일반,남자,85세이상,264 ,11 ,13 ,68 ,108 ,15 ,1 ,13 ,3 ,0 
인천,연수구,일반,여자,65세미만,70 ,8 ,7 ,19 ,13 ,0 ,1 ,10 ,1 ,1 
인천,연수구,일반,여자,65-69세,130 ,8 ,4 ,23 ,25 ,5 ,3 ,16 ,7 ,0 
인천,연수구,일반,여자,70-74세,191 ,2 ,6 ,35 ,43 ,15 ,3 ,20 ,6 ,3 
인천,연수구,일반,여자,75-79세,345 ,10 ,10 ,58 ,109 ,27 ,5 ,34 ,8 ,1 
인천,연수구,일반,여자,80-84세,699 ,21 ,42 ,150 ,241 ,55 ,4 ,61 ,9 ,4 
인천,연수구,일반,여자,85세이상,830 ,38 ,80 ,241 ,310 ,42 ,3 ,32 ,9 ,2 
인천,연수구,기초,남자,65세미만,93 ,4 ,7 ,10 ,29 ,6 ,1 ,16 ,11 ,2 
인천,연수구,기초,남자,65-69세,125 ,0 ,4 ,13 ,47 ,5 ,1 ,18 ,14 ,3 
인천,연수구,기초,남자,70-74세,71 ,0 ,2 ,13 ,20 ,9 ,0 ,8 ,10 ,0 
인천,연수구,기초,남자,75-79세,70 ,1 ,4 ,10 ,32 ,6 ,1 ,6 ,3 ,2 
인천,연수구,기초,남자,80-84세,65 ,0 ,7 ,8 ,25 ,4 ,0 ,12 ,1 ,2 
인천,연수구,기초,남자,85세이상,52 ,2 ,4 ,6 ,32 ,2 ,0 ,1 ,0 ,0 
인천,연수구,기초,여자,65세미만,53 ,1 ,4 ,7 ,13 ,7 ,0 ,4 ,3 ,6 
인천,연수구,기초,여자,65-69세,79 ,2 ,5 ,10 ,27 ,7 ,1 ,8 ,3 ,2 
인천,연수구,기초,여자,70-74세,90 ,0 ,4 ,15 ,37 ,7 ,1 ,13 ,7 ,1 
인천,연수구,기초,여자,75-79세,143 ,2 ,6 ,25 ,56 ,13 ,2 ,16 ,3 ,1 
인천,연수구,기초,여자,80-84세,226 ,2 ,11 ,45 ,99 ,21 ,1 ,11 ,8 ,2 
인천,연수구,기초,여자,85세이상,295 ,12 ,33 ,73 ,135 ,20 ,1 ,5 ,3 ,2 
인천,연수구,의료,남자,65-69세,2 ,0 ,0 ,0 ,1 ,0 ,0 ,0 ,0 ,0 
인천,연수구,의료,남자,70-74세,1 ,0 ,0 ,0 ,0 ,0 ,0 ,0 ,0 ,0 
인천,연수구,의료,남자,75-79세,6 ,0 ,0 ,1 ,3 ,0 ,0 ,2 ,0 ,0 
인천,연수구,의료,남자,80-84세,2 ,0 ,0 ,0 ,1 ,0 ,0 ,0 ,0 ,0 
인천,연수구,의료,남자,85세이상,5 ,0 ,0 ,4 ,1 ,0 ,0 ,0 ,0 ,0 
인천,연수구,의료,여자,65세미만,0 ,0 ,0 ,0 ,0 ,0 ,0 ,0 ,0 ,0 
인천,연수구,의료,여자,65-69세,4 ,0 ,0 ,0 ,1 ,0 ,1 ,0 ,0 ,1 
인천,연수구,의료,여자,70-74세,2 ,0 ,0 ,0 ,1 ,0 ,0 ,1 ,0 ,0 
인천,연수구,의료,여자,75-79세,4 ,1 ,0 ,0 ,1 ,0 ,0 ,1 ,0 ,0 
인천,연수구,의료,여자,80-84세,8 ,0 ,0 ,4 ,1 ,0 ,0 ,0 ,0 ,0 
인천,연수구,의료,여자,85세이상,23 ,0 ,3 ,9 ,9 ,1 ,0 ,0 ,0 ,0 
인천,연수구,감경,남자,65세미만,46 ,2 ,2 ,17 ,19 ,2 ,1 ,1 ,0 ,0 
인천,연수구,감경,남자,65-69세,54 ,3 ,5 ,18 ,20 ,4 ,1 ,0 ,0 ,0 
인천,연수구,감경,남자,70-74세,64 ,3 ,7 ,15 ,28 ,9 ,0 ,0 ,1 ,0 
인천,연수구,감경,남자,75-79세,96 ,3 ,9 ,28 ,39 ,13 ,1 ,0 ,0 ,1 
인천,연수구,감경,남자,80-84세,100 ,5 ,9 ,24 ,49 ,10 ,1 ,0 ,1 ,0 
인천,연수구,감경,남자,85세이상,127 ,3 ,13 ,40 ,59 ,10 ,0 ,1 ,1 ,0 
인천,연수구,감경,여자,65세미만,24 ,3 ,3 ,5 ,7 ,4 ,0 ,0 ,0 ,0 
인천,연수구,감경,여자,65-69세,48 ,2 ,6 ,14 ,15 ,6 ,0 ,5 ,0 ,0 
인천,연수구,감경,여자,70-74세,75 ,4 ,7 ,20 ,29 ,7 ,0 ,0 ,0 ,0 
인천,연수구,감경,여자,75-79세,166 ,9 ,10 ,41 ,74 ,23 ,2 ,1 ,0 ,0 
인천,연수구,감경,여자,80-84세,367 ,16 ,40 ,83 ,180 ,29 ,2 ,2 ,1 ,0 
인천,연수구,감경,여자,85세이상,721 ,39 ,85 ,239 ,312 ,28 ,2 ,2 ,2 ,0 
인천,남동구,일반,남자,65세미만,134 ,6 ,10 ,18 ,22 ,1 ,2 ,28 ,11 ,0 
인천,남동구,일반,남자,65-69세,223 ,10 ,12 ,44 ,52 ,4 ,1 ,30 ,15 ,2 
인천,남동구,일반,남자,70-74세,259 ,14 ,12 ,45 ,78 ,19 ,3 ,31 ,8 ,1 
인천,남동구,일반,남자,75-79세,387 ,14 ,24 ,68 ,117 ,29 ,10 ,35 ,12 ,7 
인천,남동구,일반,남자,80-84세,423 ,6 ,28 ,102 ,140 ,40 ,10 ,21 ,19 ,2 
인천,남동구,일반,남자,85세이상,411 ,13 ,43 ,83 ,165 ,29 ,7 ,16 ,10 ,2 
인천,남동구,일반,여자,65세미만,128 ,13 ,7 ,15 ,16 ,5 ,0 ,27 ,9 ,3 
인천,남동구,일반,여자,65-69세,247 ,8 ,12 ,25 ,52 ,9 ,2 ,45 ,15 ,8 
인천,남동구,일반,여자,70-74세,406 ,17 ,22 ,58 ,105 ,13 ,2 ,60 ,21 ,8 
인천,남동구,일반,여자,75-79세,741 ,18 ,43 ,105 ,219 ,44 ,12 ,82 ,45 ,3 
인천,남동구,일반,여자,80-84세,1234 ,35 ,77 ,248 ,482 ,77 ,19 ,88 ,32 ,5 
인천,남동구,일반,여자,85세이상,1294 ,60 ,139 ,396 ,452 ,65 ,3 ,41 ,12 ,2 
인천,남동구,기초,남자,65세미만,257 ,15 ,14 ,58 ,84 ,10 ,6 ,22 ,9 ,2 
인천,남동구,기초,남자,65-69세,299 ,10 ,16 ,50 ,106 ,14 ,7 ,35 ,21 ,4 
인천,남동구,기초,남자,70-74세,215 ,6 ,14 ,32 ,99 ,15 ,1 ,16 ,3 ,6 
인천,남동구,기초,남자,75-79세,208 ,3 ,8 ,52 ,79 ,13 ,1 ,14 ,13 ,3 
인천,남동구,기초,남자,80-84세,203 ,4 ,13 ,45 ,89 ,14 ,2 ,10 ,6 ,2 
인천,남동구,기초,남자,85세이상,155 ,4 ,13 ,32 ,76 ,11 ,1 ,6 ,0 ,0 
인천,남동구,기초,여자,65세미만,163 ,18 ,18 ,41 ,43 ,6 ,1 ,16 ,6 ,0 
인천,남동구,기초,여자,65-69세,260 ,6 ,14 ,44 ,107 ,19 ,0 ,32 ,15 ,1 
인천,남동구,기초,여자,70-74세,292 ,8 ,10 ,63 ,115 ,8 ,0 ,31 ,14 ,2 
인천,남동구,기초,여자,75-79세,446 ,17 ,28 ,95 ,186 ,32 ,7 ,37 ,10 ,2 
인천,남동구,기초,여자,80-84세,592 ,16 ,39 ,113 ,296 ,40 ,8 ,21 ,13 ,1 
인천,남동구,기초,여자,85세이상,693 ,35 ,64 ,216 ,296 ,28 ,4 ,17 ,7 ,3 
인천,남동구,의료,남자,65세미만,3 ,0 ,0 ,1 ,1 ,0 ,0 ,0 ,0 ,0 
인천,남동구,의료,남자,65-69세,4 ,0 ,1 ,1 ,0 ,2 ,0 ,0 ,0 ,0 
인천,남동구,의료,남자,70-74세,3 ,0 ,0 ,1 ,2 ,0 ,0 ,0 ,0 ,0 
인천,남동구,의료,남자,75-79세,15 ,0 ,2 ,1 ,9 ,2 ,0 ,1 ,0 ,0 
인천,남동구,의료,남자,80-84세,9 ,0 ,0 ,0 ,5 ,2 ,0 ,1 ,0 ,0 
인천,남동구,의료,남자,85세이상,12 ,0 ,2 ,6 ,3 ,1 ,0 ,0 ,0 ,0 
인천,남동구,의료,여자,65세미만,2 ,0 ,0 ,0 ,0 ,0 ,0 ,1 ,0 ,0 
인천,남동구,의료,여자,65-69세,8 ,1 ,0 ,1 ,2 ,0 ,0 ,1 ,2 ,0 
인천,남동구,의료,여자,70-74세,14 ,0 ,0 ,4 ,7 ,0 ,0 ,2 ,1 ,0 
인천,남동구,의료,여자,75-79세,8 ,1 ,0 ,2 ,5 ,0 ,0 ,0 ,0 ,0 
인천,남동구,의료,여자,80-84세,17 ,0 ,2 ,3 ,5 ,3 ,1 ,1 ,0 ,0 
인천,남동구,의료,여자,85세이상,83 ,6 ,7 ,27 ,30 ,5 ,0 ,2 ,1 ,0 
인천,남동구,감경,남자,65세미만,105 ,4 ,16 ,43 ,27 ,4 ,0 ,2 ,0 ,0 
인천,남동구,감경,남자,65-69세,181 ,10 ,19 ,37 ,87 ,15 ,4 ,3 ,0 ,1 
인천,남동구,감경,남자,70-74세,253 ,11 ,24 ,78 ,107 ,18 ,5 ,3 ,2 ,1 
인천,남동구,감경,남자,75-79세,253 ,10 ,25 ,59 ,122 ,25 ,6 ,0 ,2 ,0 
인천,남동구,감경,남자,80-84세,337 ,16 ,29 ,94 ,156 ,26 ,8 ,2 ,0 ,0 
인천,남동구,감경,남자,85세이상,329 ,11 ,30 ,89 ,171 ,18 ,3 ,3 ,0 ,0 
인천,남동구,감경,여자,65세미만,76 ,7 ,15 ,25 ,12 ,7 ,1 ,0 ,1 ,0 
인천,남동구,감경,여자,65-69세,164 ,9 ,16 ,37 ,73 ,8 ,4 ,3 ,2 ,0 
인천,남동구,감경,여자,70-74세,286 ,15 ,24 ,69 ,127 ,27 ,4 ,2 ,0 ,0 
인천,남동구,감경,여자,75-79세,536 ,26 ,50 ,145 ,245 ,40 ,7 ,5 ,2 ,1 
인천,남동구,감경,여자,80-84세,1029 ,48 ,90 ,305 ,486 ,71 ,8 ,8 ,1 ,0 
인천,남동구,감경,여자,85세이상,1660 ,101 ,239 ,607 ,624 ,64 ,4 ,2 ,0 ,1 
인천,부평구,일반,남자,65세미만,110 ,5 ,7 ,16 ,13 ,3 ,0 ,24 ,4 ,4 
인천,부평구,일반,남자,65-69세,198 ,8 ,13 ,32 ,49 ,5 ,2 ,32 ,13 ,4 
인천,부평구,일반,남자,70-74세,249 ,4 ,16 ,48 ,75 ,13 ,1 ,21 ,8 ,9 
인천,부평구,일반,남자,75-79세,329 ,12 ,25 ,63 ,101 ,22 ,2 ,33 ,12 ,5 
인천,부평구,일반,남자,80-84세,427 ,10 ,36 ,99 ,127 ,24 ,12 ,22 ,9 ,9 
인천,부평구,일반,남자,85세이상,414 ,12 ,24 ,98 ,164 ,19 ,5 ,22 ,14 ,5 
인천,부평구,일반,여자,65세미만,109 ,9 ,4 ,13 ,21 ,4 ,1 ,23 ,7 ,2 
인천,부평구,일반,여자,65-69세,222 ,6 ,13 ,34 ,25 ,4 ,2 ,38 ,19 ,14 
인천,부평구,일반,여자,70-74세,410 ,8 ,19 ,65 ,91 ,18 ,9 ,56 ,19 ,10 
인천,부평구,일반,여자,75-79세,765 ,20 ,33 ,111 ,222 ,47 ,12 ,104 ,34 ,17 
인천,부평구,일반,여자,80-84세,1133 ,31 ,79 ,214 ,429 ,81 ,14 ,60 ,39 ,14 
인천,부평구,일반,여자,85세이상,1370 ,46 ,151 ,414 ,498 ,68 ,9 ,50 ,20 ,8 
인천,부평구,기초,남자,65세미만,214 ,9 ,7 ,42 ,82 ,10 ,1 ,25 ,8 ,5 
인천,부평구,기초,남자,65-69세,244 ,2 ,10 ,35 ,88 ,17 ,3 ,29 ,16 ,13 
인천,부평구,기초,남자,70-74세,204 ,7 ,4 ,18 ,102 ,8 ,1 ,13 ,17 ,9 
인천,부평구,기초,남자,75-79세,173 ,3 ,14 ,26 ,84 ,14 ,2 ,8 ,5 ,3 
인천,부평구,기초,남자,80-84세,147 ,4 ,6 ,37 ,53 ,17 ,3 ,8 ,2 ,2 
인천,부평구,기초,남자,85세이상,109 ,1 ,8 ,16 ,57 ,8 ,1 ,2 ,2 ,2 
인천,부평구,기초,여자,65세미만,121 ,7 ,7 ,27 ,25 ,6 ,1 ,19 ,8 ,5 
인천,부평구,기초,여자,65-69세,231 ,4 ,6 ,37 ,98 ,7 ,2 ,25 ,13 ,7 
인천,부평구,기초,여자,70-74세,237 ,7 ,20 ,38 ,88 ,15 ,1 ,22 ,14 ,7 
인천,부평구,기초,여자,75-79세,335 ,15 ,20 ,63 ,150 ,14 ,2 ,22 ,12 ,8 
인천,부평구,기초,여자,80-84세,511 ,14 ,30 ,115 ,226 ,31 ,1 ,23 ,14 ,4 
인천,부평구,기초,여자,85세이상,613 ,39 ,80 ,176 ,262 ,26 ,3 ,10 ,3 ,3 
인천,부평구,의료,남자,65세미만,1 ,0 ,0 ,0 ,1 ,0 ,0 ,0 ,0 ,0 
인천,부평구,의료,남자,65-69세,2 ,0 ,0 ,0 ,1 ,0 ,0 ,1 ,0 ,0 
인천,부평구,의료,남자,70-74세,4 ,0 ,0 ,1 ,3 ,0 ,0 ,0 ,0 ,0 
인천,부평구,의료,남자,75-79세,7 ,0 ,0 ,2 ,4 ,0 ,0 ,0 ,0 ,0 
인천,부평구,의료,남자,80-84세,2 ,0 ,0 ,1 ,1 ,0 ,0 ,0 ,0 ,0 
인천,부평구,의료,남자,85세이상,8 ,0 ,2 ,3 ,1 ,0 ,0 ,0 ,0 ,0 
인천,부평구,의료,여자,65세미만,2 ,0 ,0 ,0 ,0 ,0 ,0 ,1 ,0 ,1 
인천,부평구,의료,여자,65-69세,5 ,0 ,0 ,1 ,3 ,0 ,0 ,0 ,0 ,1 
인천,부평구,의료,여자,70-74세,3 ,1 ,0 ,0 ,0 ,0 ,0 ,1 ,0 ,0 
인천,부평구,의료,여자,75-79세,6 ,1 ,0 ,1 ,3 ,0 ,0 ,0 ,0 ,0 
인천,부평구,의료,여자,80-84세,9 ,0 ,1 ,3 ,4 ,1 ,0 ,0 ,0 ,0 
인천,부평구,의료,여자,85세이상,48 ,4 ,5 ,13 ,21 ,0 ,0 ,3 ,0 ,0 
인천,부평구,감경,남자,65세미만,84 ,8 ,6 ,30 ,22 ,7 ,0 ,2 ,0 ,0 
인천,부평구,감경,남자,65-69세,156 ,8 ,15 ,47 ,60 ,8 ,0 ,2 ,2 ,0 
인천,부평구,감경,남자,70-74세,215 ,8 ,15 ,61 ,109 ,11 ,2 ,1 ,4 ,0 
인천,부평구,감경,남자,75-79세,230 ,9 ,18 ,81 ,92 ,11 ,4 ,4 ,1 ,1 
인천,부평구,감경,남자,80-84세,268 ,10 ,20 ,65 ,135 ,23 ,5 ,1 ,1 ,0 
인천,부평구,감경,남자,85세이상,292 ,7 ,27 ,82 ,152 ,16 ,5 ,1 ,0 ,0 
인천,부평구,감경,여자,65세미만,65 ,5 ,8 ,21 ,22 ,2 ,1 ,1 ,0 ,0 
인천,부평구,감경,여자,65-69세,127 ,7 ,16 ,34 ,49 ,6 ,4 ,6 ,0 ,0 
인천,부평구,감경,여자,70-74세,234 ,10 ,16 ,51 ,124 ,16 ,3 ,3 ,1 ,1 
인천,부평구,감경,여자,75-79세,432 ,17 ,30 ,118 ,202 ,38 ,9 ,6 ,1 ,0 
인천,부평구,감경,여자,80-84세,931 ,31 ,92 ,245 ,459 ,62 ,10 ,8 ,0 ,2 
인천,부평구,감경,여자,85세이상,1496 ,75 ,208 ,522 ,596 ,57 ,5 ,5 ,3 ,3 
인천,계양구,일반,남자,65세미만,73 ,7 ,2 ,14 ,10 ,2 ,2 ,9 ,4 ,5 
인천,계양구,일반,남자,65-69세,132 ,5 ,4 ,25 ,30 ,8 ,1 ,14 ,8 ,3 
인천,계양구,일반,남자,70-74세,151 ,7 ,15 ,46 ,24 ,7 ,3 ,12 ,7 ,4 
인천,계양구,일반,남자,75-79세,188 ,5 ,10 ,41 ,61 ,7 ,2 ,9 ,6 ,4 
인천,계양구,일반,남자,80-84세,211 ,7 ,14 ,50 ,51 ,20 ,4 ,11 ,8 ,3 
인천,계양구,일반,남자,85세이상,221 ,4 ,13 ,52 ,93 ,10 ,3 ,8 ,5 ,5 
인천,계양구,일반,여자,65세미만,78 ,2 ,7 ,21 ,9 ,1 ,0 ,13 ,3 ,5 
인천,계양구,일반,여자,65-69세,152 ,10 ,12 ,16 ,19 ,6 ,1 ,24 ,9 ,9 
인천,계양구,일반,여자,70-74세,198 ,8 ,12 ,27 ,43 ,7 ,4 ,29 ,16 ,3 
인천,계양구,일반,여자,75-79세,350 ,17 ,16 ,65 ,79 ,14 ,3 ,46 ,17 ,9 
인천,계양구,일반,여자,80-84세,660 ,35 ,48 ,163 ,199 ,47 ,11 ,40 ,15 ,9 
인천,계양구,일반,여자,85세이상,814 ,37 ,87 ,274 ,251 ,35 ,11 ,32 ,11 ,4 
인천,계양구,기초,남자,65세미만,155 ,5 ,12 ,50 ,44 ,5 ,3 ,11 ,2 ,6 
인천,계양구,기초,남자,65-69세,135 ,2 ,9 ,32 ,45 ,8 ,1 ,11 ,6 ,7 
인천,계양구,기초,남자,70-74세,90 ,6 ,4 ,20 ,29 ,9 ,1 ,6 ,3 ,2 
인천,계양구,기초,남자,75-79세,72 ,2 ,3 ,16 ,28 ,6 ,5 ,3 ,1 ,2 
인천,계양구,기초,남자,80-84세,85 ,4 ,6 ,19 ,40 ,4 ,0 ,2 ,1 ,4 
인천,계양구,기초,남자,85세이상,71 ,1 ,8 ,17 ,26 ,3 ,1 ,4 ,1 ,0 
인천,계양구,기초,여자,65세미만,71 ,9 ,8 ,13 ,18 ,7 ,0 ,1 ,3 ,1 
인천,계양구,기초,여자,65-69세,76 ,4 ,4 ,15 ,24 ,1 ,1 ,7 ,7 ,1 
인천,계양구,기초,여자,70-74세,100 ,4 ,6 ,21 ,38 ,6 ,1 ,11 ,2 ,3 
인천,계양구,기초,여자,75-79세,166 ,13 ,9 ,24 ,63 ,11 ,5 ,13 ,8 ,3 
인천,계양구,기초,여자,80-84세,264 ,19 ,27 ,59 ,108 ,16 ,4 ,7 ,5 ,2 
인천,계양구,기초,여자,85세이상,376 ,22 ,50 ,128 ,136 ,12 ,3 ,2 ,3 ,3 
인천,계양구,의료,남자,65세미만,2 ,0 ,0 ,0 ,0 ,1 ,0 ,0 ,1 ,0 
인천,계양구,의료,남자,65-69세,0 ,0 ,0 ,0 ,0 ,0 ,0 ,0 ,0 ,0 
인천,계양구,의료,남자,70-74세,1 ,1 ,0 ,0 ,0 ,0 ,0 ,0 ,0 ,0 
인천,계양구,의료,남자,75-79세,2 ,0 ,0 ,0 ,2 ,0 ,0 ,0 ,0 ,0 
인천,계양구,의료,남자,80-84세,1 ,0 ,0 ,0 ,0 ,0 ,0 ,0 ,0 ,0 
인천,계양구,의료,남자,85세이상,6 ,0 ,1 ,2 ,1 ,1 ,0 ,0 ,0 ,0 
인천,계양구,의료,여자,65세미만,1 ,0 ,0 ,0 ,1 ,0 ,0 ,0 ,0 ,0 
인천,계양구,의료,여자,65-69세,2 ,0 ,0 ,0 ,2 ,0 ,0 ,0 ,0 ,0 
인천,계양구,의료,여자,70-74세,3 ,0 ,2 ,0 ,0 ,1 ,0 ,0 ,0 ,0 
인천,계양구,의료,여자,75-79세,7 ,0 ,1 ,1 ,3 ,0 ,0 ,0 ,1 ,0 
인천,계양구,의료,여자,80-84세,6 ,0 ,0 ,3 ,3 ,0 ,0 ,0 ,0 ,0 
인천,계양구,의료,여자,85세이상,24 ,2 ,4 ,2 ,14 ,0 ,0 ,2 ,0 ,0 
인천,계양구,감경,남자,65세미만,76 ,5 ,10 ,22 ,18 ,5 ,0 ,4 ,1 ,1 
인천,계양구,감경,남자,65-69세,101 ,6 ,8 ,29 ,44 ,2 ,2 ,2 ,1 ,0 
인천,계양구,감경,남자,70-74세,110 ,7 ,12 ,39 ,41 ,7 ,2 ,1 ,0 ,0 
인천,계양구,감경,남자,75-79세,135 ,4 ,9 ,42 ,60 ,14 ,1 ,0 ,0 ,1 
인천,계양구,감경,남자,80-84세,198 ,8 ,12 ,67 ,83 ,20 ,4 ,0 ,1 ,0 
인천,계양구,감경,남자,85세이상,216 ,5 ,18 ,66 ,101 ,15 ,6 ,1 ,0 ,0 
인천,계양구,감경,여자,65세미만,57 ,7 ,7 ,21 ,10 ,5 ,3 ,0 ,1 ,1 
인천,계양구,감경,여자,65-69세,86 ,5 ,9 ,22 ,34 ,8 ,2 ,0 ,0 ,1 
인천,계양구,감경,여자,70-74세,151 ,3 ,16 ,42 ,64 ,10 ,4 ,3 ,2 ,0 
인천,계양구,감경,여자,75-79세,300 ,17 ,29 ,81 ,114 ,32 ,6 ,4 ,3 ,0 
인천,계양구,감경,여자,80-84세,628 ,28 ,52 ,195 ,269 ,54 ,11 ,3 ,1 ,0 
인천,계양구,감경,여자,85세이상,1052 ,68 ,143 ,394 ,375 ,41 ,11 ,1 ,1 ,1 
인천,서구,일반,남자,65세미만,111 ,6 ,4 ,18 ,24 ,2 ,3 ,13 ,6 ,5 
인천,서구,일반,남자,65-69세,158 ,6 ,7 ,27 ,44 ,8 ,2 ,20 ,2 ,1 
인천,서구,일반,남자,70-74세,261 ,7 ,6 ,72 ,82 ,12 ,3 ,18 ,13 ,4 
인천,서구,일반,남자,75-79세,335 ,10 ,24 ,68 ,107 ,23 ,2 ,22 ,9 ,5 
인천,서구,일반,남자,80-84세,407 ,15 ,32 ,93 ,125 ,38 ,3 ,28 ,5 ,5 
인천,서구,일반,남자,85세이상,375 ,5 ,23 ,94 ,157 ,35 ,5 ,9 ,7 ,4 
인천,서구,일반,여자,65세미만,86 ,9 ,4 ,17 ,14 ,5 ,1 ,10 ,6 ,3 
인천,서구,일반,여자,65-69세,233 ,8 ,3 ,38 ,40 ,18 ,2 ,34 ,8 ,5 
인천,서구,일반,여자,70-74세,386 ,15 ,16 ,49 ,100 ,26 ,7 ,49 ,15 ,7 
인천,서구,일반,여자,75-79세,660 ,23 ,35 ,109 ,213 ,45 ,16 ,41 ,21 ,10 
인천,서구,일반,여자,80-84세,1012 ,44 ,81 ,217 ,356 ,72 ,12 ,67 ,22 ,8 
인천,서구,일반,여자,85세이상,1237 ,66 ,133 ,366 ,461 ,81 ,4 ,26 ,14 ,3 
인천,서구,기초,남자,65세미만,241 ,12 ,18 ,49 ,99 ,14 ,2 ,9 ,5 ,6 
인천,서구,기초,남자,65-69세,216 ,10 ,8 ,48 ,77 ,7 ,7 ,17 ,10 ,4 
인천,서구,기초,남자,70-74세,156 ,2 ,7 ,33 ,80 ,5 ,5 ,4 ,5 ,5 
인천,서구,기초,남자,75-79세,123 ,3 ,8 ,27 ,53 ,9 ,0 ,7 ,0 ,4 
인천,서구,기초,남자,80-84세,113 ,6 ,5 ,20 ,55 ,9 ,0 ,4 ,4 ,2 
인천,서구,기초,남자,85세이상,93 ,1 ,8 ,23 ,46 ,8 ,0 ,1 ,2 ,0 
인천,서구,기초,여자,65세미만,120 ,11 ,15 ,37 ,28 ,7 ,3 ,4 ,0 ,2 
인천,서구,기초,여자,65-69세,147 ,3 ,10 ,30 ,52 ,13 ,1 ,13 ,9 ,4 
인천,서구,기초,여자,70-74세,187 ,3 ,10 ,45 ,77 ,16 ,1 ,8 ,4 ,3 
인천,서구,기초,여자,75-79세,269 ,12 ,14 ,58 ,103 ,26 ,3 ,13 ,7 ,6 
인천,서구,기초,여자,80-84세,391 ,17 ,20 ,113 ,171 ,30 ,2 ,10 ,7 ,2 
인천,서구,기초,여자,85세이상,584 ,23 ,77 ,198 ,224 ,31 ,4 ,11 ,0 ,0 
인천,서구,의료,남자,65세미만,1 ,0 ,0 ,0 ,0 ,0 ,0 ,0 ,0 ,0 
인천,서구,의료,남자,65-69세,1 ,0 ,0 ,1 ,0 ,0 ,0 ,0 ,0 ,0 
인천,서구,의료,남자,70-74세,5 ,0 ,0 ,1 ,1 ,0 ,0 ,1 ,0 ,0 
인천,서구,의료,남자,75-79세,4 ,1 ,0 ,1 ,2 ,0 ,0 ,0 ,0 ,0 
인천,서구,의료,남자,80-84세,1 ,0 ,0 ,0 ,1 ,0 ,0 ,0 ,0 ,0 
인천,서구,의료,남자,85세이상,6 ,1 ,1 ,1 ,3 ,0 ,0 ,0 ,0 ,0 
인천,서구,의료,여자,65세미만,0 ,0 ,0 ,0 ,0 ,0 ,0 ,0 ,0 ,0 
인천,서구,의료,여자,65-69세,1 ,0 ,0 ,1 ,0 ,0 ,0 ,0 ,0 ,0 
인천,서구,의료,여자,70-74세,7 ,0 ,1 ,1 ,2 ,0 ,0 ,3 ,0 ,0 
인천,서구,의료,여자,75-79세,5 ,0 ,0 ,1 ,2 ,0 ,0 ,0 ,0 ,0 
인천,서구,의료,여자,80-84세,18 ,0 ,0 ,4 ,6 ,5 ,0 ,2 ,1 ,0 
인천,서구,의료,여자,85세이상,50 ,5 ,4 ,17 ,17 ,2 ,0 ,0 ,0 ,0 
인천,서구,감경,남자,65세미만,91 ,11 ,7 ,33 ,28 ,4 ,0 ,2 ,0 ,0 
인천,서구,감경,남자,65-69세,150 ,14 ,12 ,36 ,68 ,13 ,1 ,1 ,0 ,1 
인천,서구,감경,남자,70-74세,181 ,4 ,11 ,54 ,80 ,22 ,1 ,2 ,0 ,1 
인천,서구,감경,남자,75-79세,242 ,10 ,21 ,51 ,128 ,17 ,4 ,3 ,0 ,0 
인천,서구,감경,남자,80-84세,282 ,5 ,19 ,83 ,132 ,25 ,6 ,2 ,0 ,1 
인천,서구,감경,남자,85세이상,290 ,8 ,23 ,96 ,140 ,16 ,1 ,2 ,0 ,0 
인천,서구,감경,여자,65세미만,74 ,15 ,9 ,22 ,18 ,5 ,0 ,1 ,0 ,0 
인천,서구,감경,여자,65-69세,134 ,11 ,12 ,35 ,52 ,6 ,0 ,3 ,0 ,0 
인천,서구,감경,여자,70-74세,235 ,15 ,22 ,72 ,92 ,20 ,1 ,1 ,2 ,0 
인천,서구,감경,여자,75-79세,499 ,38 ,44 ,121 ,208 ,45 ,10 ,8 ,3 ,0 
인천,서구,감경,여자,80-84세,924 ,38 ,101 ,275 ,401 ,74 ,10 ,3 ,1 ,0 
인천,서구,감경,여자,85세이상,1441 ,71 ,174 ,533 ,567 ,75 ,7 ,2 ,1 ,0 
인천,강화군,일반,남자,65세미만,15 ,0 ,0 ,4 ,5 ,1 ,0 ,1 ,1 ,0 
인천,강화군,일반,남자,65-69세,65 ,1 ,2 ,10 ,13 ,2 ,0 ,8 ,5 ,2 
인천,강화군,일반,남자,70-74세,75 ,1 ,2 ,14 ,20 ,2 ,2 ,11 ,4 ,3 
인천,강화군,일반,남자,75-79세,115 ,3 ,3 ,22 ,41 ,8 ,0 ,5 ,6 ,2 
인천,강화군,일반,남자,80-84세,193 ,0 ,8 ,34 ,52 ,27 ,7 ,11 ,11 ,6 
인천,강화군,일반,남자,85세이상,229 ,6 ,8 ,39 ,104 ,19 ,1 ,11 ,9 ,2 
인천,강화군,일반,여자,65세미만,15 ,2 ,2 ,4 ,1 ,0 ,0 ,3 ,1 ,0 
인천,강화군,일반,여자,65-69세,52 ,2 ,0 ,6 ,17 ,1 ,2 ,6 ,7 ,6 
인천,강화군,일반,여자,70-74세,118 ,3 ,3 ,19 ,34 ,5 ,1 ,10 ,9 ,4 
인천,강화군,일반,여자,75-79세,204 ,4 ,10 ,25 ,65 ,14 ,3 ,22 ,8 ,2 
인천,강화군,일반,여자,80-84세,369 ,10 ,11 ,62 ,159 ,30 ,9 ,18 ,10 ,3 
인천,강화군,일반,여자,85세이상,590 ,6 ,40 ,130 ,268 ,51 ,6 ,18 ,10 ,1 
인천,강화군,기초,남자,65세미만,31 ,4 ,4 ,7 ,8 ,0 ,0 ,1 ,1 ,0 
인천,강화군,기초,남자,65-69세,46 ,0 ,2 ,10 ,15 ,1 ,0 ,4 ,8 ,0 
인천,강화군,기초,남자,70-74세,38 ,1 ,4 ,5 ,12 ,2 ,0 ,5 ,7 ,0 
인천,강화군,기초,남자,75-79세,34 ,0 ,5 ,7 ,10 ,0 ,3 ,2 ,1 ,3 
인천,강화군,기초,남자,80-84세,37 ,1 ,0 ,6 ,19 ,2 ,2 ,3 ,2 ,0 
인천,강화군,기초,남자,85세이상,25 ,0 ,1 ,5 ,14 ,2 ,0 ,1 ,0 ,0 
인천,강화군,기초,여자,65세미만,21 ,0 ,2 ,4 ,8 ,1 ,0 ,1 ,1 ,1 
인천,강화군,기초,여자,65-69세,37 ,0 ,3 ,6 ,10 ,3 ,0 ,4 ,4 ,3 
인천,강화군,기초,여자,70-74세,42 ,1 ,0 ,9 ,10 ,2 ,0 ,5 ,4 ,2 
인천,강화군,기초,여자,75-79세,77 ,3 ,6 ,11 ,32 ,6 ,0 ,9 ,1 ,2 
인천,강화군,기초,여자,80-84세,80 ,2 ,9 ,21 ,30 ,5 ,0 ,5 ,0 ,0 
인천,강화군,기초,여자,85세이상,155 ,2 ,15 ,42 ,80 ,8 ,0 ,1 ,1 ,0 
인천,강화군,의료,남자,70-74세,0 ,0 ,0 ,0 ,0 ,0 ,0 ,0 ,0 ,0 
인천,강화군,의료,남자,85세이상,4 ,0 ,0 ,0 ,3 ,0 ,0 ,0 ,0 ,0 
인천,강화군,의료,여자,70-74세,0 ,0 ,0 ,0 ,0 ,0 ,0 ,0 ,0 ,0 
인천,강화군,의료,여자,75-79세,0 ,0 ,0 ,0 ,0 ,0 ,0 ,0 ,0 ,0 
인천,강화군,의료,여자,80-84세,3 ,0 ,0 ,1 ,1 ,0 ,0 ,0 ,0 ,0 
인천,강화군,의료,여자,85세이상,10 ,1 ,1 ,1 ,5 ,0 ,0 ,0 ,0 ,0 
인천,강화군,감경,남자,65세미만,8 ,2 ,2 ,3 ,0 ,0 ,0 ,0 ,0 ,0 
인천,강화군,감경,남자,65-69세,17 ,2 ,2 ,3 ,6 ,2 ,1 ,0 ,0 ,0 
인천,강화군,감경,남자,70-74세,41 ,3 ,4 ,8 ,22 ,0 ,0 ,0 ,0 ,0 
인천,강화군,감경,남자,75-79세,47 ,0 ,5 ,5 ,27 ,7 ,1 ,0 ,0 ,0 
인천,강화군,감경,남자,80-84세,62 ,2 ,7 ,14 ,29 ,5 ,0 ,1 ,0 ,0 
인천,강화군,감경,남자,85세이상,104 ,2 ,4 ,30 ,58 ,6 ,1 ,2 ,0 ,0 
인천,강화군,감경,여자,65세미만,8 ,1 ,1 ,2 ,3 ,0 ,0 ,0 ,0 ,0 
인천,강화군,감경,여자,65-69세,17 ,0 ,1 ,3 ,9 ,0 ,0 ,2 ,1 ,0 
인천,강화군,감경,여자,70-74세,33 ,2 ,2 ,9 ,13 ,3 ,1 ,0 ,0 ,0 
인천,강화군,감경,여자,75-79세,99 ,3 ,4 ,22 ,48 ,15 ,1 ,0 ,0 ,0 
인천,강화군,감경,여자,80-84세,225 ,4 ,16 ,57 ,119 ,17 ,5 ,1 ,0 ,0 
인천,강화군,감경,여자,85세이상,452 ,12 ,33 ,157 ,216 ,22 ,3 ,0 ,0 ,0 
인천,옹진군,일반,남자,65세미만,8 ,1 ,0 ,2 ,1 ,0 ,0 ,1 ,1 ,0 
인천,옹진군,일반,남자,65-69세,4 ,0 ,0 ,0 ,1 ,0 ,0 ,2 ,0 ,1 
인천,옹진군,일반,남자,70-74세,7 ,0 ,0 ,1 ,2 ,0 ,0 ,0 ,1 ,2 
인천,옹진군,일반,남자,75-79세,14 ,0 ,2 ,2 ,3 ,1 ,0 ,1 ,2 ,0 
인천,옹진군,일반,남자,80-84세,9 ,0 ,0 ,3 ,3 ,1 ,0 ,1 ,1 ,0 
인천,옹진군,일반,남자,85세이상,25 ,1 ,2 ,5 ,13 ,0 ,0 ,0 ,0 ,0 
인천,옹진군,일반,여자,65세미만,2 ,0 ,0 ,0 ,1 ,0 ,0 ,1 ,0 ,0 
인천,옹진군,일반,여자,65-69세,10 ,0 ,0 ,1 ,1 ,0 ,0 ,2 ,2 ,3 
인천,옹진군,일반,여자,70-74세,26 ,0 ,1 ,3 ,3 ,0 ,0 ,3 ,1 ,11 
인천,옹진군,일반,여자,75-79세,25 ,0 ,1 ,1 ,7 ,0 ,0 ,6 ,2 ,6 
인천,옹진군,일반,여자,80-84세,34 ,2 ,1 ,7 ,8 ,1 ,0 ,4 ,3 ,4 
인천,옹진군,일반,여자,85세이상,67 ,1 ,5 ,23 ,23 ,1 ,1 ,6 ,1 ,0 
인천,옹진군,기초,남자,65세미만,5 ,1 ,0 ,1 ,1 ,0 ,0 ,0 ,2 ,0 
인천,옹진군,기초,남자,65-69세,7 ,0 ,0 ,1 ,2 ,3 ,0 ,0 ,1 ,0 
인천,옹진군,기초,남자,70-74세,6 ,0 ,0 ,0 ,5 ,0 ,0 ,0 ,0 ,0 
인천,옹진군,기초,남자,75-79세,3 ,0 ,0 ,1 ,2 ,0 ,0 ,0 ,0 ,0 
인천,옹진군,기초,남자,80-84세,5 ,0 ,0 ,1 ,1 ,0 ,0 ,2 ,0 ,0 
인천,옹진군,기초,남자,85세이상,4 ,0 ,0 ,1 ,1 ,2 ,0 ,0 ,0 ,0 
인천,옹진군,기초,여자,65세미만,5 ,0 ,0 ,2 ,2 ,0 ,0 ,1 ,0 ,0 
인천,옹진군,기초,여자,65-69세,1 ,0 ,0 ,0 ,0 ,0 ,0 ,0 ,0 ,0 
인천,옹진군,기초,여자,70-74세,7 ,0 ,0 ,1 ,2 ,0 ,0 ,2 ,0 ,1 
인천,옹진군,기초,여자,75-79세,6 ,0 ,0 ,1 ,4 ,0 ,0 ,0 ,0 ,0 
인천,옹진군,기초,여자,80-84세,16 ,0 ,1 ,4 ,7 ,0 ,0 ,1 ,2 ,0 
인천,옹진군,기초,여자,85세이상,16 ,0 ,2 ,2 ,5 ,4 ,0 ,1 ,0 ,0 
인천,옹진군,의료,여자,65-69세,1 ,0 ,0 ,0 ,0 ,0 ,0 ,0 ,0 ,0 
인천,옹진군,의료,여자,80-84세,0 ,0 ,0 ,0 ,0 ,0 ,0 ,0 ,0 ,0 
인천,옹진군,의료,여자,85세이상,3 ,0 ,0 ,1 ,2 ,0 ,0 ,0 ,0 ,0 
인천,옹진군,감경,남자,65세미만,4 ,0 ,0 ,2 ,2 ,0 ,0 ,0 ,0 ,0 
인천,옹진군,감경,남자,65-69세,2 ,0 ,0 ,1 ,1 ,0 ,0 ,0 ,0 ,0 
인천,옹진군,감경,남자,70-74세,6 ,0 ,0 ,2 ,3 ,0 ,0 ,0 ,0 ,0 
인천,옹진군,감경,남자,75-79세,11 ,0 ,2 ,1 ,7 ,1 ,0 ,0 ,0 ,0 
인천,옹진군,감경,남자,80-84세,15 ,0 ,1 ,3 ,10 ,0 ,1 ,0 ,0 ,0 
인천,옹진군,감경,남자,85세이상,18 ,0 ,1 ,9 ,7 ,0 ,0 ,0 ,0 ,0 
인천,옹진군,감경,여자,65세미만,5 ,0 ,0 ,2 ,3 ,0 ,0 ,0 ,0 ,0 
인천,옹진군,감경,여자,65-69세,3 ,0 ,0 ,2 ,1 ,0 ,0 ,0 ,0 ,0 
인천,옹진군,감경,여자,70-74세,8 ,1 ,2 ,2 ,2 ,0 ,0 ,0 ,0 ,0 
인천,옹진군,감경,여자,75-79세,9 ,1 ,0 ,3 ,3 ,1 ,0 ,0 ,0 ,0 
인천,옹진군,감경,여자,80-84세,24 ,0 ,0 ,5 ,15 ,3 ,0 ,0 ,0 ,0 
인천,옹진군,감경,여자,85세이상,64 ,2 ,5 ,22 ,28 ,6 ,0 ,0 ,0 ,0 
광주,동구,일반,남자,65세미만,18 ,2 ,0 ,3 ,1 ,0 ,0 ,4 ,1 ,0 
광주,동구,일반,남자,65-69세,62 ,1 ,1 ,9 ,11 ,3 ,1 ,8 ,10 ,5 
광주,동구,일반,남자,70-74세,105 ,2 ,7 ,17 ,25 ,9 ,1 ,12 ,8 ,3 
광주,동구,일반,남자,75-79세,178 ,4 ,7 ,26 ,59 ,7 ,3 ,13 ,16 ,3 
광주,동구,일반,남자,80-84세,212 ,4 ,9 ,28 ,73 ,28 ,3 ,21 ,14 ,2 
광주,동구,일반,남자,85세이상,209 ,0 ,11 ,44 ,87 ,20 ,3 ,12 ,8 ,1 
광주,동구,일반,여자,65세미만,20 ,0 ,1 ,2 ,5 ,0 ,0 ,6 ,1 ,2 
광주,동구,일반,여자,65-69세,82 ,0 ,1 ,9 ,10 ,2 ,1 ,13 ,13 ,4 
광주,동구,일반,여자,70-74세,161 ,4 ,2 ,23 ,28 ,3 ,3 ,31 ,20 ,3 
광주,동구,일반,여자,75-79세,316 ,6 ,13 ,37 ,89 ,27 ,7 ,36 ,19 ,8 
광주,동구,일반,여자,80-84세,504 ,8 ,14 ,68 ,191 ,51 ,8 ,48 ,24 ,4 
광주,동구,일반,여자,85세이상,483 ,20 ,29 ,116 ,188 ,32 ,2 ,22 ,12 ,4 
광주,동구,기초,남자,65세미만,35 ,0 ,1 ,5 ,9 ,3 ,1 ,4 ,3 ,2 
광주,동구,기초,남자,65-69세,62 ,1 ,0 ,6 ,17 ,4 ,3 ,11 ,3 ,7 
광주,동구,기초,남자,70-74세,41 ,1 ,3 ,2 ,12 ,4 ,2 ,6 ,3 ,1 
광주,동구,기초,남자,75-79세,27 ,0 ,0 ,4 ,6 ,3 ,0 ,2 ,4 ,2 
광주,동구,기초,남자,80-84세,28 ,0 ,2 ,2 ,11 ,4 ,1 ,1 ,2 ,1 
광주,동구,기초,남자,85세이상,15 ,0 ,0 ,2 ,6 ,0 ,0 ,2 ,1 ,1 
광주,동구,기초,여자,65세미만,9 ,1 ,1 ,1 ,2 ,1 ,1 ,1 ,0 ,0 
광주,동구,기초,여자,65-69세,36 ,1 ,2 ,5 ,5 ,3 ,1 ,3 ,6 ,2 
광주,동구,기초,여자,70-74세,71 ,1 ,2 ,2 ,26 ,3 ,2 ,5 ,6 ,10 
광주,동구,기초,여자,75-79세,62 ,1 ,1 ,11 ,19 ,7 ,2 ,4 ,8 ,2 
광주,동구,기초,여자,80-84세,82 ,0 ,3 ,18 ,33 ,9 ,0 ,4 ,4 ,1 
광주,동구,기초,여자,85세이상,80 ,5 ,1 ,27 ,30 ,5 ,1 ,1 ,0 ,0 
광주,동구,의료,남자,65세미만,1 ,0 ,0 ,0 ,1 ,0 ,0 ,0 ,0 ,0 
광주,동구,의료,남자,65-69세,3 ,0 ,0 ,1 ,1 ,0 ,0 ,1 ,0 ,0 
광주,동구,의료,남자,70-74세,2 ,0 ,0 ,1 ,1 ,0 ,0 ,0 ,0 ,0 
광주,동구,의료,남자,75-79세,2 ,0 ,0 ,0 ,0 ,1 ,0 ,0 ,0 ,0 
광주,동구,의료,남자,80-84세,6 ,1 ,0 ,1 ,3 ,1 ,0 ,0 ,0 ,0 
광주,동구,의료,남자,85세이상,6 ,1 ,0 ,3 ,1 ,1 ,0 ,0 ,0 ,0 
광주,동구,의료,여자,65-69세,2 ,0 ,0 ,0 ,1 ,0 ,0 ,1 ,0 ,0 
광주,동구,의료,여자,70-74세,6 ,0 ,0 ,1 ,3 ,1 ,0 ,0 ,0 ,0 
광주,동구,의료,여자,75-79세,7 ,0 ,0 ,0 ,2 ,0 ,0 ,0 ,1 ,0 
광주,동구,의료,여자,80-84세,12 ,1 ,0 ,3 ,3 ,1 ,1 ,0 ,0 ,0 
광주,동구,의료,여자,85세이상,34 ,1 ,0 ,9 ,16 ,3 ,0 ,2 ,0 ,0 
광주,동구,감경,남자,65세미만,14 ,2 ,1 ,4 ,2 ,1 ,0 ,1 ,0 ,0 
광주,동구,감경,남자,65-69세,32 ,1 ,2 ,12 ,10 ,0 ,0 ,0 ,0 ,2 
광주,동구,감경,남자,70-74세,49 ,2 ,4 ,14 ,19 ,8 ,1 ,1 ,0 ,0 
광주,동구,감경,남자,75-79세,52 ,0 ,5 ,12 ,26 ,4 ,0 ,1 ,0 ,0 
광주,동구,감경,남자,80-84세,72 ,3 ,5 ,20 ,33 ,5 ,4 ,0 ,1 ,0 
광주,동구,감경,남자,85세이상,84 ,3 ,6 ,23 ,41 ,8 ,2 ,0 ,1 ,0 
광주,동구,감경,여자,65세미만,8 ,2 ,0 ,0 ,3 ,2 ,0 ,0 ,0 ,1 
광주,동구,감경,여자,65-69세,44 ,3 ,3 ,10 ,16 ,7 ,0 ,0 ,0 ,0 
광주,동구,감경,여자,70-74세,66 ,6 ,3 ,20 ,22 ,7 ,1 ,0 ,0 ,0 
광주,동구,감경,여자,75-79세,137 ,4 ,9 ,24 ,69 ,14 ,5 ,2 ,1 ,0 
광주,동구,감경,여자,80-84세,247 ,10 ,24 ,63 ,100 ,28 ,3 ,1 ,1 ,0 
광주,동구,감경,여자,85세이상,401 ,23 ,47 ,108 ,166 ,25 ,3 ,0 ,1 ,0 
광주,서구,일반,남자,65세미만,44 ,0 ,2 ,5 ,7 ,1 ,0 ,10 ,5 ,5 
광주,서구,일반,남자,65-69세,113 ,4 ,7 ,13 ,30 ,1 ,3 ,20 ,12 ,7 
광주,서구,일반,남자,70-74세,202 ,5 ,6 ,40 ,59 ,7 ,1 ,23 ,17 ,6 
광주,서구,일반,남자,75-79세,276 ,10 ,13 ,59 ,81 ,20 ,4 ,24 ,20 ,3 
광주,서구,일반,남자,80-84세,350 ,11 ,14 ,72 ,126 ,34 ,7 ,20 ,23 ,6 
광주,서구,일반,남자,85세이상,361 ,11 ,21 ,71 ,144 ,30 ,6 ,25 ,13 ,1 
광주,서구,일반,여자,65세미만,49 ,2 ,4 ,9 ,6 ,1 ,1 ,6 ,1 ,6 
광주,서구,일반,여자,65-69세,172 ,6 ,3 ,19 ,24 ,5 ,2 ,30 ,23 ,4 
광주,서구,일반,여자,70-74세,304 ,8 ,6 ,34 ,73 ,14 ,1 ,47 ,32 ,10 
광주,서구,일반,여자,75-79세,542 ,6 ,11 ,84 ,142 ,41 ,8 ,67 ,47 ,13 
광주,서구,일반,여자,80-84세,840 ,17 ,40 ,182 ,304 ,63 ,15 ,61 ,49 ,7 
광주,서구,일반,여자,85세이상,830 ,32 ,71 ,209 ,336 ,47 ,2 ,21 ,20 ,1 
광주,서구,기초,남자,65세미만,104 ,2 ,6 ,11 ,21 ,11 ,2 ,14 ,14 ,13 
광주,서구,기초,남자,65-69세,130 ,1 ,1 ,13 ,33 ,7 ,2 ,22 ,18 ,17 
광주,서구,기초,남자,70-74세,102 ,2 ,2 ,14 ,37 ,11 ,3 ,8 ,10 ,8 
광주,서구,기초,남자,75-79세,86 ,1 ,1 ,17 ,32 ,7 ,1 ,6 ,12 ,2 
광주,서구,기초,남자,80-84세,63 ,0 ,2 ,14 ,17 ,10 ,1 ,3 ,5 ,2 
광주,서구,기초,남자,85세이상,37 ,0 ,1 ,5 ,22 ,1 ,0 ,2 ,2 ,1 
광주,서구,기초,여자,65세미만,49 ,3 ,3 ,6 ,12 ,4 ,1 ,11 ,5 ,0 
광주,서구,기초,여자,65-69세,110 ,2 ,5 ,12 ,27 ,10 ,1 ,19 ,19 ,4 
광주,서구,기초,여자,70-74세,144 ,2 ,5 ,21 ,42 ,9 ,0 ,17 ,16 ,14 
광주,서구,기초,여자,75-79세,198 ,3 ,5 ,31 ,73 ,21 ,5 ,17 ,21 ,1 
광주,서구,기초,여자,80-84세,213 ,6 ,15 ,41 ,84 ,26 ,0 ,12 ,11 ,1 
광주,서구,기초,여자,85세이상,263 ,11 ,25 ,69 ,118 ,16 ,0 ,7 ,3 ,0 
광주,서구,의료,남자,65세미만,2 ,0 ,0 ,0 ,0 ,0 ,0 ,1 ,0 ,0 
광주,서구,의료,남자,65-69세,0 ,0 ,0 ,0 ,0 ,0 ,0 ,0 ,0 ,0 
광주,서구,의료,남자,70-74세,5 ,0 ,1 ,0 ,0 ,1 ,1 ,2 ,0 ,0 
광주,서구,의료,남자,75-79세,10 ,0 ,1 ,1 ,7 ,0 ,0 ,0 ,0 ,0 
광주,서구,의료,남자,80-84세,5 ,0 ,0 ,2 ,2 ,1 ,0 ,0 ,0 ,0 
광주,서구,의료,남자,85세이상,11 ,0 ,0 ,2 ,8 ,1 ,0 ,0 ,0 ,0 
광주,서구,의료,여자,65-69세,0 ,0 ,0 ,0 ,0 ,0 ,0 ,0 ,0 ,0 
광주,서구,의료,여자,70-74세,11 ,0 ,0 ,2 ,5 ,2 ,0 ,1 ,0 ,0 
광주,서구,의료,여자,75-79세,12 ,0 ,1 ,0 ,4 ,3 ,0 ,0 ,1 ,0 
광주,서구,의료,여자,80-84세,14 ,0 ,0 ,5 ,5 ,1 ,0 ,1 ,2 ,0 
광주,서구,의료,여자,85세이상,44 ,3 ,2 ,16 ,16 ,2 ,1 ,2 ,0 ,0 
광주,서구,감경,남자,65세미만,44 ,1 ,4 ,17 ,13 ,2 ,1 ,2 ,0 ,0 
광주,서구,감경,남자,65-69세,59 ,2 ,5 ,16 ,18 ,7 ,0 ,4 ,2 ,0 
광주,서구,감경,남자,70-74세,88 ,3 ,8 ,24 ,29 ,12 ,2 ,2 ,2 ,1 
광주,서구,감경,남자,75-79세,106 ,9 ,10 ,21 ,42 ,16 ,4 ,2 ,0 ,0 
광주,서구,감경,남자,80-84세,131 ,7 ,6 ,31 ,64 ,11 ,2 ,4 ,2 ,0 
광주,서구,감경,남자,85세이상,139 ,1 ,14 ,40 ,68 ,13 ,0 ,0 ,1 ,0 
광주,서구,감경,여자,65세미만,21 ,1 ,4 ,5 ,5 ,4 ,0 ,0 ,0 ,0 
광주,서구,감경,여자,65-69세,55 ,7 ,5 ,14 ,18 ,5 ,0 ,1 ,3 ,0 
광주,서구,감경,여자,70-74세,118 ,6 ,6 ,27 ,50 ,13 ,4 ,1 ,2 ,1 
광주,서구,감경,여자,75-79세,276 ,11 ,17 ,58 ,135 ,30 ,4 ,6 ,0 ,0 
광주,서구,감경,여자,80-84세,486 ,18 ,56 ,139 ,188 ,47 ,7 ,2 ,3 ,2 
광주,서구,감경,여자,85세이상,733 ,47 ,91 ,237 ,285 ,36 ,5 ,3 ,1 ,0 
광주,남구,일반,남자,65세미만,51 ,1 ,2 ,6 ,6 ,1 ,0 ,7 ,8 ,2 
광주,남구,일반,남자,65-69세,119 ,6 ,4 ,19 ,25 ,4 ,0 ,21 ,9 ,4 
광주,남구,일반,남자,70-74세,174 ,2 ,5 ,33 ,42 ,10 ,0 ,23 ,12 ,0 
광주,남구,일반,남자,75-79세,264 ,9 ,9 ,41 ,87 ,18 ,3 ,26 ,13 ,4 
광주,남구,일반,남자,80-84세,323 ,5 ,11 ,64 ,104 ,25 ,8 ,24 ,18 ,4 
광주,남구,일반,남자,85세이상,313 ,5 ,13 ,69 ,115 ,28 ,9 ,16 ,14 ,1 
광주,남구,일반,여자,65세미만,37 ,3 ,1 ,4 ,7 ,1 ,0 ,9 ,1 ,2 
광주,남구,일반,여자,65-69세,161 ,3 ,5 ,12 ,28 ,6 ,4 ,32 ,26 ,5 
광주,남구,일반,여자,70-74세,309 ,8 ,9 ,38 ,71 ,10 ,3 ,55 ,27 ,12 
광주,남구,일반,여자,75-79세,482 ,8 ,12 ,54 ,133 ,27 ,15 ,71 ,34 ,10 
광주,남구,일반,여자,80-84세,701 ,13 ,34 ,122 ,248 ,56 ,16 ,58 ,29 ,8 
광주,남구,일반,여자,85세이상,818 ,36 ,49 ,165 ,322 ,65 ,7 ,41 ,14 ,4 
광주,남구,기초,남자,65세미만,62 ,6 ,3 ,7 ,16 ,3 ,0 ,13 ,1 ,2 
광주,남구,기초,남자,65-69세,86 ,3 ,3 ,11 ,23 ,8 ,2 ,5 ,11 ,5 
광주,남구,기초,남자,70-74세,61 ,2 ,1 ,4 ,28 ,3 ,0 ,4 ,8 ,1 
광주,남구,기초,남자,75-79세,45 ,2 ,2 ,6 ,13 ,7 ,2 ,5 ,4 ,0 
광주,남구,기초,남자,80-84세,43 ,0 ,1 ,7 ,21 ,7 ,1 ,3 ,1 ,1 
광주,남구,기초,남자,85세이상,24 ,0 ,0 ,3 ,11 ,1 ,3 ,1 ,1 ,0 
광주,남구,기초,여자,65세미만,47 ,3 ,3 ,6 ,15 ,3 ,0 ,6 ,1 ,2 
광주,남구,기초,여자,65-69세,76 ,2 ,4 ,8 ,24 ,4 ,0 ,12 ,7 ,5 
광주,남구,기초,여자,70-74세,89 ,1 ,4 ,10 ,28 ,2 ,2 ,11 ,11 ,4 
광주,남구,기초,여자,75-79세,126 ,4 ,3 ,12 ,43 ,12 ,2 ,20 ,12 ,3 
광주,남구,기초,여자,80-84세,149 ,5 ,6 ,27 ,63 ,16 ,4 ,5 ,6 ,1 
광주,남구,기초,여자,85세이상,184 ,15 ,12 ,41 ,75 ,13 ,1 ,6 ,3 ,1 
광주,남구,의료,남자,65세미만,2 ,0 ,0 ,1 ,1 ,0 ,0 ,0 ,0 ,0 
광주,남구,의료,남자,65-69세,1 ,0 ,0 ,0 ,0 ,0 ,0 ,0 ,0 ,0 
광주,남구,의료,남자,70-74세,3 ,0 ,0 ,2 ,1 ,0 ,0 ,0 ,0 ,0 
광주,남구,의료,남자,75-79세,4 ,0 ,0 ,2 ,0 ,0 ,0 ,0 ,0 ,0 
광주,남구,의료,남자,80-84세,9 ,1 ,0 ,1 ,1 ,5 ,0 ,1 ,0 ,0 
광주,남구,의료,남자,85세이상,11 ,1 ,0 ,3 ,4 ,1 ,0 ,1 ,0 ,0 
광주,남구,의료,여자,65-69세,2 ,0 ,0 ,1 ,1 ,0 ,0 ,0 ,0 ,0 
광주,남구,의료,여자,70-74세,9 ,0 ,0 ,1 ,4 ,1 ,0 ,0 ,0 ,0 
광주,남구,의료,여자,75-79세,9 ,0 ,0 ,2 ,2 ,1 ,0 ,2 ,1 ,0 
광주,남구,의료,여자,80-84세,26 ,0 ,2 ,7 ,9 ,2 ,0 ,3 ,0 ,0 
광주,남구,의료,여자,85세이상,53 ,1 ,5 ,12 ,26 ,2 ,0 ,0 ,1 ,1 
광주,남구,감경,남자,65세미만,28 ,0 ,3 ,9 ,7 ,1 ,0 ,2 ,1 ,0 
광주,남구,감경,남자,65-69세,46 ,3 ,1 ,11 ,24 ,3 ,1 ,1 ,0 ,0 
광주,남구,감경,남자,70-74세,120 ,8 ,7 ,29 ,51 ,12 ,2 ,0 ,1 ,0 
광주,남구,감경,남자,75-79세,150 ,5 ,8 ,38 ,68 ,15 ,6 ,0 ,2 ,0 
광주,남구,감경,남자,80-84세,130 ,7 ,10 ,25 ,62 ,16 ,4 ,1 ,1 ,0 
광주,남구,감경,남자,85세이상,148 ,3 ,15 ,35 ,76 ,13 ,2 ,0 ,0 ,1 
광주,남구,감경,여자,65세미만,36 ,7 ,2 ,12 ,7 ,3 ,1 ,0 ,0 ,1 
광주,남구,감경,여자,65-69세,67 ,7 ,6 ,7 ,33 ,5 ,1 ,2 ,2 ,0 
광주,남구,감경,여자,70-74세,141 ,7 ,7 ,31 ,66 ,13 ,2 ,3 ,1 ,0 
광주,남구,감경,여자,75-79세,224 ,9 ,9 ,38 ,104 ,25 ,10 ,4 ,1 ,0 
광주,남구,감경,여자,80-84세,472 ,22 ,28 ,116 ,226 ,50 ,7 ,4 ,1 ,0 
광주,남구,감경,여자,85세이상,689 ,35 ,70 ,212 ,302 ,44 ,3 ,1 ,0 ,0 
광주,북구,일반,남자,65세미만,95 ,3 ,1 ,10 ,10 ,1 ,1 ,27 ,11 ,6 
광주,북구,일반,남자,65-69세,225 ,8 ,9 ,30 ,46 ,7 ,2 ,42 ,22 ,11 
광주,북구,일반,남자,70-74세,305 ,10 ,13 ,43 ,89 ,14 ,3 ,37 ,32 ,7 
광주,북구,일반,남자,75-79세,405 ,8 ,19 ,70 ,128 ,29 ,7 ,42 ,24 ,16 
광주,북구,일반,남자,80-84세,563 ,10 ,27 ,97 ,176 ,50 ,17 ,60 ,33 ,14 
광주,북구,일반,남자,85세이상,488 ,7 ,17 ,92 ,190 ,62 ,10 ,36 ,21 ,13 
광주,북구,일반,여자,65세미만,81 ,4 ,2 ,7 ,11 ,3 ,1 ,15 ,1 ,9 
광주,북구,일반,여자,65-69세,288 ,5 ,9 ,23 ,49 ,10 ,4 ,63 ,46 ,9 
광주,북구,일반,여자,70-74세,491 ,10 ,18 ,54 ,104 ,19 ,6 ,89 ,54 ,21 
광주,북구,일반,여자,75-79세,894 ,21 ,27 ,95 ,243 ,71 ,21 ,114 ,84 ,18 
광주,북구,일반,여자,80-84세,1412 ,36 ,49 ,184 ,512 ,127 ,32 ,156 ,76 ,13 
광주,북구,일반,여자,85세이상,1285 ,41 ,70 ,285 ,521 ,105 ,13 ,70 ,37 ,6 
광주,북구,기초,남자,65세미만,187 ,3 ,7 ,18 ,56 ,22 ,5 ,26 ,15 ,9 
광주,북구,기초,남자,65-69세,248 ,4 ,2 ,17 ,56 ,21 ,8 ,30 ,41 ,21 
광주,북구,기초,남자,70-74세,169 ,1 ,5 ,23 ,55 ,19 ,1 ,15 ,17 ,15 
광주,북구,기초,남자,75-79세,124 ,3 ,2 ,8 ,56 ,11 ,3 ,10 ,10 ,4 
광주,북구,기초,남자,80-84세,100 ,1 ,2 ,12 ,49 ,16 ,3 ,3 ,4 ,1 
광주,북구,기초,남자,85세이상,53 ,1 ,3 ,9 ,23 ,7 ,1 ,0 ,5 ,0 
광주,북구,기초,여자,65세미만,102 ,7 ,5 ,13 ,13 ,13 ,2 ,20 ,5 ,2 
광주,북구,기초,여자,65-69세,181 ,6 ,1 ,18 ,47 ,14 ,4 ,29 ,23 ,12 
광주,북구,기초,여자,70-74세,229 ,4 ,9 ,26 ,64 ,24 ,2 ,31 ,36 ,6 
광주,북구,기초,여자,75-79세,315 ,9 ,7 ,51 ,111 ,28 ,11 ,24 ,29 ,9 
광주,북구,기초,여자,80-84세,382 ,4 ,12 ,75 ,161 ,53 ,4 ,18 ,17 ,1 
광주,북구,기초,여자,85세이상,437 ,11 ,34 ,98 ,206 ,31 ,6 ,13 ,9 ,1 
광주,북구,의료,남자,65세미만,1 ,0 ,0 ,0 ,1 ,0 ,0 ,0 ,0 ,0 
광주,북구,의료,남자,65-69세,11 ,0 ,0 ,2 ,3 ,1 ,0 ,1 ,1 ,0 
광주,북구,의료,남자,70-74세,8 ,0 ,0 ,2 ,2 ,1 ,0 ,0 ,1 ,1 
광주,북구,의료,남자,75-79세,17 ,0 ,1 ,3 ,6 ,2 ,0 ,1 ,2 ,1 
광주,북구,의료,남자,80-84세,17 ,0 ,0 ,6 ,4 ,2 ,1 ,0 ,0 ,1 
광주,북구,의료,남자,85세이상,10 ,0 ,0 ,2 ,6 ,2 ,0 ,0 ,0 ,0 
광주,북구,의료,여자,65세미만,0 ,0 ,0 ,0 ,0 ,0 ,0 ,0 ,0 ,0 
광주,북구,의료,여자,65-69세,9 ,0 ,0 ,3 ,1 ,0 ,1 ,1 ,1 ,0 
광주,북구,의료,여자,70-74세,18 ,0 ,0 ,3 ,10 ,0 ,0 ,1 ,1 ,2 
광주,북구,의료,여자,75-79세,23 ,0 ,0 ,6 ,9 ,1 ,1 ,2 ,1 ,0 
광주,북구,의료,여자,80-84세,34 ,1 ,1 ,5 ,14 ,6 ,2 ,0 ,1 ,1 
광주,북구,의료,여자,85세이상,93 ,2 ,4 ,32 ,35 ,6 ,2 ,4 ,1 ,1 
광주,북구,감경,남자,65세미만,75 ,6 ,6 ,18 ,22 ,9 ,0 ,2 ,0 ,0 
광주,북구,감경,남자,65-69세,126 ,8 ,8 ,30 ,51 ,11 ,4 ,3 ,3 ,0 
광주,북구,감경,남자,70-74세,166 ,7 ,9 ,45 ,75 ,10 ,6 ,1 ,2 ,0 
광주,북구,감경,남자,75-79세,235 ,3 ,16 ,60 ,101 ,40 ,7 ,1 ,1 ,0 
광주,북구,감경,남자,80-84세,248 ,7 ,15 ,54 ,111 ,37 ,8 ,6 ,2 ,1 
광주,북구,감경,남자,85세이상,271 ,7 ,20 ,63 ,130 ,35 ,9 ,1 ,1 ,0 
광주,북구,감경,여자,65세미만,55 ,4 ,6 ,12 ,22 ,2 ,1 ,0 ,0 ,1 
광주,북구,감경,여자,65-69세,117 ,6 ,8 ,26 ,43 ,8 ,7 ,4 ,3 ,0 
광주,북구,감경,여자,70-74세,224 ,11 ,11 ,52 ,88 ,24 ,6 ,4 ,7 ,1 
광주,북구,감경,여자,75-79세,471 ,15 ,28 ,102 ,223 ,59 ,6 ,7 ,1 ,1 
광주,북구,감경,여자,80-84세,902 ,32 ,51 ,190 ,432 ,110 ,21 ,5 ,5 ,2 
광주,북구,감경,여자,85세이상,1331 ,47 ,116 ,368 ,614 ,109 ,12 ,7 ,3 ,2 
광주,광산구,일반,남자,65세미만,57 ,1 ,4 ,9 ,11 ,1 ,0 ,9 ,5 ,4 
광주,광산구,일반,남자,65-69세,125 ,5 ,5 ,23 ,21 ,2 ,1 ,18 ,19 ,3 
광주,광산구,일반,남자,70-74세,189 ,11 ,15 ,41 ,49 ,5 ,1 ,18 ,15 ,10 
광주,광산구,일반,남자,75-79세,273 ,12 ,18 ,52 ,81 ,16 ,2 ,14 ,18 ,8 
광주,광산구,일반,남자,80-84세,327 ,8 ,14 ,68 ,122 ,30 ,5 ,19 ,15 ,6 
광주,광산구,일반,남자,85세이상,299 ,11 ,15 ,76 ,109 ,21 ,0 ,17 ,11 ,2 
광주,광산구,일반,여자,65세미만,51 ,5 ,2 ,7 ,8 ,3 ,0 ,13 ,3 ,2 
광주,광산구,일반,여자,65-69세,183 ,5 ,6 ,14 ,35 ,9 ,1 ,27 ,26 ,4 
광주,광산구,일반,여자,70-74세,319 ,8 ,8 ,42 ,71 ,14 ,5 ,51 ,27 ,8 
광주,광산구,일반,여자,75-79세,605 ,19 ,29 ,104 ,156 ,37 ,12 ,57 ,42 ,10 
광주,광산구,일반,여자,80-84세,944 ,34 ,64 ,181 ,321 ,72 ,10 ,63 ,44 ,9 
광주,광산구,일반,여자,85세이상,903 ,40 ,70 ,220 ,334 ,49 ,9 ,35 ,14 ,3 
광주,광산구,기초,남자,65세미만,98 ,9 ,4 ,23 ,22 ,4 ,0 ,15 ,4 ,4 
광주,광산구,기초,남자,65-69세,131 ,5 ,3 ,9 ,44 ,7 ,2 ,12 ,19 ,13 
광주,광산구,기초,남자,70-74세,95 ,2 ,3 ,16 ,35 ,4 ,2 ,12 ,8 ,2 
광주,광산구,기초,남자,75-79세,76 ,1 ,1 ,14 ,34 ,4 ,0 ,3 ,4 ,2 
광주,광산구,기초,남자,80-84세,55 ,0 ,3 ,11 ,22 ,4 ,3 ,3 ,4 ,1 
광주,광산구,기초,남자,85세이상,39 ,1 ,2 ,10 ,14 ,5 ,0 ,0 ,2 ,0 
광주,광산구,기초,여자,65세미만,57 ,1 ,3 ,8 ,17 ,4 ,1 ,7 ,4 ,1 
광주,광산구,기초,여자,65-69세,131 ,2 ,3 ,24 ,34 ,11 ,2 ,14 ,21 ,10 
광주,광산구,기초,여자,70-74세,150 ,1 ,5 ,20 ,45 ,11 ,0 ,13 ,16 ,9 
광주,광산구,기초,여자,75-79세,190 ,7 ,8 ,26 ,73 ,16 ,3 ,12 ,20 ,3 
광주,광산구,기초,여자,80-84세,236 ,4 ,11 ,41 ,113 ,21 ,2 ,5 ,17 ,3 
광주,광산구,기초,여자,85세이상,274 ,13 ,32 ,72 ,110 ,21 ,4 ,2 ,2 ,0 
광주,광산구,의료,남자,65세미만,4 ,1 ,1 ,1 ,0 ,0 ,0 ,0 ,0 ,0 
광주,광산구,의료,남자,65-69세,3 ,0 ,0 ,1 ,2 ,0 ,0 ,0 ,0 ,0 
광주,광산구,의료,남자,70-74세,9 ,1 ,1 ,0 ,4 ,0 ,0 ,0 ,0 ,0 
광주,광산구,의료,남자,75-79세,18 ,2 ,0 ,5 ,7 ,2 ,0 ,0 ,0 ,0 
광주,광산구,의료,남자,80-84세,5 ,0 ,1 ,2 ,0 ,0 ,0 ,1 ,0 ,0 
광주,광산구,의료,남자,85세이상,7 ,1 ,1 ,3 ,1 ,0 ,0 ,0 ,1 ,0 
광주,광산구,의료,여자,65세미만,2 ,0 ,0 ,1 ,1 ,0 ,0 ,0 ,0 ,0 
광주,광산구,의료,여자,65-69세,8 ,0 ,0 ,0 ,2 ,0 ,0 ,2 ,1 ,1 
광주,광산구,의료,여자,70-74세,14 ,1 ,1 ,1 ,7 ,0 ,0 ,0 ,1 ,0 
광주,광산구,의료,여자,75-79세,10 ,1 ,0 ,1 ,4 ,2 ,0 ,0 ,0 ,0 
광주,광산구,의료,여자,80-84세,34 ,0 ,2 ,3 ,18 ,3 ,0 ,0 ,2 ,0 
광주,광산구,의료,여자,85세이상,61 ,4 ,3 ,23 ,23 ,4 ,0 ,1 ,0 ,0 
광주,광산구,감경,남자,65세미만,55 ,1 ,2 ,20 ,22 ,3 ,0 ,2 ,0 ,1 
광주,광산구,감경,남자,65-69세,72 ,4 ,5 ,25 ,24 ,6 ,0 ,1 ,2 ,1 
광주,광산구,감경,남자,70-74세,116 ,8 ,8 ,36 ,43 ,8 ,2 ,1 ,2 ,1 
광주,광산구,감경,남자,75-79세,150 ,5 ,4 ,46 ,62 ,21 ,5 ,3 ,0 ,0 
광주,광산구,감경,남자,80-84세,173 ,8 ,15 ,44 ,80 ,18 ,5 ,1 ,0 ,0 
광주,광산구,감경,남자,85세이상,189 ,11 ,16 ,46 ,92 ,16 ,3 ,0 ,1 ,0 
광주,광산구,감경,여자,65세미만,43 ,3 ,4 ,14 ,12 ,4 ,1 ,1 ,0 ,0 
광주,광산구,감경,여자,65-69세,87 ,7 ,8 ,18 ,40 ,6 ,0 ,1 ,0 ,0 
광주,광산구,감경,여자,70-74세,194 ,15 ,11 ,46 ,69 ,21 ,4 ,3 ,5 ,0 
광주,광산구,감경,여자,75-79세,370 ,16 ,28 ,94 ,150 ,35 ,5 ,7 ,4 ,1 
광주,광산구,감경,여자,80-84세,739 ,33 ,64 ,192 ,304 ,82 ,9 ,6 ,7 ,0 
광주,광산구,감경,여자,85세이상,1055 ,58 ,131 ,305 ,456 ,55 ,6 ,3 ,2 ,0 
대전,동구,일반,남자,65세미만,53 ,4 ,2 ,5 ,7 ,0 ,0 ,13 ,4 ,8 
대전,동구,일반,남자,65-69세,98 ,3 ,2 ,15 ,18 ,2 ,0 ,22 ,7 ,3 
대전,동구,일반,남자,70-74세,135 ,1 ,8 ,25 ,33 ,7 ,2 ,11 ,13 ,1 
대전,동구,일반,남자,75-79세,193 ,5 ,11 ,31 ,57 ,8 ,4 ,16 ,14 ,5 
대전,동구,일반,남자,80-84세,276 ,6 ,8 ,54 ,88 ,31 ,10 ,8 ,11 ,13 
대전,동구,일반,남자,85세이상,281 ,3 ,28 ,64 ,92 ,24 ,4 ,8 ,8 ,3 
대전,동구,일반,여자,65세미만,48 ,2 ,3 ,4 ,9 ,3 ,1 ,4 ,7 ,4 
대전,동구,일반,여자,65-69세,145 ,6 ,6 ,12 ,17 ,3 ,0 ,26 ,16 ,6 
대전,동구,일반,여자,70-74세,242 ,9 ,7 ,21 ,49 ,17 ,6 ,27 ,16 ,11 
대전,동구,일반,여자,75-79세,433 ,14 ,12 ,65 ,112 ,34 ,8 ,49 ,31 ,8 
대전,동구,일반,여자,80-84세,774 ,16 ,38 ,136 ,252 ,82 ,21 ,45 ,26 ,11 
대전,동구,일반,여자,85세이상,765 ,40 ,78 ,207 ,277 ,54 ,6 ,19 ,19 ,1 
대전,동구,기초,남자,65세미만,156 ,14 ,8 ,24 ,37 ,7 ,3 ,16 ,11 ,8 
대전,동구,기초,남자,65-69세,171 ,1 ,11 ,12 ,49 ,17 ,1 ,13 ,16 ,18 
대전,동구,기초,남자,70-74세,133 ,6 ,4 ,20 ,48 ,6 ,2 ,8 ,10 ,7 
대전,동구,기초,남자,75-79세,113 ,1 ,8 ,17 ,42 ,6 ,1 ,6 ,7 ,6 
대전,동구,기초,남자,80-84세,91 ,2 ,9 ,12 ,29 ,11 ,3 ,3 ,3 ,2 
대전,동구,기초,남자,85세이상,77 ,1 ,3 ,21 ,29 ,8 ,0 ,1 ,4 ,2 
대전,동구,기초,여자,65세미만,75 ,10 ,3 ,12 ,16 ,5 ,0 ,11 ,6 ,2 
대전,동구,기초,여자,65-69세,122 ,3 ,7 ,18 ,40 ,4 ,2 ,10 ,8 ,8 
대전,동구,기초,여자,70-74세,164 ,4 ,10 ,18 ,56 ,11 ,1 ,12 ,16 ,6 
대전,동구,기초,여자,75-79세,241 ,9 ,11 ,39 ,80 ,22 ,3 ,16 ,17 ,7 
대전,동구,기초,여자,80-84세,276 ,11 ,22 ,61 ,112 ,24 ,4 ,4 ,8 ,1 
대전,동구,기초,여자,85세이상,320 ,17 ,28 ,72 ,135 ,23 ,0 ,7 ,7 ,1 
대전,동구,의료,남자,65세미만,1 ,0 ,0 ,0 ,0 ,1 ,0 ,0 ,0 ,0 
대전,동구,의료,남자,65-69세,1 ,0 ,0 ,0 ,1 ,0 ,0 ,0 ,0 ,0 
대전,동구,의료,남자,70-74세,3 ,0 ,1 ,0 ,0 ,0 ,1 ,0 ,0 ,0 
대전,동구,의료,남자,75-79세,6 ,0 ,1 ,2 ,1 ,1 ,0 ,0 ,1 ,0 
대전,동구,의료,남자,80-84세,1 ,0 ,0 ,1 ,0 ,0 ,0 ,0 ,0 ,0 
대전,동구,의료,남자,85세이상,4 ,0 ,0 ,1 ,2 ,0 ,0 ,0 ,1 ,0 
대전,동구,의료,여자,65세미만,3 ,0 ,0 ,1 ,0 ,0 ,0 ,0 ,1 ,0 
대전,동구,의료,여자,65-69세,1 ,0 ,0 ,0 ,0 ,0 ,0 ,0 ,1 ,0 
대전,동구,의료,여자,70-74세,5 ,0 ,0 ,3 ,0 ,1 ,0 ,0 ,0 ,0 
대전,동구,의료,여자,75-79세,5 ,0 ,0 ,2 ,1 ,1 ,0 ,0 ,0 ,0 
대전,동구,의료,여자,80-84세,10 ,1 ,1 ,4 ,1 ,2 ,0 ,0 ,0 ,0 
대전,동구,의료,여자,85세이상,32 ,1 ,5 ,9 ,12 ,2 ,0 ,0 ,1 ,0 
대전,동구,감경,남자,65세미만,43 ,5 ,3 ,11 ,17 ,1 ,0 ,0 ,0 ,0 
대전,동구,감경,남자,65-69세,65 ,5 ,4 ,22 ,22 ,7 ,1 ,2 ,0 ,0 
대전,동구,감경,남자,70-74세,124 ,6 ,9 ,31 ,50 ,16 ,2 ,0 ,0 ,2 
대전,동구,감경,남자,75-79세,149 ,4 ,10 ,40 ,64 ,17 ,2 ,0 ,1 ,1 
대전,동구,감경,남자,80-84세,185 ,6 ,13 ,44 ,79 ,32 ,6 ,0 ,0 ,1 
대전,동구,감경,남자,85세이상,226 ,10 ,22 ,64 ,102 ,20 ,4 ,0 ,0 ,0 
대전,동구,감경,여자,65세미만,32 ,6 ,2 ,11 ,7 ,3 ,0 ,0 ,0 ,1 
대전,동구,감경,여자,65-69세,81 ,8 ,8 ,15 ,37 ,4 ,1 ,1 ,1 ,2 
대전,동구,감경,여자,70-74세,141 ,6 ,13 ,34 ,55 ,14 ,5 ,2 ,5 ,1 
대전,동구,감경,여자,75-79세,287 ,11 ,28 ,62 ,114 ,37 ,5 ,2 ,4 ,0 
대전,동구,감경,여자,80-84세,595 ,24 ,46 ,149 ,254 ,82 ,14 ,2 ,1 ,1 
대전,동구,감경,여자,85세이상,997 ,47 ,146 ,329 ,373 ,71 ,5 ,0 ,0 ,0 
대전,중구,일반,남자,65세미만,66 ,4 ,7 ,12 ,9 ,0 ,1 ,10 ,3 ,1 
대전,중구,일반,남자,65-69세,112 ,11 ,5 ,11 ,24 ,3 ,0 ,15 ,10 ,8 
대전,중구,일반,남자,70-74세,180 ,10 ,8 ,38 ,49 ,6 ,1 ,24 ,3 ,7 
대전,중구,일반,남자,75-79세,257 ,13 ,15 ,50 ,71 ,17 ,5 ,28 ,9 ,4 
대전,중구,일반,남자,80-84세,362 ,12 ,16 ,69 ,117 ,33 ,7 ,17 ,20 ,8 
대전,중구,일반,남자,85세이상,431 ,21 ,17 ,101 ,151 ,40 ,5 ,24 ,13 ,3 
대전,중구,일반,여자,65세미만,55 ,4 ,1 ,12 ,9 ,1 ,1 ,8 ,3 ,3 
대전,중구,일반,여자,65-69세,163 ,6 ,4 ,26 ,18 ,4 ,0 ,32 ,11 ,5 
대전,중구,일반,여자,70-74세,292 ,8 ,10 ,35 ,77 ,13 ,7 ,33 ,21 ,6 
대전,중구,일반,여자,75-79세,554 ,14 ,27 ,73 ,160 ,39 ,16 ,65 ,36 ,8 
대전,중구,일반,여자,80-84세,876 ,29 ,44 ,143 ,320 ,77 ,16 ,70 ,34 ,11 
대전,중구,일반,여자,85세이상,894 ,32 ,79 ,234 ,363 ,62 ,7 ,36 ,11 ,3 
대전,중구,기초,남자,65세미만,129 ,3 ,13 ,28 ,38 ,7 ,1 ,17 ,4 ,3 
대전,중구,기초,남자,65-69세,138 ,6 ,8 ,18 ,36 ,6 ,3 ,11 ,15 ,8 
대전,중구,기초,남자,70-74세,86 ,0 ,5 ,12 ,36 ,4 ,1 ,7 ,6 ,4 
대전,중구,기초,남자,75-79세,67 ,2 ,3 ,7 ,25 ,6 ,1 ,2 ,5 ,6 
대전,중구,기초,남자,80-84세,82 ,3 ,4 ,13 ,37 ,10 ,2 ,2 ,5 ,0 
대전,중구,기초,남자,85세이상,41 ,0 ,1 ,6 ,24 ,2 ,0 ,1 ,1 ,0 
대전,중구,기초,여자,65세미만,61 ,5 ,9 ,9 ,13 ,5 ,2 ,2 ,5 ,3 
대전,중구,기초,여자,65-69세,101 ,4 ,5 ,16 ,32 ,7 ,1 ,11 ,3 ,3 
대전,중구,기초,여자,70-74세,133 ,2 ,12 ,20 ,42 ,13 ,3 ,15 ,8 ,0 
대전,중구,기초,여자,75-79세,163 ,7 ,5 ,28 ,57 ,13 ,1 ,12 ,16 ,5 
대전,중구,기초,여자,80-84세,219 ,8 ,19 ,34 ,91 ,27 ,3 ,9 ,5 ,0 
대전,중구,기초,여자,85세이상,253 ,11 ,23 ,66 ,118 ,14 ,4 ,2 ,1 ,1 
대전,중구,의료,남자,65세미만,1 ,0 ,0 ,0 ,0 ,1 ,0 ,0 ,0 ,0 
대전,중구,의료,남자,65-69세,2 ,0 ,0 ,0 ,0 ,0 ,0 ,2 ,0 ,0 
대전,중구,의료,남자,70-74세,4 ,0 ,1 ,1 ,1 ,0 ,0 ,0 ,1 ,0 
대전,중구,의료,남자,75-79세,3 ,0 ,0 ,0 ,2 ,1 ,0 ,0 ,0 ,0 
대전,중구,의료,남자,80-84세,3 ,0 ,0 ,1 ,2 ,0 ,0 ,0 ,0 ,0 
대전,중구,의료,남자,85세이상,9 ,1 ,2 ,1 ,2 ,2 ,0 ,0 ,0 ,0 
대전,중구,의료,여자,65세미만,0 ,0 ,0 ,0 ,0 ,0 ,0 ,0 ,0 ,0 
대전,중구,의료,여자,65-69세,0 ,0 ,0 ,0 ,0 ,0 ,0 ,0 ,0 ,0 
대전,중구,의료,여자,70-74세,4 ,0 ,0 ,1 ,2 ,0 ,0 ,0 ,0 ,0 
대전,중구,의료,여자,75-79세,7 ,0 ,0 ,2 ,3 ,0 ,0 ,1 ,0 ,0 
대전,중구,의료,여자,80-84세,11 ,0 ,0 ,3 ,4 ,3 ,0 ,0 ,0 ,0 
대전,중구,의료,여자,85세이상,24 ,2 ,0 ,6 ,12 ,0 ,0 ,1 ,0 ,0 
대전,중구,감경,남자,65세미만,55 ,5 ,3 ,16 ,13 ,6 ,1 ,2 ,0 ,0 
대전,중구,감경,남자,65-69세,97 ,8 ,7 ,25 ,41 ,8 ,1 ,2 ,0 ,0 
대전,중구,감경,남자,70-74세,118 ,9 ,6 ,29 ,51 ,10 ,3 ,1 ,0 ,0 
대전,중구,감경,남자,75-79세,149 ,8 ,11 ,35 ,70 ,18 ,3 ,0 ,1 ,0 
대전,중구,감경,남자,80-84세,190 ,2 ,19 ,48 ,83 ,22 ,7 ,1 ,2 ,0 
대전,중구,감경,남자,85세이상,217 ,6 ,14 ,54 ,105 ,30 ,3 ,1 ,0 ,1 
대전,중구,감경,여자,65세미만,44 ,11 ,5 ,7 ,15 ,2 ,0 ,1 ,0 ,0 
대전,중구,감경,여자,65-69세,86 ,3 ,7 ,14 ,38 ,9 ,2 ,4 ,1 ,0 
대전,중구,감경,여자,70-74세,164 ,12 ,5 ,42 ,66 ,12 ,8 ,4 ,3 ,0 
대전,중구,감경,여자,75-79세,319 ,13 ,23 ,68 ,135 ,40 ,3 ,6 ,3 ,1 
대전,중구,감경,여자,80-84세,578 ,21 ,44 ,130 ,281 ,66 ,10 ,2 ,3 ,0 
대전,중구,감경,여자,85세이상,936 ,43 ,89 ,298 ,411 ,67 ,4 ,5 ,2 ,0 
대전,서구,일반,남자,65세미만,92 ,2 ,2 ,14 ,13 ,5 ,1 ,22 ,9 ,5 
대전,서구,일반,남자,65-69세,131 ,5 ,3 ,21 ,23 ,6 ,1 ,18 ,10 ,5 
대전,서구,일반,남자,70-74세,222 ,6 ,8 ,36 ,61 ,16 ,0 ,23 ,7 ,3 
대전,서구,일반,남자,75-79세,320 ,8 ,13 ,57 ,106 ,29 ,8 ,15 ,11 ,5 
대전,서구,일반,남자,80-84세,425 ,13 ,17 ,82 ,162 ,48 ,12 ,22 ,11 ,4 
대전,서구,일반,남자,85세이상,504 ,17 ,22 ,120 ,204 ,58 ,6 ,18 ,11 ,6 
대전,서구,일반,여자,65세미만,77 ,2 ,6 ,13 ,15 ,2 ,0 ,11 ,5 ,4 
대전,서구,일반,여자,65-69세,202 ,6 ,6 ,30 ,31 ,7 ,2 ,35 ,20 ,3 
대전,서구,일반,여자,70-74세,331 ,11 ,12 ,49 ,64 ,23 ,8 ,41 ,25 ,5 
대전,서구,일반,여자,75-79세,695 ,15 ,25 ,108 ,207 ,67 ,18 ,55 ,36 ,9 
대전,서구,일반,여자,80-84세,1107 ,26 ,58 ,215 ,407 ,98 ,25 ,64 ,28 ,9 
대전,서구,일반,여자,85세이상,1401 ,55 ,147 ,371 ,530 ,98 ,16 ,37 ,21 ,4 
대전,서구,기초,남자,65세미만,139 ,7 ,0 ,26 ,41 ,3 ,2 ,14 ,8 ,8 
대전,서구,기초,남자,65-69세,141 ,5 ,8 ,22 ,49 ,15 ,0 ,11 ,14 ,1 
대전,서구,기초,남자,70-74세,109 ,0 ,3 ,17 ,44 ,13 ,3 ,0 ,15 ,1 
대전,서구,기초,남자,75-79세,107 ,0 ,3 ,17 ,41 ,16 ,1 ,10 ,4 ,2 
대전,서구,기초,남자,80-84세,88 ,2 ,4 ,18 ,33 ,11 ,2 ,3 ,3 ,1 
대전,서구,기초,남자,85세이상,58 ,0 ,2 ,16 ,21 ,6 ,0 ,4 ,2 ,2 
대전,서구,기초,여자,65세미만,78 ,3 ,13 ,13 ,19 ,4 ,1 ,10 ,2 ,3 
대전,서구,기초,여자,65-69세,128 ,3 ,3 ,13 ,40 ,14 ,0 ,18 ,8 ,8 
대전,서구,기초,여자,70-74세,148 ,2 ,10 ,20 ,57 ,16 ,1 ,16 ,6 ,3 
대전,서구,기초,여자,75-79세,171 ,1 ,9 ,31 ,69 ,15 ,2 ,13 ,8 ,0 
대전,서구,기초,여자,80-84세,257 ,3 ,18 ,47 ,110 ,31 ,6 ,12 ,9 ,1 
대전,서구,기초,여자,85세이상,309 ,15 ,34 ,83 ,128 ,19 ,3 ,6 ,3 ,0 
대전,서구,의료,남자,65-69세,4 ,0 ,0 ,1 ,1 ,0 ,0 ,0 ,1 ,0 
대전,서구,의료,남자,70-74세,3 ,0 ,0 ,0 ,2 ,0 ,0 ,0 ,0 ,1 
대전,서구,의료,남자,75-79세,4 ,0 ,0 ,1 ,2 ,0 ,0 ,0 ,1 ,0 
대전,서구,의료,남자,80-84세,2 ,0 ,0 ,0 ,0 ,0 ,0 ,0 ,0 ,0 
대전,서구,의료,남자,85세이상,5 ,0 ,1 ,0 ,4 ,0 ,0 ,0 ,0 ,0 
대전,서구,의료,여자,65세미만,0 ,0 ,0 ,0 ,0 ,0 ,0 ,0 ,0 ,0 
대전,서구,의료,여자,65-69세,1 ,0 ,0 ,0 ,1 ,0 ,0 ,0 ,0 ,0 
대전,서구,의료,여자,70-74세,6 ,1 ,0 ,1 ,2 ,0 ,0 ,0 ,0 ,0 
대전,서구,의료,여자,75-79세,5 ,0 ,0 ,2 ,1 ,1 ,0 ,0 ,0 ,0 
대전,서구,의료,여자,80-84세,23 ,2 ,0 ,5 ,9 ,2 ,1 ,2 ,0 ,0 
대전,서구,의료,여자,85세이상,53 ,7 ,2 ,15 ,21 ,3 ,0 ,0 ,0 ,0 
대전,서구,감경,남자,65세미만,51 ,5 ,2 ,18 ,14 ,6 ,0 ,1 ,0 ,2 
대전,서구,감경,남자,65-69세,101 ,2 ,10 ,33 ,36 ,9 ,0 ,0 ,1 ,1 
대전,서구,감경,남자,70-74세,125 ,4 ,10 ,36 ,53 ,11 ,4 ,0 ,0 ,0 
대전,서구,감경,남자,75-79세,159 ,4 ,11 ,51 ,62 ,22 ,1 ,0 ,1 ,0 
대전,서구,감경,남자,80-84세,181 ,5 ,14 ,43 ,81 ,28 ,4 ,0 ,0 ,1 
대전,서구,감경,남자,85세이상,249 ,6 ,20 ,73 ,118 ,20 ,5 ,0 ,1 ,0 
대전,서구,감경,여자,65세미만,37 ,4 ,4 ,11 ,17 ,0 ,0 ,0 ,0 ,0 
대전,서구,감경,여자,65-69세,88 ,7 ,8 ,22 ,34 ,10 ,3 ,1 ,1 ,0 
대전,서구,감경,여자,70-74세,154 ,9 ,15 ,40 ,65 ,9 ,3 ,1 ,0 ,0 
대전,서구,감경,여자,75-79세,380 ,13 ,26 ,96 ,168 ,50 ,8 ,1 ,1 ,0 
대전,서구,감경,여자,80-84세,623 ,16 ,59 ,176 ,262 ,74 ,11 ,3 ,2 ,0 
대전,서구,감경,여자,85세이상,1147 ,71 ,147 ,350 ,456 ,85 ,13 ,1 ,2 ,0 
대전,유성구,일반,남자,65세미만,62 ,6 ,2 ,13 ,12 ,0 ,0 ,9 ,1 ,4 
대전,유성구,일반,남자,65-69세,118 ,9 ,8 ,27 ,24 ,7 ,1 ,7 ,2 ,2 
대전,유성구,일반,남자,70-74세,141 ,13 ,13 ,33 ,25 ,13 ,0 ,4 ,5 ,4 
대전,유성구,일반,남자,75-79세,193 ,12 ,14 ,40 ,49 ,15 ,5 ,12 ,7 ,10 
대전,유성구,일반,남자,80-84세,288 ,14 ,29 ,57 ,79 ,32 ,5 ,9 ,14 ,5 
대전,유성구,일반,남자,85세이상,348 ,17 ,28 ,81 ,114 ,41 ,4 ,18 ,4 ,3 
대전,유성구,일반,여자,65세미만,78 ,4 ,8 ,14 ,10 ,8 ,1 ,11 ,5 ,2 
대전,유성구,일반,여자,65-69세,158 ,15 ,7 ,19 ,20 ,7 ,1 ,25 ,15 ,8 
대전,유성구,일반,여자,70-74세,220 ,16 ,12 ,33 ,43 ,13 ,2 ,26 ,13 ,4 
대전,유성구,일반,여자,75-79세,395 ,12 ,26 ,64 ,107 ,25 ,10 ,39 ,17 ,4 
대전,유성구,일반,여자,80-84세,728 ,33 ,61 ,159 ,232 ,72 ,13 ,28 ,18 ,7 
대전,유성구,일반,여자,85세이상,1053 ,74 ,125 ,244 ,338 ,96 ,16 ,28 ,17 ,4 
대전,유성구,기초,남자,65세미만,67 ,5 ,3 ,10 ,22 ,3 ,1 ,5 ,4 ,5 
대전,유성구,기초,남자,65-69세,65 ,2 ,3 ,13 ,17 ,2 ,1 ,5 ,6 ,9 
대전,유성구,기초,남자,70-74세,52 ,1 ,4 ,11 ,17 ,6 ,0 ,3 ,2 ,2 
대전,유성구,기초,남자,75-79세,51 ,0 ,5 ,8 ,9 ,4 ,1 ,5 ,7 ,2 
대전,유성구,기초,남자,80-84세,46 ,1 ,2 ,9 ,15 ,7 ,1 ,0 ,6 ,2 
대전,유성구,기초,남자,85세이상,22 ,0 ,4 ,4 ,7 ,2 ,0 ,1 ,0 ,0 
대전,유성구,기초,여자,65세미만,37 ,4 ,4 ,3 ,11 ,1 ,0 ,3 ,1 ,3 
대전,유성구,기초,여자,65-69세,53 ,3 ,3 ,9 ,12 ,5 ,0 ,3 ,6 ,3 
대전,유성구,기초,여자,70-74세,64 ,1 ,5 ,7 ,22 ,5 ,2 ,6 ,3 ,6 
대전,유성구,기초,여자,75-79세,98 ,6 ,3 ,22 ,29 ,12 ,1 ,3 ,6 ,2 
대전,유성구,기초,여자,80-84세,131 ,3 ,14 ,32 ,42 ,16 ,1 ,3 ,3 ,0 
대전,유성구,기초,여자,85세이상,144 ,10 ,26 ,39 ,44 ,8 ,1 ,1 ,4 ,1 
대전,유성구,의료,남자,65세미만,0 ,0 ,0 ,0 ,0 ,0 ,0 ,0 ,0 ,0 
대전,유성구,의료,남자,65-69세,3 ,1 ,0 ,0 ,1 ,0 ,0 ,1 ,0 ,0 
대전,유성구,의료,남자,70-74세,2 ,0 ,0 ,0 ,0 ,0 ,0 ,1 ,0 ,0 
대전,유성구,의료,남자,75-79세,0 ,0 ,0 ,0 ,0 ,0 ,0 ,0 ,0 ,0 
대전,유성구,의료,남자,80-84세,3 ,0 ,1 ,0 ,1 ,1 ,0 ,0 ,0 ,0 
대전,유성구,의료,남자,85세이상,7 ,0 ,0 ,3 ,1 ,0 ,0 ,1 ,0 ,0 
대전,유성구,의료,여자,65-69세,4 ,0 ,0 ,2 ,0 ,0 ,0 ,0 ,0 ,0 
대전,유성구,의료,여자,70-74세,3 ,0 ,1 ,0 ,0 ,1 ,0 ,0 ,1 ,0 
대전,유성구,의료,여자,75-79세,5 ,0 ,1 ,0 ,2 ,1 ,0 ,0 ,1 ,0 
대전,유성구,의료,여자,80-84세,7 ,1 ,1 ,0 ,2 ,1 ,0 ,0 ,0 ,0 
대전,유성구,의료,여자,85세이상,42 ,4 ,8 ,10 ,16 ,3 ,0 ,0 ,0 ,0 
대전,유성구,감경,남자,65세미만,43 ,4 ,4 ,10 ,12 ,3 ,1 ,1 ,0 ,1 
대전,유성구,감경,남자,65-69세,53 ,4 ,4 ,21 ,13 ,6 ,1 ,1 ,0 ,0 
대전,유성구,감경,남자,70-74세,73 ,5 ,7 ,18 ,29 ,7 ,1 ,3 ,0 ,0 
대전,유성구,감경,남자,75-79세,98 ,7 ,5 ,27 ,42 ,11 ,1 ,0 ,1 ,0 
대전,유성구,감경,남자,80-84세,93 ,6 ,4 ,28 ,34 ,11 ,6 ,0 ,0 ,0 
대전,유성구,감경,남자,85세이상,134 ,5 ,17 ,43 ,62 ,4 ,2 ,0 ,0 ,0 
대전,유성구,감경,여자,65세미만,34 ,5 ,6 ,7 ,6 ,1 ,2 ,1 ,0 ,1 
대전,유성구,감경,여자,65-69세,52 ,4 ,5 ,11 ,20 ,6 ,1 ,2 ,1 ,0 
대전,유성구,감경,여자,70-74세,98 ,12 ,8 ,18 ,38 ,8 ,3 ,5 ,0 ,0 
대전,유성구,감경,여자,75-79세,188 ,9 ,27 ,62 ,58 ,19 ,1 ,1 ,0 ,1 
대전,유성구,감경,여자,80-84세,376 ,30 ,49 ,105 ,138 ,36 ,8 ,0 ,1 ,0 
대전,유성구,감경,여자,85세이상,706 ,47 ,117 ,207 ,257 ,62 ,5 ,2 ,0 ,0 
대전,대덕구,일반,남자,65세미만,51 ,2 ,1 ,4 ,5 ,1 ,3 ,11 ,4 ,5 
대전,대덕구,일반,남자,65-69세,88 ,3 ,2 ,12 ,19 ,2 ,0 ,8 ,13 ,3 
대전,대덕구,일반,남자,70-74세,105 ,5 ,3 ,19 ,20 ,10 ,0 ,7 ,7 ,2 
대전,대덕구,일반,남자,75-79세,157 ,7 ,6 ,26 ,40 ,15 ,2 ,10 ,6 ,4 
대전,대덕구,일반,남자,80-84세,190 ,3 ,15 ,33 ,61 ,18 ,2 ,12 ,12 ,3 
대전,대덕구,일반,남자,85세이상,209 ,7 ,7 ,38 ,74 ,17 ,4 ,12 ,12 ,1 
대전,대덕구,일반,여자,65세미만,41 ,0 ,2 ,7 ,9 ,0 ,0 ,11 ,3 ,1 
대전,대덕구,일반,여자,65-69세,88 ,2 ,2 ,10 ,13 ,3 ,0 ,16 ,7 ,4 
대전,대덕구,일반,여자,70-74세,186 ,1 ,4 ,20 ,30 ,11 ,7 ,38 ,20 ,2 
대전,대덕구,일반,여자,75-79세,257 ,6 ,7 ,33 ,71 ,23 ,5 ,32 ,12 ,7 
대전,대덕구,일반,여자,80-84세,450 ,8 ,14 ,71 ,175 ,37 ,18 ,20 ,20 ,7 
대전,대덕구,일반,여자,85세이상,506 ,19 ,38 ,111 ,187 ,59 ,2 ,16 ,11 ,5 
대전,대덕구,기초,남자,65세미만,76 ,0 ,4 ,8 ,20 ,7 ,2 ,8 ,4 ,4 
대전,대덕구,기초,남자,65-69세,95 ,3 ,3 ,5 ,22 ,7 ,5 ,16 ,9 ,6 
대전,대덕구,기초,남자,70-74세,74 ,3 ,3 ,9 ,27 ,8 ,1 ,3 ,5 ,3 
대전,대덕구,기초,남자,75-79세,53 ,2 ,3 ,11 ,19 ,6 ,1 ,3 ,2 ,2 
대전,대덕구,기초,남자,80-84세,48 ,0 ,3 ,5 ,20 ,6 ,2 ,1 ,4 ,0 
대전,대덕구,기초,남자,85세이상,38 ,1 ,2 ,5 ,18 ,7 ,4 ,0 ,0 ,0 
대전,대덕구,기초,여자,65세미만,40 ,2 ,3 ,5 ,7 ,2 ,1 ,5 ,6 ,6 
대전,대덕구,기초,여자,65-69세,85 ,1 ,2 ,9 ,28 ,6 ,2 ,9 ,7 ,8 
대전,대덕구,기초,여자,70-74세,117 ,3 ,4 ,25 ,35 ,11 ,3 ,7 ,8 ,4 
대전,대덕구,기초,여자,75-79세,147 ,1 ,7 ,27 ,49 ,12 ,3 ,7 ,14 ,7 
대전,대덕구,기초,여자,80-84세,165 ,2 ,5 ,31 ,65 ,25 ,2 ,7 ,10 ,1 
대전,대덕구,기초,여자,85세이상,215 ,15 ,22 ,47 ,89 ,19 ,2 ,4 ,4 ,0 
대전,대덕구,의료,남자,65세미만,0 ,0 ,0 ,0 ,0 ,0 ,0 ,0 ,0 ,0 
대전,대덕구,의료,남자,65-69세,1 ,0 ,0 ,0 ,1 ,0 ,0 ,0 ,0 ,0 
대전,대덕구,의료,남자,70-74세,5 ,1 ,0 ,1 ,2 ,0 ,0 ,1 ,0 ,0 
대전,대덕구,의료,남자,75-79세,4 ,0 ,0 ,3 ,0 ,1 ,0 ,0 ,0 ,0 
대전,대덕구,의료,남자,80-84세,2 ,1 ,0 ,0 ,0 ,1 ,0 ,0 ,0 ,0 
대전,대덕구,의료,남자,85세이상,6 ,0 ,1 ,3 ,0 ,0 ,0 ,0 ,0 ,0 
대전,대덕구,의료,여자,65세미만,2 ,0 ,0 ,0 ,0 ,0 ,0 ,2 ,0 ,0 
대전,대덕구,의료,여자,65-69세,3 ,0 ,0 ,0 ,2 ,0 ,0 ,0 ,0 ,0 
대전,대덕구,의료,여자,70-74세,2 ,0 ,1 ,0 ,0 ,0 ,1 ,0 ,0 ,0 
대전,대덕구,의료,여자,75-79세,4 ,0 ,0 ,1 ,3 ,0 ,0 ,0 ,0 ,0 
대전,대덕구,의료,여자,80-84세,9 ,0 ,0 ,1 ,6 ,1 ,0 ,0 ,0 ,0 
대전,대덕구,의료,여자,85세이상,21 ,2 ,2 ,2 ,9 ,1 ,0 ,1 ,0 ,1 
대전,대덕구,감경,남자,65세미만,29 ,1 ,3 ,8 ,9 ,3 ,2 ,2 ,0 ,0 
대전,대덕구,감경,남자,65-69세,51 ,3 ,2 ,13 ,16 ,4 ,1 ,2 ,1 ,3 
대전,대덕구,감경,남자,70-74세,73 ,3 ,7 ,24 ,23 ,10 ,0 ,1 ,1 ,0 
대전,대덕구,감경,남자,75-79세,95 ,2 ,7 ,32 ,38 ,12 ,3 ,0 ,0 ,1 
대전,대덕구,감경,남자,80-84세,117 ,6 ,12 ,29 ,49 ,12 ,5 ,0 ,1 ,0 
대전,대덕구,감경,남자,85세이상,136 ,2 ,13 ,27 ,69 ,16 ,3 ,0 ,0 ,0 
대전,대덕구,감경,여자,65세미만,20 ,2 ,5 ,2 ,6 ,0 ,1 ,1 ,0 ,0 
대전,대덕구,감경,여자,65-69세,40 ,3 ,1 ,5 ,22 ,4 ,2 ,0 ,1 ,1 
대전,대덕구,감경,여자,70-74세,91 ,4 ,8 ,16 ,39 ,15 ,3 ,0 ,1 ,0 
대전,대덕구,감경,여자,75-79세,169 ,8 ,5 ,28 ,79 ,34 ,3 ,2 ,1 ,0 
대전,대덕구,감경,여자,80-84세,363 ,12 ,22 ,75 ,175 ,55 ,8 ,2 ,1 ,0 
대전,대덕구,감경,여자,85세이상,598 ,22 ,45 ,196 ,268 ,47 ,7 ,1 ,0 ,0 
울산,중구,일반,남자,65세미만,37 ,3 ,1 ,7 ,4 ,0 ,0 ,6 ,4 ,0 
울산,중구,일반,남자,65-69세,101 ,6 ,5 ,17 ,26 ,3 ,2 ,8 ,9 ,3 
울산,중구,일반,남자,70-74세,152 ,5 ,3 ,34 ,32 ,11 ,2 ,13 ,5 ,8 
울산,중구,일반,남자,75-79세,179 ,4 ,11 ,20 ,42 ,19 ,10 ,14 ,11 ,8 
울산,중구,일반,남자,80-84세,266 ,6 ,9 ,39 ,85 ,27 ,10 ,18 ,13 ,8 
울산,중구,일반,남자,85세이상,162 ,2 ,8 ,32 ,47 ,21 ,6 ,8 ,5 ,7 
울산,중구,일반,여자,65세미만,48 ,8 ,4 ,6 ,11 ,3 ,1 ,7 ,1 ,2 
울산,중구,일반,여자,65-69세,142 ,6 ,5 ,14 ,23 ,8 ,6 ,15 ,10 ,11 
울산,중구,일반,여자,70-74세,216 ,9 ,6 ,24 ,47 ,13 ,7 ,32 ,12 ,8 
울산,중구,일반,여자,75-79세,390 ,5 ,14 ,52 ,95 ,26 ,19 ,34 ,19 ,25 
울산,중구,일반,여자,80-84세,555 ,13 ,32 ,98 ,156 ,68 ,15 ,36 ,26 ,14 
울산,중구,일반,여자,85세이상,534 ,21 ,41 ,134 ,174 ,46 ,9 ,18 ,16 ,5 
울산,중구,기초,남자,65세미만,67 ,4 ,6 ,8 ,15 ,5 ,1 ,7 ,3 ,5 
울산,중구,기초,남자,65-69세,70 ,0 ,3 ,6 ,20 ,10 ,6 ,4 ,4 ,5 
울산,중구,기초,남자,70-74세,54 ,1 ,3 ,8 ,14 ,7 ,2 ,4 ,3 ,4 
울산,중구,기초,남자,75-79세,46 ,1 ,3 ,9 ,8 ,5 ,1 ,2 ,2 ,3 
울산,중구,기초,남자,80-84세,23 ,1 ,0 ,0 ,11 ,4 ,1 ,1 ,2 ,0 
울산,중구,기초,남자,85세이상,29 ,0 ,0 ,7 ,12 ,1 ,2 ,1 ,1 ,1 
울산,중구,기초,여자,65세미만,23 ,1 ,1 ,3 ,6 ,0 ,2 ,1 ,0 ,2 
울산,중구,기초,여자,65-69세,66 ,3 ,1 ,10 ,15 ,5 ,1 ,6 ,1 ,6 
울산,중구,기초,여자,70-74세,73 ,1 ,1 ,11 ,22 ,5 ,5 ,7 ,7 ,2 
울산,중구,기초,여자,75-79세,90 ,3 ,6 ,13 ,20 ,15 ,3 ,5 ,7 ,5 
울산,중구,기초,여자,80-84세,133 ,1 ,7 ,21 ,52 ,18 ,1 ,5 ,4 ,4 
울산,중구,기초,여자,85세이상,140 ,5 ,6 ,46 ,48 ,8 ,4 ,1 ,4 ,3 
울산,중구,의료,남자,65-69세,0 ,0 ,0 ,0 ,0 ,0 ,0 ,0 ,0 ,0 
울산,중구,의료,남자,70-74세,1 ,0 ,0 ,1 ,0 ,0 ,0 ,0 ,0 ,0 
울산,중구,의료,남자,75-79세,4 ,0 ,1 ,0 ,1 ,1 ,0 ,0 ,1 ,0 
울산,중구,의료,남자,80-84세,2 ,0 ,0 ,0 ,2 ,0 ,0 ,0 ,0 ,0 
울산,중구,의료,남자,85세이상,1 ,0 ,0 ,0 ,1 ,0 ,0 ,0 ,0 ,0 
울산,중구,의료,여자,65세미만,0 ,0 ,0 ,0 ,0 ,0 ,0 ,0 ,0 ,0 
울산,중구,의료,여자,65-69세,1 ,0 ,0 ,0 ,1 ,0 ,0 ,0 ,0 ,0 
울산,중구,의료,여자,70-74세,2 ,0 ,0 ,0 ,0 ,0 ,0 ,0 ,0 ,0 
울산,중구,의료,여자,75-79세,5 ,1 ,0 ,2 ,2 ,0 ,0 ,0 ,0 ,0 
울산,중구,의료,여자,80-84세,5 ,0 ,0 ,1 ,1 ,1 ,0 ,1 ,0 ,0 
울산,중구,의료,여자,85세이상,17 ,1 ,0 ,5 ,5 ,3 ,1 ,0 ,0 ,0 
울산,중구,감경,남자,65세미만,23 ,2 ,3 ,8 ,6 ,2 ,0 ,0 ,0 ,0 
울산,중구,감경,남자,65-69세,54 ,3 ,4 ,15 ,20 ,3 ,1 ,1 ,0 ,0 
울산,중구,감경,남자,70-74세,71 ,1 ,4 ,22 ,27 ,6 ,3 ,0 ,1 ,1 
울산,중구,감경,남자,75-79세,62 ,6 ,11 ,9 ,24 ,3 ,4 ,1 ,0 ,1 
울산,중구,감경,남자,80-84세,74 ,4 ,8 ,14 ,36 ,8 ,1 ,0 ,0 ,0 
울산,중구,감경,남자,85세이상,46 ,2 ,5 ,13 ,14 ,9 ,2 ,0 ,0 ,0 
울산,중구,감경,여자,65세미만,19 ,2 ,3 ,7 ,4 ,1 ,1 ,0 ,0 ,0 
울산,중구,감경,여자,65-69세,58 ,5 ,7 ,18 ,12 ,8 ,3 ,0 ,1 ,0 
울산,중구,감경,여자,70-74세,77 ,5 ,6 ,18 ,25 ,12 ,4 ,1 ,1 ,0 
울산,중구,감경,여자,75-79세,136 ,2 ,11 ,26 ,51 ,24 ,8 ,2 ,0 ,0 
울산,중구,감경,여자,80-84세,261 ,7 ,22 ,73 ,97 ,33 ,16 ,0 ,2 ,0 
울산,중구,감경,여자,85세이상,376 ,18 ,38 ,127 ,142 ,29 ,6 ,0 ,0 ,0 
울산,남구,일반,남자,65세미만,76 ,3 ,6 ,15 ,14 ,2 ,0 ,8 ,5 ,4 
울산,남구,일반,남자,65-69세,116 ,6 ,7 ,22 ,33 ,7 ,1 ,9 ,7 ,6 
울산,남구,일반,남자,70-74세,163 ,9 ,18 ,33 ,46 ,8 ,1 ,9 ,5 ,8 
울산,남구,일반,남자,75-79세,219 ,8 ,10 ,45 ,72 ,9 ,3 ,10 ,9 ,4 
울산,남구,일반,남자,80-84세,236 ,7 ,7 ,53 ,94 ,13 ,11 ,8 ,6 ,6 
울산,남구,일반,남자,85세이상,228 ,9 ,16 ,42 ,97 ,15 ,2 ,10 ,5 ,5 
울산,남구,일반,여자,65세미만,67 ,5 ,10 ,11 ,10 ,4 ,1 ,5 ,4 ,3 
울산,남구,일반,여자,65-69세,127 ,6 ,3 ,11 ,30 ,4 ,0 ,17 ,4 ,2 
울산,남구,일반,여자,70-74세,269 ,7 ,15 ,35 ,76 ,14 ,9 ,23 ,11 ,3 
울산,남구,일반,여자,75-79세,451 ,8 ,16 ,80 ,147 ,34 ,3 ,27 ,15 ,9 
울산,남구,일반,여자,80-84세,677 ,25 ,42 ,145 ,243 ,60 ,11 ,25 ,12 ,10 
울산,남구,일반,여자,85세이상,659 ,51 ,70 ,197 ,204 ,30 ,10 ,12 ,6 ,4 
울산,남구,기초,남자,65세미만,78 ,2 ,3 ,10 ,19 ,5 ,4 ,5 ,5 ,5 
울산,남구,기초,남자,65-69세,112 ,3 ,0 ,13 ,36 ,8 ,3 ,11 ,10 ,10 
울산,남구,기초,남자,70-74세,67 ,1 ,0 ,9 ,32 ,5 ,3 ,3 ,6 ,0 
울산,남구,기초,남자,75-79세,40 ,1 ,1 ,6 ,12 ,1 ,2 ,4 ,6 ,1 
울산,남구,기초,남자,80-84세,40 ,0 ,2 ,7 ,17 ,5 ,2 ,0 ,2 ,0 
울산,남구,기초,남자,85세이상,25 ,1 ,1 ,5 ,13 ,1 ,1 ,1 ,0 ,0 
울산,남구,기초,여자,65세미만,42 ,3 ,5 ,6 ,13 ,3 ,1 ,1 ,3 ,0 
울산,남구,기초,여자,65-69세,88 ,1 ,4 ,10 ,40 ,4 ,1 ,2 ,10 ,3 
울산,남구,기초,여자,70-74세,75 ,0 ,6 ,11 ,25 ,5 ,1 ,2 ,2 ,4 
울산,남구,기초,여자,75-79세,111 ,4 ,3 ,14 ,38 ,7 ,4 ,8 ,11 ,2 
울산,남구,기초,여자,80-84세,156 ,4 ,10 ,25 ,76 ,11 ,1 ,5 ,2 ,2 
울산,남구,기초,여자,85세이상,147 ,3 ,13 ,36 ,62 ,11 ,1 ,2 ,3 ,0 
울산,남구,의료,남자,65세미만,0 ,0 ,0 ,0 ,0 ,0 ,0 ,0 ,0 ,0 
울산,남구,의료,남자,65-69세,2 ,0 ,0 ,1 ,0 ,0 ,0 ,0 ,1 ,0 
울산,남구,의료,남자,70-74세,1 ,0 ,0 ,0 ,0 ,1 ,0 ,0 ,0 ,0 
울산,남구,의료,남자,75-79세,3 ,0 ,0 ,1 ,0 ,1 ,0 ,0 ,0 ,0 
울산,남구,의료,남자,80-84세,1 ,0 ,0 ,0 ,0 ,1 ,0 ,0 ,0 ,0 
울산,남구,의료,남자,85세이상,3 ,0 ,0 ,3 ,0 ,0 ,0 ,0 ,0 ,0 
울산,남구,의료,여자,65세미만,0 ,0 ,0 ,0 ,0 ,0 ,0 ,0 ,0 ,0 
울산,남구,의료,여자,65-69세,1 ,0 ,0 ,0 ,0 ,0 ,0 ,1 ,0 ,0 
울산,남구,의료,여자,70-74세,4 ,0 ,1 ,1 ,1 ,0 ,0 ,0 ,0 ,0 
울산,남구,의료,여자,75-79세,2 ,0 ,1 ,0 ,1 ,0 ,0 ,0 ,0 ,0 
울산,남구,의료,여자,80-84세,12 ,0 ,0 ,1 ,6 ,2 ,0 ,0 ,0 ,0 
울산,남구,의료,여자,85세이상,18 ,1 ,0 ,6 ,8 ,0 ,0 ,0 ,0 ,0 
울산,남구,감경,남자,65세미만,34 ,3 ,6 ,6 ,16 ,1 ,0 ,0 ,0 ,0 
울산,남구,감경,남자,65-69세,59 ,3 ,8 ,15 ,19 ,5 ,2 ,1 ,0 ,0 
울산,남구,감경,남자,70-74세,84 ,8 ,9 ,16 ,32 ,12 ,0 ,0 ,0 ,0 
울산,남구,감경,남자,75-79세,88 ,7 ,7 ,25 ,33 ,7 ,4 ,1 ,0 ,1 
울산,남구,감경,남자,80-84세,91 ,3 ,10 ,27 ,32 ,8 ,6 ,0 ,0 ,0 
울산,남구,감경,남자,85세이상,71 ,1 ,5 ,21 ,32 ,7 ,4 ,0 ,0 ,0 
울산,남구,감경,여자,65세미만,32 ,5 ,4 ,9 ,6 ,2 ,0 ,0 ,0 ,0 
울산,남구,감경,여자,65-69세,59 ,0 ,3 ,13 ,20 ,9 ,2 ,0 ,1 ,1 
울산,남구,감경,여자,70-74세,91 ,5 ,4 ,19 ,35 ,7 ,4 ,1 ,1 ,0 
울산,남구,감경,여자,75-79세,167 ,10 ,14 ,38 ,55 ,21 ,6 ,1 ,0 ,1 
울산,남구,감경,여자,80-84세,324 ,20 ,33 ,74 ,137 ,35 ,6 ,0 ,1 ,0 
울산,남구,감경,여자,85세이상,440 ,35 ,63 ,136 ,161 ,18 ,3 ,0 ,0 ,0 
울산,동구,일반,남자,65세미만,26 ,0 ,1 ,3 ,2 ,1 ,0 ,5 ,2 ,1 
울산,동구,일반,남자,65-69세,61 ,3 ,3 ,17 ,7 ,3 ,1 ,4 ,7 ,3 
울산,동구,일반,남자,70-74세,112 ,3 ,6 ,24 ,35 ,7 ,3 ,4 ,2 ,6 
울산,동구,일반,남자,75-79세,131 ,3 ,8 ,30 ,42 ,7 ,5 ,5 ,5 ,7 
울산,동구,일반,남자,80-84세,104 ,2 ,4 ,16 ,44 ,1 ,3 ,7 ,3 ,6 
울산,동구,일반,남자,85세이상,67 ,0 ,6 ,19 ,26 ,3 ,0 ,4 ,0 ,1 
울산,동구,일반,여자,65세미만,35 ,4 ,3 ,8 ,3 ,0 ,0 ,7 ,2 ,1 
울산,동구,일반,여자,65-69세,96 ,2 ,4 ,10 ,20 ,0 ,3 ,8 ,8 ,3 
울산,동구,일반,여자,70-74세,138 ,5 ,3 ,18 ,39 ,5 ,1 ,13 ,9 ,8 
울산,동구,일반,여자,75-79세,185 ,2 ,9 ,26 ,56 ,15 ,3 ,17 ,8 ,6 
울산,동구,일반,여자,80-84세,297 ,14 ,8 ,63 ,97 ,27 ,3 ,24 ,6 ,5 
울산,동구,일반,여자,85세이상,247 ,10 ,21 ,70 ,81 ,17 ,3 ,7 ,6 ,4 
울산,동구,기초,남자,65세미만,45 ,2 ,0 ,5 ,12 ,10 ,2 ,1 ,2 ,2 
울산,동구,기초,남자,65-69세,57 ,1 ,0 ,5 ,27 ,6 ,0 ,4 ,3 ,3 
울산,동구,기초,남자,70-74세,50 ,0 ,3 ,2 ,17 ,5 ,0 ,5 ,8 ,2 
울산,동구,기초,남자,75-79세,31 ,0 ,0 ,2 ,16 ,5 ,0 ,2 ,0 ,2 
울산,동구,기초,남자,80-84세,24 ,0 ,1 ,6 ,10 ,4 ,0 ,0 ,0 ,0 
울산,동구,기초,남자,85세이상,13 ,0 ,0 ,2 ,7 ,2 ,0 ,0 ,0 ,0 
울산,동구,기초,여자,65세미만,28 ,2 ,1 ,1 ,10 ,1 ,0 ,4 ,1 ,2 
울산,동구,기초,여자,65-69세,55 ,1 ,0 ,3 ,23 ,2 ,3 ,5 ,4 ,5 
울산,동구,기초,여자,70-74세,63 ,0 ,5 ,10 ,22 ,4 ,2 ,9 ,6 ,1 
울산,동구,기초,여자,75-79세,66 ,2 ,4 ,7 ,23 ,6 ,1 ,6 ,5 ,4 
울산,동구,기초,여자,80-84세,80 ,1 ,1 ,16 ,37 ,9 ,1 ,0 ,3 ,1 
울산,동구,기초,여자,85세이상,80 ,6 ,11 ,22 ,27 ,6 ,1 ,0 ,2 ,2 
울산,동구,의료,남자,70-74세,2 ,0 ,0 ,0 ,0 ,1 ,0 ,0 ,1 ,0 
울산,동구,의료,남자,75-79세,1 ,0 ,0 ,0 ,1 ,0 ,0 ,0 ,0 ,0 
울산,동구,의료,남자,85세이상,1 ,0 ,0 ,0 ,1 ,0 ,0 ,0 ,0 ,0 
울산,동구,의료,여자,65세미만,0 ,0 ,0 ,0 ,0 ,0 ,0 ,0 ,0 ,0 
울산,동구,의료,여자,65-69세,1 ,0 ,0 ,1 ,0 ,0 ,0 ,0 ,0 ,0 
울산,동구,의료,여자,75-79세,4 ,0 ,0 ,0 ,2 ,0 ,0 ,1 ,0 ,0 
울산,동구,의료,여자,80-84세,2 ,0 ,0 ,0 ,1 ,0 ,0 ,0 ,0 ,0 
울산,동구,의료,여자,85세이상,4 ,1 ,1 ,1 ,0 ,0 ,0 ,1 ,0 ,0 
울산,동구,감경,남자,65세미만,17 ,2 ,2 ,5 ,5 ,1 ,0 ,0 ,0 ,0 
울산,동구,감경,남자,65-69세,47 ,0 ,5 ,16 ,14 ,8 ,1 ,0 ,0 ,0 
울산,동구,감경,남자,70-74세,40 ,2 ,3 ,13 ,17 ,4 ,0 ,0 ,0 ,0 
울산,동구,감경,남자,75-79세,56 ,2 ,3 ,14 ,27 ,3 ,1 ,0 ,0 ,1 
울산,동구,감경,남자,80-84세,46 ,2 ,3 ,13 ,21 ,6 ,0 ,0 ,0 ,0 
울산,동구,감경,남자,85세이상,30 ,0 ,2 ,9 ,14 ,2 ,2 ,0 ,0 ,0 
울산,동구,감경,여자,65세미만,18 ,3 ,1 ,6 ,3 ,1 ,1 ,0 ,0 ,0 
울산,동구,감경,여자,65-69세,26 ,1 ,1 ,10 ,11 ,1 ,0 ,1 ,0 ,0 
울산,동구,감경,여자,70-74세,53 ,2 ,7 ,13 ,22 ,4 ,2 ,0 ,1 ,0 
울산,동구,감경,여자,75-79세,92 ,3 ,6 ,27 ,39 ,7 ,2 ,0 ,1 ,0 
울산,동구,감경,여자,80-84세,116 ,6 ,10 ,34 ,44 ,15 ,0 ,2 ,0 ,0 
울산,동구,감경,여자,85세이상,197 ,10 ,27 ,56 ,84 ,13 ,1 ,0 ,1 ,0 
울산,북구,일반,남자,65세미만,36 ,4 ,1 ,3 ,10 ,2 ,0 ,7 ,0 ,0 
울산,북구,일반,남자,65-69세,72 ,2 ,3 ,11 ,24 ,4 ,1 ,3 ,0 ,2 
울산,북구,일반,남자,70-74세,82 ,3 ,4 ,18 ,18 ,2 ,4 ,5 ,5 ,5 
울산,북구,일반,남자,75-79세,95 ,4 ,3 ,23 ,19 ,15 ,0 ,6 ,3 ,3 
울산,북구,일반,남자,80-84세,131 ,2 ,12 ,28 ,30 ,17 ,1 ,4 ,2 ,4 
울산,북구,일반,남자,85세이상,106 ,3 ,9 ,24 ,31 ,13 ,1 ,6 ,4 ,3 
울산,북구,일반,여자,65세미만,35 ,5 ,3 ,11 ,4 ,2 ,0 ,2 ,3 ,0 
울산,북구,일반,여자,65-69세,63 ,4 ,2 ,7 ,12 ,2 ,1 ,13 ,4 ,1 
울산,북구,일반,여자,70-74세,132 ,4 ,6 ,19 ,29 ,11 ,4 ,9 ,6 ,4 
울산,북구,일반,여자,75-79세,267 ,11 ,12 ,49 ,67 ,25 ,9 ,21 ,7 ,8 
울산,북구,일반,여자,80-84세,399 ,11 ,25 ,75 ,112 ,36 ,12 ,27 ,8 ,7 
울산,북구,일반,여자,85세이상,412 ,12 ,32 ,112 ,129 ,36 ,6 ,17 ,6 ,4 
울산,북구,기초,남자,65세미만,28 ,4 ,3 ,2 ,7 ,1 ,1 ,1 ,2 ,0 
울산,북구,기초,남자,65-69세,45 ,2 ,0 ,4 ,13 ,3 ,4 ,4 ,3 ,5 
울산,북구,기초,남자,70-74세,20 ,0 ,0 ,4 ,7 ,3 ,0 ,1 ,2 ,1 
울산,북구,기초,남자,75-79세,23 ,0 ,2 ,3 ,7 ,0 ,1 ,1 ,2 ,1 
울산,북구,기초,남자,80-84세,23 ,1 ,2 ,5 ,10 ,2 ,1 ,0 ,0 ,0 
울산,북구,기초,남자,85세이상,10 ,0 ,1 ,4 ,1 ,1 ,0 ,0 ,0 ,0 
울산,북구,기초,여자,65세미만,22 ,2 ,0 ,4 ,7 ,1 ,0 ,2 ,0 ,0 
울산,북구,기초,여자,65-69세,40 ,1 ,2 ,8 ,13 ,1 ,2 ,3 ,2 ,3 
울산,북구,기초,여자,70-74세,44 ,2 ,1 ,8 ,16 ,4 ,2 ,2 ,2 ,4 
울산,북구,기초,여자,75-79세,44 ,2 ,1 ,5 ,9 ,9 ,2 ,4 ,3 ,2 
울산,북구,기초,여자,80-84세,68 ,2 ,3 ,15 ,25 ,6 ,2 ,0 ,2 ,1 
울산,북구,기초,여자,85세이상,84 ,4 ,13 ,22 ,29 ,7 ,2 ,1 ,0 ,0 
울산,북구,의료,남자,65세미만,0 ,0 ,0 ,0 ,0 ,0 ,0 ,0 ,0 ,0 
울산,북구,의료,남자,70-74세,4 ,0 ,0 ,0 ,3 ,1 ,0 ,0 ,0 ,0 
울산,북구,의료,남자,75-79세,2 ,0 ,0 ,0 ,0 ,0 ,0 ,0 ,0 ,0 
울산,북구,의료,남자,85세이상,1 ,0 ,0 ,0 ,1 ,0 ,0 ,0 ,0 ,0 
울산,북구,의료,여자,65세미만,0 ,0 ,0 ,0 ,0 ,0 ,0 ,0 ,0 ,0 
울산,북구,의료,여자,65-69세,2 ,0 ,0 ,0 ,2 ,0 ,0 ,0 ,0 ,0 
울산,북구,의료,여자,70-74세,3 ,0 ,0 ,0 ,2 ,1 ,0 ,0 ,0 ,0 
울산,북구,의료,여자,75-79세,1 ,0 ,0 ,0 ,0 ,0 ,0 ,0 ,0 ,0 
울산,북구,의료,여자,80-84세,3 ,0 ,0 ,2 ,0 ,0 ,1 ,0 ,0 ,0 
울산,북구,의료,여자,85세이상,10 ,1 ,2 ,4 ,2 ,0 ,0 ,0 ,1 ,0 
울산,북구,감경,남자,65세미만,31 ,6 ,4 ,7 ,8 ,2 ,1 ,0 ,0 ,0 
울산,북구,감경,남자,65-69세,31 ,2 ,4 ,10 ,11 ,0 ,1 ,1 ,0 ,0 
울산,북구,감경,남자,70-74세,44 ,3 ,4 ,15 ,12 ,4 ,1 ,2 ,1 ,0 
울산,북구,감경,남자,75-79세,49 ,2 ,3 ,18 ,15 ,6 ,1 ,0 ,1 ,0 
울산,북구,감경,남자,80-84세,44 ,2 ,2 ,19 ,12 ,4 ,2 ,0 ,1 ,0 
울산,북구,감경,남자,85세이상,49 ,1 ,7 ,14 ,15 ,7 ,2 ,1 ,0 ,0 
울산,북구,감경,여자,65세미만,17 ,3 ,5 ,6 ,2 ,0 ,1 ,0 ,0 ,0 
울산,북구,감경,여자,65-69세,46 ,1 ,2 ,13 ,15 ,4 ,3 ,1 ,1 ,0 
울산,북구,감경,여자,70-74세,55 ,4 ,2 ,19 ,16 ,8 ,2 ,0 ,0 ,0 
울산,북구,감경,여자,75-79세,86 ,3 ,8 ,16 ,35 ,10 ,6 ,0 ,0 ,0 
울산,북구,감경,여자,80-84세,166 ,5 ,16 ,46 ,66 ,19 ,5 ,1 ,0 ,0 
울산,북구,감경,여자,85세이상,270 ,20 ,31 ,91 ,94 ,22 ,2 ,0 ,0 ,0 
울산,울주군,일반,남자,65세미만,40 ,4 ,3 ,6 ,9 ,1 ,0 ,4 ,2 ,0 
울산,울주군,일반,남자,65-69세,95 ,6 ,2 ,12 ,23 ,1 ,2 ,11 ,4 ,2 
울산,울주군,일반,남자,70-74세,152 ,3 ,14 ,29 ,48 ,10 ,0 ,6 ,11 ,1 
울산,울주군,일반,남자,75-79세,208 ,4 ,14 ,36 ,56 ,14 ,2 ,16 ,12 ,3 
울산,울주군,일반,남자,80-84세,239 ,2 ,8 ,47 ,81 ,24 ,1 ,20 ,5 ,2 
울산,울주군,일반,남자,85세이상,229 ,6 ,19 ,51 ,90 ,12 ,2 ,18 ,6 ,1 
울산,울주군,일반,여자,65세미만,50 ,2 ,6 ,7 ,9 ,2 ,1 ,7 ,0 ,2 
울산,울주군,일반,여자,65-69세,129 ,4 ,6 ,16 ,29 ,3 ,3 ,15 ,8 ,2 
울산,울주군,일반,여자,70-74세,242 ,7 ,12 ,32 ,54 ,14 ,3 ,28 ,10 ,5 
울산,울주군,일반,여자,75-79세,477 ,11 ,23 ,87 ,138 ,39 ,6 ,39 ,16 ,6 
울산,울주군,일반,여자,80-84세,692 ,32 ,33 ,119 ,262 ,52 ,11 ,44 ,19 ,3 
울산,울주군,일반,여자,85세이상,864 ,35 ,96 ,233 ,294 ,41 ,2 ,32 ,12 ,3 
울산,울주군,기초,남자,65세미만,58 ,3 ,3 ,16 ,15 ,4 ,0 ,2 ,4 ,1 
울산,울주군,기초,남자,65-69세,68 ,2 ,4 ,10 ,23 ,3 ,1 ,8 ,6 ,2 
울산,울주군,기초,남자,70-74세,56 ,3 ,4 ,9 ,19 ,1 ,2 ,1 ,3 ,1 
울산,울주군,기초,남자,75-79세,48 ,0 ,4 ,7 ,18 ,8 ,1 ,2 ,3 ,0 
울산,울주군,기초,남자,80-84세,55 ,1 ,5 ,10 ,20 ,7 ,1 ,2 ,2 ,2 
울산,울주군,기초,남자,85세이상,32 ,3 ,2 ,7 ,11 ,2 ,0 ,1 ,2 ,0 
울산,울주군,기초,여자,65세미만,41 ,2 ,8 ,5 ,14 ,1 ,2 ,4 ,1 ,0 
울산,울주군,기초,여자,65-69세,69 ,5 ,8 ,11 ,18 ,3 ,1 ,4 ,5 ,4 
울산,울주군,기초,여자,70-74세,62 ,1 ,4 ,8 ,20 ,4 ,2 ,5 ,5 ,0 
울산,울주군,기초,여자,75-79세,114 ,2 ,7 ,20 ,39 ,7 ,2 ,7 ,8 ,0 
울산,울주군,기초,여자,80-84세,122 ,6 ,14 ,22 ,49 ,10 ,1 ,3 ,0 ,2 
울산,울주군,기초,여자,85세이상,150 ,12 ,18 ,36 ,59 ,9 ,1 ,3 ,1 ,0 
울산,울주군,의료,남자,65-69세,1 ,0 ,0 ,0 ,0 ,0 ,0 ,1 ,0 ,0 
울산,울주군,의료,남자,70-74세,1 ,0 ,0 ,0 ,0 ,0 ,0 ,0 ,0 ,0 
울산,울주군,의료,남자,75-79세,5 ,0 ,2 ,1 ,1 ,0 ,0 ,0 ,0 ,0 
울산,울주군,의료,남자,80-84세,4 ,0 ,1 ,1 ,1 ,0 ,0 ,0 ,0 ,0 
울산,울주군,의료,남자,85세이상,4 ,0 ,0 ,2 ,2 ,0 ,0 ,0 ,0 ,0 
울산,울주군,의료,여자,65-69세,0 ,0 ,0 ,0 ,0 ,0 ,0 ,0 ,0 ,0 
울산,울주군,의료,여자,70-74세,3 ,0 ,0 ,0 ,1 ,0 ,0 ,0 ,0 ,1 
울산,울주군,의료,여자,75-79세,6 ,0 ,0 ,0 ,3 ,1 ,0 ,0 ,0 ,0 
울산,울주군,의료,여자,80-84세,8 ,0 ,0 ,1 ,3 ,0 ,1 ,0 ,0 ,0 
울산,울주군,의료,여자,85세이상,31 ,1 ,6 ,8 ,14 ,1 ,0 ,0 ,1 ,0 
울산,울주군,감경,남자,65세미만,40 ,4 ,9 ,16 ,7 ,1 ,0 ,0 ,0 ,0 
울산,울주군,감경,남자,65-69세,45 ,6 ,2 ,10 ,14 ,3 ,1 ,0 ,1 ,0 
울산,울주군,감경,남자,70-74세,72 ,7 ,6 ,14 ,34 ,5 ,2 ,0 ,0 ,0 
울산,울주군,감경,남자,75-79세,123 ,7 ,11 ,25 ,57 ,10 ,3 ,1 ,0 ,0 
울산,울주군,감경,남자,80-84세,90 ,5 ,8 ,25 ,38 ,5 ,4 ,0 ,1 ,0 
울산,울주군,감경,남자,85세이상,104 ,2 ,12 ,23 ,50 ,11 ,2 ,0 ,1 ,0 
울산,울주군,감경,여자,65세미만,34 ,6 ,3 ,7 ,9 ,3 ,0 ,0 ,0 ,0 
울산,울주군,감경,여자,65-69세,70 ,11 ,7 ,19 ,21 ,5 ,1 ,1 ,0 ,0 
울산,울주군,감경,여자,70-74세,105 ,9 ,4 ,30 ,39 ,13 ,2 ,1 ,0 ,0 
울산,울주군,감경,여자,75-79세,221 ,11 ,18 ,50 ,104 ,19 ,1 ,0 ,1 ,0 
울산,울주군,감경,여자,80-84세,396 ,24 ,40 ,105 ,166 ,41 ,2 ,1 ,1 ,0 
울산,울주군,감경,여자,85세이상,582 ,25 ,84 ,205 ,206 ,38 ,2 ,0 ,0 ,0 
세종,,일반,남자,65세미만,40 ,2 ,4 ,9 ,11 ,2 ,0 ,3 ,4 ,0 
세종,,일반,남자,65-69세,86 ,3 ,0 ,15 ,19 ,7 ,0 ,12 ,6 ,2 
세종,,일반,남자,70-74세,142 ,5 ,7 ,18 ,49 ,10 ,3 ,16 ,9 ,1 
세종,,일반,남자,75-79세,192 ,7 ,8 ,34 ,56 ,29 ,3 ,15 ,7 ,0 
세종,,일반,남자,80-84세,263 ,2 ,6 ,46 ,86 ,37 ,6 ,13 ,15 ,4 
세종,,일반,남자,85세이상,304 ,2 ,18 ,55 ,115 ,48 ,9 ,10 ,10 ,3 
세종,,일반,여자,65세미만,36 ,2 ,2 ,10 ,11 ,1 ,0 ,0 ,1 ,0 
세종,,일반,여자,65-69세,105 ,3 ,5 ,12 ,21 ,15 ,1 ,10 ,5 ,0 
세종,,일반,여자,70-74세,208 ,5 ,9 ,17 ,52 ,23 ,6 ,17 ,9 ,6 
세종,,일반,여자,75-79세,391 ,5 ,15 ,58 ,99 ,55 ,6 ,33 ,32 ,5 
세종,,일반,여자,80-84세,622 ,12 ,30 ,109 ,194 ,87 ,13 ,29 ,31 ,3 
세종,,일반,여자,85세이상,822 ,29 ,61 ,206 ,319 ,79 ,6 ,21 ,15 ,1 
세종,,기초,남자,65세미만,33 ,1 ,2 ,2 ,12 ,3 ,1 ,2 ,2 ,2 
세종,,기초,남자,65-69세,31 ,0 ,2 ,6 ,5 ,3 ,4 ,6 ,2 ,1 
세종,,기초,남자,70-74세,33 ,1 ,3 ,4 ,8 ,3 ,1 ,2 ,4 ,1 
세종,,기초,남자,75-79세,19 ,0 ,0 ,3 ,6 ,3 ,1 ,1 ,2 ,0 
세종,,기초,남자,80-84세,24 ,0 ,1 ,5 ,11 ,0 ,2 ,1 ,3 ,0 
세종,,기초,남자,85세이상,29 ,0 ,0 ,9 ,10 ,3 ,2 ,1 ,0 ,1 
세종,,기초,여자,65세미만,18 ,0 ,1 ,2 ,8 ,1 ,1 ,0 ,1 ,0 
세종,,기초,여자,65-69세,43 ,2 ,2 ,6 ,13 ,2 ,2 ,3 ,4 ,1 
세종,,기초,여자,70-74세,45 ,1 ,2 ,6 ,11 ,2 ,2 ,2 ,6 ,2 
세종,,기초,여자,75-79세,64 ,1 ,1 ,12 ,25 ,7 ,1 ,3 ,5 ,2 
세종,,기초,여자,80-84세,105 ,4 ,8 ,28 ,27 ,18 ,3 ,5 ,3 ,0 
세종,,기초,여자,85세이상,130 ,5 ,13 ,35 ,51 ,8 ,1 ,3 ,3 ,1 
세종,,의료,남자,65세미만,1 ,0 ,0 ,0 ,0 ,0 ,0 ,0 ,0 ,0 
세종,,의료,남자,65-69세,0 ,0 ,0 ,0 ,0 ,0 ,0 ,0 ,0 ,0 
세종,,의료,남자,70-74세,1 ,0 ,0 ,0 ,1 ,0 ,0 ,0 ,0 ,0 
세종,,의료,남자,75-79세,2 ,0 ,0 ,0 ,1 ,1 ,0 ,0 ,0 ,0 
세종,,의료,남자,80-84세,2 ,0 ,1 ,0 ,1 ,0 ,0 ,0 ,0 ,0 
세종,,의료,남자,85세이상,5 ,0 ,1 ,0 ,3 ,1 ,0 ,0 ,0 ,0 
세종,,의료,여자,65-69세,0 ,0 ,0 ,0 ,0 ,0 ,0 ,0 ,0 ,0 
세종,,의료,여자,70-74세,2 ,0 ,0 ,1 ,0 ,0 ,0 ,0 ,0 ,0 
세종,,의료,여자,75-79세,6 ,0 ,1 ,1 ,1 ,2 ,0 ,0 ,1 ,0 
세종,,의료,여자,80-84세,9 ,0 ,0 ,2 ,2 ,1 ,0 ,0 ,1 ,0 
세종,,의료,여자,85세이상,24 ,1 ,2 ,8 ,9 ,3 ,0 ,0 ,0 ,0 
세종,,감경,남자,65세미만,25 ,0 ,2 ,11 ,5 ,1 ,0 ,0 ,0 ,0 
세종,,감경,남자,65-69세,42 ,0 ,3 ,10 ,22 ,3 ,1 ,0 ,0 ,0 
세종,,감경,남자,70-74세,59 ,0 ,1 ,18 ,26 ,9 ,1 ,0 ,0 ,0 
세종,,감경,남자,75-79세,68 ,2 ,2 ,18 ,28 ,13 ,2 ,0 ,0 ,0 
세종,,감경,남자,80-84세,93 ,2 ,8 ,19 ,41 ,19 ,1 ,0 ,0 ,1 
세종,,감경,남자,85세이상,112 ,1 ,1 ,29 ,62 ,15 ,1 ,1 ,1 ,0 
세종,,감경,여자,65세미만,15 ,5 ,0 ,1 ,5 ,1 ,1 ,0 ,1 ,0 
세종,,감경,여자,65-69세,38 ,2 ,5 ,10 ,10 ,4 ,1 ,1 ,1 ,0 
세종,,감경,여자,70-74세,74 ,4 ,6 ,13 ,34 ,7 ,3 ,0 ,0 ,0 
세종,,감경,여자,75-79세,144 ,7 ,9 ,34 ,54 ,21 ,7 ,1 ,0 ,1 
세종,,감경,여자,80-84세,315 ,9 ,23 ,64 ,131 ,63 ,6 ,0 ,1 ,0 
세종,,감경,여자,85세이상,558 ,12 ,50 ,154 ,241 ,77 ,9 ,1 ,1 ,0 
경기,수원시,일반,남자,65세미만,221 ,21 ,15 ,39 ,30 ,4 ,1 ,29 ,9 ,9 
경기,수원시,일반,남자,65-69세,389 ,28 ,20 ,73 ,83 ,12 ,6 ,34 ,15 ,11 
경기,수원시,일반,남자,70-74세,535 ,24 ,30 ,109 ,140 ,22 ,5 ,45 ,20 ,8 
경기,수원시,일반,남자,75-79세,711 ,33 ,40 ,154 ,199 ,54 ,9 ,36 ,22 ,12 
경기,수원시,일반,남자,80-84세,1047 ,42 ,57 ,239 ,303 ,88 ,32 ,57 ,25 ,9 
경기,수원시,일반,남자,85세이상,1061 ,33 ,63 ,280 ,389 ,97 ,14 ,22 ,20 ,11 
경기,수원시,일반,여자,65세미만,211 ,29 ,11 ,46 ,24 ,12 ,2 ,22 ,13 ,7 
경기,수원시,일반,여자,65-69세,464 ,19 ,26 ,70 ,62 ,15 ,6 ,60 ,21 ,10 
경기,수원시,일반,여자,70-74세,862 ,44 ,44 ,152 ,196 ,36 ,17 ,75 ,41 ,15 
경기,수원시,일반,여자,75-79세,1530 ,71 ,88 ,291 ,379 ,97 ,39 ,133 ,52 ,22 
경기,수원시,일반,여자,80-84세,2628 ,132 ,172 ,605 ,805 ,199 ,46 ,138 ,60 ,19 
경기,수원시,일반,여자,85세이상,3084 ,195 ,321 ,962 ,989 ,158 ,32 ,93 ,30 ,14 
경기,수원시,기초,남자,65세미만,216 ,13 ,10 ,44 ,47 ,12 ,6 ,25 ,8 ,11 
경기,수원시,기초,남자,65-69세,257 ,9 ,13 ,48 ,65 ,12 ,9 ,20 ,23 ,14 
경기,수원시,기초,남자,70-74세,203 ,7 ,13 ,24 ,71 ,16 ,7 ,10 ,15 ,7 
경기,수원시,기초,남자,75-79세,169 ,4 ,14 ,34 ,50 ,11 ,1 ,10 ,11 ,7 
경기,수원시,기초,남자,80-84세,179 ,7 ,5 ,34 ,87 ,11 ,2 ,4 ,4 ,2 
경기,수원시,기초,남자,85세이상,83 ,4 ,2 ,22 ,29 ,7 ,0 ,3 ,2 ,1 
경기,수원시,기초,여자,65세미만,109 ,12 ,9 ,23 ,22 ,5 ,3 ,13 ,2 ,8 
경기,수원시,기초,여자,65-69세,225 ,12 ,12 ,40 ,48 ,12 ,2 ,25 ,8 ,11 
경기,수원시,기초,여자,70-74세,269 ,13 ,12 ,42 ,82 ,12 ,3 ,15 ,26 ,9 
경기,수원시,기초,여자,75-79세,371 ,17 ,25 ,65 ,133 ,26 ,4 ,22 ,7 ,10 
경기,수원시,기초,여자,80-84세,481 ,19 ,43 ,117 ,166 ,37 ,5 ,16 ,14 ,6 
경기,수원시,기초,여자,85세이상,610 ,48 ,78 ,188 ,202 ,32 ,3 ,8 ,4 ,2 
경기,수원시,의료,남자,65세미만,1 ,0 ,0 ,0 ,0 ,0 ,0 ,1 ,0 ,0 
경기,수원시,의료,남자,65-69세,4 ,0 ,0 ,0 ,0 ,0 ,0 ,2 ,1 ,0 
경기,수원시,의료,남자,70-74세,14 ,0 ,0 ,4 ,5 ,1 ,0 ,1 ,1 ,1 
경기,수원시,의료,남자,75-79세,27 ,1 ,3 ,6 ,13 ,2 ,0 ,0 ,0 ,0 
경기,수원시,의료,남자,80-84세,14 ,0 ,0 ,4 ,3 ,4 ,0 ,0 ,1 ,0 
경기,수원시,의료,남자,85세이상,33 ,0 ,4 ,11 ,12 ,2 ,0 ,0 ,1 ,0 
경기,수원시,의료,여자,65세미만,0 ,0 ,0 ,0 ,0 ,0 ,0 ,0 ,0 ,0 
경기,수원시,의료,여자,65-69세,2 ,0 ,0 ,0 ,0 ,0 ,0 ,0 ,0 ,1 
경기,수원시,의료,여자,70-74세,17 ,0 ,1 ,4 ,6 ,0 ,0 ,0 ,1 ,2 
경기,수원시,의료,여자,75-79세,20 ,0 ,1 ,3 ,6 ,1 ,1 ,3 ,2 ,0 
경기,수원시,의료,여자,80-84세,54 ,7 ,2 ,11 ,21 ,6 ,0 ,1 ,0 ,1 
경기,수원시,의료,여자,85세이상,157 ,9 ,16 ,55 ,56 ,9 ,0 ,4 ,0 ,1 
경기,수원시,감경,남자,65세미만,168 ,16 ,19 ,57 ,46 ,10 ,1 ,1 ,0 ,0 
경기,수원시,감경,남자,65-69세,223 ,20 ,16 ,80 ,78 ,11 ,2 ,1 ,0 ,0 
경기,수원시,감경,남자,70-74세,301 ,16 ,26 ,107 ,101 ,22 ,8 ,2 ,1 ,1 
경기,수원시,감경,남자,75-79세,362 ,15 ,31 ,100 ,141 ,41 ,10 ,2 ,1 ,1 
경기,수원시,감경,남자,80-84세,423 ,31 ,25 ,115 ,174 ,50 ,14 ,2 ,1 ,1 
경기,수원시,감경,남자,85세이상,465 ,17 ,35 ,155 ,209 ,38 ,8 ,0 ,0 ,0 
경기,수원시,감경,여자,65세미만,138 ,29 ,10 ,32 ,42 ,11 ,3 ,0 ,0 ,3 
경기,수원시,감경,여자,65-69세,208 ,20 ,14 ,67 ,63 ,20 ,4 ,2 ,2 ,0 
경기,수원시,감경,여자,70-74세,351 ,24 ,38 ,94 ,121 ,36 ,8 ,1 ,2 ,0 
경기,수원시,감경,여자,75-79세,778 ,45 ,76 ,222 ,289 ,64 ,31 ,2 ,2 ,3 
경기,수원시,감경,여자,80-84세,1367 ,95 ,121 ,439 ,524 ,105 ,33 ,5 ,9 ,0 
경기,수원시,감경,여자,85세이상,2322 ,194 ,337 ,788 ,825 ,125 ,18 ,4 ,2 ,0 
경기,성남시,일반,남자,65세미만,199 ,27 ,9 ,34 ,23 ,3 ,3 ,27 ,6 ,7 
경기,성남시,일반,남자,65-69세,321 ,24 ,24 ,75 ,63 ,4 ,3 ,28 ,18 ,10 
경기,성남시,일반,남자,70-74세,411 ,34 ,27 ,92 ,107 ,19 ,5 ,31 ,9 ,4 
경기,성남시,일반,남자,75-79세,672 ,53 ,45 ,146 ,188 ,26 ,14 ,33 ,20 ,13 
경기,성남시,일반,남자,80-84세,922 ,51 ,92 ,193 ,290 ,60 ,19 ,29 ,20 ,10 
경기,성남시,일반,남자,85세이상,1179 ,67 ,120 ,322 ,367 ,74 ,16 ,34 ,27 ,5 
경기,성남시,일반,여자,65세미만,160 ,19 ,8 ,24 ,21 ,7 ,1 ,22 ,9 ,8 
경기,성남시,일반,여자,65-69세,349 ,19 ,24 ,55 ,45 ,5 ,2 ,36 ,17 ,11 
경기,성남시,일반,여자,70-74세,661 ,51 ,40 ,110 ,139 ,36 ,14 ,52 ,31 ,12 
경기,성남시,일반,여자,75-79세,1286 ,74 ,79 ,227 ,359 ,79 ,27 ,84 ,45 ,22 
경기,성남시,일반,여자,80-84세,2077 ,131 ,163 ,477 ,661 ,146 ,37 ,81 ,32 ,21 
경기,성남시,일반,여자,85세이상,3082 ,277 ,413 ,860 ,954 ,150 ,20 ,74 ,30 ,13 
경기,성남시,기초,남자,65세미만,212 ,14 ,12 ,35 ,46 ,8 ,8 ,27 ,16 ,13 
경기,성남시,기초,남자,65-69세,284 ,4 ,12 ,46 ,87 ,16 ,3 ,40 ,19 ,10 
경기,성남시,기초,남자,70-74세,182 ,6 ,11 ,31 ,49 ,18 ,5 ,14 ,11 ,7 
경기,성남시,기초,남자,75-79세,155 ,3 ,14 ,33 ,60 ,12 ,2 ,6 ,8 ,6 
경기,성남시,기초,남자,80-84세,146 ,4 ,11 ,26 ,68 ,10 ,2 ,4 ,3 ,1 
경기,성남시,기초,남자,85세이상,82 ,2 ,7 ,18 ,36 ,3 ,1 ,1 ,3 ,1 
경기,성남시,기초,여자,65세미만,113 ,11 ,7 ,21 ,21 ,5 ,3 ,14 ,5 ,7 
경기,성남시,기초,여자,65-69세,200 ,11 ,5 ,33 ,59 ,8 ,3 ,22 ,17 ,9 
경기,성남시,기초,여자,70-74세,236 ,9 ,17 ,45 ,71 ,17 ,1 ,17 ,7 ,7 
경기,성남시,기초,여자,75-79세,336 ,13 ,16 ,71 ,126 ,20 ,3 ,14 ,15 ,8 
경기,성남시,기초,여자,80-84세,462 ,21 ,34 ,126 ,181 ,23 ,3 ,15 ,11 ,4 
경기,성남시,기초,여자,85세이상,539 ,46 ,60 ,179 ,180 ,28 ,3 ,6 ,8 ,1 
경기,성남시,의료,남자,65세미만,1 ,0 ,0 ,1 ,0 ,0 ,0 ,0 ,0 ,0 
경기,성남시,의료,남자,65-69세,0 ,0 ,0 ,0 ,0 ,0 ,0 ,0 ,0 ,0 
경기,성남시,의료,남자,70-74세,3 ,0 ,0 ,0 ,1 ,0 ,0 ,0 ,0 ,0 
경기,성남시,의료,남자,75-79세,5 ,0 ,0 ,0 ,2 ,2 ,0 ,0 ,0 ,1 
경기,성남시,의료,남자,80-84세,4 ,0 ,1 ,0 ,2 ,0 ,0 ,0 ,1 ,0 
경기,성남시,의료,남자,85세이상,11 ,0 ,1 ,2 ,5 ,1 ,0 ,2 ,0 ,0 
경기,성남시,의료,여자,65세미만,2 ,0 ,0 ,1 ,0 ,0 ,0 ,0 ,0 ,0 
경기,성남시,의료,여자,65-69세,2 ,1 ,0 ,0 ,0 ,0 ,0 ,1 ,0 ,0 
경기,성남시,의료,여자,70-74세,7 ,0 ,0 ,3 ,3 ,0 ,0 ,0 ,0 ,0 
경기,성남시,의료,여자,75-79세,7 ,0 ,1 ,2 ,3 ,0 ,0 ,0 ,0 ,0 
경기,성남시,의료,여자,80-84세,20 ,1 ,1 ,3 ,8 ,1 ,0 ,2 ,0 ,0 
경기,성남시,의료,여자,85세이상,48 ,7 ,4 ,17 ,13 ,3 ,0 ,1 ,0 ,0 
경기,성남시,감경,남자,65세미만,105 ,13 ,6 ,37 ,28 ,6 ,2 ,1 ,0 ,0 
경기,성남시,감경,남자,65-69세,181 ,9 ,21 ,69 ,62 ,8 ,2 ,3 ,2 ,0 
경기,성남시,감경,남자,70-74세,221 ,12 ,27 ,61 ,85 ,14 ,6 ,3 ,1 ,1 
경기,성남시,감경,남자,75-79세,244 ,9 ,27 ,78 ,99 ,16 ,3 ,1 ,1 ,1 
경기,성남시,감경,남자,80-84세,308 ,18 ,27 ,94 ,126 ,28 ,6 ,0 ,1 ,0 
경기,성남시,감경,남자,85세이상,283 ,11 ,38 ,94 ,113 ,20 ,3 ,0 ,0 ,0 
경기,성남시,감경,여자,65세미만,71 ,22 ,11 ,15 ,13 ,5 ,0 ,0 ,0 ,0 
경기,성남시,감경,여자,65-69세,130 ,14 ,11 ,36 ,47 ,5 ,3 ,1 ,0 ,1 
경기,성남시,감경,여자,70-74세,269 ,21 ,25 ,72 ,92 ,24 ,6 ,5 ,1 ,0 
경기,성남시,감경,여자,75-79세,472 ,30 ,54 ,132 ,184 ,46 ,6 ,0 ,1 ,0 
경기,성남시,감경,여자,80-84세,866 ,55 ,97 ,273 ,347 ,66 ,7 ,1 ,0 ,0 
경기,성남시,감경,여자,85세이상,1482 ,118 ,267 ,508 ,483 ,66 ,9 ,5 ,0 ,0 
경기,의정부시,일반,남자,65세미만,123 ,5 ,7 ,12 ,16 ,5 ,1 ,21 ,7 ,12 
경기,의정부시,일반,남자,65-69세,214 ,9 ,5 ,35 ,50 ,8 ,4 ,24 ,10 ,13 
경기,의정부시,일반,남자,70-74세,227 ,14 ,11 ,47 ,54 ,10 ,4 ,18 ,11 ,7 
경기,의정부시,일반,남자,75-79세,380 ,10 ,15 ,62 ,103 ,50 ,16 ,31 ,11 ,10 
경기,의정부시,일반,남자,80-84세,489 ,14 ,24 ,96 ,137 ,74 ,24 ,26 ,16 ,13 
경기,의정부시,일반,남자,85세이상,475 ,9 ,24 ,93 ,167 ,68 ,15 ,28 ,23 ,7 
경기,의정부시,일반,여자,65세미만,89 ,10 ,2 ,12 ,16 ,7 ,0 ,13 ,4 ,3 
경기,의정부시,일반,여자,65-69세,212 ,7 ,3 ,19 ,28 ,9 ,4 ,36 ,18 ,9 
경기,의정부시,일반,여자,70-74세,367 ,12 ,14 ,52 ,72 ,19 ,14 ,42 ,29 ,10 
경기,의정부시,일반,여자,75-79세,727 ,20 ,34 ,107 ,174 ,88 ,28 ,67 ,47 ,28 
경기,의정부시,일반,여자,80-84세,1123 ,36 ,50 ,201 ,367 ,162 ,40 ,72 ,41 ,20 
경기,의정부시,일반,여자,85세이상,1310 ,52 ,101 ,344 ,459 ,136 ,25 ,37 ,17 ,12 
경기,의정부시,기초,남자,65세미만,236 ,14 ,18 ,40 ,66 ,23 ,10 ,19 ,8 ,7 
경기,의정부시,기초,남자,65-69세,242 ,8 ,14 ,41 ,84 ,22 ,9 ,13 ,12 ,15 
경기,의정부시,기초,남자,70-74세,170 ,4 ,11 ,27 ,58 ,19 ,7 ,8 ,8 ,12 
경기,의정부시,기초,남자,75-79세,129 ,4 ,10 ,10 ,50 ,18 ,8 ,4 ,7 ,4 
경기,의정부시,기초,남자,80-84세,123 ,5 ,6 ,26 ,39 ,22 ,5 ,3 ,1 ,6 
경기,의정부시,기초,남자,85세이상,88 ,2 ,5 ,18 ,40 ,14 ,3 ,0 ,1 ,2 
경기,의정부시,기초,여자,65세미만,105 ,13 ,8 ,29 ,21 ,10 ,0 ,7 ,4 ,3 
경기,의정부시,기초,여자,65-69세,163 ,18 ,7 ,16 ,45 ,14 ,7 ,14 ,9 ,12 
경기,의정부시,기초,여자,70-74세,174 ,8 ,12 ,21 ,55 ,20 ,6 ,17 ,14 ,4 
경기,의정부시,기초,여자,75-79세,290 ,13 ,9 ,49 ,112 ,41 ,8 ,10 ,10 ,7 
경기,의정부시,기초,여자,80-84세,437 ,15 ,28 ,98 ,181 ,56 ,9 ,11 ,9 ,11 
경기,의정부시,기초,여자,85세이상,546 ,37 ,44 ,167 ,209 ,61 ,6 ,9 ,5 ,1 
경기,의정부시,의료,남자,65세미만,1 ,0 ,0 ,0 ,1 ,0 ,0 ,0 ,0 ,0 
경기,의정부시,의료,남자,65-69세,3 ,1 ,1 ,0 ,1 ,0 ,0 ,0 ,0 ,0 
경기,의정부시,의료,남자,70-74세,4 ,0 ,0 ,2 ,1 ,0 ,0 ,0 ,1 ,0 
경기,의정부시,의료,남자,75-79세,7 ,0 ,1 ,3 ,0 ,1 ,1 ,0 ,0 ,1 
경기,의정부시,의료,남자,80-84세,5 ,1 ,0 ,0 ,3 ,1 ,0 ,0 ,0 ,0 
경기,의정부시,의료,남자,85세이상,18 ,0 ,2 ,2 ,7 ,2 ,1 ,2 ,0 ,2 
경기,의정부시,의료,여자,65세미만,3 ,1 ,0 ,1 ,0 ,0 ,0 ,1 ,0 ,0 
경기,의정부시,의료,여자,65-69세,3 ,0 ,0 ,1 ,0 ,1 ,0 ,1 ,0 ,0 
경기,의정부시,의료,여자,70-74세,8 ,0 ,0 ,4 ,1 ,0 ,0 ,0 ,0 ,1 
경기,의정부시,의료,여자,75-79세,12 ,0 ,0 ,3 ,4 ,1 ,0 ,0 ,1 ,0 
경기,의정부시,의료,여자,80-84세,18 ,2 ,1 ,4 ,8 ,2 ,0 ,0 ,1 ,0 
경기,의정부시,의료,여자,85세이상,62 ,1 ,8 ,22 ,20 ,4 ,1 ,1 ,0 ,1 
경기,의정부시,감경,남자,65세미만,124 ,12 ,16 ,29 ,40 ,6 ,4 ,4 ,2 ,1 
경기,의정부시,감경,남자,65-69세,166 ,8 ,10 ,54 ,65 ,15 ,3 ,2 ,0 ,0 
경기,의정부시,감경,남자,70-74세,197 ,9 ,12 ,57 ,77 ,24 ,7 ,1 ,1 ,1 
경기,의정부시,감경,남자,75-79세,274 ,7 ,13 ,70 ,125 ,28 ,16 ,1 ,1 ,1 
경기,의정부시,감경,남자,80-84세,396 ,14 ,23 ,100 ,152 ,69 ,18 ,2 ,0 ,1 
경기,의정부시,감경,남자,85세이상,403 ,10 ,20 ,93 ,202 ,62 ,8 ,0 ,0 ,2 
경기,의정부시,감경,여자,65세미만,76 ,12 ,1 ,23 ,22 ,5 ,2 ,0 ,3 ,0 
경기,의정부시,감경,여자,65-69세,140 ,9 ,15 ,29 ,53 ,10 ,7 ,7 ,0 ,0 
경기,의정부시,감경,여자,70-74세,256 ,11 ,12 ,70 ,99 ,30 ,12 ,4 ,3 ,0 
경기,의정부시,감경,여자,75-79세,604 ,25 ,35 ,148 ,222 ,105 ,21 ,10 ,4 ,0 
경기,의정부시,감경,여자,80-84세,1043 ,41 ,60 ,275 ,439 ,156 ,31 ,6 ,4 ,3 
경기,의정부시,감경,여자,85세이상,1568 ,80 ,163 ,522 ,602 ,154 ,17 ,7 ,3 ,0 
경기,안양시,일반,남자,65세미만,138 ,4 ,7 ,21 ,21 ,4 ,0 ,15 ,13 ,13 
경기,안양시,일반,남자,65-69세,212 ,9 ,9 ,44 ,39 ,9 ,4 ,26 ,19 ,3 
경기,안양시,일반,남자,70-74세,242 ,7 ,12 ,55 ,63 ,17 ,2 ,25 ,10 ,8 
경기,안양시,일반,남자,75-79세,382 ,10 ,16 ,74 ,108 ,29 ,10 ,23 ,10 ,12 
경기,안양시,일반,남자,80-84세,522 ,16 ,22 ,111 ,152 ,59 ,15 ,36 ,12 ,10 
경기,안양시,일반,남자,85세이상,567 ,9 ,36 ,120 ,216 ,54 ,9 ,16 ,16 ,13 
경기,안양시,일반,여자,65세미만,105 ,4 ,8 ,14 ,23 ,4 ,2 ,16 ,6 ,9 
경기,안양시,일반,여자,65-69세,233 ,5 ,9 ,38 ,51 ,2 ,5 ,27 ,8 ,12 
경기,안양시,일반,여자,70-74세,421 ,6 ,16 ,48 ,78 ,33 ,12 ,38 ,15 ,12 
경기,안양시,일반,여자,75-79세,787 ,19 ,26 ,115 ,219 ,74 ,25 ,77 ,38 ,20 
경기,안양시,일반,여자,80-84세,1338 ,42 ,74 ,253 ,453 ,109 ,33 ,89 ,49 ,16 
경기,안양시,일반,여자,85세이상,1733 ,64 ,137 ,486 ,621 ,139 ,26 ,58 ,28 ,12 
경기,안양시,기초,남자,65세미만,109 ,6 ,3 ,25 ,19 ,6 ,3 ,11 ,7 ,9 
경기,안양시,기초,남자,65-69세,106 ,1 ,4 ,15 ,38 ,3 ,3 ,12 ,6 ,9 
경기,안양시,기초,남자,70-74세,81 ,3 ,3 ,13 ,27 ,8 ,3 ,5 ,3 ,2 
경기,안양시,기초,남자,75-79세,60 ,2 ,2 ,18 ,21 ,6 ,0 ,1 ,2 ,1 
경기,안양시,기초,남자,80-84세,49 ,1 ,4 ,5 ,20 ,8 ,0 ,2 ,1 ,1 
경기,안양시,기초,남자,85세이상,39 ,1 ,3 ,10 ,16 ,3 ,0 ,1 ,0 ,1 
경기,안양시,기초,여자,65세미만,59 ,3 ,4 ,14 ,8 ,2 ,2 ,9 ,2 ,4 
경기,안양시,기초,여자,65-69세,75 ,3 ,4 ,8 ,18 ,7 ,1 ,8 ,3 ,5 
경기,안양시,기초,여자,70-74세,91 ,5 ,5 ,16 ,21 ,7 ,1 ,10 ,3 ,4 
경기,안양시,기초,여자,75-79세,138 ,1 ,11 ,23 ,41 ,13 ,5 ,7 ,5 ,4 
경기,안양시,기초,여자,80-84세,195 ,5 ,8 ,45 ,74 ,12 ,7 ,10 ,5 ,2 
경기,안양시,기초,여자,85세이상,273 ,8 ,29 ,86 ,105 ,14 ,6 ,6 ,4 ,4 
경기,안양시,의료,남자,65세미만,1 ,0 ,0 ,0 ,0 ,0 ,0 ,0 ,0 ,0 
경기,안양시,의료,남자,65-69세,3 ,1 ,2 ,0 ,0 ,0 ,0 ,0 ,0 ,0 
경기,안양시,의료,남자,70-74세,1 ,0 ,0 ,0 ,1 ,0 ,0 ,0 ,0 ,0 
경기,안양시,의료,남자,75-79세,7 ,0 ,0 ,1 ,5 ,0 ,0 ,0 ,0 ,0 
경기,안양시,의료,남자,80-84세,0 ,0 ,0 ,0 ,0 ,0 ,0 ,0 ,0 ,0 
경기,안양시,의료,남자,85세이상,6 ,0 ,1 ,2 ,3 ,0 ,0 ,0 ,0 ,0 
경기,안양시,의료,여자,65세미만,0 ,0 ,0 ,0 ,0 ,0 ,0 ,0 ,0 ,0 
경기,안양시,의료,여자,65-69세,0 ,0 ,0 ,0 ,0 ,0 ,0 ,0 ,0 ,0 
경기,안양시,의료,여자,70-74세,3 ,0 ,0 ,0 ,2 ,0 ,0 ,0 ,1 ,0 
경기,안양시,의료,여자,75-79세,3 ,0 ,1 ,1 ,0 ,0 ,0 ,0 ,0 ,0 
경기,안양시,의료,여자,80-84세,12 ,0 ,1 ,2 ,4 ,2 ,0 ,0 ,0 ,0 
경기,안양시,의료,여자,85세이상,37 ,2 ,4 ,7 ,14 ,2 ,0 ,2 ,0 ,0 
경기,안양시,감경,남자,65세미만,64 ,5 ,5 ,20 ,25 ,1 ,2 ,1 ,0 ,0 
경기,안양시,감경,남자,65-69세,127 ,5 ,6 ,40 ,52 ,7 ,3 ,4 ,1 ,0 
경기,안양시,감경,남자,70-74세,131 ,5 ,11 ,43 ,48 ,13 ,5 ,1 ,1 ,1 
경기,안양시,감경,남자,75-79세,162 ,5 ,12 ,41 ,66 ,21 ,6 ,1 ,0 ,0 
경기,안양시,감경,남자,80-84세,178 ,3 ,15 ,45 ,76 ,28 ,2 ,0 ,2 ,0 
경기,안양시,감경,남자,85세이상,222 ,7 ,10 ,64 ,106 ,23 ,6 ,1 ,1 ,1 
경기,안양시,감경,여자,65세미만,55 ,7 ,4 ,15 ,18 ,4 ,2 ,1 ,2 ,0 
경기,안양시,감경,여자,65-69세,95 ,7 ,7 ,30 ,32 ,9 ,1 ,1 ,0 ,0 
경기,안양시,감경,여자,70-74세,153 ,10 ,13 ,35 ,68 ,14 ,1 ,3 ,2 ,0 
경기,안양시,감경,여자,75-79세,317 ,18 ,18 ,76 ,119 ,48 ,11 ,7 ,0 ,1 
경기,안양시,감경,여자,80-84세,592 ,26 ,48 ,162 ,263 ,67 ,16 ,1 ,2 ,0 
경기,안양시,감경,여자,85세이상,1202 ,64 ,120 ,388 ,496 ,93 ,21 ,1 ,1 ,0 
경기,부천시,일반,남자,65세미만,200 ,6 ,9 ,24 ,29 ,10 ,0 ,30 ,11 ,6 
경기,부천시,일반,남자,65-69세,344 ,19 ,13 ,58 ,78 ,18 ,2 ,52 ,19 ,10 
경기,부천시,일반,남자,70-74세,413 ,14 ,20 ,60 ,107 ,29 ,9 ,52 ,13 ,14 
경기,부천시,일반,남자,75-79세,549 ,18 ,21 ,86 ,156 ,44 ,17 ,54 ,23 ,17 
경기,부천시,일반,남자,80-84세,718 ,18 ,34 ,117 ,252 ,67 ,8 ,53 ,23 ,15 
경기,부천시,일반,남자,85세이상,666 ,12 ,38 ,132 ,237 ,58 ,10 ,45 ,25 ,6 
경기,부천시,일반,여자,65세미만,175 ,15 ,6 ,26 ,36 ,7 ,1 ,27 ,14 ,7 
경기,부천시,일반,여자,65-69세,365 ,12 ,23 ,40 ,68 ,7 ,8 ,67 ,17 ,12 
경기,부천시,일반,여자,70-74세,622 ,19 ,15 ,86 ,138 ,45 ,11 ,88 ,36 ,24 
경기,부천시,일반,여자,75-79세,1055 ,29 ,36 ,143 ,289 ,77 ,30 ,127 ,62 ,17 
경기,부천시,일반,여자,80-84세,1728 ,46 ,98 ,316 ,575 ,151 ,22 ,156 ,45 ,18 
경기,부천시,일반,여자,85세이상,2210 ,116 ,178 ,562 ,818 ,127 ,19 ,113 ,35 ,8 
경기,부천시,기초,남자,65세미만,285 ,14 ,18 ,63 ,86 ,17 ,3 ,24 ,13 ,12 
경기,부천시,기초,남자,65-69세,313 ,10 ,11 ,41 ,110 ,22 ,12 ,24 ,23 ,24 
경기,부천시,기초,남자,70-74세,226 ,7 ,9 ,29 ,89 ,19 ,5 ,26 ,9 ,7 
경기,부천시,기초,남자,75-79세,170 ,3 ,8 ,26 ,69 ,19 ,1 ,11 ,10 ,5 
경기,부천시,기초,남자,80-84세,152 ,2 ,6 ,31 ,63 ,20 ,6 ,8 ,7 ,1 
경기,부천시,기초,남자,85세이상,101 ,3 ,8 ,31 ,37 ,9 ,1 ,0 ,2 ,1 
경기,부천시,기초,여자,65세미만,143 ,10 ,13 ,21 ,37 ,10 ,2 ,11 ,8 ,3 
경기,부천시,기초,여자,65-69세,211 ,9 ,13 ,20 ,62 ,13 ,2 ,33 ,16 ,12 
경기,부천시,기초,여자,70-74세,266 ,5 ,12 ,54 ,78 ,18 ,3 ,24 ,23 ,8 
경기,부천시,기초,여자,75-79세,386 ,4 ,30 ,72 ,138 ,37 ,6 ,27 ,16 ,15 
경기,부천시,기초,여자,80-84세,543 ,10 ,33 ,112 ,234 ,51 ,6 ,25 ,21 ,9 
경기,부천시,기초,여자,85세이상,791 ,43 ,89 ,228 ,304 ,49 ,7 ,18 ,9 ,6 
경기,부천시,의료,남자,65세미만,1 ,0 ,0 ,0 ,0 ,0 ,0 ,0 ,0 ,0 
경기,부천시,의료,남자,65-69세,3 ,0 ,0 ,1 ,0 ,0 ,0 ,1 ,1 ,0 
경기,부천시,의료,남자,70-74세,1 ,0 ,0 ,0 ,1 ,0 ,0 ,0 ,0 ,0 
경기,부천시,의료,남자,75-79세,17 ,0 ,3 ,4 ,8 ,0 ,0 ,1 ,1 ,0 
경기,부천시,의료,남자,80-84세,5 ,0 ,0 ,0 ,3 ,0 ,0 ,1 ,0 ,0 
경기,부천시,의료,남자,85세이상,12 ,0 ,1 ,7 ,3 ,1 ,0 ,0 ,0 ,0 
경기,부천시,의료,여자,65세미만,2 ,0 ,0 ,0 ,1 ,0 ,0 ,0 ,0 ,0 
경기,부천시,의료,여자,65-69세,3 ,0 ,0 ,0 ,0 ,0 ,0 ,1 ,0 ,0 
경기,부천시,의료,여자,70-74세,10 ,0 ,0 ,2 ,1 ,1 ,0 ,1 ,1 ,2 
경기,부천시,의료,여자,75-79세,9 ,0 ,0 ,1 ,2 ,1 ,0 ,2 ,0 ,1 
경기,부천시,의료,여자,80-84세,30 ,0 ,2 ,14 ,10 ,1 ,0 ,1 ,1 ,0 
경기,부천시,의료,여자,85세이상,75 ,3 ,7 ,32 ,22 ,0 ,1 ,1 ,0 ,0 
경기,부천시,감경,남자,65세미만,165 ,15 ,15 ,58 ,55 ,10 ,1 ,1 ,0 ,2 
경기,부천시,감경,남자,65-69세,262 ,12 ,17 ,71 ,114 ,23 ,8 ,3 ,2 ,0 
경기,부천시,감경,남자,70-74세,311 ,11 ,14 ,104 ,125 ,36 ,7 ,2 ,1 ,2 
경기,부천시,감경,남자,75-79세,378 ,11 ,29 ,103 ,175 ,39 ,10 ,2 ,0 ,0 
경기,부천시,감경,남자,80-84세,440 ,10 ,30 ,112 ,203 ,51 ,17 ,2 ,1 ,1 
경기,부천시,감경,남자,85세이상,486 ,9 ,34 ,123 ,245 ,48 ,16 ,2 ,1 ,0 
경기,부천시,감경,여자,65세미만,133 ,15 ,13 ,37 ,42 ,12 ,2 ,0 ,1 ,0 
경기,부천시,감경,여자,65-69세,210 ,12 ,16 ,51 ,87 ,24 ,1 ,2 ,1 ,1 
경기,부천시,감경,여자,70-74세,343 ,18 ,27 ,81 ,150 ,27 ,10 ,3 ,1 ,1 
경기,부천시,감경,여자,75-79세,716 ,28 ,53 ,179 ,313 ,76 ,19 ,7 ,5 ,2 
경기,부천시,감경,여자,80-84세,1410 ,69 ,100 ,373 ,647 ,144 ,30 ,11 ,4 ,1 
경기,부천시,감경,여자,85세이상,2337 ,116 ,271 ,793 ,948 ,155 ,25 ,3 ,1 ,1 
경기,광명시,일반,남자,65세미만,58 ,2 ,3 ,6 ,11 ,0 ,0 ,9 ,4 ,6 
경기,광명시,일반,남자,65-69세,110 ,4 ,6 ,19 ,20 ,5 ,3 ,14 ,6 ,5 
경기,광명시,일반,남자,70-74세,148 ,2 ,8 ,26 ,34 ,17 ,3 ,17 ,7 ,2 
경기,광명시,일반,남자,75-79세,158 ,3 ,5 ,31 ,43 ,18 ,5 ,17 ,5 ,3 
경기,광명시,일반,남자,80-84세,228 ,2 ,14 ,35 ,68 ,31 ,5 ,17 ,11 ,5 
경기,광명시,일반,남자,85세이상,236 ,6 ,8 ,46 ,88 ,26 ,8 ,8 ,10 ,7 
경기,광명시,일반,여자,65세미만,45 ,3 ,1 ,5 ,5 ,1 ,0 ,10 ,4 ,3 
경기,광명시,일반,여자,65-69세,123 ,3 ,8 ,13 ,20 ,4 ,7 ,13 ,14 ,5 
경기,광명시,일반,여자,70-74세,228 ,6 ,6 ,30 ,39 ,11 ,12 ,33 ,13 ,13 
경기,광명시,일반,여자,75-79세,377 ,13 ,11 ,52 ,91 ,37 ,23 ,41 ,16 ,7 
경기,광명시,일반,여자,80-84세,643 ,15 ,31 ,104 ,215 ,68 ,23 ,52 ,16 ,7 
경기,광명시,일반,여자,85세이상,806 ,33 ,62 ,202 ,291 ,57 ,25 ,41 ,11 ,3 
경기,광명시,기초,남자,65세미만,46 ,3 ,5 ,9 ,10 ,0 ,0 ,4 ,4 ,2 
경기,광명시,기초,남자,65-69세,66 ,0 ,3 ,8 ,20 ,3 ,1 ,9 ,9 ,5 
경기,광명시,기초,남자,70-74세,49 ,2 ,1 ,6 ,16 ,6 ,1 ,2 ,5 ,3 
경기,광명시,기초,남자,75-79세,31 ,2 ,1 ,8 ,6 ,5 ,1 ,5 ,2 ,0 
경기,광명시,기초,남자,80-84세,36 ,0 ,3 ,5 ,11 ,5 ,6 ,0 ,0 ,1 
경기,광명시,기초,남자,85세이상,25 ,0 ,3 ,4 ,6 ,4 ,1 ,1 ,1 ,1 
경기,광명시,기초,여자,65세미만,22 ,2 ,1 ,2 ,4 ,3 ,0 ,1 ,3 ,4 
경기,광명시,기초,여자,65-69세,52 ,3 ,2 ,6 ,12 ,5 ,2 ,4 ,5 ,4 
경기,광명시,기초,여자,70-74세,74 ,2 ,4 ,11 ,19 ,4 ,3 ,6 ,10 ,3 
경기,광명시,기초,여자,75-79세,84 ,5 ,5 ,6 ,26 ,9 ,3 ,5 ,6 ,2 
경기,광명시,기초,여자,80-84세,137 ,3 ,8 ,24 ,57 ,14 ,3 ,7 ,9 ,1 
경기,광명시,기초,여자,85세이상,185 ,7 ,17 ,40 ,84 ,20 ,0 ,4 ,5 ,2 
경기,광명시,의료,남자,65세미만,0 ,0 ,0 ,0 ,0 ,0 ,0 ,0 ,0 ,0 
경기,광명시,의료,남자,65-69세,0 ,0 ,0 ,0 ,0 ,0 ,0 ,0 ,0 ,0 
경기,광명시,의료,남자,70-74세,1 ,0 ,0 ,1 ,0 ,0 ,0 ,0 ,0 ,0 
경기,광명시,의료,남자,75-79세,3 ,0 ,1 ,0 ,0 ,0 ,1 ,0 ,1 ,0 
경기,광명시,의료,남자,80-84세,1 ,0 ,1 ,0 ,0 ,0 ,0 ,0 ,0 ,0 
경기,광명시,의료,남자,85세이상,5 ,0 ,0 ,2 ,1 ,1 ,0 ,0 ,0 ,0 
경기,광명시,의료,여자,65세미만,3 ,0 ,0 ,0 ,0 ,0 ,0 ,1 ,1 ,0 
경기,광명시,의료,여자,65-69세,0 ,0 ,0 ,0 ,0 ,0 ,0 ,0 ,0 ,0 
경기,광명시,의료,여자,70-74세,1 ,0 ,0 ,1 ,0 ,0 ,0 ,0 ,0 ,0 
경기,광명시,의료,여자,75-79세,1 ,0 ,0 ,1 ,0 ,0 ,0 ,0 ,0 ,0 
경기,광명시,의료,여자,80-84세,8 ,0 ,1 ,1 ,3 ,0 ,2 ,0 ,0 ,0 
경기,광명시,의료,여자,85세이상,33 ,7 ,0 ,9 ,12 ,2 ,1 ,0 ,0 ,0 
경기,광명시,감경,남자,65세미만,29 ,3 ,1 ,10 ,7 ,1 ,1 ,1 ,0 ,0 
경기,광명시,감경,남자,65-69세,54 ,2 ,10 ,18 ,19 ,1 ,3 ,0 ,0 ,0 
경기,광명시,감경,남자,70-74세,71 ,6 ,4 ,17 ,27 ,8 ,3 ,0 ,0 ,1 
경기,광명시,감경,남자,75-79세,86 ,2 ,6 ,20 ,28 ,18 ,6 ,1 ,0 ,0 
경기,광명시,감경,남자,80-84세,118 ,3 ,4 ,36 ,51 ,19 ,4 ,0 ,0 ,0 
경기,광명시,감경,남자,85세이상,91 ,1 ,7 ,28 ,41 ,11 ,1 ,0 ,0 ,0 
경기,광명시,감경,여자,65세미만,23 ,3 ,1 ,7 ,5 ,0 ,2 ,1 ,0 ,0 
경기,광명시,감경,여자,65-69세,58 ,3 ,5 ,16 ,24 ,1 ,1 ,3 ,0 ,0 
경기,광명시,감경,여자,70-74세,84 ,7 ,5 ,18 ,38 ,7 ,2 ,2 ,0 ,0 
경기,광명시,감경,여자,75-79세,167 ,7 ,10 ,40 ,61 ,28 ,5 ,4 ,3 ,0 
경기,광명시,감경,여자,80-84세,299 ,11 ,26 ,76 ,132 ,32 ,15 ,0 ,1 ,0 
경기,광명시,감경,여자,85세이상,541 ,25 ,62 ,157 ,224 ,57 ,8 ,0 ,0 ,1 
경기,평택시,일반,남자,65세미만,75 ,4 ,7 ,18 ,14 ,2 ,1 ,10 ,2 ,3 
경기,평택시,일반,남자,65-69세,170 ,4 ,18 ,29 ,53 ,7 ,1 ,11 ,5 ,7 
경기,평택시,일반,남자,70-74세,245 ,8 ,18 ,43 ,85 ,9 ,4 ,16 ,7 ,3 
경기,평택시,일반,남자,75-79세,363 ,7 ,21 ,82 ,125 ,28 ,2 ,18 ,10 ,6 
경기,평택시,일반,남자,80-84세,515 ,14 ,42 ,102 ,202 ,38 ,10 ,24 ,9 ,4 
경기,평택시,일반,남자,85세이상,574 ,9 ,41 ,140 ,250 ,32 ,3 ,22 ,9 ,4 
경기,평택시,일반,여자,65세미만,69 ,3 ,7 ,12 ,16 ,1 ,0 ,5 ,7 ,0 
경기,평택시,일반,여자,65-69세,176 ,7 ,12 ,21 ,41 ,11 ,1 ,25 ,6 ,2 
경기,평택시,일반,여자,70-74세,420 ,12 ,22 ,61 ,98 ,26 ,12 ,35 ,15 ,13 
경기,평택시,일반,여자,75-79세,796 ,13 ,40 ,139 ,315 ,49 ,12 ,45 ,26 ,7 
경기,평택시,일반,여자,80-84세,1332 ,29 ,81 ,315 ,517 ,104 ,16 ,62 ,32 ,6 
경기,평택시,일반,여자,85세이상,1628 ,49 ,154 ,478 ,670 ,84 ,14 ,30 ,14 ,2 
경기,평택시,기초,남자,65세미만,147 ,9 ,24 ,28 ,44 ,7 ,3 ,9 ,5 ,3 
경기,평택시,기초,남자,65-69세,142 ,5 ,9 ,27 ,54 ,10 ,1 ,10 ,7 ,5 
경기,평택시,기초,남자,70-74세,97 ,0 ,3 ,20 ,43 ,10 ,4 ,3 ,0 ,2 
경기,평택시,기초,남자,75-79세,102 ,0 ,7 ,13 ,46 ,6 ,4 ,5 ,6 ,5 
경기,평택시,기초,남자,80-84세,99 ,0 ,7 ,22 ,46 ,8 ,3 ,2 ,2 ,2 
경기,평택시,기초,남자,85세이상,56 ,2 ,2 ,12 ,30 ,3 ,0 ,0 ,1 ,0 
경기,평택시,기초,여자,65세미만,77 ,3 ,8 ,17 ,26 ,7 ,0 ,6 ,1 ,1 
경기,평택시,기초,여자,65-69세,143 ,3 ,8 ,26 ,46 ,15 ,2 ,10 ,5 ,6 
경기,평택시,기초,여자,70-74세,161 ,5 ,8 ,30 ,67 ,10 ,1 ,11 ,6 ,5 
경기,평택시,기초,여자,75-79세,219 ,2 ,14 ,42 ,100 ,16 ,3 ,8 ,5 ,7 
경기,평택시,기초,여자,80-84세,282 ,6 ,33 ,70 ,116 ,18 ,5 ,4 ,9 ,2 
경기,평택시,기초,여자,85세이상,337 ,11 ,48 ,115 ,134 ,9 ,1 ,4 ,2 ,1 
경기,평택시,의료,남자,65세미만,4 ,0 ,0 ,1 ,0 ,0 ,0 ,1 ,1 ,0 
경기,평택시,의료,남자,65-69세,1 ,0 ,0 ,0 ,0 ,0 ,0 ,1 ,0 ,0 
경기,평택시,의료,남자,70-74세,5 ,0 ,0 ,0 ,3 ,0 ,0 ,0 ,0 ,1 
경기,평택시,의료,남자,75-79세,4 ,0 ,0 ,0 ,4 ,0 ,0 ,0 ,0 ,0 
경기,평택시,의료,남자,80-84세,0 ,0 ,0 ,0 ,0 ,0 ,0 ,0 ,0 ,0 
경기,평택시,의료,남자,85세이상,4 ,0 ,0 ,2 ,1 ,1 ,0 ,0 ,0 ,0 
경기,평택시,의료,여자,65세미만,2 ,0 ,0 ,0 ,0 ,1 ,0 ,0 ,0 ,0 
경기,평택시,의료,여자,65-69세,1 ,0 ,0 ,1 ,0 ,0 ,0 ,0 ,0 ,0 
경기,평택시,의료,여자,70-74세,5 ,0 ,0 ,3 ,1 ,0 ,1 ,0 ,0 ,0 
경기,평택시,의료,여자,75-79세,6 ,0 ,0 ,1 ,2 ,0 ,0 ,0 ,0 ,0 
경기,평택시,의료,여자,80-84세,7 ,0 ,0 ,1 ,5 ,0 ,0 ,0 ,0 ,0 
경기,평택시,의료,여자,85세이상,35 ,0 ,4 ,14 ,13 ,0 ,0 ,0 ,0 ,0 
경기,평택시,감경,남자,65세미만,74 ,6 ,7 ,30 ,19 ,4 ,1 ,0 ,0 ,0 
경기,평택시,감경,남자,65-69세,124 ,10 ,16 ,37 ,41 ,7 ,3 ,1 ,1 ,0 
경기,평택시,감경,남자,70-74세,150 ,8 ,16 ,36 ,68 ,11 ,4 ,0 ,1 ,0 
경기,평택시,감경,남자,75-79세,190 ,7 ,15 ,53 ,94 ,13 ,1 ,0 ,0 ,0 
경기,평택시,감경,남자,80-84세,267 ,6 ,14 ,72 ,134 ,25 ,5 ,1 ,1 ,0 
경기,평택시,감경,남자,85세이상,302 ,9 ,16 ,88 ,156 ,17 ,5 ,1 ,2 ,0 
경기,평택시,감경,여자,65세미만,57 ,3 ,7 ,22 ,16 ,4 ,0 ,0 ,0 ,0 
경기,평택시,감경,여자,65-69세,120 ,8 ,10 ,30 ,56 ,8 ,0 ,0 ,0 ,0 
경기,평택시,감경,여자,70-74세,200 ,3 ,13 ,48 ,90 ,17 ,3 ,1 ,2 ,1 
경기,평택시,감경,여자,75-79세,423 ,14 ,29 ,102 ,208 ,27 ,7 ,5 ,1 ,0 
경기,평택시,감경,여자,80-84세,777 ,29 ,64 ,217 ,345 ,85 ,12 ,1 ,2 ,1 
경기,평택시,감경,여자,85세이상,1263 ,50 ,174 ,445 ,503 ,62 ,5 ,1 ,1 ,0 
경기,동두천시,일반,남자,65세미만,26 ,0 ,1 ,2 ,4 ,0 ,1 ,7 ,2 ,0 
경기,동두천시,일반,남자,65-69세,57 ,1 ,2 ,8 ,12 ,3 ,0 ,12 ,6 ,0 
경기,동두천시,일반,남자,70-74세,59 ,1 ,2 ,13 ,10 ,9 ,2 ,8 ,3 ,2 
경기,동두천시,일반,남자,75-79세,96 ,1 ,4 ,14 ,29 ,10 ,0 ,11 ,2 ,4 
경기,동두천시,일반,남자,80-84세,142 ,5 ,10 ,27 ,40 ,17 ,0 ,10 ,8 ,2 
경기,동두천시,일반,남자,85세이상,119 ,2 ,8 ,20 ,32 ,18 ,4 ,7 ,6 ,0 
경기,동두천시,일반,여자,65세미만,18 ,1 ,1 ,1 ,2 ,0 ,0 ,6 ,1 ,1 
경기,동두천시,일반,여자,65-69세,77 ,1 ,5 ,6 ,7 ,2 ,2 ,11 ,8 ,10 
경기,동두천시,일반,여자,70-74세,122 ,6 ,0 ,10 ,16 ,8 ,1 ,22 ,14 ,7 
경기,동두천시,일반,여자,75-79세,200 ,4 ,4 ,22 ,36 ,19 ,1 ,36 ,13 ,3 
경기,동두천시,일반,여자,80-84세,303 ,2 ,18 ,46 ,103 ,35 ,8 ,33 ,13 ,2 
경기,동두천시,일반,여자,85세이상,326 ,19 ,29 ,80 ,94 ,27 ,6 ,20 ,6 ,3 
경기,동두천시,기초,남자,65세미만,73 ,2 ,3 ,9 ,16 ,6 ,2 ,12 ,6 ,6 
경기,동두천시,기초,남자,65-69세,72 ,3 ,1 ,11 ,22 ,2 ,3 ,10 ,6 ,7 
경기,동두천시,기초,남자,70-74세,61 ,2 ,5 ,7 ,22 ,8 ,4 ,2 ,2 ,4 
경기,동두천시,기초,남자,75-79세,52 ,0 ,4 ,12 ,18 ,6 ,0 ,2 ,3 ,2 
경기,동두천시,기초,남자,80-84세,51 ,1 ,3 ,10 ,18 ,11 ,3 ,1 ,1 ,1 
경기,동두천시,기초,남자,85세이상,38 ,1 ,3 ,6 ,15 ,9 ,0 ,1 ,0 ,1 
경기,동두천시,기초,여자,65세미만,33 ,1 ,3 ,4 ,6 ,4 ,0 ,6 ,3 ,2 
경기,동두천시,기초,여자,65-69세,54 ,0 ,4 ,8 ,20 ,1 ,2 ,7 ,1 ,2 
경기,동두천시,기초,여자,70-74세,65 ,2 ,3 ,8 ,22 ,6 ,1 ,6 ,9 ,1 
경기,동두천시,기초,여자,75-79세,86 ,2 ,5 ,10 ,31 ,13 ,4 ,4 ,3 ,2 
경기,동두천시,기초,여자,80-84세,168 ,6 ,9 ,29 ,63 ,26 ,7 ,10 ,3 ,2 
경기,동두천시,기초,여자,85세이상,179 ,8 ,22 ,54 ,61 ,18 ,2 ,2 ,2 ,2 
경기,동두천시,의료,남자,65세미만,0 ,0 ,0 ,0 ,0 ,0 ,0 ,0 ,0 ,0 
경기,동두천시,의료,남자,70-74세,2 ,0 ,0 ,0 ,1 ,0 ,0 ,1 ,0 ,0 
경기,동두천시,의료,남자,75-79세,0 ,0 ,0 ,0 ,0 ,0 ,0 ,0 ,0 ,0 
경기,동두천시,의료,남자,80-84세,1 ,0 ,0 ,0 ,0 ,1 ,0 ,0 ,0 ,0 
경기,동두천시,의료,여자,65-69세,2 ,0 ,0 ,0 ,0 ,0 ,0 ,0 ,0 ,0 
경기,동두천시,의료,여자,70-74세,2 ,0 ,0 ,0 ,1 ,0 ,0 ,0 ,0 ,0 
경기,동두천시,의료,여자,75-79세,7 ,0 ,0 ,0 ,3 ,0 ,0 ,0 ,1 ,1 
경기,동두천시,의료,여자,80-84세,2 ,0 ,0 ,1 ,1 ,0 ,0 ,0 ,0 ,0 
경기,동두천시,의료,여자,85세이상,12 ,0 ,3 ,2 ,2 ,1 ,0 ,0 ,0 ,0 
경기,동두천시,감경,남자,65세미만,35 ,3 ,1 ,10 ,11 ,1 ,1 ,2 ,0 ,0 
경기,동두천시,감경,남자,65-69세,51 ,2 ,2 ,13 ,19 ,10 ,0 ,2 ,0 ,1 
경기,동두천시,감경,남자,70-74세,61 ,0 ,5 ,13 ,29 ,6 ,1 ,3 ,0 ,1 
경기,동두천시,감경,남자,75-79세,81 ,1 ,7 ,17 ,37 ,13 ,3 ,0 ,0 ,0 
경기,동두천시,감경,남자,80-84세,90 ,0 ,6 ,25 ,33 ,19 ,3 ,0 ,0 ,0 
경기,동두천시,감경,남자,85세이상,113 ,3 ,6 ,34 ,40 ,23 ,6 ,0 ,0 ,0 
경기,동두천시,감경,여자,65세미만,26 ,2 ,3 ,5 ,8 ,4 ,1 ,2 ,0 ,0 
경기,동두천시,감경,여자,65-69세,49 ,4 ,4 ,14 ,11 ,5 ,1 ,1 ,1 ,0 
경기,동두천시,감경,여자,70-74세,69 ,4 ,5 ,16 ,17 ,9 ,3 ,2 ,1 ,0 
경기,동두천시,감경,여자,75-79세,163 ,6 ,15 ,41 ,59 ,21 ,4 ,1 ,0 ,1 
경기,동두천시,감경,여자,80-84세,380 ,19 ,32 ,84 ,142 ,66 ,14 ,3 ,3 ,2 
경기,동두천시,감경,여자,85세이상,506 ,28 ,69 ,151 ,176 ,62 ,8 ,4 ,0 ,0 
경기,안산시,일반,남자,65세미만,162 ,7 ,10 ,26 ,20 ,16 ,2 ,29 ,7 ,5 
경기,안산시,일반,남자,65-69세,234 ,5 ,12 ,26 ,55 ,19 ,9 ,31 ,9 ,3 
경기,안산시,일반,남자,70-74세,240 ,4 ,9 ,31 ,60 ,20 ,13 ,19 ,14 ,8 
경기,안산시,일반,남자,75-79세,331 ,14 ,15 ,59 ,75 ,27 ,5 ,29 ,12 ,8 
경기,안산시,일반,남자,80-84세,449 ,10 ,13 ,62 ,142 ,72 ,22 ,14 ,16 ,6 
경기,안산시,일반,남자,85세이상,487 ,10 ,18 ,89 ,172 ,66 ,16 ,17 ,18 ,10 
경기,안산시,일반,여자,65세미만,109 ,10 ,7 ,9 ,16 ,2 ,1 ,21 ,6 ,5 
경기,안산시,일반,여자,65-69세,281 ,9 ,8 ,30 ,40 ,16 ,9 ,36 ,21 ,5 
경기,안산시,일반,여자,70-74세,412 ,7 ,11 ,36 ,96 ,40 ,11 ,50 ,22 ,15 
경기,안산시,일반,여자,75-79세,741 ,12 ,24 ,96 ,185 ,77 ,32 ,62 ,36 ,15 
경기,안산시,일반,여자,80-84세,1205 ,24 ,40 ,177 ,374 ,154 ,53 ,67 ,45 ,14 
경기,안산시,일반,여자,85세이상,1516 ,39 ,102 ,356 ,547 ,184 ,28 ,43 ,24 ,8 
경기,안산시,기초,남자,65세미만,263 ,14 ,9 ,49 ,68 ,28 ,8 ,25 ,8 ,10 
경기,안산시,기초,남자,65-69세,220 ,10 ,14 ,25 ,62 ,22 ,7 ,15 ,10 ,9 
경기,안산시,기초,남자,70-74세,147 ,6 ,4 ,23 ,48 ,16 ,4 ,6 ,9 ,10 
경기,안산시,기초,남자,75-79세,137 ,5 ,9 ,28 ,48 ,10 ,6 ,5 ,4 ,3 
경기,안산시,기초,남자,80-84세,150 ,2 ,6 ,21 ,43 ,32 ,9 ,7 ,3 ,4 
경기,안산시,기초,남자,85세이상,116 ,1 ,6 ,18 ,55 ,13 ,5 ,7 ,0 ,1 
경기,안산시,기초,여자,65세미만,119 ,10 ,6 ,20 ,32 ,7 ,4 ,10 ,8 ,1 
경기,안산시,기초,여자,65-69세,137 ,6 ,4 ,17 ,31 ,20 ,2 ,10 ,13 ,6 
경기,안산시,기초,여자,70-74세,224 ,7 ,6 ,23 ,81 ,26 ,4 ,13 ,19 ,6 
경기,안산시,기초,여자,75-79세,288 ,10 ,7 ,49 ,104 ,35 ,5 ,13 ,17 ,4 
경기,안산시,기초,여자,80-84세,471 ,13 ,24 ,77 ,182 ,67 ,15 ,16 ,17 ,4 
경기,안산시,기초,여자,85세이상,682 ,25 ,50 ,178 ,279 ,67 ,14 ,6 ,10 ,3 
경기,안산시,의료,남자,65-69세,5 ,0 ,0 ,0 ,2 ,1 ,0 ,0 ,2 ,0 
경기,안산시,의료,남자,70-74세,6 ,0 ,0 ,0 ,2 ,0 ,0 ,1 ,0 ,0 
경기,안산시,의료,남자,75-79세,4 ,0 ,2 ,0 ,0 ,1 ,1 ,0 ,0 ,0 
경기,안산시,의료,남자,80-84세,4 ,1 ,0 ,1 ,1 ,1 ,0 ,0 ,0 ,0 
경기,안산시,의료,남자,85세이상,7 ,0 ,1 ,0 ,1 ,1 ,0 ,0 ,0 ,1 
경기,안산시,의료,여자,65세미만,0 ,0 ,0 ,0 ,0 ,0 ,0 ,0 ,0 ,0 
경기,안산시,의료,여자,65-69세,0 ,0 ,0 ,0 ,0 ,0 ,0 ,0 ,0 ,0 
경기,안산시,의료,여자,70-74세,9 ,0 ,1 ,2 ,1 ,0 ,0 ,0 ,1 ,1 
경기,안산시,의료,여자,75-79세,10 ,1 ,0 ,1 ,3 ,1 ,0 ,1 ,0 ,2 
경기,안산시,의료,여자,80-84세,19 ,0 ,0 ,2 ,10 ,4 ,0 ,1 ,0 ,1 
경기,안산시,의료,여자,85세이상,44 ,1 ,6 ,10 ,18 ,5 ,1 ,0 ,1 ,0 
경기,안산시,감경,남자,65세미만,113 ,12 ,9 ,27 ,30 ,15 ,5 ,2 ,0 ,1 
경기,안산시,감경,남자,65-69세,141 ,3 ,10 ,33 ,71 ,14 ,3 ,0 ,0 ,2 
경기,안산시,감경,남자,70-74세,177 ,9 ,10 ,39 ,65 ,34 ,4 ,1 ,0 ,0 
경기,안산시,감경,남자,75-79세,238 ,6 ,16 ,52 ,106 ,37 ,10 ,1 ,1 ,1 
경기,안산시,감경,남자,80-84세,283 ,8 ,21 ,65 ,126 ,34 ,16 ,0 ,2 ,0 
경기,안산시,감경,남자,85세이상,325 ,3 ,25 ,66 ,160 ,54 ,8 ,0 ,2 ,1 
경기,안산시,감경,여자,65세미만,79 ,5 ,8 ,15 ,29 ,8 ,2 ,1 ,2 ,0 
경기,안산시,감경,여자,65-69세,117 ,5 ,9 ,20 ,56 ,14 ,3 ,1 ,1 ,1 
경기,안산시,감경,여자,70-74세,255 ,12 ,14 ,63 ,95 ,40 ,10 ,3 ,5 ,0 
경기,안산시,감경,여자,75-79세,454 ,23 ,24 ,89 ,193 ,76 ,22 ,3 ,0 ,2 
경기,안산시,감경,여자,80-84세,1054 ,35 ,69 ,263 ,407 ,196 ,40 ,8 ,3 ,2 
경기,안산시,감경,여자,85세이상,1723 ,61 ,143 ,512 ,758 ,186 ,30 ,0 ,2 ,0 
경기,고양시,일반,남자,65세미만,240 ,15 ,13 ,36 ,40 ,4 ,1 ,27 ,9 ,14 
경기,고양시,일반,남자,65-69세,373 ,28 ,22 ,72 ,82 ,12 ,3 ,44 ,19 ,18 
경기,고양시,일반,남자,70-74세,491 ,22 ,23 ,105 ,118 ,25 ,15 ,42 ,18 ,12 
경기,고양시,일반,남자,75-79세,762 ,27 ,31 ,151 ,221 ,85 ,28 ,40 ,21 ,17 
경기,고양시,일반,남자,80-84세,1213 ,43 ,53 ,215 ,368 ,165 ,41 ,72 ,36 ,16 
경기,고양시,일반,남자,85세이상,1694 ,38 ,80 ,339 ,609 ,188 ,49 ,97 ,42 ,32 
경기,고양시,일반,여자,65세미만,224 ,23 ,13 ,49 ,37 ,10 ,2 ,28 ,10 ,4 
경기,고양시,일반,여자,65-69세,431 ,15 ,17 ,67 ,73 ,19 ,12 ,50 ,25 ,17 
경기,고양시,일반,여자,70-74세,796 ,32 ,38 ,114 ,150 ,61 ,30 ,86 ,26 ,17 
경기,고양시,일반,여자,75-79세,1841 ,81 ,71 ,261 ,446 ,189 ,76 ,164 ,69 ,37 
경기,고양시,일반,여자,80-84세,3333 ,120 ,167 ,597 ,1055 ,392 ,126 ,197 ,104 ,49 
경기,고양시,일반,여자,85세이상,4424 ,189 ,351 ,1084 ,1546 ,430 ,98 ,185 ,66 ,27 
경기,고양시,기초,남자,65세미만,319 ,25 ,19 ,63 ,75 ,26 ,6 ,27 ,9 ,13 
경기,고양시,기초,남자,65-69세,287 ,5 ,17 ,44 ,90 ,22 ,11 ,17 ,20 ,17 
경기,고양시,기초,남자,70-74세,193 ,6 ,7 ,33 ,60 ,26 ,4 ,7 ,8 ,7 
경기,고양시,기초,남자,75-79세,188 ,6 ,7 ,30 ,65 ,29 ,9 ,12 ,3 ,5 
경기,고양시,기초,남자,80-84세,188 ,5 ,10 ,38 ,65 ,27 ,3 ,7 ,5 ,8 
경기,고양시,기초,남자,85세이상,172 ,5 ,8 ,30 ,73 ,29 ,3 ,4 ,1 ,3 
경기,고양시,기초,여자,65세미만,141 ,12 ,11 ,34 ,22 ,11 ,3 ,14 ,6 ,1 
경기,고양시,기초,여자,65-69세,225 ,6 ,15 ,40 ,58 ,20 ,4 ,16 ,13 ,9 
경기,고양시,기초,여자,70-74세,245 ,10 ,18 ,43 ,74 ,19 ,7 ,17 ,8 ,6 
경기,고양시,기초,여자,75-79세,408 ,16 ,19 ,62 ,138 ,52 ,6 ,31 ,13 ,9 
경기,고양시,기초,여자,80-84세,615 ,28 ,40 ,102 ,237 ,86 ,23 ,24 ,13 ,8 
경기,고양시,기초,여자,85세이상,926 ,50 ,67 ,230 ,364 ,100 ,12 ,24 ,9 ,2 
경기,고양시,의료,남자,65세미만,2 ,0 ,0 ,0 ,0 ,0 ,0 ,0 ,0 ,1 
경기,고양시,의료,남자,65-69세,4 ,0 ,1 ,3 ,0 ,0 ,0 ,0 ,0 ,0 
경기,고양시,의료,남자,70-74세,5 ,0 ,0 ,0 ,2 ,0 ,0 ,0 ,2 ,0 
경기,고양시,의료,남자,75-79세,6 ,0 ,0 ,3 ,0 ,1 ,0 ,1 ,0 ,1 
경기,고양시,의료,남자,80-84세,10 ,0 ,1 ,0 ,5 ,0 ,0 ,0 ,0 ,0 
경기,고양시,의료,남자,85세이상,23 ,0 ,2 ,7 ,5 ,3 ,0 ,0 ,0 ,0 
경기,고양시,의료,여자,65세미만,2 ,1 ,0 ,0 ,0 ,0 ,0 ,0 ,0 ,0 
경기,고양시,의료,여자,65-69세,1 ,0 ,0 ,0 ,0 ,0 ,0 ,1 ,0 ,0 
경기,고양시,의료,여자,70-74세,8 ,0 ,2 ,2 ,1 ,1 ,1 ,0 ,0 ,0 
경기,고양시,의료,여자,75-79세,14 ,0 ,0 ,2 ,3 ,6 ,1 ,1 ,0 ,1 
경기,고양시,의료,여자,80-84세,36 ,0 ,1 ,8 ,10 ,3 ,1 ,2 ,2 ,0 
경기,고양시,의료,여자,85세이상,125 ,6 ,10 ,29 ,53 ,13 ,1 ,4 ,2 ,0 
경기,고양시,감경,남자,65세미만,149 ,21 ,6 ,37 ,52 ,9 ,4 ,3 ,1 ,1 
경기,고양시,감경,남자,65-69세,235 ,12 ,19 ,70 ,99 ,17 ,7 ,0 ,1 ,2 
경기,고양시,감경,남자,70-74세,277 ,14 ,18 ,68 ,117 ,25 ,11 ,5 ,0 ,0 
경기,고양시,감경,남자,75-79세,386 ,18 ,34 ,99 ,154 ,55 ,16 ,3 ,0 ,2 
경기,고양시,감경,남자,80-84세,529 ,16 ,25 ,117 ,232 ,92 ,27 ,6 ,0 ,0 
경기,고양시,감경,남자,85세이상,682 ,17 ,35 ,183 ,310 ,92 ,21 ,2 ,1 ,1 
경기,고양시,감경,여자,65세미만,118 ,19 ,14 ,34 ,30 ,9 ,4 ,3 ,1 ,0 
경기,고양시,감경,여자,65-69세,184 ,23 ,14 ,47 ,55 ,16 ,12 ,1 ,1 ,1 
경기,고양시,감경,여자,70-74세,345 ,31 ,21 ,88 ,116 ,41 ,17 ,10 ,2 ,3 
경기,고양시,감경,여자,75-79세,783 ,57 ,57 ,174 ,289 ,112 ,38 ,7 ,6 ,1 
경기,고양시,감경,여자,80-84세,1816 ,88 ,129 ,448 ,752 ,266 ,80 ,7 ,1 ,3 
경기,고양시,감경,여자,85세이상,3191 ,129 ,340 ,978 ,1322 ,309 ,62 ,10 ,1 ,0 
경기,과천시,일반,남자,65세미만,16 ,0 ,0 ,2 ,4 ,3 ,1 ,0 ,0 ,3 
경기,과천시,일반,남자,65-69세,16 ,1 ,0 ,1 ,2 ,2 ,1 ,4 ,1 ,2 
경기,과천시,일반,남자,70-74세,27 ,0 ,1 ,11 ,6 ,2 ,0 ,2 ,1 ,0 
경기,과천시,일반,남자,75-79세,36 ,2 ,3 ,3 ,15 ,2 ,1 ,1 ,2 ,0 
경기,과천시,일반,남자,80-84세,61 ,2 ,3 ,8 ,18 ,11 ,2 ,5 ,1 ,2 
경기,과천시,일반,남자,85세이상,104 ,5 ,3 ,24 ,44 ,8 ,3 ,6 ,2 ,0 
경기,과천시,일반,여자,65세미만,17 ,0 ,1 ,2 ,4 ,6 ,0 ,1 ,1 ,0 
경기,과천시,일반,여자,65-69세,28 ,0 ,2 ,4 ,9 ,1 ,0 ,3 ,1 ,1 
경기,과천시,일반,여자,70-74세,26 ,0 ,2 ,3 ,7 ,3 ,2 ,2 ,3 ,0 
경기,과천시,일반,여자,75-79세,101 ,2 ,5 ,15 ,26 ,11 ,3 ,13 ,3 ,2 
경기,과천시,일반,여자,80-84세,165 ,4 ,9 ,20 ,54 ,29 ,8 ,6 ,9 ,2 
경기,과천시,일반,여자,85세이상,285 ,7 ,25 ,64 ,105 ,32 ,7 ,19 ,2 ,3 
경기,과천시,기초,남자,65세미만,1 ,0 ,0 ,0 ,0 ,0 ,0 ,1 ,0 ,0 
경기,과천시,기초,남자,65-69세,7 ,2 ,0 ,1 ,0 ,1 ,0 ,0 ,1 ,0 
경기,과천시,기초,남자,70-74세,5 ,0 ,1 ,0 ,2 ,0 ,0 ,0 ,2 ,0 
경기,과천시,기초,남자,75-79세,4 ,0 ,0 ,1 ,2 ,1 ,0 ,0 ,0 ,0 
경기,과천시,기초,남자,80-84세,4 ,0 ,0 ,1 ,2 ,0 ,1 ,0 ,0 ,0 
경기,과천시,기초,남자,85세이상,6 ,0 ,1 ,0 ,3 ,0 ,1 ,1 ,0 ,0 
경기,과천시,기초,여자,65세미만,2 ,1 ,0 ,1 ,0 ,0 ,0 ,0 ,0 ,0 
경기,과천시,기초,여자,65-69세,1 ,0 ,0 ,0 ,0 ,0 ,0 ,1 ,0 ,0 
경기,과천시,기초,여자,70-74세,8 ,0 ,1 ,0 ,2 ,1 ,0 ,2 ,0 ,0 
경기,과천시,기초,여자,75-79세,14 ,1 ,2 ,0 ,3 ,3 ,0 ,0 ,2 ,0 
경기,과천시,기초,여자,80-84세,14 ,1 ,0 ,1 ,5 ,2 ,0 ,1 ,2 ,0 
경기,과천시,기초,여자,85세이상,25 ,3 ,1 ,5 ,6 ,5 ,1 ,1 ,0 ,0 
경기,과천시,의료,여자,70-74세,0 ,0 ,0 ,0 ,0 ,0 ,0 ,0 ,0 ,0 
경기,과천시,의료,여자,75-79세,1 ,0 ,0 ,0 ,1 ,0 ,0 ,0 ,0 ,0 
경기,과천시,의료,여자,80-84세,0 ,0 ,0 ,0 ,0 ,0 ,0 ,0 ,0 ,0 
경기,과천시,의료,여자,85세이상,1 ,0 ,0 ,0 ,1 ,0 ,0 ,0 ,0 ,0 
경기,과천시,감경,남자,65세미만,2 ,1 ,0 ,0 ,1 ,0 ,0 ,0 ,0 ,0 
경기,과천시,감경,남자,65-69세,4 ,1 ,0 ,1 ,1 ,1 ,0 ,0 ,0 ,0 
경기,과천시,감경,남자,70-74세,5 ,0 ,0 ,1 ,3 ,0 ,0 ,1 ,0 ,0 
경기,과천시,감경,남자,75-79세,9 ,1 ,0 ,2 ,4 ,2 ,0 ,0 ,0 ,0 
경기,과천시,감경,남자,80-84세,5 ,1 ,0 ,0 ,2 ,2 ,0 ,0 ,0 ,0 
경기,과천시,감경,남자,85세이상,10 ,0 ,0 ,4 ,3 ,2 ,1 ,0 ,0 ,0 
경기,과천시,감경,여자,65세미만,4 ,0 ,0 ,1 ,2 ,0 ,0 ,0 ,0 ,0 
경기,과천시,감경,여자,65-69세,5 ,0 ,1 ,2 ,0 ,2 ,0 ,0 ,0 ,0 
경기,과천시,감경,여자,70-74세,4 ,0 ,0 ,0 ,1 ,2 ,0 ,1 ,0 ,0 
경기,과천시,감경,여자,75-79세,7 ,0 ,0 ,0 ,3 ,3 ,0 ,1 ,0 ,0 
경기,과천시,감경,여자,80-84세,30 ,0 ,3 ,9 ,8 ,9 ,0 ,0 ,0 ,0 
경기,과천시,감경,여자,85세이상,77 ,0 ,8 ,27 ,37 ,4 ,0 ,0 ,0 ,0 
경기,구리시,일반,남자,65세미만,42 ,4 ,1 ,13 ,2 ,1 ,0 ,6 ,2 ,0 
경기,구리시,일반,남자,65-69세,73 ,3 ,3 ,10 ,13 ,2 ,2 ,9 ,4 ,3 
경기,구리시,일반,남자,70-74세,101 ,7 ,10 ,20 ,25 ,6 ,3 ,5 ,2 ,2 
경기,구리시,일반,남자,75-79세,127 ,5 ,5 ,24 ,38 ,12 ,0 ,5 ,4 ,5 
경기,구리시,일반,남자,80-84세,185 ,7 ,17 ,29 ,72 ,17 ,6 ,8 ,0 ,4 
경기,구리시,일반,남자,85세이상,199 ,8 ,11 ,45 ,83 ,13 ,4 ,5 ,3 ,2 
경기,구리시,일반,여자,65세미만,31 ,4 ,0 ,5 ,2 ,2 ,2 ,3 ,2 ,1 
경기,구리시,일반,여자,65-69세,67 ,1 ,5 ,11 ,9 ,6 ,1 ,7 ,2 ,1 
경기,구리시,일반,여자,70-74세,142 ,9 ,3 ,26 ,28 ,5 ,5 ,13 ,8 ,1 
경기,구리시,일반,여자,75-79세,307 ,14 ,18 ,52 ,83 ,27 ,6 ,19 ,11 ,8 
경기,구리시,일반,여자,80-84세,411 ,22 ,33 ,98 ,127 ,37 ,6 ,23 ,10 ,3 
경기,구리시,일반,여자,85세이상,497 ,26 ,56 ,137 ,173 ,39 ,8 ,8 ,5 ,1 
경기,구리시,기초,남자,65세미만,53 ,2 ,2 ,10 ,12 ,1 ,5 ,2 ,1 ,5 
경기,구리시,기초,남자,65-69세,69 ,2 ,5 ,5 ,19 ,8 ,1 ,6 ,10 ,4 
경기,구리시,기초,남자,70-74세,30 ,0 ,1 ,6 ,12 ,2 ,0 ,1 ,3 ,0 
경기,구리시,기초,남자,75-79세,37 ,0 ,3 ,7 ,12 ,4 ,1 ,1 ,2 ,4 
경기,구리시,기초,남자,80-84세,35 ,0 ,5 ,4 ,10 ,4 ,0 ,1 ,1 ,0 
경기,구리시,기초,남자,85세이상,26 ,1 ,1 ,4 ,13 ,4 ,0 ,1 ,0 ,1 
경기,구리시,기초,여자,65세미만,20 ,0 ,1 ,3 ,7 ,3 ,0 ,1 ,2 ,0 
경기,구리시,기초,여자,65-69세,35 ,1 ,2 ,1 ,8 ,1 ,2 ,3 ,3 ,4 
경기,구리시,기초,여자,70-74세,57 ,2 ,3 ,7 ,24 ,3 ,0 ,3 ,4 ,1 
경기,구리시,기초,여자,75-79세,58 ,2 ,2 ,10 ,21 ,5 ,0 ,6 ,3 ,1 
경기,구리시,기초,여자,80-84세,106 ,5 ,9 ,23 ,39 ,16 ,0 ,1 ,3 ,1 
경기,구리시,기초,여자,85세이상,125 ,5 ,12 ,44 ,45 ,11 ,0 ,3 ,0 ,0 
경기,구리시,의료,남자,65세미만,0 ,0 ,0 ,0 ,0 ,0 ,0 ,0 ,0 ,0 
경기,구리시,의료,남자,65-69세,2 ,0 ,0 ,1 ,0 ,0 ,0 ,0 ,0 ,1 
경기,구리시,의료,남자,70-74세,2 ,0 ,0 ,1 ,1 ,0 ,0 ,0 ,0 ,0 
경기,구리시,의료,남자,75-79세,1 ,0 ,0 ,0 ,1 ,0 ,0 ,0 ,0 ,0 
경기,구리시,의료,남자,80-84세,1 ,0 ,0 ,0 ,1 ,0 ,0 ,0 ,0 ,0 
경기,구리시,의료,남자,85세이상,2 ,1 ,0 ,1 ,0 ,0 ,0 ,0 ,0 ,0 
경기,구리시,의료,여자,65-69세,0 ,0 ,0 ,0 ,0 ,0 ,0 ,0 ,0 ,0 
경기,구리시,의료,여자,70-74세,1 ,0 ,0 ,1 ,0 ,0 ,0 ,0 ,0 ,0 
경기,구리시,의료,여자,75-79세,0 ,0 ,0 ,0 ,0 ,0 ,0 ,0 ,0 ,0 
경기,구리시,의료,여자,80-84세,7 ,1 ,3 ,0 ,1 ,0 ,0 ,0 ,0 ,0 
경기,구리시,의료,여자,85세이상,6 ,0 ,1 ,1 ,2 ,1 ,0 ,0 ,0 ,1 
경기,구리시,감경,남자,65세미만,33 ,5 ,1 ,4 ,13 ,5 ,1 ,1 ,0 ,0 
경기,구리시,감경,남자,65-69세,40 ,3 ,4 ,11 ,16 ,4 ,1 ,0 ,0 ,0 
경기,구리시,감경,남자,70-74세,42 ,2 ,4 ,16 ,12 ,3 ,1 ,1 ,0 ,0 
경기,구리시,감경,남자,75-79세,49 ,2 ,1 ,15 ,21 ,6 ,2 ,0 ,0 ,0 
경기,구리시,감경,남자,80-84세,90 ,3 ,6 ,28 ,42 ,5 ,1 ,1 ,0 ,0 
경기,구리시,감경,남자,85세이상,93 ,0 ,14 ,24 ,48 ,5 ,0 ,0 ,0 ,0 
경기,구리시,감경,여자,65세미만,16 ,2 ,3 ,3 ,5 ,0 ,0 ,1 ,0 ,0 
경기,구리시,감경,여자,65-69세,29 ,2 ,1 ,6 ,11 ,3 ,2 ,0 ,0 ,0 
경기,구리시,감경,여자,70-74세,66 ,3 ,7 ,19 ,25 ,3 ,2 ,0 ,1 ,0 
경기,구리시,감경,여자,75-79세,150 ,9 ,12 ,32 ,69 ,11 ,6 ,4 ,0 ,0 
경기,구리시,감경,여자,80-84세,256 ,9 ,31 ,65 ,106 ,26 ,6 ,1 ,0 ,0 
경기,구리시,감경,여자,85세이상,363 ,17 ,58 ,121 ,142 ,14 ,3 ,0 ,0 ,0 
경기,남양주시,일반,남자,65세미만,129 ,9 ,9 ,20 ,20 ,4 ,2 ,19 ,7 ,2 
경기,남양주시,일반,남자,65-69세,222 ,13 ,13 ,42 ,49 ,14 ,3 ,25 ,13 ,11 
경기,남양주시,일반,남자,70-74세,363 ,9 ,22 ,70 ,96 ,19 ,11 ,45 ,10 ,9 
경기,남양주시,일반,남자,75-79세,570 ,14 ,26 ,117 ,178 ,55 ,15 ,40 ,15 ,11 
경기,남양주시,일반,남자,80-84세,773 ,14 ,44 ,145 ,255 ,95 ,32 ,42 ,20 ,14 
경기,남양주시,일반,남자,85세이상,822 ,24 ,52 ,187 ,321 ,64 ,16 ,27 ,17 ,4 
경기,남양주시,일반,여자,65세미만,124 ,13 ,7 ,21 ,16 ,5 ,2 ,16 ,12 ,5 
경기,남양주시,일반,여자,65-69세,331 ,13 ,15 ,50 ,51 ,18 ,11 ,43 ,21 ,15 
경기,남양주시,일반,여자,70-74세,570 ,12 ,28 ,85 ,146 ,47 ,18 ,62 ,24 ,10 
경기,남양주시,일반,여자,75-79세,1102 ,21 ,51 ,177 ,350 ,102 ,27 ,91 ,45 ,22 
경기,남양주시,일반,여자,80-84세,1825 ,53 ,153 ,377 ,569 ,214 ,47 ,96 ,33 ,24 
경기,남양주시,일반,여자,85세이상,2168 ,83 ,275 ,643 ,724 ,149 ,25 ,56 ,23 ,12 
경기,남양주시,기초,남자,65세미만,254 ,14 ,19 ,50 ,94 ,17 ,4 ,16 ,2 ,6 
경기,남양주시,기초,남자,65-69세,247 ,8 ,17 ,48 ,84 ,23 ,8 ,12 ,10 ,10 
경기,남양주시,기초,남자,70-74세,182 ,5 ,8 ,40 ,69 ,23 ,4 ,8 ,2 ,5 
경기,남양주시,기초,남자,75-79세,155 ,5 ,11 ,39 ,55 ,15 ,5 ,7 ,4 ,2 
경기,남양주시,기초,남자,80-84세,189 ,3 ,9 ,37 ,85 ,29 ,6 ,5 ,1 ,1 
경기,남양주시,기초,남자,85세이상,132 ,1 ,7 ,39 ,62 ,17 ,1 ,1 ,0 ,2 
경기,남양주시,기초,여자,65세미만,100 ,9 ,14 ,24 ,27 ,7 ,0 ,6 ,5 ,1 
경기,남양주시,기초,여자,65-69세,176 ,5 ,11 ,47 ,51 ,15 ,3 ,10 ,8 ,4 
경기,남양주시,기초,여자,70-74세,222 ,12 ,12 ,45 ,70 ,19 ,3 ,12 ,6 ,8 
경기,남양주시,기초,여자,75-79세,362 ,15 ,20 ,72 ,131 ,52 ,9 ,11 ,12 ,4 
경기,남양주시,기초,여자,80-84세,541 ,19 ,39 ,149 ,206 ,60 ,11 ,17 ,8 ,3 
경기,남양주시,기초,여자,85세이상,701 ,36 ,96 ,223 ,265 ,36 ,2 ,6 ,10 ,0 
경기,남양주시,의료,남자,65세미만,2 ,0 ,0 ,0 ,0 ,0 ,0 ,0 ,1 ,0 
경기,남양주시,의료,남자,65-69세,4 ,1 ,0 ,1 ,1 ,0 ,0 ,0 ,0 ,1 
경기,남양주시,의료,남자,70-74세,8 ,0 ,1 ,4 ,2 ,0 ,0 ,0 ,0 ,0 
경기,남양주시,의료,남자,75-79세,4 ,0 ,1 ,1 ,1 ,1 ,0 ,0 ,0 ,0 
경기,남양주시,의료,남자,80-84세,7 ,0 ,1 ,0 ,4 ,0 ,0 ,1 ,0 ,0 
경기,남양주시,의료,남자,85세이상,12 ,0 ,1 ,6 ,4 ,1 ,0 ,0 ,0 ,0 
경기,남양주시,의료,여자,65세미만,1 ,0 ,0 ,0 ,1 ,0 ,0 ,0 ,0 ,0 
경기,남양주시,의료,여자,65-69세,3 ,0 ,0 ,2 ,0 ,0 ,0 ,0 ,0 ,0 
경기,남양주시,의료,여자,70-74세,9 ,0 ,2 ,2 ,4 ,1 ,0 ,0 ,0 ,0 
경기,남양주시,의료,여자,75-79세,14 ,0 ,0 ,3 ,5 ,2 ,0 ,0 ,1 ,1 
경기,남양주시,의료,여자,80-84세,29 ,0 ,3 ,6 ,16 ,3 ,0 ,0 ,0 ,0 
경기,남양주시,의료,여자,85세이상,75 ,3 ,7 ,24 ,34 ,3 ,0 ,1 ,0 ,0 
경기,남양주시,감경,남자,65세미만,136 ,20 ,15 ,40 ,42 ,8 ,2 ,1 ,0 ,1 
경기,남양주시,감경,남자,65-69세,209 ,7 ,21 ,59 ,87 ,18 ,6 ,2 ,0 ,1 
경기,남양주시,감경,남자,70-74세,257 ,10 ,25 ,74 ,100 ,27 ,9 ,2 ,2 ,1 
경기,남양주시,감경,남자,75-79세,438 ,21 ,47 ,108 ,178 ,57 ,9 ,2 ,2 ,0 
경기,남양주시,감경,남자,80-84세,530 ,17 ,49 ,148 ,216 ,73 ,14 ,1 ,1 ,0 
경기,남양주시,감경,남자,85세이상,530 ,17 ,42 ,148 ,235 ,70 ,8 ,2 ,1 ,1 
경기,남양주시,감경,여자,65세미만,99 ,5 ,9 ,34 ,29 ,12 ,2 ,0 ,1 ,0 
경기,남양주시,감경,여자,65-69세,222 ,11 ,19 ,59 ,81 ,25 ,8 ,4 ,2 ,1 
경기,남양주시,감경,여자,70-74세,374 ,22 ,29 ,96 ,135 ,45 ,11 ,1 ,3 ,1 
경기,남양주시,감경,여자,75-79세,795 ,30 ,74 ,194 ,330 ,101 ,27 ,4 ,3 ,0 
경기,남양주시,감경,여자,80-84세,1512 ,61 ,128 ,413 ,638 ,185 ,39 ,4 ,1 ,0 
경기,남양주시,감경,여자,85세이상,2342 ,115 ,315 ,790 ,897 ,165 ,18 ,4 ,0 ,1 
경기,오산시,일반,남자,65세미만,45 ,5 ,2 ,9 ,9 ,0 ,1 ,6 ,1 ,2 
경기,오산시,일반,남자,65-69세,62 ,3 ,3 ,17 ,14 ,1 ,0 ,5 ,5 ,1 
경기,오산시,일반,남자,70-74세,100 ,4 ,10 ,24 ,24 ,6 ,1 ,3 ,4 ,2 
경기,오산시,일반,남자,75-79세,139 ,8 ,19 ,41 ,31 ,5 ,1 ,7 ,4 ,2 
경기,오산시,일반,남자,80-84세,172 ,10 ,13 ,42 ,51 ,9 ,1 ,9 ,4 ,2 
경기,오산시,일반,남자,85세이상,156 ,11 ,8 ,44 ,49 ,9 ,4 ,7 ,3 ,4 
경기,오산시,일반,여자,65세미만,32 ,6 ,1 ,4 ,6 ,1 ,0 ,6 ,0 ,0 
경기,오산시,일반,여자,65-69세,81 ,6 ,4 ,15 ,16 ,4 ,0 ,10 ,2 ,3 
경기,오산시,일반,여자,70-74세,161 ,6 ,6 ,25 ,35 ,6 ,4 ,20 ,4 ,4 
경기,오산시,일반,여자,75-79세,267 ,11 ,20 ,48 ,78 ,18 ,5 ,20 ,5 ,2 
경기,오산시,일반,여자,80-84세,451 ,27 ,36 ,119 ,145 ,27 ,7 ,18 ,5 ,5 
경기,오산시,일반,여자,85세이상,500 ,33 ,69 ,155 ,153 ,24 ,0 ,13 ,8 ,2 
경기,오산시,기초,남자,65세미만,57 ,6 ,5 ,15 ,15 ,0 ,4 ,4 ,1 ,1 
경기,오산시,기초,남자,65-69세,49 ,3 ,2 ,11 ,16 ,2 ,0 ,2 ,0 ,4 
경기,오산시,기초,남자,70-74세,30 ,2 ,4 ,8 ,8 ,1 ,0 ,1 ,1 ,1 
경기,오산시,기초,남자,75-79세,31 ,0 ,3 ,8 ,9 ,1 ,0 ,2 ,0 ,0 
경기,오산시,기초,남자,80-84세,37 ,3 ,2 ,8 ,16 ,3 ,0 ,1 ,2 ,0 
경기,오산시,기초,남자,85세이상,28 ,0 ,3 ,5 ,9 ,3 ,0 ,3 ,1 ,0 
경기,오산시,기초,여자,65세미만,29 ,5 ,1 ,8 ,7 ,2 ,0 ,1 ,0 ,0 
경기,오산시,기초,여자,65-69세,49 ,1 ,5 ,10 ,12 ,0 ,1 ,5 ,5 ,1 
경기,오산시,기초,여자,70-74세,48 ,0 ,3 ,10 ,12 ,3 ,0 ,3 ,7 ,2 
경기,오산시,기초,여자,75-79세,86 ,3 ,8 ,13 ,33 ,3 ,2 ,1 ,4 ,3 
경기,오산시,기초,여자,80-84세,108 ,6 ,15 ,25 ,39 ,6 ,1 ,1 ,3 ,1 
경기,오산시,기초,여자,85세이상,125 ,8 ,22 ,22 ,53 ,10 ,0 ,2 ,1 ,0 
경기,오산시,의료,남자,70-74세,1 ,0 ,1 ,0 ,0 ,0 ,0 ,0 ,0 ,0 
경기,오산시,의료,남자,75-79세,0 ,0 ,0 ,0 ,0 ,0 ,0 ,0 ,0 ,0 
경기,오산시,의료,남자,80-84세,1 ,0 ,0 ,1 ,0 ,0 ,0 ,0 ,0 ,0 
경기,오산시,의료,남자,85세이상,3 ,0 ,0 ,2 ,1 ,0 ,0 ,0 ,0 ,0 
경기,오산시,의료,여자,70-74세,0 ,0 ,0 ,0 ,0 ,0 ,0 ,0 ,0 ,0 
경기,오산시,의료,여자,75-79세,2 ,0 ,0 ,1 ,1 ,0 ,0 ,0 ,0 ,0 
경기,오산시,의료,여자,80-84세,4 ,0 ,0 ,2 ,2 ,0 ,0 ,0 ,0 ,0 
경기,오산시,의료,여자,85세이상,14 ,0 ,1 ,5 ,6 ,1 ,0 ,0 ,0 ,0 
경기,오산시,감경,남자,65세미만,42 ,7 ,5 ,16 ,11 ,0 ,0 ,0 ,0 ,0 
경기,오산시,감경,남자,65-69세,65 ,7 ,8 ,24 ,19 ,2 ,0 ,0 ,0 ,0 
경기,오산시,감경,남자,70-74세,71 ,4 ,4 ,29 ,27 ,2 ,0 ,0 ,1 ,0 
경기,오산시,감경,남자,75-79세,94 ,5 ,8 ,39 ,35 ,3 ,0 ,2 ,0 ,0 
경기,오산시,감경,남자,80-84세,99 ,9 ,11 ,31 ,40 ,4 ,0 ,0 ,0 ,1 
경기,오산시,감경,남자,85세이상,102 ,3 ,15 ,33 ,45 ,3 ,1 ,0 ,0 ,0 
경기,오산시,감경,여자,65세미만,33 ,5 ,4 ,12 ,7 ,2 ,0 ,1 ,0 ,0 
경기,오산시,감경,여자,65-69세,47 ,3 ,5 ,21 ,14 ,2 ,1 ,0 ,0 ,0 
경기,오산시,감경,여자,70-74세,93 ,5 ,8 ,36 ,29 ,7 ,1 ,2 ,1 ,0 
경기,오산시,감경,여자,75-79세,183 ,11 ,18 ,56 ,58 ,19 ,4 ,3 ,0 ,1 
경기,오산시,감경,여자,80-84세,344 ,21 ,42 ,113 ,133 ,17 ,4 ,0 ,2 ,0 
경기,오산시,감경,여자,85세이상,491 ,40 ,73 ,170 ,178 ,19 ,1 ,1 ,1 ,0 
경기,시흥시,일반,남자,65세미만,103 ,10 ,5 ,15 ,18 ,5 ,2 ,16 ,5 ,1 
경기,시흥시,일반,남자,65-69세,180 ,7 ,12 ,27 ,44 ,5 ,2 ,22 ,8 ,8 
경기,시흥시,일반,남자,70-74세,189 ,7 ,5 ,44 ,34 ,13 ,4 ,25 ,6 ,6 
경기,시흥시,일반,남자,75-79세,246 ,7 ,9 ,39 ,63 ,28 ,8 ,28 ,11 ,5 
경기,시흥시,일반,남자,80-84세,353 ,10 ,17 ,59 ,108 ,37 ,9 ,22 ,13 ,10 
경기,시흥시,일반,남자,85세이상,322 ,10 ,12 ,47 ,125 ,28 ,9 ,21 ,8 ,3 
경기,시흥시,일반,여자,65세미만,80 ,5 ,3 ,11 ,6 ,5 ,1 ,12 ,8 ,2 
경기,시흥시,일반,여자,65-69세,169 ,1 ,4 ,28 ,33 ,9 ,1 ,28 ,11 ,4 
경기,시흥시,일반,여자,70-74세,306 ,10 ,12 ,44 ,50 ,21 ,10 ,39 ,20 ,7 
경기,시흥시,일반,여자,75-79세,568 ,12 ,24 ,70 ,136 ,46 ,19 ,67 ,40 ,10 
경기,시흥시,일반,여자,80-84세,943 ,29 ,41 ,143 ,320 ,113 ,21 ,60 ,33 ,10 
경기,시흥시,일반,여자,85세이상,1153 ,40 ,95 ,306 ,405 ,96 ,14 ,53 ,17 ,6 
경기,시흥시,기초,남자,65세미만,155 ,10 ,9 ,26 ,38 ,5 ,1 ,17 ,10 ,13 
경기,시흥시,기초,남자,65-69세,156 ,1 ,8 ,23 ,46 ,14 ,5 ,17 ,10 ,11 
경기,시흥시,기초,남자,70-74세,99 ,2 ,3 ,16 ,27 ,16 ,4 ,4 ,4 ,1 
경기,시흥시,기초,남자,75-79세,103 ,5 ,5 ,17 ,39 ,10 ,4 ,5 ,6 ,3 
경기,시흥시,기초,남자,80-84세,93 ,2 ,5 ,18 ,27 ,15 ,3 ,3 ,4 ,1 
경기,시흥시,기초,남자,85세이상,69 ,0 ,1 ,14 ,28 ,13 ,2 ,5 ,1 ,1 
경기,시흥시,기초,여자,65세미만,79 ,5 ,3 ,18 ,20 ,9 ,0 ,9 ,1 ,4 
경기,시흥시,기초,여자,65-69세,106 ,4 ,5 ,15 ,33 ,8 ,2 ,12 ,6 ,3 
경기,시흥시,기초,여자,70-74세,131 ,4 ,11 ,21 ,33 ,17 ,2 ,9 ,10 ,5 
경기,시흥시,기초,여자,75-79세,189 ,4 ,10 ,40 ,66 ,19 ,5 ,9 ,6 ,5 
경기,시흥시,기초,여자,80-84세,286 ,12 ,25 ,59 ,109 ,30 ,4 ,12 ,8 ,1 
경기,시흥시,기초,여자,85세이상,400 ,25 ,38 ,106 ,140 ,41 ,4 ,6 ,9 ,2 
경기,시흥시,의료,남자,65세미만,1 ,0 ,0 ,0 ,0 ,0 ,0 ,0 ,0 ,0 
경기,시흥시,의료,남자,65-69세,2 ,0 ,0 ,0 ,0 ,1 ,0 ,0 ,0 ,0 
경기,시흥시,의료,남자,70-74세,2 ,0 ,0 ,0 ,0 ,0 ,0 ,0 ,0 ,0 
경기,시흥시,의료,남자,75-79세,4 ,0 ,1 ,1 ,1 ,1 ,0 ,0 ,0 ,0 
경기,시흥시,의료,남자,80-84세,4 ,0 ,0 ,0 ,1 ,3 ,0 ,0 ,0 ,0 
경기,시흥시,의료,남자,85세이상,6 ,0 ,0 ,1 ,3 ,2 ,0 ,0 ,0 ,0 
경기,시흥시,의료,여자,65세미만,0 ,0 ,0 ,0 ,0 ,0 ,0 ,0 ,0 ,0 
경기,시흥시,의료,여자,65-69세,1 ,0 ,0 ,0 ,0 ,0 ,0 ,0 ,0 ,0 
경기,시흥시,의료,여자,70-74세,4 ,0 ,0 ,1 ,0 ,0 ,0 ,2 ,1 ,0 
경기,시흥시,의료,여자,75-79세,7 ,0 ,0 ,0 ,5 ,0 ,0 ,0 ,1 ,1 
경기,시흥시,의료,여자,80-84세,15 ,1 ,3 ,3 ,2 ,0 ,2 ,2 ,0 ,0 
경기,시흥시,의료,여자,85세이상,36 ,0 ,2 ,10 ,14 ,3 ,1 ,0 ,0 ,0 
경기,시흥시,감경,남자,65세미만,82 ,4 ,10 ,20 ,28 ,4 ,2 ,2 ,0 ,1 
경기,시흥시,감경,남자,65-69세,104 ,3 ,11 ,25 ,44 ,4 ,6 ,0 ,2 ,0 
경기,시흥시,감경,남자,70-74세,152 ,4 ,8 ,34 ,68 ,24 ,4 ,3 ,2 ,1 
경기,시흥시,감경,남자,75-79세,168 ,4 ,10 ,47 ,65 ,34 ,3 ,2 ,0 ,0 
경기,시흥시,감경,남자,80-84세,216 ,6 ,13 ,50 ,84 ,39 ,14 ,1 ,0 ,0 
경기,시흥시,감경,남자,85세이상,255 ,7 ,16 ,66 ,121 ,38 ,4 ,1 ,1 ,0 
경기,시흥시,감경,여자,65세미만,63 ,11 ,4 ,18 ,19 ,2 ,4 ,0 ,0 ,0 
경기,시흥시,감경,여자,65-69세,81 ,2 ,6 ,18 ,35 ,11 ,2 ,0 ,3 ,0 
경기,시흥시,감경,여자,70-74세,188 ,17 ,19 ,48 ,63 ,21 ,4 ,1 ,2 ,0 
경기,시흥시,감경,여자,75-79세,407 ,16 ,28 ,94 ,160 ,64 ,18 ,3 ,0 ,0 
경기,시흥시,감경,여자,80-84세,769 ,42 ,63 ,190 ,319 ,107 ,20 ,1 ,4 ,1 
경기,시흥시,감경,여자,85세이상,1228 ,56 ,118 ,391 ,518 ,113 ,13 ,4 ,2 ,0 
경기,군포시,일반,남자,65세미만,58 ,4 ,4 ,11 ,8 ,0 ,0 ,10 ,2 ,0 
경기,군포시,일반,남자,65-69세,91 ,4 ,5 ,19 ,12 ,5 ,1 ,7 ,1 ,3 
경기,군포시,일반,남자,70-74세,121 ,2 ,7 ,23 ,35 ,8 ,2 ,8 ,1 ,1 
경기,군포시,일반,남자,75-79세,168 ,4 ,6 ,26 ,45 ,14 ,11 ,7 ,7 ,5 
경기,군포시,일반,남자,80-84세,255 ,5 ,12 ,39 ,71 ,30 ,9 ,13 ,9 ,13 
경기,군포시,일반,남자,85세이상,311 ,5 ,10 ,62 ,101 ,30 ,10 ,22 ,6 ,7 
경기,군포시,일반,여자,65세미만,52 ,8 ,2 ,9 ,4 ,3 ,0 ,5 ,1 ,2 
경기,군포시,일반,여자,65-69세,116 ,4 ,8 ,16 ,15 ,5 ,1 ,15 ,11 ,7 
경기,군포시,일반,여자,70-74세,171 ,4 ,6 ,17 ,31 ,10 ,4 ,12 ,15 ,1 
경기,군포시,일반,여자,75-79세,385 ,14 ,19 ,58 ,90 ,36 ,13 ,39 ,10 ,14 
경기,군포시,일반,여자,80-84세,686 ,24 ,43 ,109 ,206 ,69 ,27 ,34 ,28 ,9 
경기,군포시,일반,여자,85세이상,1054 ,59 ,79 ,279 ,318 ,85 ,19 ,44 ,18 ,16 
경기,군포시,기초,남자,65세미만,84 ,6 ,1 ,8 ,25 ,7 ,3 ,7 ,4 ,4 
경기,군포시,기초,남자,65-69세,75 ,2 ,4 ,9 ,23 ,7 ,2 ,2 ,2 ,11 
경기,군포시,기초,남자,70-74세,75 ,3 ,5 ,10 ,20 ,8 ,2 ,2 ,9 ,4 
경기,군포시,기초,남자,75-79세,37 ,2 ,3 ,4 ,9 ,2 ,1 ,1 ,1 ,3 
경기,군포시,기초,남자,80-84세,54 ,0 ,3 ,6 ,28 ,2 ,1 ,0 ,2 ,2 
경기,군포시,기초,남자,85세이상,41 ,1 ,4 ,9 ,15 ,4 ,0 ,2 ,2 ,1 
경기,군포시,기초,여자,65세미만,40 ,2 ,2 ,8 ,7 ,3 ,1 ,7 ,4 ,3 
경기,군포시,기초,여자,65-69세,63 ,0 ,2 ,8 ,17 ,7 ,2 ,3 ,3 ,6 
경기,군포시,기초,여자,70-74세,64 ,4 ,4 ,9 ,16 ,6 ,1 ,7 ,5 ,0 
경기,군포시,기초,여자,75-79세,104 ,6 ,3 ,16 ,33 ,7 ,6 ,4 ,9 ,2 
경기,군포시,기초,여자,80-84세,159 ,4 ,10 ,28 ,63 ,22 ,6 ,7 ,7 ,1 
경기,군포시,기초,여자,85세이상,259 ,12 ,38 ,69 ,95 ,21 ,1 ,3 ,4 ,0 
경기,군포시,의료,남자,65세미만,1 ,0 ,0 ,0 ,0 ,0 ,0 ,1 ,0 ,0 
경기,군포시,의료,남자,65-69세,3 ,0 ,0 ,0 ,0 ,0 ,0 ,1 ,0 ,0 
경기,군포시,의료,남자,70-74세,4 ,0 ,0 ,0 ,1 ,0 ,0 ,1 ,0 ,0 
경기,군포시,의료,남자,75-79세,3 ,0 ,0 ,0 ,2 ,0 ,0 ,0 ,0 ,0 
경기,군포시,의료,남자,80-84세,2 ,0 ,0 ,0 ,0 ,0 ,0 ,1 ,0 ,0 
경기,군포시,의료,남자,85세이상,8 ,0 ,2 ,1 ,1 ,2 ,0 ,0 ,1 ,0 
경기,군포시,의료,여자,65세미만,0 ,0 ,0 ,0 ,0 ,0 ,0 ,0 ,0 ,0 
경기,군포시,의료,여자,65-69세,0 ,0 ,0 ,0 ,0 ,0 ,0 ,0 ,0 ,0 
경기,군포시,의료,여자,70-74세,6 ,0 ,0 ,2 ,0 ,0 ,0 ,1 ,0 ,0 
경기,군포시,의료,여자,75-79세,4 ,0 ,0 ,1 ,1 ,0 ,0 ,0 ,1 ,0 
경기,군포시,의료,여자,80-84세,9 ,0 ,0 ,0 ,3 ,1 ,0 ,0 ,0 ,0 
경기,군포시,의료,여자,85세이상,28 ,0 ,1 ,9 ,13 ,2 ,1 ,1 ,0 ,0 
경기,군포시,감경,남자,65세미만,30 ,5 ,1 ,10 ,10 ,0 ,0 ,1 ,0 ,0 
경기,군포시,감경,남자,65-69세,52 ,3 ,6 ,16 ,17 ,5 ,0 ,2 ,0 ,0 
경기,군포시,감경,남자,70-74세,62 ,7 ,6 ,18 ,23 ,4 ,2 ,1 ,0 ,0 
경기,군포시,감경,남자,75-79세,63 ,2 ,5 ,18 ,25 ,10 ,0 ,1 ,0 ,0 
경기,군포시,감경,남자,80-84세,92 ,4 ,6 ,21 ,41 ,9 ,6 ,1 ,0 ,0 
경기,군포시,감경,남자,85세이상,152 ,3 ,8 ,38 ,73 ,12 ,10 ,1 ,0 ,0 
경기,군포시,감경,여자,65세미만,25 ,2 ,6 ,5 ,5 ,3 ,1 ,1 ,0 ,1 
경기,군포시,감경,여자,65-69세,51 ,4 ,6 ,13 ,17 ,2 ,4 ,0 ,2 ,0 
경기,군포시,감경,여자,70-74세,67 ,2 ,3 ,27 ,22 ,8 ,3 ,0 ,0 ,1 
경기,군포시,감경,여자,75-79세,144 ,7 ,11 ,32 ,53 ,20 ,5 ,0 ,1 ,0 
경기,군포시,감경,여자,80-84세,363 ,21 ,27 ,80 ,145 ,54 ,17 ,3 ,1 ,1 
경기,군포시,감경,여자,85세이상,723 ,53 ,102 ,214 ,266 ,60 ,12 ,2 ,0 ,0 
경기,의왕시,일반,남자,65세미만,53 ,3 ,2 ,7 ,9 ,5 ,2 ,8 ,3 ,2 
경기,의왕시,일반,남자,65-69세,62 ,1 ,3 ,7 ,17 ,2 ,0 ,9 ,3 ,4 
경기,의왕시,일반,남자,70-74세,80 ,4 ,1 ,13 ,28 ,5 ,4 ,7 ,1 ,0 
경기,의왕시,일반,남자,75-79세,114 ,3 ,6 ,21 ,30 ,11 ,3 ,6 ,1 ,3 
경기,의왕시,일반,남자,80-84세,140 ,3 ,8 ,18 ,41 ,12 ,2 ,9 ,3 ,6 
경기,의왕시,일반,남자,85세이상,194 ,6 ,11 ,49 ,77 ,15 ,4 ,6 ,5 ,1 
경기,의왕시,일반,여자,65세미만,26 ,4 ,1 ,2 ,8 ,1 ,0 ,3 ,2 ,1 
경기,의왕시,일반,여자,65-69세,68 ,2 ,2 ,9 ,9 ,2 ,0 ,6 ,7 ,1 
경기,의왕시,일반,여자,70-74세,92 ,4 ,3 ,15 ,22 ,3 ,2 ,11 ,4 ,3 
경기,의왕시,일반,여자,75-79세,190 ,9 ,7 ,22 ,53 ,16 ,6 ,17 ,8 ,2 
경기,의왕시,일반,여자,80-84세,387 ,14 ,22 ,54 ,111 ,42 ,16 ,29 ,9 ,12 
경기,의왕시,일반,여자,85세이상,547 ,22 ,43 ,154 ,176 ,52 ,12 ,14 ,7 ,4 
경기,의왕시,기초,남자,65세미만,26 ,0 ,2 ,8 ,6 ,1 ,0 ,2 ,2 ,2 
경기,의왕시,기초,남자,65-69세,14 ,0 ,1 ,2 ,4 ,0 ,0 ,2 ,2 ,1 
경기,의왕시,기초,남자,70-74세,14 ,1 ,0 ,4 ,2 ,2 ,0 ,1 ,3 ,0 
경기,의왕시,기초,남자,75-79세,13 ,0 ,2 ,2 ,5 ,0 ,0 ,1 ,0 ,0 
경기,의왕시,기초,남자,80-84세,13 ,0 ,1 ,1 ,4 ,1 ,2 ,0 ,0 ,0 
경기,의왕시,기초,남자,85세이상,10 ,2 ,0 ,3 ,4 ,0 ,0 ,0 ,0 ,0 
경기,의왕시,기초,여자,65세미만,15 ,1 ,1 ,1 ,1 ,2 ,2 ,1 ,0 ,2 
경기,의왕시,기초,여자,65-69세,17 ,1 ,1 ,2 ,1 ,5 ,0 ,2 ,0 ,1 
경기,의왕시,기초,여자,70-74세,25 ,0 ,4 ,2 ,4 ,3 ,1 ,2 ,1 ,1 
경기,의왕시,기초,여자,75-79세,37 ,1 ,1 ,5 ,7 ,2 ,1 ,4 ,2 ,0 
경기,의왕시,기초,여자,80-84세,56 ,3 ,5 ,6 ,29 ,7 ,1 ,0 ,1 ,0 
경기,의왕시,기초,여자,85세이상,70 ,8 ,11 ,14 ,29 ,5 ,0 ,0 ,0 ,1 
경기,의왕시,의료,남자,65세미만,1 ,1 ,0 ,0 ,0 ,0 ,0 ,0 ,0 ,0 
경기,의왕시,의료,남자,65-69세,0 ,0 ,0 ,0 ,0 ,0 ,0 ,0 ,0 ,0 
경기,의왕시,의료,남자,70-74세,1 ,0 ,1 ,0 ,0 ,0 ,0 ,0 ,0 ,0 
경기,의왕시,의료,남자,75-79세,0 ,0 ,0 ,0 ,0 ,0 ,0 ,0 ,0 ,0 
경기,의왕시,의료,남자,80-84세,1 ,0 ,0 ,0 ,1 ,0 ,0 ,0 ,0 ,0 
경기,의왕시,의료,남자,85세이상,4 ,0 ,0 ,0 ,1 ,1 ,0 ,0 ,0 ,0 
경기,의왕시,의료,여자,65-69세,0 ,0 ,0 ,0 ,0 ,0 ,0 ,0 ,0 ,0 
경기,의왕시,의료,여자,70-74세,0 ,0 ,0 ,0 ,0 ,0 ,0 ,0 ,0 ,0 
경기,의왕시,의료,여자,75-79세,2 ,0 ,0 ,0 ,0 ,1 ,0 ,0 ,0 ,0 
경기,의왕시,의료,여자,80-84세,1 ,0 ,0 ,0 ,0 ,0 ,0 ,0 ,1 ,0 
경기,의왕시,의료,여자,85세이상,9 ,0 ,1 ,3 ,2 ,2 ,0 ,0 ,0 ,0 
경기,의왕시,감경,남자,65세미만,14 ,2 ,1 ,4 ,4 ,0 ,0 ,0 ,1 ,0 
경기,의왕시,감경,남자,65-69세,28 ,3 ,1 ,8 ,9 ,3 ,3 ,1 ,0 ,0 
경기,의왕시,감경,남자,70-74세,34 ,2 ,3 ,11 ,13 ,3 ,1 ,0 ,1 ,0 
경기,의왕시,감경,남자,75-79세,38 ,1 ,3 ,11 ,15 ,4 ,2 ,0 ,0 ,0 
경기,의왕시,감경,남자,80-84세,55 ,1 ,2 ,14 ,25 ,7 ,3 ,1 ,0 ,0 
경기,의왕시,감경,남자,85세이상,65 ,3 ,7 ,16 ,27 ,8 ,2 ,0 ,1 ,0 
경기,의왕시,감경,여자,65세미만,14 ,2 ,1 ,4 ,6 ,0 ,0 ,0 ,0 ,0 
경기,의왕시,감경,여자,65-69세,22 ,1 ,2 ,6 ,8 ,2 ,0 ,1 ,0 ,0 
경기,의왕시,감경,여자,70-74세,36 ,2 ,3 ,7 ,14 ,5 ,2 ,0 ,0 ,0 
경기,의왕시,감경,여자,75-79세,70 ,7 ,6 ,19 ,18 ,9 ,7 ,1 ,0 ,0 
경기,의왕시,감경,여자,80-84세,171 ,5 ,14 ,58 ,67 ,14 ,8 ,0 ,1 ,1 
경기,의왕시,감경,여자,85세이상,335 ,23 ,38 ,114 ,127 ,25 ,1 ,1 ,0 ,0 
경기,하남시,일반,남자,65세미만,59 ,1 ,10 ,7 ,12 ,1 ,0 ,13 ,2 ,2 
경기,하남시,일반,남자,65-69세,97 ,4 ,5 ,19 ,24 ,5 ,1 ,13 ,3 ,2 
경기,하남시,일반,남자,70-74세,169 ,10 ,12 ,32 ,52 ,7 ,2 ,9 ,6 ,1 
경기,하남시,일반,남자,75-79세,207 ,9 ,9 ,62 ,60 ,15 ,6 ,10 ,8 ,0 
경기,하남시,일반,남자,80-84세,256 ,3 ,17 ,58 ,82 ,28 ,4 ,9 ,6 ,5 
경기,하남시,일반,남자,85세이상,254 ,7 ,22 ,53 ,79 ,29 ,4 ,13 ,8 ,0 
경기,하남시,일반,여자,65세미만,60 ,4 ,1 ,13 ,9 ,1 ,2 ,10 ,2 ,4 
경기,하남시,일반,여자,65-69세,145 ,8 ,10 ,15 ,26 ,7 ,0 ,20 ,7 ,6 
경기,하남시,일반,여자,70-74세,201 ,12 ,11 ,39 ,46 ,9 ,2 ,24 ,8 ,5 
경기,하남시,일반,여자,75-79세,378 ,16 ,19 ,63 ,101 ,35 ,8 ,35 ,19 ,5 
경기,하남시,일반,여자,80-84세,622 ,23 ,53 ,137 ,195 ,62 ,11 ,28 ,24 ,5 
경기,하남시,일반,여자,85세이상,794 ,36 ,89 ,240 ,276 ,56 ,1 ,23 ,7 ,4 
경기,하남시,기초,남자,65세미만,54 ,3 ,1 ,7 ,18 ,3 ,0 ,6 ,3 ,6 
경기,하남시,기초,남자,65-69세,57 ,1 ,3 ,6 ,14 ,3 ,1 ,9 ,4 ,3 
경기,하남시,기초,남자,70-74세,54 ,0 ,2 ,7 ,24 ,3 ,1 ,2 ,2 ,4 
경기,하남시,기초,남자,75-79세,46 ,1 ,2 ,5 ,17 ,6 ,2 ,3 ,1 ,2 
경기,하남시,기초,남자,80-84세,43 ,1 ,1 ,6 ,18 ,6 ,1 ,1 ,6 ,3 
경기,하남시,기초,남자,85세이상,36 ,0 ,3 ,9 ,11 ,6 ,2 ,3 ,0 ,0 
경기,하남시,기초,여자,65세미만,23 ,4 ,3 ,2 ,2 ,3 ,0 ,2 ,2 ,1 
경기,하남시,기초,여자,65-69세,48 ,1 ,3 ,7 ,10 ,2 ,1 ,11 ,1 ,3 
경기,하남시,기초,여자,70-74세,58 ,2 ,4 ,7 ,16 ,4 ,0 ,10 ,7 ,3 
경기,하남시,기초,여자,75-79세,76 ,3 ,3 ,16 ,26 ,2 ,2 ,6 ,4 ,1 
경기,하남시,기초,여자,80-84세,104 ,1 ,6 ,26 ,36 ,14 ,1 ,5 ,4 ,0 
경기,하남시,기초,여자,85세이상,149 ,10 ,26 ,35 ,49 ,16 ,1 ,1 ,5 ,1 
경기,하남시,의료,남자,65-69세,2 ,0 ,0 ,1 ,0 ,0 ,0 ,0 ,0 ,1 
경기,하남시,의료,남자,70-74세,1 ,0 ,0 ,0 ,1 ,0 ,0 ,0 ,0 ,0 
경기,하남시,의료,남자,75-79세,3 ,0 ,0 ,0 ,2 ,0 ,0 ,0 ,0 ,0 
경기,하남시,의료,남자,80-84세,0 ,0 ,0 ,0 ,0 ,0 ,0 ,0 ,0 ,0 
경기,하남시,의료,남자,85세이상,4 ,0 ,1 ,2 ,0 ,0 ,0 ,0 ,0 ,0 
경기,하남시,의료,여자,65세미만,0 ,0 ,0 ,0 ,0 ,0 ,0 ,0 ,0 ,0 
경기,하남시,의료,여자,65-69세,1 ,0 ,0 ,0 ,0 ,0 ,0 ,0 ,0 ,1 
경기,하남시,의료,여자,70-74세,5 ,0 ,1 ,0 ,3 ,0 ,0 ,0 ,0 ,0 
경기,하남시,의료,여자,75-79세,3 ,0 ,0 ,0 ,1 ,0 ,1 ,0 ,0 ,0 
경기,하남시,의료,여자,80-84세,7 ,0 ,0 ,2 ,3 ,0 ,0 ,1 ,0 ,0 
경기,하남시,의료,여자,85세이상,26 ,0 ,3 ,13 ,7 ,3 ,0 ,0 ,0 ,0 
경기,하남시,감경,남자,65세미만,32 ,4 ,6 ,9 ,10 ,2 ,1 ,0 ,0 ,0 
경기,하남시,감경,남자,65-69세,59 ,4 ,7 ,21 ,23 ,1 ,0 ,0 ,2 ,0 
경기,하남시,감경,남자,70-74세,85 ,4 ,10 ,22 ,34 ,7 ,3 ,0 ,0 ,0 
경기,하남시,감경,남자,75-79세,112 ,3 ,7 ,38 ,39 ,17 ,4 ,1 ,0 ,0 
경기,하남시,감경,남자,80-84세,91 ,5 ,8 ,20 ,36 ,14 ,2 ,1 ,0 ,0 
경기,하남시,감경,남자,85세이상,93 ,1 ,7 ,33 ,41 ,8 ,2 ,0 ,0 ,0 
경기,하남시,감경,여자,65세미만,22 ,1 ,3 ,8 ,3 ,5 ,0 ,0 ,0 ,0 
경기,하남시,감경,여자,65-69세,55 ,6 ,5 ,19 ,15 ,7 ,0 ,0 ,0 ,0 
경기,하남시,감경,여자,70-74세,102 ,6 ,13 ,22 ,43 ,9 ,1 ,0 ,1 ,0 
경기,하남시,감경,여자,75-79세,170 ,14 ,17 ,39 ,67 ,20 ,5 ,1 ,0 ,0 
경기,하남시,감경,여자,80-84세,313 ,7 ,36 ,98 ,121 ,34 ,3 ,1 ,1 ,0 
경기,하남시,감경,여자,85세이상,568 ,28 ,75 ,193 ,213 ,45 ,3 ,0 ,0 ,0 
경기,용인시,일반,남자,65세미만,215 ,24 ,13 ,47 ,37 ,4 ,0 ,19 ,5 ,5 
경기,용인시,일반,남자,65-69세,369 ,21 ,18 ,77 ,99 ,9 ,3 ,29 ,12 ,15 
경기,용인시,일반,남자,70-74세,522 ,34 ,34 ,140 ,124 ,17 ,9 ,48 ,9 ,7 
경기,용인시,일반,남자,75-79세,807 ,37 ,55 ,183 ,240 ,45 ,15 ,53 ,33 ,12 
경기,용인시,일반,남자,80-84세,1323 ,61 ,99 ,314 ,418 ,106 ,34 ,68 ,35 ,13 
경기,용인시,일반,남자,85세이상,1681 ,64 ,117 ,419 ,651 ,115 ,25 ,67 ,35 ,22 
경기,용인시,일반,여자,65세미만,192 ,23 ,14 ,41 ,29 ,7 ,3 ,21 ,8 ,6 
경기,용인시,일반,여자,65-69세,420 ,24 ,26 ,70 ,83 ,13 ,6 ,38 ,20 ,15 
경기,용인시,일반,여자,70-74세,906 ,60 ,48 ,165 ,211 ,45 ,15 ,85 ,39 ,21 
경기,용인시,일반,여자,75-79세,1863 ,92 ,104 ,336 ,574 ,137 ,60 ,118 ,74 ,34 
경기,용인시,일반,여자,80-84세,3078 ,165 ,228 ,680 ,1014 ,235 ,82 ,167 ,72 ,24 
경기,용인시,일반,여자,85세이상,4136 ,289 ,501 ,1201 ,1467 ,195 ,47 ,92 ,42 ,19 
경기,용인시,기초,남자,65세미만,154 ,11 ,16 ,27 ,51 ,3 ,0 ,15 ,5 ,8 
경기,용인시,기초,남자,65-69세,128 ,7 ,3 ,23 ,47 ,5 ,4 ,10 ,6 ,5 
경기,용인시,기초,남자,70-74세,107 ,7 ,6 ,14 ,42 ,3 ,2 ,10 ,4 ,8 
경기,용인시,기초,남자,75-79세,89 ,1 ,6 ,18 ,31 ,3 ,2 ,3 ,4 ,4 
경기,용인시,기초,남자,80-84세,93 ,2 ,5 ,19 ,31 ,12 ,0 ,5 ,7 ,3 
경기,용인시,기초,남자,85세이상,76 ,1 ,3 ,20 ,34 ,6 ,0 ,3 ,0 ,1 
경기,용인시,기초,여자,65세미만,76 ,12 ,7 ,13 ,16 ,0 ,1 ,6 ,4 ,4 
경기,용인시,기초,여자,65-69세,116 ,8 ,10 ,17 ,33 ,2 ,0 ,8 ,7 ,4 
경기,용인시,기초,여자,70-74세,145 ,12 ,11 ,23 ,50 ,3 ,1 ,10 ,3 ,5 
경기,용인시,기초,여자,75-79세,230 ,12 ,22 ,51 ,84 ,7 ,3 ,9 ,9 ,3 
경기,용인시,기초,여자,80-84세,311 ,12 ,21 ,73 ,139 ,13 ,7 ,12 ,8 ,3 
경기,용인시,기초,여자,85세이상,521 ,52 ,81 ,163 ,162 ,16 ,5 ,5 ,7 ,4 
경기,용인시,의료,남자,65세미만,3 ,2 ,0 ,0 ,0 ,0 ,0 ,0 ,1 ,0 
경기,용인시,의료,남자,65-69세,3 ,0 ,0 ,0 ,0 ,0 ,0 ,0 ,0 ,0 
경기,용인시,의료,남자,70-74세,0 ,0 ,0 ,0 ,0 ,0 ,0 ,0 ,0 ,0 
경기,용인시,의료,남자,75-79세,6 ,0 ,2 ,1 ,3 ,0 ,0 ,0 ,0 ,0 
경기,용인시,의료,남자,80-84세,2 ,0 ,0 ,1 ,1 ,0 ,0 ,0 ,0 ,0 
경기,용인시,의료,남자,85세이상,17 ,0 ,1 ,5 ,7 ,0 ,0 ,0 ,0 ,0 
경기,용인시,의료,여자,65-69세,2 ,0 ,0 ,0 ,1 ,0 ,0 ,0 ,0 ,0 
경기,용인시,의료,여자,70-74세,5 ,0 ,0 ,0 ,2 ,1 ,0 ,1 ,0 ,1 
경기,용인시,의료,여자,75-79세,10 ,3 ,0 ,3 ,2 ,0 ,0 ,1 ,0 ,0 
경기,용인시,의료,여자,80-84세,17 ,2 ,1 ,6 ,5 ,1 ,1 ,1 ,0 ,0 
경기,용인시,의료,여자,85세이상,61 ,1 ,8 ,23 ,26 ,2 ,0 ,0 ,0 ,0 
경기,용인시,감경,남자,65세미만,116 ,18 ,9 ,38 ,28 ,4 ,3 ,1 ,0 ,0 
경기,용인시,감경,남자,65-69세,156 ,18 ,19 ,43 ,58 ,5 ,3 ,3 ,1 ,0 
경기,용인시,감경,남자,70-74세,217 ,16 ,22 ,61 ,90 ,14 ,4 ,2 ,0 ,0 
경기,용인시,감경,남자,75-79세,313 ,22 ,24 ,95 ,130 ,25 ,7 ,1 ,1 ,0 
경기,용인시,감경,남자,80-84세,413 ,18 ,41 ,137 ,165 ,39 ,10 ,0 ,1 ,0 
경기,용인시,감경,남자,85세이상,496 ,25 ,33 ,154 ,229 ,32 ,11 ,3 ,0 ,0 
경기,용인시,감경,여자,65세미만,79 ,13 ,8 ,30 ,17 ,4 ,0 ,0 ,0 ,0 
경기,용인시,감경,여자,65-69세,156 ,9 ,20 ,41 ,55 ,13 ,4 ,1 ,0 ,0 
경기,용인시,감경,여자,70-74세,266 ,23 ,38 ,83 ,93 ,11 ,4 ,2 ,0 ,0 
경기,용인시,감경,여자,75-79세,601 ,51 ,67 ,151 ,235 ,53 ,14 ,2 ,0 ,2 
경기,용인시,감경,여자,80-84세,1249 ,89 ,134 ,375 ,478 ,105 ,28 ,2 ,1 ,1 
경기,용인시,감경,여자,85세이상,2091 ,162 ,269 ,737 ,794 ,92 ,13 ,0 ,0 ,0 
경기,파주시,일반,남자,65세미만,96 ,9 ,3 ,16 ,14 ,8 ,0 ,9 ,6 ,7 
경기,파주시,일반,남자,65-69세,154 ,7 ,6 ,30 ,33 ,5 ,3 ,11 ,7 ,6 
경기,파주시,일반,남자,70-74세,196 ,9 ,8 ,35 ,46 ,22 ,2 ,24 ,10 ,5 
경기,파주시,일반,남자,75-79세,357 ,10 ,21 ,56 ,83 ,35 ,16 ,24 ,10 ,8 
경기,파주시,일반,남자,80-84세,476 ,12 ,22 ,86 ,145 ,62 ,13 ,25 ,12 ,7 
경기,파주시,일반,남자,85세이상,567 ,18 ,21 ,110 ,188 ,78 ,18 ,15 ,10 ,8 
경기,파주시,일반,여자,65세미만,89 ,12 ,1 ,18 ,10 ,8 ,0 ,8 ,2 ,4 
경기,파주시,일반,여자,65-69세,209 ,11 ,5 ,27 ,35 ,4 ,3 ,21 ,15 ,3 
경기,파주시,일반,여자,70-74세,360 ,11 ,16 ,48 ,73 ,30 ,8 ,34 ,23 ,7 
경기,파주시,일반,여자,75-79세,759 ,20 ,37 ,96 ,165 ,78 ,27 ,78 ,36 ,26 
경기,파주시,일반,여자,80-84세,1298 ,42 ,55 ,218 ,390 ,143 ,40 ,80 ,45 ,24 
경기,파주시,일반,여자,85세이상,1456 ,70 ,115 ,350 ,482 ,144 ,17 ,56 ,22 ,9 
경기,파주시,기초,남자,65세미만,202 ,10 ,20 ,40 ,48 ,17 ,4 ,17 ,8 ,7 
경기,파주시,기초,남자,65-69세,175 ,8 ,3 ,30 ,52 ,17 ,9 ,16 ,10 ,6 
경기,파주시,기초,남자,70-74세,121 ,3 ,6 ,19 ,40 ,14 ,6 ,6 ,4 ,5 
경기,파주시,기초,남자,75-79세,99 ,1 ,4 ,18 ,34 ,14 ,8 ,2 ,6 ,1 
경기,파주시,기초,남자,80-84세,143 ,2 ,6 ,24 ,52 ,31 ,2 ,1 ,2 ,3 
경기,파주시,기초,남자,85세이상,119 ,2 ,4 ,20 ,53 ,17 ,4 ,4 ,4 ,1 
경기,파주시,기초,여자,65세미만,92 ,8 ,8 ,18 ,23 ,6 ,1 ,10 ,3 ,3 
경기,파주시,기초,여자,65-69세,139 ,6 ,5 ,16 ,39 ,9 ,5 ,10 ,15 ,7 
경기,파주시,기초,여자,70-74세,166 ,5 ,12 ,20 ,50 ,15 ,4 ,20 ,8 ,3 
경기,파주시,기초,여자,75-79세,268 ,15 ,9 ,43 ,83 ,43 ,15 ,10 ,11 ,7 
경기,파주시,기초,여자,80-84세,415 ,22 ,33 ,77 ,146 ,54 ,16 ,18 ,8 ,4 
경기,파주시,기초,여자,85세이상,527 ,26 ,50 ,150 ,210 ,47 ,3 ,9 ,5 ,2 
경기,파주시,의료,남자,65세미만,0 ,0 ,0 ,0 ,0 ,0 ,0 ,0 ,0 ,0 
경기,파주시,의료,남자,65-69세,1 ,0 ,0 ,0 ,0 ,0 ,0 ,0 ,0 ,0 
경기,파주시,의료,남자,70-74세,6 ,0 ,0 ,3 ,2 ,0 ,0 ,0 ,0 ,1 
경기,파주시,의료,남자,75-79세,5 ,0 ,0 ,0 ,1 ,3 ,0 ,0 ,1 ,0 
경기,파주시,의료,남자,80-84세,3 ,0 ,0 ,3 ,0 ,0 ,0 ,0 ,0 ,0 
경기,파주시,의료,남자,85세이상,10 ,0 ,1 ,0 ,6 ,1 ,0 ,0 ,0 ,0 
경기,파주시,의료,여자,65세미만,1 ,0 ,0 ,0 ,0 ,0 ,0 ,1 ,0 ,0 
경기,파주시,의료,여자,65-69세,4 ,0 ,0 ,0 ,1 ,0 ,0 ,1 ,0 ,0 
경기,파주시,의료,여자,70-74세,8 ,0 ,0 ,1 ,4 ,1 ,0 ,0 ,0 ,0 
경기,파주시,의료,여자,75-79세,4 ,0 ,1 ,1 ,0 ,1 ,0 ,0 ,0 ,0 
경기,파주시,의료,여자,80-84세,10 ,0 ,0 ,0 ,3 ,2 ,0 ,0 ,2 ,0 
경기,파주시,의료,여자,85세이상,57 ,2 ,5 ,13 ,20 ,11 ,0 ,0 ,1 ,0 
경기,파주시,감경,남자,65세미만,72 ,10 ,3 ,25 ,20 ,2 ,4 ,1 ,1 ,0 
경기,파주시,감경,남자,65-69세,124 ,8 ,11 ,35 ,49 ,14 ,3 ,0 ,0 ,0 
경기,파주시,감경,남자,70-74세,171 ,9 ,15 ,47 ,66 ,29 ,3 ,0 ,1 ,0 
경기,파주시,감경,남자,75-79세,224 ,11 ,9 ,56 ,89 ,39 ,11 ,0 ,1 ,0 
경기,파주시,감경,남자,80-84세,339 ,11 ,21 ,79 ,141 ,59 ,13 ,1 ,4 ,1 
경기,파주시,감경,남자,85세이상,371 ,7 ,16 ,99 ,177 ,58 ,9 ,0 ,0 ,1 
경기,파주시,감경,여자,65세미만,66 ,7 ,5 ,13 ,26 ,8 ,3 ,0 ,0 ,0 
경기,파주시,감경,여자,65-69세,124 ,11 ,2 ,30 ,51 ,18 ,1 ,1 ,0 ,0 
경기,파주시,감경,여자,70-74세,214 ,10 ,13 ,56 ,71 ,35 ,13 ,3 ,1 ,0 
경기,파주시,감경,여자,75-79세,495 ,21 ,39 ,97 ,219 ,69 ,20 ,3 ,4 ,0 
경기,파주시,감경,여자,80-84세,961 ,43 ,65 ,230 ,399 ,158 ,39 ,1 ,4 ,0 
경기,파주시,감경,여자,85세이상,1499 ,88 ,154 ,459 ,577 ,173 ,27 ,4 ,0 ,0 
경기,이천시,일반,남자,65세미만,35 ,2 ,0 ,10 ,5 ,1 ,0 ,5 ,0 ,4 
경기,이천시,일반,남자,65-69세,83 ,4 ,0 ,23 ,22 ,2 ,3 ,10 ,3 ,4 
경기,이천시,일반,남자,70-74세,94 ,10 ,10 ,29 ,13 ,0 ,0 ,9 ,2 ,2 
경기,이천시,일반,남자,75-79세,155 ,4 ,11 ,52 ,40 ,6 ,4 ,8 ,7 ,3 
경기,이천시,일반,남자,80-84세,212 ,10 ,15 ,70 ,61 ,8 ,1 ,15 ,3 ,2 
경기,이천시,일반,남자,85세이상,236 ,9 ,18 ,76 ,70 ,9 ,3 ,11 ,6 ,4 
경기,이천시,일반,여자,65세미만,33 ,4 ,1 ,8 ,5 ,1 ,1 ,3 ,1 ,3 
경기,이천시,일반,여자,65-69세,98 ,5 ,8 ,13 ,16 ,2 ,0 ,10 ,10 ,6 
경기,이천시,일반,여자,70-74세,184 ,8 ,9 ,29 ,35 ,5 ,6 ,17 ,12 ,12 
경기,이천시,일반,여자,75-79세,299 ,11 ,15 ,54 ,69 ,11 ,10 ,26 ,13 ,11 
경기,이천시,일반,여자,80-84세,540 ,22 ,40 ,153 ,156 ,26 ,12 ,38 ,21 ,12 
경기,이천시,일반,여자,85세이상,693 ,51 ,55 ,249 ,199 ,26 ,3 ,29 ,11 ,6 
경기,이천시,기초,남자,65세미만,58 ,4 ,4 ,17 ,16 ,2 ,0 ,5 ,3 ,3 
경기,이천시,기초,남자,65-69세,80 ,1 ,3 ,23 ,24 ,3 ,0 ,6 ,5 ,6 
경기,이천시,기초,남자,70-74세,49 ,4 ,2 ,11 ,14 ,2 ,1 ,1 ,2 ,2 
경기,이천시,기초,남자,75-79세,38 ,2 ,3 ,12 ,11 ,2 ,1 ,0 ,2 ,1 
경기,이천시,기초,남자,80-84세,45 ,0 ,3 ,15 ,14 ,0 ,0 ,2 ,2 ,5 
경기,이천시,기초,남자,85세이상,28 ,1 ,5 ,8 ,10 ,3 ,0 ,0 ,0 ,0 
경기,이천시,기초,여자,65세미만,29 ,2 ,2 ,8 ,2 ,1 ,1 ,5 ,3 ,1 
경기,이천시,기초,여자,65-69세,37 ,1 ,1 ,8 ,10 ,2 ,1 ,3 ,5 ,2 
경기,이천시,기초,여자,70-74세,61 ,0 ,2 ,12 ,26 ,1 ,0 ,2 ,1 ,6 
경기,이천시,기초,여자,75-79세,77 ,2 ,2 ,26 ,23 ,1 ,2 ,3 ,4 ,6 
경기,이천시,기초,여자,80-84세,113 ,6 ,12 ,27 ,44 ,0 ,4 ,3 ,3 ,4 
경기,이천시,기초,여자,85세이상,154 ,10 ,13 ,56 ,48 ,4 ,2 ,6 ,1 ,2 
경기,이천시,의료,남자,70-74세,1 ,0 ,0 ,0 ,0 ,0 ,0 ,1 ,0 ,0 
경기,이천시,의료,남자,75-79세,2 ,0 ,0 ,0 ,1 ,0 ,0 ,0 ,1 ,0 
경기,이천시,의료,남자,85세이상,5 ,0 ,1 ,2 ,1 ,0 ,0 ,0 ,0 ,0 
경기,이천시,의료,여자,65-69세,0 ,0 ,0 ,0 ,0 ,0 ,0 ,0 ,0 ,0 
경기,이천시,의료,여자,70-74세,1 ,0 ,0 ,1 ,0 ,0 ,0 ,0 ,0 ,0 
경기,이천시,의료,여자,75-79세,1 ,0 ,0 ,0 ,1 ,0 ,0 ,0 ,0 ,0 
경기,이천시,의료,여자,80-84세,3 ,0 ,0 ,2 ,1 ,0 ,0 ,0 ,0 ,0 
경기,이천시,의료,여자,85세이상,20 ,1 ,3 ,7 ,6 ,1 ,0 ,1 ,1 ,0 
경기,이천시,감경,남자,65세미만,32 ,3 ,2 ,12 ,9 ,1 ,0 ,0 ,0 ,0 
경기,이천시,감경,남자,65-69세,52 ,2 ,1 ,19 ,20 ,2 ,1 ,0 ,0 ,0 
경기,이천시,감경,남자,70-74세,62 ,8 ,2 ,25 ,19 ,6 ,0 ,0 ,0 ,1 
경기,이천시,감경,남자,75-79세,95 ,10 ,10 ,37 ,30 ,2 ,0 ,2 ,0 ,0 
경기,이천시,감경,남자,80-84세,122 ,9 ,11 ,54 ,40 ,4 ,3 ,0 ,0 ,0 
경기,이천시,감경,남자,85세이상,156 ,8 ,12 ,55 ,70 ,9 ,0 ,0 ,0 ,1 
경기,이천시,감경,여자,65세미만,22 ,3 ,0 ,11 ,5 ,1 ,1 ,0 ,0 ,0 
경기,이천시,감경,여자,65-69세,46 ,7 ,5 ,13 ,15 ,0 ,2 ,0 ,0 ,0 
경기,이천시,감경,여자,70-74세,108 ,8 ,13 ,34 ,42 ,3 ,4 ,0 ,0 ,0 
경기,이천시,감경,여자,75-79세,181 ,5 ,16 ,65 ,57 ,11 ,6 ,0 ,1 ,1 
경기,이천시,감경,여자,80-84세,387 ,33 ,33 ,128 ,149 ,25 ,10 ,3 ,0 ,1 
경기,이천시,감경,여자,85세이상,601 ,47 ,79 ,251 ,181 ,26 ,3 ,1 ,1 ,1 
경기,안성시,일반,남자,65세미만,49 ,1 ,4 ,10 ,11 ,2 ,0 ,7 ,4 ,1 
경기,안성시,일반,남자,65-69세,86 ,6 ,7 ,20 ,22 ,3 ,0 ,6 ,3 ,6 
경기,안성시,일반,남자,70-74세,110 ,4 ,5 ,25 ,39 ,6 ,1 ,2 ,0 ,0 
경기,안성시,일반,남자,75-79세,167 ,10 ,4 ,52 ,57 ,8 ,2 ,9 ,4 ,1 
경기,안성시,일반,남자,80-84세,260 ,12 ,17 ,60 ,78 ,23 ,4 ,13 ,6 ,3 
경기,안성시,일반,남자,85세이상,315 ,10 ,26 ,73 ,125 ,21 ,3 ,16 ,7 ,4 
경기,안성시,일반,여자,65세미만,33 ,4 ,3 ,8 ,6 ,0 ,0 ,3 ,2 ,2 
경기,안성시,일반,여자,65-69세,112 ,5 ,5 ,18 ,21 ,5 ,1 ,14 ,8 ,2 
경기,안성시,일반,여자,70-74세,176 ,7 ,7 ,24 ,50 ,8 ,1 ,20 ,16 ,3 
경기,안성시,일반,여자,75-79세,342 ,6 ,19 ,58 ,107 ,19 ,5 ,34 ,18 ,6 
경기,안성시,일반,여자,80-84세,682 ,24 ,45 ,173 ,235 ,47 ,13 ,31 ,20 ,9 
경기,안성시,일반,여자,85세이상,923 ,49 ,115 ,294 ,315 ,51 ,4 ,20 ,8 ,4 
경기,안성시,기초,남자,65세미만,80 ,7 ,9 ,18 ,22 ,3 ,0 ,6 ,2 ,1 
경기,안성시,기초,남자,65-69세,95 ,3 ,5 ,19 ,31 ,3 ,4 ,4 ,9 ,5 
경기,안성시,기초,남자,70-74세,67 ,3 ,6 ,11 ,24 ,7 ,1 ,2 ,3 ,2 
경기,안성시,기초,남자,75-79세,57 ,1 ,7 ,16 ,22 ,5 ,1 ,0 ,2 ,2 
경기,안성시,기초,남자,80-84세,40 ,1 ,5 ,9 ,15 ,3 ,1 ,2 ,1 ,0 
경기,안성시,기초,남자,85세이상,30 ,0 ,1 ,7 ,17 ,0 ,1 ,0 ,2 ,1 
경기,안성시,기초,여자,65세미만,29 ,5 ,4 ,7 ,5 ,0 ,0 ,4 ,0 ,0 
경기,안성시,기초,여자,65-69세,58 ,2 ,4 ,12 ,19 ,4 ,1 ,3 ,5 ,4 
경기,안성시,기초,여자,70-74세,72 ,5 ,3 ,18 ,18 ,3 ,1 ,2 ,3 ,6 
경기,안성시,기초,여자,75-79세,117 ,4 ,7 ,19 ,46 ,4 ,1 ,6 ,6 ,2 
경기,안성시,기초,여자,80-84세,172 ,10 ,22 ,40 ,65 ,8 ,1 ,4 ,4 ,3 
경기,안성시,기초,여자,85세이상,225 ,16 ,24 ,70 ,83 ,12 ,2 ,7 ,2 ,0 
경기,안성시,의료,남자,75-79세,2 ,0 ,0 ,0 ,1 ,1 ,0 ,0 ,0 ,0 
경기,안성시,의료,남자,80-84세,0 ,0 ,0 ,0 ,0 ,0 ,0 ,0 ,0 ,0 
경기,안성시,의료,남자,85세이상,5 ,0 ,0 ,1 ,4 ,0 ,0 ,0 ,0 ,0 
경기,안성시,의료,여자,65-69세,1 ,0 ,0 ,0 ,1 ,0 ,0 ,0 ,0 ,0 
경기,안성시,의료,여자,70-74세,2 ,0 ,0 ,0 ,2 ,0 ,0 ,0 ,0 ,0 
경기,안성시,의료,여자,75-79세,5 ,0 ,0 ,1 ,3 ,1 ,0 ,0 ,0 ,0 
경기,안성시,의료,여자,80-84세,9 ,0 ,2 ,1 ,5 ,1 ,0 ,0 ,0 ,0 
경기,안성시,의료,여자,85세이상,24 ,2 ,0 ,7 ,11 ,1 ,0 ,0 ,0 ,0 
경기,안성시,감경,남자,65세미만,28 ,4 ,4 ,9 ,6 ,2 ,0 ,0 ,1 ,0 
경기,안성시,감경,남자,65-69세,48 ,2 ,11 ,12 ,18 ,2 ,0 ,1 ,0 ,0 
경기,안성시,감경,남자,70-74세,71 ,8 ,4 ,24 ,26 ,6 ,0 ,1 ,0 ,0 
경기,안성시,감경,남자,75-79세,93 ,3 ,10 ,45 ,23 ,9 ,3 ,0 ,0 ,0 
경기,안성시,감경,남자,80-84세,138 ,5 ,16 ,34 ,60 ,17 ,2 ,0 ,0 ,2 
경기,안성시,감경,남자,85세이상,177 ,4 ,13 ,54 ,94 ,9 ,2 ,0 ,0 ,0 
경기,안성시,감경,여자,65세미만,31 ,5 ,1 ,13 ,7 ,1 ,1 ,1 ,0 ,0 
경기,안성시,감경,여자,65-69세,52 ,6 ,2 ,17 ,17 ,5 ,0 ,0 ,1 ,0 
경기,안성시,감경,여자,70-74세,99 ,6 ,8 ,21 ,48 ,8 ,4 ,1 ,0 ,1 
경기,안성시,감경,여자,75-79세,188 ,4 ,21 ,59 ,75 ,9 ,4 ,1 ,1 ,1 
경기,안성시,감경,여자,80-84세,449 ,28 ,43 ,129 ,205 ,28 ,2 ,2 ,0 ,0 
경기,안성시,감경,여자,85세이상,813 ,53 ,121 ,298 ,282 ,37 ,9 ,1 ,0 ,0 
경기,김포시,일반,남자,65세미만,69 ,2 ,4 ,19 ,11 ,1 ,0 ,7 ,2 ,5 
경기,김포시,일반,남자,65-69세,145 ,5 ,7 ,32 ,38 ,1 ,0 ,22 ,4 ,5 
경기,김포시,일반,남자,70-74세,220 ,5 ,9 ,59 ,80 ,12 ,4 ,11 ,4 ,3 
경기,김포시,일반,남자,75-79세,314 ,5 ,13 ,63 ,115 ,15 ,6 ,25 ,11 ,5 
경기,김포시,일반,남자,80-84세,424 ,9 ,29 ,89 ,147 ,47 ,7 ,23 ,16 ,1 
경기,김포시,일반,남자,85세이상,452 ,20 ,20 ,103 ,170 ,33 ,5 ,29 ,10 ,6 
경기,김포시,일반,여자,65세미만,73 ,8 ,4 ,11 ,8 ,4 ,0 ,10 ,5 ,3 
경기,김포시,일반,여자,65-69세,194 ,5 ,11 ,24 ,43 ,8 ,4 ,26 ,9 ,6 
경기,김포시,일반,여자,70-74세,334 ,11 ,15 ,54 ,83 ,24 ,9 ,34 ,20 ,6 
경기,김포시,일반,여자,75-79세,622 ,28 ,25 ,97 ,199 ,44 ,12 ,68 ,24 ,12 
경기,김포시,일반,여자,80-84세,1029 ,37 ,62 ,200 ,383 ,96 ,14 ,61 ,28 ,11 
경기,김포시,일반,여자,85세이상,1255 ,53 ,104 ,341 ,485 ,74 ,16 ,40 ,11 ,4 
경기,김포시,기초,남자,65세미만,108 ,7 ,7 ,23 ,29 ,7 ,2 ,11 ,6 ,4 
경기,김포시,기초,남자,65-69세,93 ,4 ,4 ,22 ,34 ,9 ,2 ,4 ,4 ,2 
경기,김포시,기초,남자,70-74세,86 ,5 ,3 ,22 ,24 ,5 ,1 ,7 ,5 ,4 
경기,김포시,기초,남자,75-79세,81 ,3 ,7 ,15 ,26 ,7 ,3 ,5 ,3 ,4 
경기,김포시,기초,남자,80-84세,86 ,5 ,4 ,19 ,31 ,10 ,3 ,2 ,3 ,1 
경기,김포시,기초,남자,85세이상,55 ,1 ,6 ,14 ,22 ,3 ,1 ,2 ,2 ,0 
경기,김포시,기초,여자,65세미만,63 ,3 ,13 ,12 ,17 ,4 ,0 ,3 ,5 ,1 
경기,김포시,기초,여자,65-69세,95 ,2 ,5 ,18 ,31 ,9 ,3 ,8 ,5 ,3 
경기,김포시,기초,여자,70-74세,88 ,2 ,7 ,11 ,29 ,8 ,3 ,9 ,6 ,2 
경기,김포시,기초,여자,75-79세,149 ,1 ,8 ,27 ,68 ,13 ,3 ,4 ,7 ,1 
경기,김포시,기초,여자,80-84세,212 ,9 ,11 ,42 ,98 ,16 ,4 ,4 ,5 ,2 
경기,김포시,기초,여자,85세이상,331 ,15 ,26 ,115 ,132 ,10 ,4 ,3 ,7 ,0 
경기,김포시,의료,남자,65-69세,0 ,0 ,0 ,0 ,0 ,0 ,0 ,0 ,0 ,0 
경기,김포시,의료,남자,70-74세,1 ,0 ,1 ,0 ,0 ,0 ,0 ,0 ,0 ,0 
경기,김포시,의료,남자,75-79세,9 ,0 ,1 ,4 ,1 ,2 ,1 ,0 ,0 ,0 
경기,김포시,의료,남자,80-84세,1 ,0 ,0 ,0 ,1 ,0 ,0 ,0 ,0 ,0 
경기,김포시,의료,남자,85세이상,14 ,1 ,2 ,3 ,7 ,0 ,0 ,0 ,0 ,0 
경기,김포시,의료,여자,65-69세,1 ,0 ,0 ,1 ,0 ,0 ,0 ,0 ,0 ,0 
경기,김포시,의료,여자,70-74세,4 ,0 ,0 ,0 ,1 ,1 ,0 ,0 ,1 ,0 
경기,김포시,의료,여자,75-79세,6 ,1 ,1 ,1 ,2 ,0 ,0 ,0 ,1 ,0 
경기,김포시,의료,여자,80-84세,12 ,0 ,0 ,4 ,6 ,0 ,0 ,1 ,0 ,0 
경기,김포시,의료,여자,85세이상,31 ,2 ,3 ,9 ,10 ,5 ,0 ,0 ,0 ,0 
경기,김포시,감경,남자,65세미만,47 ,4 ,3 ,21 ,9 ,2 ,2 ,0 ,0 ,0 
경기,김포시,감경,남자,65-69세,93 ,2 ,10 ,37 ,31 ,3 ,2 ,0 ,1 ,0 
경기,김포시,감경,남자,70-74세,140 ,7 ,14 ,30 ,67 ,11 ,5 ,1 ,0 ,0 
경기,김포시,감경,남자,75-79세,176 ,4 ,5 ,49 ,91 ,19 ,2 ,0 ,0 ,0 
경기,김포시,감경,남자,80-84세,203 ,3 ,13 ,61 ,89 ,29 ,5 ,0 ,1 ,0 
경기,김포시,감경,남자,85세이상,225 ,8 ,12 ,63 ,115 ,25 ,1 ,1 ,0 ,0 
경기,김포시,감경,여자,65세미만,41 ,6 ,7 ,14 ,9 ,3 ,0 ,0 ,0 ,0 
경기,김포시,감경,여자,65-69세,101 ,7 ,6 ,30 ,44 ,4 ,4 ,0 ,0 ,0 
경기,김포시,감경,여자,70-74세,163 ,9 ,9 ,35 ,79 ,15 ,3 ,2 ,0 ,0 
경기,김포시,감경,여자,75-79세,330 ,12 ,29 ,85 ,146 ,30 ,13 ,2 ,0 ,0 
경기,김포시,감경,여자,80-84세,608 ,27 ,54 ,185 ,251 ,50 ,19 ,5 ,1 ,1 
경기,김포시,감경,여자,85세이상,990 ,49 ,112 ,311 ,440 ,51 ,7 ,1 ,1 ,0 
경기,화성시,일반,남자,65세미만,133 ,7 ,8 ,31 ,20 ,2 ,0 ,21 ,8 ,3 
경기,화성시,일반,남자,65-69세,246 ,9 ,17 ,58 ,54 ,6 ,0 ,26 ,13 ,14 
경기,화성시,일반,남자,70-74세,325 ,10 ,14 ,64 ,91 ,22 ,1 ,29 ,7 ,11 
경기,화성시,일반,남자,75-79세,453 ,11 ,35 ,101 ,121 ,27 ,8 ,31 ,11 ,16 
경기,화성시,일반,남자,80-84세,577 ,13 ,37 ,125 ,188 ,38 ,10 ,34 ,17 ,7 
경기,화성시,일반,남자,85세이상,700 ,18 ,43 ,177 ,280 ,36 ,11 ,16 ,14 ,8 
경기,화성시,일반,여자,65세미만,94 ,9 ,6 ,17 ,18 ,5 ,2 ,8 ,4 ,1 
경기,화성시,일반,여자,65-69세,300 ,11 ,12 ,42 ,65 ,17 ,6 ,31 ,11 ,16 
경기,화성시,일반,여자,70-74세,487 ,14 ,17 ,73 ,131 ,22 ,10 ,38 ,15 ,7 
경기,화성시,일반,여자,75-79세,887 ,30 ,37 ,134 ,263 ,76 ,26 ,66 ,38 ,21 
경기,화성시,일반,여자,80-84세,1540 ,42 ,74 ,346 ,553 ,115 ,25 ,70 ,35 ,18 
경기,화성시,일반,여자,85세이상,1866 ,79 ,186 ,606 ,665 ,85 ,13 ,40 ,14 ,8 
경기,화성시,기초,남자,65세미만,132 ,8 ,14 ,30 ,39 ,6 ,2 ,10 ,3 ,4 
경기,화성시,기초,남자,65-69세,133 ,5 ,3 ,27 ,47 ,4 ,5 ,10 ,9 ,4 
경기,화성시,기초,남자,70-74세,90 ,3 ,7 ,19 ,27 ,7 ,1 ,3 ,1 ,3 
경기,화성시,기초,남자,75-79세,99 ,1 ,7 ,28 ,32 ,6 ,1 ,8 ,3 ,5 
경기,화성시,기초,남자,80-84세,90 ,6 ,4 ,25 ,31 ,2 ,1 ,2 ,3 ,0 
경기,화성시,기초,남자,85세이상,79 ,4 ,13 ,12 ,27 ,6 ,0 ,1 ,1 ,0 
경기,화성시,기초,여자,65세미만,77 ,8 ,7 ,24 ,18 ,4 ,0 ,0 ,3 ,2 
경기,화성시,기초,여자,65-69세,109 ,6 ,12 ,24 ,28 ,3 ,0 ,14 ,7 ,3 
경기,화성시,기초,여자,70-74세,141 ,8 ,15 ,27 ,43 ,12 ,3 ,3 ,5 ,3 
경기,화성시,기초,여자,75-79세,168 ,6 ,14 ,33 ,64 ,10 ,3 ,13 ,4 ,2 
경기,화성시,기초,여자,80-84세,274 ,6 ,23 ,77 ,106 ,14 ,3 ,14 ,3 ,2 
경기,화성시,기초,여자,85세이상,388 ,19 ,45 ,147 ,136 ,16 ,0 ,1 ,1 ,0 
경기,화성시,의료,남자,65세미만,1 ,0 ,0 ,0 ,0 ,0 ,0 ,0 ,0 ,0 
경기,화성시,의료,남자,65-69세,3 ,1 ,0 ,1 ,0 ,0 ,0 ,0 ,0 ,0 
경기,화성시,의료,남자,70-74세,3 ,0 ,0 ,1 ,1 ,0 ,0 ,0 ,0 ,1 
경기,화성시,의료,남자,75-79세,6 ,0 ,1 ,2 ,2 ,0 ,0 ,0 ,0 ,0 
경기,화성시,의료,남자,80-84세,5 ,0 ,0 ,1 ,2 ,1 ,0 ,0 ,0 ,0 
경기,화성시,의료,남자,85세이상,11 ,0 ,1 ,4 ,4 ,0 ,0 ,0 ,0 ,0 
경기,화성시,의료,여자,65세미만,2 ,1 ,0 ,0 ,1 ,0 ,0 ,0 ,0 ,0 
경기,화성시,의료,여자,65-69세,2 ,0 ,1 ,0 ,0 ,0 ,0 ,0 ,0 ,0 
경기,화성시,의료,여자,70-74세,5 ,0 ,0 ,0 ,3 ,0 ,0 ,1 ,0 ,0 
경기,화성시,의료,여자,75-79세,7 ,0 ,0 ,1 ,4 ,0 ,0 ,1 ,0 ,0 
경기,화성시,의료,여자,80-84세,15 ,0 ,0 ,1 ,7 ,3 ,1 ,0 ,1 ,1 
경기,화성시,의료,여자,85세이상,46 ,0 ,8 ,18 ,13 ,1 ,0 ,1 ,0 ,1 
경기,화성시,감경,남자,65세미만,87 ,5 ,9 ,35 ,26 ,6 ,1 ,0 ,0 ,0 
경기,화성시,감경,남자,65-69세,136 ,5 ,12 ,38 ,56 ,10 ,0 ,1 ,0 ,1 
경기,화성시,감경,남자,70-74세,199 ,9 ,12 ,49 ,100 ,13 ,7 ,2 ,0 ,0 
경기,화성시,감경,남자,75-79세,241 ,7 ,22 ,70 ,111 ,20 ,3 ,1 ,1 ,0 
경기,화성시,감경,남자,80-84세,275 ,6 ,24 ,82 ,129 ,27 ,4 ,0 ,0 ,0 
경기,화성시,감경,남자,85세이상,270 ,13 ,24 ,96 ,108 ,19 ,7 ,0 ,1 ,0 
경기,화성시,감경,여자,65세미만,62 ,6 ,9 ,21 ,12 ,3 ,1 ,1 ,0 ,0 
경기,화성시,감경,여자,65-69세,141 ,11 ,11 ,38 ,53 ,11 ,2 ,5 ,1 ,0 
경기,화성시,감경,여자,70-74세,251 ,17 ,15 ,74 ,98 ,24 ,3 ,3 ,0 ,0 
경기,화성시,감경,여자,75-79세,496 ,32 ,45 ,135 ,209 ,32 ,12 ,4 ,0 ,1 
경기,화성시,감경,여자,80-84세,902 ,43 ,80 ,270 ,380 ,69 ,22 ,4 ,0 ,1 
경기,화성시,감경,여자,85세이상,1532 ,74 ,195 ,579 ,589 ,67 ,7 ,0 ,0 ,0 
경기,광주시,일반,남자,65세미만,68 ,6 ,3 ,14 ,11 ,2 ,0 ,11 ,1 ,1 
경기,광주시,일반,남자,65-69세,162 ,12 ,8 ,36 ,46 ,3 ,1 ,11 ,5 ,5 
경기,광주시,일반,남자,70-74세,211 ,13 ,13 ,40 ,59 ,9 ,3 ,15 ,5 ,9 
경기,광주시,일반,남자,75-79세,321 ,9 ,21 ,75 ,93 ,14 ,2 ,29 ,9 ,10 
경기,광주시,일반,남자,80-84세,387 ,14 ,29 ,101 ,112 ,19 ,4 ,24 ,16 ,3 
경기,광주시,일반,남자,85세이상,366 ,18 ,32 ,79 ,135 ,20 ,11 ,16 ,11 ,5 
경기,광주시,일반,여자,65세미만,67 ,7 ,5 ,15 ,13 ,2 ,0 ,4 ,4 ,2 
경기,광주시,일반,여자,65-69세,182 ,9 ,5 ,28 ,38 ,5 ,2 ,27 ,6 ,4 
경기,광주시,일반,여자,70-74세,353 ,17 ,13 ,50 ,86 ,12 ,2 ,26 ,20 ,9 
경기,광주시,일반,여자,75-79세,564 ,29 ,22 ,92 ,160 ,37 ,8 ,45 ,19 ,8 
경기,광주시,일반,여자,80-84세,895 ,46 ,68 ,212 ,278 ,44 ,21 ,57 ,17 ,8 
경기,광주시,일반,여자,85세이상,1146 ,93 ,136 ,343 ,362 ,45 ,9 ,25 ,24 ,2 
경기,광주시,기초,남자,65세미만,72 ,4 ,11 ,16 ,21 ,2 ,0 ,7 ,3 ,1 
경기,광주시,기초,남자,65-69세,82 ,4 ,6 ,15 ,24 ,2 ,1 ,7 ,8 ,3 
경기,광주시,기초,남자,70-74세,62 ,3 ,3 ,21 ,17 ,2 ,0 ,5 ,2 ,2 
경기,광주시,기초,남자,75-79세,54 ,4 ,0 ,16 ,18 ,5 ,0 ,2 ,3 ,0 
경기,광주시,기초,남자,80-84세,51 ,4 ,3 ,11 ,25 ,1 ,1 ,1 ,1 ,0 
경기,광주시,기초,남자,85세이상,36 ,2 ,3 ,9 ,13 ,3 ,0 ,0 ,2 ,0 
경기,광주시,기초,여자,65세미만,25 ,1 ,1 ,7 ,8 ,0 ,0 ,3 ,2 ,0 
경기,광주시,기초,여자,65-69세,54 ,2 ,1 ,10 ,19 ,0 ,1 ,5 ,3 ,0 
경기,광주시,기초,여자,70-74세,65 ,6 ,1 ,13 ,15 ,3 ,0 ,5 ,5 ,2 
경기,광주시,기초,여자,75-79세,108 ,4 ,8 ,27 ,47 ,4 ,6 ,4 ,4 ,0 
경기,광주시,기초,여자,80-84세,151 ,9 ,16 ,43 ,50 ,10 ,0 ,6 ,3 ,0 
경기,광주시,기초,여자,85세이상,210 ,9 ,40 ,81 ,56 ,7 ,0 ,3 ,3 ,0 
경기,광주시,의료,남자,65세미만,0 ,0 ,0 ,0 ,0 ,0 ,0 ,0 ,0 ,0 
경기,광주시,의료,남자,65-69세,2 ,0 ,0 ,1 ,1 ,0 ,0 ,0 ,0 ,0 
경기,광주시,의료,남자,70-74세,1 ,0 ,0 ,0 ,0 ,1 ,0 ,0 ,0 ,0 
경기,광주시,의료,남자,75-79세,4 ,0 ,0 ,2 ,2 ,0 ,0 ,0 ,0 ,0 
경기,광주시,의료,남자,80-84세,3 ,1 ,0 ,0 ,1 ,0 ,0 ,0 ,0 ,0 
경기,광주시,의료,남자,85세이상,6 ,0 ,3 ,0 ,2 ,0 ,0 ,0 ,0 ,0 
경기,광주시,의료,여자,65세미만,1 ,0 ,0 ,0 ,1 ,0 ,0 ,0 ,0 ,0 
경기,광주시,의료,여자,65-69세,0 ,0 ,0 ,0 ,0 ,0 ,0 ,0 ,0 ,0 
경기,광주시,의료,여자,70-74세,4 ,1 ,0 ,1 ,0 ,0 ,0 ,0 ,0 ,0 
경기,광주시,의료,여자,75-79세,6 ,0 ,0 ,1 ,5 ,0 ,0 ,0 ,0 ,0 
경기,광주시,의료,여자,80-84세,5 ,0 ,0 ,0 ,3 ,0 ,0 ,0 ,0 ,0 
경기,광주시,의료,여자,85세이상,27 ,0 ,2 ,16 ,8 ,0 ,0 ,0 ,0 ,0 
경기,광주시,감경,남자,65세미만,59 ,7 ,8 ,17 ,22 ,1 ,1 ,0 ,1 ,0 
경기,광주시,감경,남자,65-69세,121 ,9 ,11 ,51 ,38 ,6 ,2 ,2 ,0 ,0 
경기,광주시,감경,남자,70-74세,141 ,11 ,11 ,40 ,63 ,7 ,3 ,0 ,1 ,0 
경기,광주시,감경,남자,75-79세,199 ,6 ,20 ,57 ,91 ,16 ,3 ,2 ,0 ,0 
경기,광주시,감경,남자,80-84세,185 ,9 ,15 ,48 ,80 ,19 ,6 ,0 ,2 ,0 
경기,광주시,감경,남자,85세이상,227 ,7 ,20 ,80 ,95 ,16 ,6 ,0 ,0 ,0 
경기,광주시,감경,여자,65세미만,52 ,4 ,5 ,21 ,15 ,4 ,1 ,0 ,0 ,0 
경기,광주시,감경,여자,65-69세,116 ,9 ,17 ,34 ,40 ,7 ,2 ,0 ,1 ,0 
경기,광주시,감경,여자,70-74세,163 ,11 ,17 ,49 ,61 ,7 ,2 ,4 ,0 ,0 
경기,광주시,감경,여자,75-79세,327 ,18 ,36 ,85 ,142 ,26 ,5 ,1 ,0 ,0 
경기,광주시,감경,여자,80-84세,665 ,48 ,71 ,221 ,250 ,45 ,13 ,3 ,1 ,1 
경기,광주시,감경,여자,85세이상,954 ,87 ,118 ,338 ,344 ,45 ,7 ,1 ,0 ,0 
경기,양주시,일반,남자,65세미만,68 ,6 ,2 ,9 ,7 ,3 ,1 ,13 ,6 ,6 
경기,양주시,일반,남자,65-69세,132 ,4 ,4 ,23 ,32 ,13 ,0 ,19 ,6 ,8 
경기,양주시,일반,남자,70-74세,185 ,4 ,10 ,28 ,52 ,16 ,4 ,16 ,13 ,6 
경기,양주시,일반,남자,75-79세,224 ,9 ,8 ,43 ,61 ,28 ,5 ,20 ,11 ,5 
경기,양주시,일반,남자,80-84세,358 ,3 ,13 ,79 ,120 ,54 ,9 ,17 ,11 ,9 
경기,양주시,일반,남자,85세이상,352 ,6 ,14 ,74 ,144 ,59 ,5 ,10 ,8 ,3 
경기,양주시,일반,여자,65세미만,54 ,6 ,1 ,10 ,7 ,2 ,1 ,10 ,2 ,3 
경기,양주시,일반,여자,65-69세,134 ,10 ,5 ,17 ,17 ,4 ,1 ,25 ,6 ,6 
경기,양주시,일반,여자,70-74세,229 ,9 ,14 ,27 ,43 ,20 ,7 ,35 ,15 ,10 
경기,양주시,일반,여자,75-79세,457 ,11 ,14 ,82 ,117 ,48 ,14 ,41 ,26 ,8 
경기,양주시,일반,여자,80-84세,741 ,32 ,32 ,154 ,260 ,91 ,14 ,36 ,20 ,11 
경기,양주시,일반,여자,85세이상,982 ,47 ,81 ,275 ,353 ,105 ,12 ,36 ,9 ,5 
경기,양주시,기초,남자,65세미만,179 ,9 ,17 ,54 ,51 ,7 ,5 ,4 ,7 ,4 
경기,양주시,기초,남자,65-69세,125 ,6 ,6 ,20 ,53 ,13 ,1 ,6 ,4 ,7 
경기,양주시,기초,남자,70-74세,109 ,4 ,5 ,20 ,37 ,17 ,3 ,3 ,6 ,5 
경기,양주시,기초,남자,75-79세,118 ,3 ,12 ,19 ,45 ,19 ,2 ,4 ,6 ,2 
경기,양주시,기초,남자,80-84세,101 ,4 ,6 ,22 ,37 ,14 ,3 ,3 ,3 ,1 
경기,양주시,기초,남자,85세이상,78 ,1 ,5 ,8 ,39 ,14 ,1 ,2 ,2 ,0 
경기,양주시,기초,여자,65세미만,71 ,6 ,7 ,17 ,18 ,2 ,4 ,5 ,0 ,1 
경기,양주시,기초,여자,65-69세,90 ,7 ,7 ,17 ,21 ,9 ,1 ,7 ,2 ,4 
경기,양주시,기초,여자,70-74세,128 ,9 ,9 ,20 ,36 ,19 ,3 ,7 ,5 ,8 
경기,양주시,기초,여자,75-79세,189 ,8 ,4 ,43 ,71 ,21 ,7 ,4 ,7 ,10 
경기,양주시,기초,여자,80-84세,293 ,12 ,28 ,61 ,117 ,43 ,7 ,9 ,3 ,2 
경기,양주시,기초,여자,85세이상,428 ,28 ,30 ,133 ,166 ,41 ,1 ,7 ,3 ,4 
경기,양주시,의료,남자,65세미만,1 ,0 ,0 ,1 ,0 ,0 ,0 ,0 ,0 ,0 
경기,양주시,의료,남자,65-69세,0 ,0 ,0 ,0 ,0 ,0 ,0 ,0 ,0 ,0 
경기,양주시,의료,남자,70-74세,2 ,0 ,0 ,1 ,1 ,0 ,0 ,0 ,0 ,0 
경기,양주시,의료,남자,75-79세,7 ,0 ,0 ,3 ,4 ,0 ,0 ,0 ,0 ,0 
경기,양주시,의료,남자,80-84세,2 ,0 ,0 ,0 ,1 ,0 ,0 ,0 ,0 ,0 
경기,양주시,의료,남자,85세이상,9 ,1 ,0 ,2 ,3 ,2 ,0 ,0 ,0 ,0 
경기,양주시,의료,여자,65세미만,0 ,0 ,0 ,0 ,0 ,0 ,0 ,0 ,0 ,0 
경기,양주시,의료,여자,65-69세,1 ,0 ,0 ,0 ,1 ,0 ,0 ,0 ,0 ,0 
경기,양주시,의료,여자,70-74세,0 ,0 ,0 ,0 ,0 ,0 ,0 ,0 ,0 ,0 
경기,양주시,의료,여자,75-79세,4 ,0 ,0 ,0 ,1 ,0 ,0 ,0 ,0 ,0 
경기,양주시,의료,여자,80-84세,10 ,2 ,0 ,3 ,3 ,1 ,0 ,1 ,0 ,0 
경기,양주시,의료,여자,85세이상,34 ,5 ,2 ,5 ,13 ,4 ,2 ,2 ,0 ,0 
경기,양주시,감경,남자,65세미만,65 ,3 ,5 ,16 ,24 ,9 ,1 ,3 ,0 ,0 
경기,양주시,감경,남자,65-69세,104 ,3 ,9 ,26 ,41 ,17 ,3 ,1 ,0 ,0 
경기,양주시,감경,남자,70-74세,151 ,7 ,15 ,42 ,59 ,19 ,1 ,3 ,0 ,0 
경기,양주시,감경,남자,75-79세,217 ,9 ,16 ,59 ,89 ,32 ,5 ,2 ,0 ,0 
경기,양주시,감경,남자,80-84세,260 ,7 ,9 ,71 ,104 ,54 ,11 ,0 ,0 ,0 
경기,양주시,감경,남자,85세이상,292 ,7 ,16 ,78 ,130 ,46 ,8 ,1 ,0 ,0 
경기,양주시,감경,여자,65세미만,53 ,7 ,8 ,12 ,16 ,5 ,2 ,0 ,0 ,0 
경기,양주시,감경,여자,65-69세,107 ,7 ,13 ,24 ,39 ,13 ,4 ,3 ,1 ,0 
경기,양주시,감경,여자,70-74세,188 ,14 ,12 ,38 ,70 ,33 ,8 ,1 ,2 ,0 
경기,양주시,감경,여자,75-79세,395 ,21 ,24 ,87 ,174 ,56 ,17 ,4 ,2 ,0 
경기,양주시,감경,여자,80-84세,741 ,30 ,42 ,219 ,281 ,130 ,21 ,1 ,4 ,0 
경기,양주시,감경,여자,85세이상,1212 ,55 ,113 ,399 ,489 ,125 ,14 ,2 ,0 ,0 
경기,포천시,일반,남자,65세미만,41 ,3 ,1 ,6 ,8 ,1 ,0 ,7 ,6 ,2 
경기,포천시,일반,남자,65-69세,67 ,1 ,2 ,10 ,16 ,1 ,0 ,12 ,2 ,4 
경기,포천시,일반,남자,70-74세,83 ,2 ,2 ,11 ,22 ,5 ,2 ,10 ,7 ,7 
경기,포천시,일반,남자,75-79세,136 ,8 ,2 ,25 ,34 ,7 ,2 ,18 ,7 ,9 
경기,포천시,일반,남자,80-84세,197 ,8 ,8 ,29 ,61 ,21 ,14 ,9 ,12 ,4 
경기,포천시,일반,남자,85세이상,229 ,8 ,8 ,46 ,89 ,31 ,1 ,15 ,7 ,6 
경기,포천시,일반,여자,65세미만,39 ,2 ,1 ,6 ,7 ,2 ,1 ,5 ,4 ,2 
경기,포천시,일반,여자,65-69세,78 ,2 ,1 ,11 ,8 ,4 ,1 ,10 ,7 ,4 
경기,포천시,일반,여자,70-74세,163 ,3 ,4 ,16 ,25 ,10 ,2 ,22 ,18 ,18 
경기,포천시,일반,여자,75-79세,297 ,10 ,10 ,48 ,62 ,31 ,11 ,42 ,11 ,13 
경기,포천시,일반,여자,80-84세,514 ,16 ,24 ,91 ,182 ,47 ,10 ,38 ,16 ,12 
경기,포천시,일반,여자,85세이상,681 ,35 ,51 ,172 ,253 ,68 ,13 ,17 ,6 ,7 
경기,포천시,기초,남자,65세미만,101 ,5 ,3 ,19 ,21 ,8 ,5 ,8 ,5 ,10 
경기,포천시,기초,남자,65-69세,94 ,2 ,4 ,11 ,31 ,7 ,2 ,5 ,3 ,11 
경기,포천시,기초,남자,70-74세,81 ,3 ,7 ,15 ,26 ,1 ,3 ,7 ,4 ,6 
경기,포천시,기초,남자,75-79세,57 ,1 ,2 ,8 ,19 ,8 ,1 ,7 ,0 ,5 
경기,포천시,기초,남자,80-84세,66 ,2 ,2 ,18 ,19 ,5 ,1 ,1 ,3 ,4 
경기,포천시,기초,남자,85세이상,42 ,0 ,2 ,12 ,22 ,4 ,0 ,0 ,0 ,0 
경기,포천시,기초,여자,65세미만,41 ,3 ,2 ,10 ,7 ,5 ,0 ,5 ,2 ,2 
경기,포천시,기초,여자,65-69세,80 ,5 ,6 ,10 ,25 ,4 ,1 ,4 ,3 ,10 
경기,포천시,기초,여자,70-74세,94 ,3 ,1 ,14 ,31 ,11 ,1 ,3 ,5 ,13 
경기,포천시,기초,여자,75-79세,145 ,6 ,4 ,16 ,59 ,17 ,5 ,5 ,9 ,13 
경기,포천시,기초,여자,80-84세,201 ,3 ,8 ,55 ,77 ,22 ,4 ,5 ,8 ,1 
경기,포천시,기초,여자,85세이상,234 ,13 ,18 ,74 ,92 ,16 ,3 ,0 ,5 ,0 
경기,포천시,의료,남자,70-74세,0 ,0 ,0 ,0 ,0 ,0 ,0 ,0 ,0 ,0 
경기,포천시,의료,남자,75-79세,2 ,0 ,1 ,1 ,0 ,0 ,0 ,0 ,0 ,0 
경기,포천시,의료,남자,80-84세,1 ,0 ,0 ,1 ,0 ,0 ,0 ,0 ,0 ,0 
경기,포천시,의료,남자,85세이상,5 ,0 ,0 ,1 ,3 ,0 ,0 ,0 ,0 ,0 
경기,포천시,의료,여자,65세미만,0 ,0 ,0 ,0 ,0 ,0 ,0 ,0 ,0 ,0 
경기,포천시,의료,여자,65-69세,0 ,0 ,0 ,0 ,0 ,0 ,0 ,0 ,0 ,0 
경기,포천시,의료,여자,70-74세,3 ,0 ,0 ,0 ,3 ,0 ,0 ,0 ,0 ,0 
경기,포천시,의료,여자,75-79세,3 ,0 ,0 ,0 ,2 ,0 ,1 ,0 ,0 ,0 
경기,포천시,의료,여자,80-84세,9 ,0 ,1 ,2 ,1 ,2 ,0 ,2 ,0 ,0 
경기,포천시,의료,여자,85세이상,21 ,1 ,2 ,5 ,10 ,2 ,0 ,0 ,1 ,0 
경기,포천시,감경,남자,65세미만,41 ,0 ,1 ,14 ,17 ,4 ,1 ,0 ,0 ,1 
경기,포천시,감경,남자,65-69세,57 ,4 ,4 ,20 ,20 ,3 ,1 ,0 ,1 ,3 
경기,포천시,감경,남자,70-74세,76 ,3 ,6 ,11 ,34 ,12 ,2 ,1 ,1 ,0 
경기,포천시,감경,남자,75-79세,113 ,5 ,4 ,32 ,52 ,7 ,4 ,1 ,0 ,1 
경기,포천시,감경,남자,80-84세,156 ,2 ,8 ,40 ,74 ,20 ,9 ,0 ,0 ,0 
경기,포천시,감경,남자,85세이상,206 ,2 ,14 ,52 ,104 ,24 ,4 ,1 ,0 ,0 
경기,포천시,감경,여자,65세미만,26 ,4 ,0 ,9 ,7 ,2 ,2 ,1 ,0 ,0 
경기,포천시,감경,여자,65-69세,49 ,6 ,5 ,13 ,15 ,3 ,1 ,1 ,1 ,0 
경기,포천시,감경,여자,70-74세,96 ,4 ,9 ,21 ,39 ,10 ,3 ,2 ,1 ,1 
경기,포천시,감경,여자,75-79세,234 ,10 ,12 ,57 ,94 ,34 ,10 ,1 ,4 ,1 
경기,포천시,감경,여자,80-84세,530 ,19 ,35 ,135 ,216 ,86 ,24 ,4 ,0 ,3 
경기,포천시,감경,여자,85세이상,900 ,47 ,79 ,281 ,382 ,83 ,14 ,2 ,1 ,0 
경기,여주시,일반,남자,65세미만,21 ,1 ,1 ,3 ,4 ,0 ,0 ,3 ,1 ,1 
경기,여주시,일반,남자,65-69세,67 ,3 ,2 ,19 ,12 ,2 ,0 ,4 ,3 ,0 
경기,여주시,일반,남자,70-74세,81 ,5 ,3 ,16 ,21 ,2 ,0 ,5 ,1 ,2 
경기,여주시,일반,남자,75-79세,134 ,6 ,5 ,23 ,44 ,7 ,3 ,14 ,3 ,1 
경기,여주시,일반,남자,80-84세,175 ,4 ,12 ,37 ,54 ,20 ,6 ,4 ,0 ,5 
경기,여주시,일반,남자,85세이상,220 ,4 ,15 ,50 ,85 ,18 ,5 ,4 ,2 ,1 
경기,여주시,일반,여자,65세미만,27 ,1 ,3 ,5 ,4 ,0 ,0 ,5 ,1 ,2 
경기,여주시,일반,여자,65-69세,75 ,2 ,6 ,6 ,13 ,1 ,1 ,7 ,3 ,7 
경기,여주시,일반,여자,70-74세,143 ,6 ,6 ,15 ,25 ,5 ,1 ,14 ,7 ,9 
경기,여주시,일반,여자,75-79세,254 ,11 ,15 ,38 ,68 ,16 ,6 ,13 ,11 ,4 
경기,여주시,일반,여자,80-84세,429 ,14 ,30 ,95 ,164 ,25 ,9 ,7 ,10 ,8 
경기,여주시,일반,여자,85세이상,588 ,32 ,73 ,151 ,203 ,38 ,5 ,12 ,5 ,8 
경기,여주시,기초,남자,65세미만,50 ,3 ,5 ,14 ,10 ,6 ,1 ,4 ,2 ,1 
경기,여주시,기초,남자,65-69세,69 ,2 ,3 ,14 ,21 ,3 ,0 ,12 ,5 ,1 
경기,여주시,기초,남자,70-74세,33 ,1 ,3 ,5 ,9 ,5 ,0 ,1 ,3 ,1 
경기,여주시,기초,남자,75-79세,31 ,3 ,1 ,1 ,14 ,4 ,1 ,4 ,0 ,0 
경기,여주시,기초,남자,80-84세,51 ,0 ,3 ,9 ,23 ,8 ,1 ,1 ,1 ,0 
경기,여주시,기초,남자,85세이상,29 ,2 ,3 ,7 ,11 ,1 ,1 ,0 ,1 ,0 
경기,여주시,기초,여자,65세미만,30 ,4 ,3 ,6 ,11 ,1 ,0 ,1 ,0 ,1 
경기,여주시,기초,여자,65-69세,47 ,1 ,2 ,8 ,19 ,4 ,1 ,3 ,2 ,0 
경기,여주시,기초,여자,70-74세,57 ,3 ,6 ,9 ,18 ,5 ,1 ,5 ,1 ,3 
경기,여주시,기초,여자,75-79세,94 ,3 ,4 ,28 ,22 ,3 ,3 ,4 ,2 ,1 
경기,여주시,기초,여자,80-84세,131 ,5 ,10 ,26 ,53 ,10 ,3 ,3 ,6 ,3 
경기,여주시,기초,여자,85세이상,138 ,11 ,19 ,50 ,40 ,8 ,1 ,0 ,1 ,0 
경기,여주시,의료,남자,65-69세,1 ,0 ,0 ,0 ,0 ,0 ,0 ,0 ,0 ,0 
경기,여주시,의료,남자,70-74세,1 ,0 ,0 ,0 ,1 ,0 ,0 ,0 ,0 ,0 
경기,여주시,의료,남자,75-79세,1 ,0 ,0 ,1 ,0 ,0 ,0 ,0 ,0 ,0 
경기,여주시,의료,남자,85세이상,4 ,0 ,0 ,1 ,3 ,0 ,0 ,0 ,0 ,0 
경기,여주시,의료,여자,65세미만,0 ,0 ,0 ,0 ,0 ,0 ,0 ,0 ,0 ,0 
경기,여주시,의료,여자,65-69세,1 ,0 ,0 ,0 ,1 ,0 ,0 ,0 ,0 ,0 
경기,여주시,의료,여자,70-74세,1 ,0 ,1 ,0 ,0 ,0 ,0 ,0 ,0 ,0 
경기,여주시,의료,여자,75-79세,0 ,0 ,0 ,0 ,0 ,0 ,0 ,0 ,0 ,0 
경기,여주시,의료,여자,80-84세,5 ,1 ,0 ,2 ,1 ,1 ,0 ,0 ,0 ,0 
경기,여주시,의료,여자,85세이상,10 ,0 ,2 ,4 ,2 ,2 ,0 ,0 ,0 ,0 
경기,여주시,감경,남자,65세미만,21 ,2 ,3 ,8 ,3 ,2 ,2 ,0 ,0 ,0 
경기,여주시,감경,남자,65-69세,27 ,1 ,0 ,8 ,16 ,0 ,1 ,0 ,0 ,0 
경기,여주시,감경,남자,70-74세,45 ,3 ,6 ,15 ,17 ,4 ,0 ,0 ,0 ,0 
경기,여주시,감경,남자,75-79세,63 ,3 ,4 ,22 ,24 ,5 ,2 ,1 ,0 ,0 
경기,여주시,감경,남자,80-84세,80 ,2 ,5 ,25 ,31 ,9 ,5 ,0 ,1 ,0 
경기,여주시,감경,남자,85세이상,104 ,4 ,4 ,39 ,41 ,13 ,1 ,0 ,0 ,0 
경기,여주시,감경,여자,65세미만,13 ,3 ,3 ,1 ,2 ,0 ,0 ,1 ,0 ,1 
경기,여주시,감경,여자,65-69세,29 ,2 ,1 ,9 ,12 ,1 ,1 ,0 ,0 ,0 
경기,여주시,감경,여자,70-74세,65 ,4 ,8 ,17 ,19 ,6 ,1 ,0 ,0 ,0 
경기,여주시,감경,여자,75-79세,145 ,9 ,10 ,38 ,63 ,10 ,6 ,0 ,1 ,0 
경기,여주시,감경,여자,80-84세,331 ,28 ,38 ,93 ,107 ,48 ,4 ,0 ,1 ,0 
경기,여주시,감경,여자,85세이상,513 ,30 ,78 ,161 ,213 ,20 ,4 ,0 ,0 ,0 
경기,연천군,일반,남자,65세미만,13 ,1 ,0 ,1 ,5 ,1 ,0 ,3 ,0 ,0 
경기,연천군,일반,남자,65-69세,25 ,0 ,2 ,4 ,5 ,2 ,0 ,4 ,1 ,1 
경기,연천군,일반,남자,70-74세,29 ,0 ,4 ,4 ,8 ,3 ,1 ,5 ,2 ,1 
경기,연천군,일반,남자,75-79세,55 ,1 ,1 ,2 ,17 ,7 ,3 ,6 ,8 ,0 
경기,연천군,일반,남자,80-84세,65 ,3 ,1 ,5 ,20 ,9 ,3 ,3 ,3 ,3 
경기,연천군,일반,남자,85세이상,89 ,1 ,2 ,9 ,35 ,15 ,4 ,4 ,5 ,2 
경기,연천군,일반,여자,65세미만,8 ,1 ,1 ,2 ,1 ,0 ,0 ,1 ,0 ,1 
경기,연천군,일반,여자,65-69세,29 ,0 ,0 ,2 ,7 ,2 ,0 ,6 ,1 ,2 
경기,연천군,일반,여자,70-74세,45 ,1 ,1 ,6 ,5 ,2 ,1 ,9 ,5 ,3 
경기,연천군,일반,여자,75-79세,116 ,3 ,1 ,10 ,30 ,13 ,3 ,17 ,12 ,2 
경기,연천군,일반,여자,80-84세,164 ,3 ,4 ,19 ,47 ,21 ,3 ,16 ,12 ,3 
경기,연천군,일반,여자,85세이상,167 ,9 ,10 ,23 ,55 ,31 ,10 ,6 ,7 ,1 
경기,연천군,기초,남자,65세미만,28 ,1 ,3 ,5 ,5 ,2 ,2 ,2 ,0 ,3 
경기,연천군,기초,남자,65-69세,26 ,2 ,1 ,2 ,6 ,3 ,0 ,3 ,2 ,4 
경기,연천군,기초,남자,70-74세,22 ,1 ,2 ,0 ,9 ,3 ,0 ,1 ,1 ,3 
경기,연천군,기초,남자,75-79세,17 ,0 ,1 ,4 ,6 ,2 ,1 ,0 ,1 ,0 
경기,연천군,기초,남자,80-84세,17 ,0 ,1 ,3 ,5 ,4 ,0 ,1 ,2 ,1 
경기,연천군,기초,남자,85세이상,13 ,0 ,0 ,2 ,7 ,3 ,0 ,0 ,1 ,0 
경기,연천군,기초,여자,65세미만,8 ,0 ,0 ,1 ,3 ,3 ,0 ,0 ,0 ,0 
경기,연천군,기초,여자,65-69세,22 ,0 ,1 ,4 ,5 ,5 ,0 ,1 ,3 ,0 
경기,연천군,기초,여자,70-74세,38 ,0 ,0 ,5 ,12 ,7 ,3 ,5 ,3 ,1 
경기,연천군,기초,여자,75-79세,50 ,1 ,3 ,7 ,21 ,4 ,2 ,3 ,1 ,2 
경기,연천군,기초,여자,80-84세,81 ,4 ,3 ,12 ,29 ,17 ,4 ,7 ,1 ,1 
경기,연천군,기초,여자,85세이상,100 ,9 ,8 ,19 ,38 ,17 ,3 ,0 ,1 ,2 
경기,연천군,의료,남자,65-69세,0 ,0 ,0 ,0 ,0 ,0 ,0 ,0 ,0 ,0 
경기,연천군,의료,남자,75-79세,3 ,0 ,0 ,1 ,0 ,0 ,0 ,1 ,1 ,0 
경기,연천군,의료,남자,80-84세,1 ,0 ,0 ,0 ,0 ,1 ,0 ,0 ,0 ,0 
경기,연천군,의료,남자,85세이상,3 ,0 ,0 ,1 ,2 ,0 ,0 ,0 ,0 ,0 
경기,연천군,의료,여자,65-69세,1 ,0 ,0 ,0 ,0 ,0 ,0 ,1 ,0 ,0 
경기,연천군,의료,여자,70-74세,4 ,0 ,0 ,0 ,3 ,0 ,0 ,0 ,0 ,0 
경기,연천군,의료,여자,75-79세,2 ,0 ,0 ,1 ,0 ,1 ,0 ,0 ,0 ,0 
경기,연천군,의료,여자,80-84세,6 ,0 ,0 ,0 ,4 ,1 ,1 ,0 ,0 ,0 
경기,연천군,의료,여자,85세이상,11 ,1 ,0 ,3 ,6 ,0 ,1 ,0 ,0 ,0 
경기,연천군,감경,남자,65세미만,9 ,0 ,0 ,7 ,1 ,1 ,0 ,0 ,0 ,0 
경기,연천군,감경,남자,65-69세,13 ,1 ,0 ,3 ,5 ,1 ,1 ,1 ,0 ,0 
경기,연천군,감경,남자,70-74세,14 ,0 ,0 ,6 ,5 ,2 ,1 ,0 ,0 ,0 
경기,연천군,감경,남자,75-79세,37 ,1 ,0 ,10 ,13 ,6 ,5 ,0 ,0 ,0 
경기,연천군,감경,남자,80-84세,43 ,0 ,7 ,5 ,15 ,7 ,7 ,0 ,0 ,0 
경기,연천군,감경,남자,85세이상,51 ,4 ,5 ,8 ,23 ,9 ,0 ,0 ,0 ,0 
경기,연천군,감경,여자,65세미만,8 ,1 ,2 ,1 ,0 ,3 ,1 ,0 ,0 ,0 
경기,연천군,감경,여자,65-69세,16 ,1 ,0 ,6 ,7 ,0 ,0 ,0 ,1 ,0 
경기,연천군,감경,여자,70-74세,30 ,1 ,1 ,1 ,18 ,5 ,1 ,0 ,1 ,0 
경기,연천군,감경,여자,75-79세,70 ,1 ,2 ,12 ,36 ,9 ,2 ,0 ,2 ,2 
경기,연천군,감경,여자,80-84세,152 ,6 ,5 ,30 ,61 ,35 ,9 ,2 ,0 ,0 
경기,연천군,감경,여자,85세이상,205 ,8 ,13 ,46 ,93 ,32 ,5 ,0 ,1 ,1 
경기,가평군,일반,남자,65세미만,14 ,0 ,0 ,2 ,4 ,1 ,0 ,3 ,0 ,1 
경기,가평군,일반,남자,65-69세,47 ,2 ,2 ,4 ,9 ,4 ,1 ,9 ,6 ,2 
경기,가평군,일반,남자,70-74세,52 ,1 ,0 ,10 ,14 ,4 ,0 ,6 ,5 ,1 
경기,가평군,일반,남자,75-79세,97 ,1 ,1 ,12 ,28 ,17 ,3 ,10 ,4 ,1 
경기,가평군,일반,남자,80-84세,108 ,0 ,6 ,11 ,47 ,15 ,7 ,5 ,3 ,2 
경기,가평군,일반,남자,85세이상,127 ,1 ,5 ,22 ,52 ,18 ,8 ,6 ,2 ,1 
경기,가평군,일반,여자,65세미만,12 ,0 ,1 ,1 ,1 ,1 ,0 ,2 ,1 ,0 
경기,가평군,일반,여자,65-69세,42 ,2 ,1 ,6 ,7 ,3 ,2 ,4 ,4 ,1 
경기,가평군,일반,여자,70-74세,65 ,0 ,0 ,6 ,16 ,5 ,1 ,9 ,9 ,3 
경기,가평군,일반,여자,75-79세,146 ,4 ,5 ,13 ,42 ,13 ,2 ,21 ,5 ,3 
경기,가평군,일반,여자,80-84세,248 ,3 ,7 ,42 ,88 ,30 ,15 ,24 ,13 ,3 
경기,가평군,일반,여자,85세이상,301 ,2 ,12 ,70 ,142 ,25 ,3 ,8 ,6 ,1 
경기,가평군,기초,남자,65세미만,46 ,6 ,2 ,6 ,5 ,2 ,2 ,8 ,2 ,1 
경기,가평군,기초,남자,65-69세,51 ,5 ,4 ,11 ,13 ,5 ,1 ,3 ,1 ,2 
경기,가평군,기초,남자,70-74세,36 ,1 ,6 ,9 ,6 ,5 ,2 ,2 ,0 ,1 
경기,가평군,기초,남자,75-79세,28 ,1 ,5 ,4 ,8 ,5 ,1 ,0 ,3 ,1 
경기,가평군,기초,남자,80-84세,26 ,0 ,3 ,6 ,9 ,4 ,1 ,1 ,0 ,0 
경기,가평군,기초,남자,85세이상,32 ,2 ,2 ,3 ,17 ,4 ,0 ,0 ,0 ,2 
경기,가평군,기초,여자,65세미만,13 ,3 ,3 ,1 ,2 ,0 ,0 ,1 ,0 ,0 
경기,가평군,기초,여자,65-69세,24 ,2 ,1 ,5 ,7 ,3 ,0 ,2 ,1 ,1 
경기,가평군,기초,여자,70-74세,48 ,0 ,2 ,16 ,14 ,6 ,0 ,5 ,3 ,0 
경기,가평군,기초,여자,75-79세,56 ,4 ,2 ,17 ,11 ,8 ,1 ,5 ,2 ,2 
경기,가평군,기초,여자,80-84세,87 ,6 ,5 ,15 ,36 ,12 ,0 ,3 ,3 ,2 
경기,가평군,기초,여자,85세이상,91 ,5 ,8 ,22 ,39 ,10 ,2 ,2 ,1 ,0 
경기,가평군,의료,남자,65세미만,0 ,0 ,0 ,0 ,0 ,0 ,0 ,0 ,0 ,0 
경기,가평군,의료,남자,65-69세,1 ,0 ,0 ,0 ,0 ,0 ,0 ,1 ,0 ,0 
경기,가평군,의료,남자,80-84세,0 ,0 ,0 ,0 ,0 ,0 ,0 ,0 ,0 ,0 
경기,가평군,의료,남자,85세이상,4 ,0 ,0 ,1 ,2 ,0 ,0 ,0 ,0 ,1 
경기,가평군,의료,여자,65-69세,1 ,0 ,0 ,0 ,0 ,0 ,0 ,0 ,1 ,0 
경기,가평군,의료,여자,70-74세,0 ,0 ,0 ,0 ,0 ,0 ,0 ,0 ,0 ,0 
경기,가평군,의료,여자,75-79세,2 ,0 ,0 ,0 ,0 ,0 ,0 ,0 ,2 ,0 
경기,가평군,의료,여자,80-84세,0 ,0 ,0 ,0 ,0 ,0 ,0 ,0 ,0 ,0 
경기,가평군,의료,여자,85세이상,6 ,0 ,0 ,2 ,3 ,1 ,0 ,0 ,0 ,0 
경기,가평군,감경,남자,65세미만,15 ,1 ,0 ,3 ,5 ,3 ,1 ,0 ,0 ,0 
경기,가평군,감경,남자,65-69세,25 ,0 ,1 ,5 ,15 ,2 ,2 ,0 ,0 ,0 
경기,가평군,감경,남자,70-74세,21 ,0 ,1 ,5 ,12 ,3 ,0 ,0 ,0 ,0 
경기,가평군,감경,남자,75-79세,32 ,0 ,0 ,8 ,16 ,6 ,1 ,0 ,0 ,0 
경기,가평군,감경,남자,80-84세,56 ,0 ,1 ,10 ,30 ,13 ,1 ,0 ,0 ,0 
경기,가평군,감경,남자,85세이상,83 ,0 ,3 ,22 ,45 ,11 ,0 ,0 ,0 ,0 
경기,가평군,감경,여자,65세미만,5 ,4 ,0 ,0 ,1 ,0 ,0 ,0 ,0 ,0 
경기,가평군,감경,여자,65-69세,16 ,2 ,3 ,3 ,4 ,2 ,0 ,1 ,0 ,0 
경기,가평군,감경,여자,70-74세,37 ,1 ,2 ,15 ,11 ,4 ,1 ,0 ,0 ,0 
경기,가평군,감경,여자,75-79세,85 ,0 ,4 ,14 ,44 ,14 ,5 ,0 ,0 ,1 
경기,가평군,감경,여자,80-84세,178 ,1 ,10 ,36 ,88 ,27 ,6 ,2 ,1 ,0 
경기,가평군,감경,여자,85세이상,297 ,3 ,18 ,74 ,145 ,43 ,3 ,1 ,1 ,0 
경기,양평군,일반,남자,65세미만,40 ,1 ,2 ,11 ,8 ,2 ,0 ,5 ,3 ,3 
경기,양평군,일반,남자,65-69세,77 ,6 ,5 ,14 ,16 ,5 ,0 ,10 ,1 ,2 
경기,양평군,일반,남자,70-74세,109 ,3 ,5 ,21 ,36 ,5 ,3 ,9 ,3 ,4 
경기,양평군,일반,남자,75-79세,188 ,9 ,7 ,33 ,68 ,12 ,3 ,12 ,5 ,6 
경기,양평군,일반,남자,80-84세,271 ,8 ,15 ,45 ,96 ,21 ,8 ,15 ,7 ,4 
경기,양평군,일반,남자,85세이상,297 ,10 ,18 ,58 ,104 ,23 ,4 ,18 ,6 ,12 
경기,양평군,일반,여자,65세미만,33 ,1 ,2 ,11 ,6 ,2 ,0 ,5 ,0 ,1 
경기,양평군,일반,여자,65-69세,90 ,5 ,1 ,9 ,17 ,3 ,1 ,17 ,6 ,3 
경기,양평군,일반,여자,70-74세,143 ,4 ,8 ,27 ,37 ,5 ,1 ,17 ,6 ,3 
경기,양평군,일반,여자,75-79세,323 ,4 ,18 ,39 ,99 ,25 ,6 ,43 ,21 ,4 
경기,양평군,일반,여자,80-84세,581 ,11 ,36 ,125 ,205 ,44 ,16 ,31 ,16 ,10 
경기,양평군,일반,여자,85세이상,761 ,42 ,75 ,227 ,281 ,34 ,9 ,11 ,9 ,4 
경기,양평군,기초,남자,65세미만,52 ,4 ,7 ,18 ,13 ,0 ,0 ,1 ,2 ,0 
경기,양평군,기초,남자,65-69세,56 ,3 ,5 ,10 ,13 ,2 ,2 ,3 ,2 ,4 
경기,양평군,기초,남자,70-74세,35 ,1 ,0 ,9 ,14 ,2 ,1 ,1 ,2 ,1 
경기,양평군,기초,남자,75-79세,36 ,1 ,3 ,9 ,10 ,3 ,1 ,1 ,1 ,3 
경기,양평군,기초,남자,80-84세,40 ,0 ,3 ,15 ,12 ,4 ,0 ,1 ,0 ,1 
경기,양평군,기초,남자,85세이상,27 ,0 ,3 ,3 ,13 ,5 ,0 ,0 ,0 ,0 
경기,양평군,기초,여자,65세미만,21 ,2 ,2 ,6 ,3 ,0 ,0 ,2 ,2 ,2 
경기,양평군,기초,여자,65-69세,42 ,1 ,3 ,13 ,11 ,1 ,1 ,5 ,1 ,1 
경기,양평군,기초,여자,70-74세,48 ,2 ,3 ,12 ,19 ,2 ,1 ,3 ,1 ,1 
경기,양평군,기초,여자,75-79세,79 ,0 ,5 ,11 ,43 ,4 ,1 ,3 ,3 ,2 
경기,양평군,기초,여자,80-84세,94 ,2 ,8 ,19 ,41 ,4 ,2 ,4 ,3 ,1 
경기,양평군,기초,여자,85세이상,178 ,13 ,22 ,45 ,74 ,10 ,4 ,2 ,3 ,2 
경기,양평군,의료,남자,65세미만,0 ,0 ,0 ,0 ,0 ,0 ,0 ,0 ,0 ,0 
경기,양평군,의료,남자,65-69세,0 ,0 ,0 ,0 ,0 ,0 ,0 ,0 ,0 ,0 
경기,양평군,의료,남자,70-74세,1 ,0 ,0 ,1 ,0 ,0 ,0 ,0 ,0 ,0 
경기,양평군,의료,남자,75-79세,1 ,0 ,0 ,1 ,0 ,0 ,0 ,0 ,0 ,0 
경기,양평군,의료,남자,80-84세,1 ,0 ,0 ,0 ,1 ,0 ,0 ,0 ,0 ,0 
경기,양평군,의료,남자,85세이상,1 ,0 ,0 ,0 ,0 ,0 ,0 ,0 ,0 ,0 
경기,양평군,의료,여자,65-69세,0 ,0 ,0 ,0 ,0 ,0 ,0 ,0 ,0 ,0 
경기,양평군,의료,여자,70-74세,1 ,0 ,0 ,0 ,1 ,0 ,0 ,0 ,0 ,0 
경기,양평군,의료,여자,75-79세,1 ,0 ,0 ,0 ,1 ,0 ,0 ,0 ,0 ,0 
경기,양평군,의료,여자,80-84세,4 ,0 ,0 ,1 ,2 ,0 ,0 ,0 ,0 ,0 
경기,양평군,의료,여자,85세이상,16 ,0 ,0 ,8 ,5 ,0 ,0 ,1 ,0 ,0 
경기,양평군,감경,남자,65세미만,29 ,4 ,4 ,9 ,6 ,2 ,0 ,0 ,0 ,1 
경기,양평군,감경,남자,65-69세,30 ,4 ,0 ,11 ,11 ,1 ,0 ,0 ,0 ,0 
경기,양평군,감경,남자,70-74세,53 ,3 ,4 ,13 ,20 ,7 ,2 ,0 ,0 ,0 
경기,양평군,감경,남자,75-79세,69 ,2 ,5 ,18 ,33 ,5 ,1 ,0 ,0 ,0 
경기,양평군,감경,남자,80-84세,88 ,1 ,6 ,27 ,47 ,3 ,1 ,0 ,0 ,1 
경기,양평군,감경,남자,85세이상,148 ,6 ,10 ,46 ,77 ,5 ,3 ,0 ,0 ,0 
경기,양평군,감경,여자,65세미만,14 ,4 ,0 ,4 ,4 ,0 ,1 ,0 ,0 ,0 
경기,양평군,감경,여자,65-69세,38 ,1 ,5 ,8 ,17 ,2 ,1 ,1 ,0 ,0 
경기,양평군,감경,여자,70-74세,69 ,7 ,8 ,19 ,23 ,6 ,3 ,0 ,0 ,0 
경기,양평군,감경,여자,75-79세,150 ,7 ,15 ,42 ,60 ,10 ,3 ,1 ,1 ,0 
경기,양평군,감경,여자,80-84세,315 ,9 ,29 ,90 ,148 ,22 ,6 ,0 ,1 ,0 
경기,양평군,감경,여자,85세이상,653 ,27 ,71 ,223 ,286 ,33 ,8 ,1 ,1 ,0 
강원,춘천시,일반,남자,65세미만,72 ,6 ,4 ,7 ,10 ,0 ,0 ,11 ,6 ,3 
강원,춘천시,일반,남자,65-69세,129 ,5 ,7 ,26 ,29 ,3 ,0 ,18 ,8 ,7 
강원,춘천시,일반,남자,70-74세,153 ,8 ,13 ,32 ,40 ,4 ,1 ,9 ,3 ,7 
강원,춘천시,일반,남자,75-79세,280 ,12 ,13 ,67 ,90 ,12 ,2 ,17 ,8 ,4 
강원,춘천시,일반,남자,80-84세,421 ,9 ,26 ,95 ,133 ,36 ,12 ,24 ,8 ,7 
강원,춘천시,일반,남자,85세이상,487 ,19 ,45 ,102 ,180 ,39 ,3 ,16 ,9 ,9 
강원,춘천시,일반,여자,65세미만,56 ,6 ,4 ,10 ,8 ,0 ,0 ,7 ,2 ,4 
강원,춘천시,일반,여자,65-69세,145 ,5 ,8 ,16 ,25 ,6 ,5 ,18 ,10 ,5 
강원,춘천시,일반,여자,70-74세,263 ,9 ,10 ,30 ,58 ,21 ,3 ,21 ,16 ,6 
강원,춘천시,일반,여자,75-79세,509 ,19 ,31 ,65 ,139 ,39 ,11 ,36 ,27 ,10 
강원,춘천시,일반,여자,80-84세,978 ,43 ,57 ,190 ,342 ,86 ,30 ,57 ,24 ,14 
강원,춘천시,일반,여자,85세이상,1191 ,57 ,136 ,313 ,431 ,75 ,15 ,39 ,15 ,10 
강원,춘천시,기초,남자,65세미만,157 ,10 ,9 ,31 ,43 ,8 ,2 ,14 ,7 ,3 
강원,춘천시,기초,남자,65-69세,145 ,3 ,10 ,30 ,42 ,6 ,3 ,9 ,7 ,7 
강원,춘천시,기초,남자,70-74세,113 ,5 ,8 ,17 ,39 ,10 ,2 ,10 ,4 ,3 
강원,춘천시,기초,남자,75-79세,76 ,3 ,2 ,8 ,35 ,1 ,2 ,7 ,4 ,4 
강원,춘천시,기초,남자,80-84세,99 ,2 ,5 ,23 ,32 ,13 ,2 ,3 ,6 ,4 
강원,춘천시,기초,남자,85세이상,76 ,4 ,5 ,23 ,25 ,6 ,0 ,3 ,1 ,1 
강원,춘천시,기초,여자,65세미만,69 ,7 ,7 ,16 ,19 ,5 ,0 ,4 ,4 ,1 
강원,춘천시,기초,여자,65-69세,126 ,7 ,8 ,15 ,31 ,9 ,2 ,15 ,9 ,4 
강원,춘천시,기초,여자,70-74세,137 ,2 ,10 ,29 ,41 ,6 ,3 ,14 ,8 ,2 
강원,춘천시,기초,여자,75-79세,207 ,13 ,12 ,47 ,67 ,16 ,1 ,8 ,14 ,2 
강원,춘천시,기초,여자,80-84세,329 ,16 ,17 ,68 ,140 ,30 ,2 ,20 ,9 ,1 
강원,춘천시,기초,여자,85세이상,411 ,25 ,54 ,111 ,161 ,24 ,8 ,7 ,4 ,1 
강원,춘천시,의료,남자,65세미만,0 ,0 ,0 ,0 ,0 ,0 ,0 ,0 ,0 ,0 
강원,춘천시,의료,남자,65-69세,1 ,0 ,1 ,0 ,0 ,0 ,0 ,0 ,0 ,0 
강원,춘천시,의료,남자,70-74세,2 ,2 ,0 ,0 ,0 ,0 ,0 ,0 ,0 ,0 
강원,춘천시,의료,남자,75-79세,6 ,1 ,0 ,1 ,4 ,0 ,0 ,0 ,0 ,0 
강원,춘천시,의료,남자,80-84세,6 ,1 ,1 ,1 ,2 ,0 ,0 ,0 ,0 ,0 
강원,춘천시,의료,남자,85세이상,16 ,2 ,0 ,4 ,5 ,2 ,0 ,1 ,0 ,0 
강원,춘천시,의료,여자,65세미만,0 ,0 ,0 ,0 ,0 ,0 ,0 ,0 ,0 ,0 
강원,춘천시,의료,여자,65-69세,3 ,0 ,0 ,0 ,1 ,0 ,0 ,0 ,0 ,0 
강원,춘천시,의료,여자,70-74세,5 ,0 ,0 ,1 ,2 ,0 ,0 ,0 ,0 ,0 
강원,춘천시,의료,여자,75-79세,8 ,0 ,0 ,1 ,3 ,0 ,0 ,2 ,0 ,0 
강원,춘천시,의료,여자,80-84세,18 ,1 ,1 ,7 ,4 ,0 ,0 ,1 ,0 ,1 
강원,춘천시,의료,여자,85세이상,47 ,1 ,3 ,13 ,21 ,4 ,0 ,0 ,0 ,0 
강원,춘천시,감경,남자,65세미만,69 ,7 ,11 ,18 ,20 ,4 ,1 ,1 ,2 ,1 
강원,춘천시,감경,남자,65-69세,95 ,7 ,10 ,32 ,30 ,6 ,1 ,1 ,1 ,0 
강원,춘천시,감경,남자,70-74세,72 ,7 ,3 ,24 ,23 ,8 ,1 ,0 ,0 ,2 
강원,춘천시,감경,남자,75-79세,134 ,9 ,19 ,38 ,58 ,6 ,2 ,0 ,0 ,0 
강원,춘천시,감경,남자,80-84세,194 ,12 ,10 ,61 ,80 ,22 ,4 ,0 ,2 ,0 
강원,춘천시,감경,남자,85세이상,239 ,16 ,23 ,77 ,94 ,19 ,4 ,0 ,0 ,1 
강원,춘천시,감경,여자,65세미만,37 ,7 ,6 ,11 ,8 ,1 ,0 ,0 ,2 ,0 
강원,춘천시,감경,여자,65-69세,66 ,3 ,9 ,12 ,23 ,5 ,3 ,2 ,1 ,0 
강원,춘천시,감경,여자,70-74세,106 ,6 ,11 ,32 ,35 ,10 ,4 ,3 ,0 ,0 
강원,춘천시,감경,여자,75-79세,279 ,15 ,29 ,57 ,110 ,32 ,13 ,5 ,1 ,1 
강원,춘천시,감경,여자,80-84세,663 ,31 ,55 ,187 ,293 ,66 ,14 ,4 ,1 ,0 
강원,춘천시,감경,여자,85세이상,1151 ,67 ,154 ,407 ,426 ,66 ,8 ,3 ,3 ,0 
강원,원주시,일반,남자,65세미만,91 ,9 ,7 ,17 ,13 ,1 ,1 ,13 ,5 ,6 
강원,원주시,일반,남자,65-69세,132 ,5 ,15 ,27 ,20 ,1 ,1 ,10 ,5 ,10 
강원,원주시,일반,남자,70-74세,160 ,10 ,7 ,35 ,41 ,4 ,1 ,7 ,8 ,9 
강원,원주시,일반,남자,75-79세,248 ,13 ,16 ,71 ,61 ,10 ,3 ,5 ,7 ,10 
강원,원주시,일반,남자,80-84세,421 ,18 ,38 ,107 ,96 ,38 ,11 ,24 ,14 ,15 
강원,원주시,일반,남자,85세이상,475 ,24 ,33 ,121 ,152 ,20 ,9 ,19 ,14 ,7 
강원,원주시,일반,여자,65세미만,73 ,6 ,5 ,7 ,15 ,2 ,0 ,9 ,4 ,9 
강원,원주시,일반,여자,65-69세,135 ,11 ,9 ,13 ,21 ,4 ,0 ,15 ,8 ,8 
강원,원주시,일반,여자,70-74세,261 ,17 ,20 ,37 ,51 ,10 ,6 ,24 ,15 ,5 
강원,원주시,일반,여자,75-79세,518 ,24 ,40 ,87 ,133 ,30 ,8 ,42 ,25 ,12 
강원,원주시,일반,여자,80-84세,933 ,42 ,71 ,243 ,239 ,79 ,13 ,58 ,27 ,13 
강원,원주시,일반,여자,85세이상,1242 ,89 ,163 ,370 ,356 ,60 ,11 ,39 ,15 ,10 
강원,원주시,기초,남자,65세미만,206 ,12 ,17 ,57 ,56 ,4 ,2 ,17 ,10 ,9 
강원,원주시,기초,남자,65-69세,161 ,6 ,17 ,33 ,42 ,5 ,2 ,14 ,8 ,12 
강원,원주시,기초,남자,70-74세,107 ,5 ,8 ,16 ,41 ,5 ,5 ,5 ,6 ,4 
강원,원주시,기초,남자,75-79세,88 ,1 ,8 ,23 ,32 ,3 ,1 ,3 ,3 ,4 
강원,원주시,기초,남자,80-84세,83 ,6 ,11 ,20 ,24 ,2 ,1 ,4 ,2 ,2 
강원,원주시,기초,남자,85세이상,60 ,0 ,7 ,13 ,22 ,4 ,1 ,5 ,2 ,1 
강원,원주시,기초,여자,65세미만,71 ,13 ,9 ,14 ,10 ,3 ,1 ,6 ,1 ,1 
강원,원주시,기초,여자,65-69세,106 ,8 ,6 ,26 ,28 ,1 ,3 ,10 ,5 ,5 
강원,원주시,기초,여자,70-74세,106 ,8 ,9 ,22 ,33 ,3 ,0 ,4 ,5 ,6 
강원,원주시,기초,여자,75-79세,173 ,21 ,21 ,41 ,44 ,7 ,2 ,11 ,3 ,0 
강원,원주시,기초,여자,80-84세,271 ,23 ,30 ,64 ,80 ,19 ,4 ,16 ,5 ,6 
강원,원주시,기초,여자,85세이상,391 ,30 ,70 ,122 ,94 ,19 ,4 ,21 ,6 ,4 
강원,원주시,의료,남자,65세미만,1 ,0 ,0 ,0 ,1 ,0 ,0 ,0 ,0 ,0 
강원,원주시,의료,남자,65-69세,2 ,0 ,0 ,1 ,1 ,0 ,0 ,0 ,0 ,0 
강원,원주시,의료,남자,70-74세,3 ,0 ,0 ,0 ,3 ,0 ,0 ,0 ,0 ,0 
강원,원주시,의료,남자,75-79세,5 ,1 ,0 ,1 ,2 ,0 ,0 ,1 ,0 ,0 
강원,원주시,의료,남자,80-84세,4 ,0 ,0 ,1 ,2 ,0 ,0 ,0 ,0 ,0 
강원,원주시,의료,남자,85세이상,9 ,1 ,0 ,2 ,5 ,0 ,0 ,0 ,0 ,0 
강원,원주시,의료,여자,65세미만,3 ,0 ,0 ,2 ,1 ,0 ,0 ,0 ,0 ,0 
강원,원주시,의료,여자,65-69세,1 ,0 ,0 ,1 ,0 ,0 ,0 ,0 ,0 ,0 
강원,원주시,의료,여자,70-74세,5 ,1 ,0 ,2 ,1 ,0 ,0 ,0 ,0 ,0 
강원,원주시,의료,여자,75-79세,7 ,0 ,0 ,2 ,2 ,0 ,1 ,0 ,2 ,0 
강원,원주시,의료,여자,80-84세,21 ,1 ,2 ,5 ,8 ,2 ,0 ,2 ,0 ,0 
강원,원주시,의료,여자,85세이상,68 ,6 ,11 ,20 ,21 ,6 ,0 ,2 ,0 ,1 
강원,원주시,감경,남자,65세미만,71 ,5 ,15 ,22 ,17 ,1 ,1 ,1 ,0 ,0 
강원,원주시,감경,남자,65-69세,106 ,12 ,17 ,37 ,31 ,4 ,2 ,1 ,0 ,1 
강원,원주시,감경,남자,70-74세,92 ,5 ,10 ,38 ,31 ,2 ,1 ,0 ,1 ,0 
강원,원주시,감경,남자,75-79세,166 ,16 ,16 ,57 ,59 ,9 ,2 ,1 ,0 ,1 
강원,원주시,감경,남자,80-84세,211 ,11 ,18 ,63 ,80 ,21 ,8 ,0 ,1 ,2 
강원,원주시,감경,남자,85세이상,272 ,9 ,32 ,106 ,95 ,22 ,4 ,0 ,0 ,0 
강원,원주시,감경,여자,65세미만,48 ,9 ,3 ,14 ,14 ,1 ,1 ,1 ,0 ,0 
강원,원주시,감경,여자,65-69세,76 ,9 ,4 ,24 ,23 ,1 ,2 ,1 ,2 ,1 
강원,원주시,감경,여자,70-74세,145 ,12 ,12 ,53 ,49 ,5 ,0 ,1 ,0 ,1 
강원,원주시,감경,여자,75-79세,317 ,26 ,44 ,82 ,118 ,21 ,13 ,0 ,1 ,0 
강원,원주시,감경,여자,80-84세,754 ,66 ,112 ,254 ,241 ,41 ,17 ,6 ,2 ,0 
강원,원주시,감경,여자,85세이상,1254 ,124 ,236 ,432 ,350 ,68 ,19 ,4 ,1 ,1 
강원,강릉시,일반,남자,65세미만,41 ,4 ,3 ,6 ,2 ,1 ,1 ,8 ,3 ,2 
강원,강릉시,일반,남자,65-69세,95 ,7 ,7 ,18 ,20 ,2 ,0 ,8 ,2 ,4 
강원,강릉시,일반,남자,70-74세,128 ,4 ,7 ,26 ,36 ,2 ,4 ,6 ,6 ,5 
강원,강릉시,일반,남자,75-79세,222 ,9 ,17 ,60 ,61 ,3 ,4 ,11 ,10 ,6 
강원,강릉시,일반,남자,80-84세,277 ,7 ,20 ,66 ,74 ,18 ,2 ,15 ,7 ,9 
강원,강릉시,일반,남자,85세이상,339 ,15 ,22 ,91 ,116 ,17 ,5 ,9 ,11 ,5 
강원,강릉시,일반,여자,65세미만,32 ,2 ,2 ,5 ,6 ,1 ,0 ,2 ,2 ,1 
강원,강릉시,일반,여자,65-69세,116 ,8 ,2 ,15 ,19 ,1 ,0 ,18 ,12 ,2 
강원,강릉시,일반,여자,70-74세,213 ,8 ,7 ,34 ,43 ,7 ,3 ,19 ,9 ,12 
강원,강릉시,일반,여자,75-79세,405 ,7 ,22 ,66 ,97 ,25 ,7 ,36 ,23 ,9 
강원,강릉시,일반,여자,80-84세,716 ,25 ,47 ,156 ,231 ,33 ,12 ,36 ,23 ,7 
강원,강릉시,일반,여자,85세이상,943 ,47 ,128 ,277 ,291 ,36 ,6 ,26 ,19 ,9 
강원,강릉시,기초,남자,65세미만,133 ,8 ,16 ,30 ,39 ,5 ,3 ,8 ,4 ,4 
강원,강릉시,기초,남자,65-69세,140 ,5 ,15 ,28 ,46 ,6 ,0 ,10 ,4 ,9 
강원,강릉시,기초,남자,70-74세,92 ,2 ,9 ,19 ,40 ,2 ,0 ,5 ,0 ,3 
강원,강릉시,기초,남자,75-79세,90 ,3 ,4 ,22 ,40 ,4 ,0 ,4 ,4 ,4 
강원,강릉시,기초,남자,80-84세,80 ,1 ,5 ,19 ,26 ,3 ,0 ,7 ,5 ,2 
강원,강릉시,기초,남자,85세이상,56 ,4 ,7 ,17 ,18 ,3 ,2 ,1 ,0 ,0 
강원,강릉시,기초,여자,65세미만,70 ,7 ,6 ,23 ,15 ,9 ,2 ,1 ,0 ,1 
강원,강릉시,기초,여자,65-69세,87 ,2 ,5 ,19 ,27 ,1 ,2 ,3 ,4 ,6 
강원,강릉시,기초,여자,70-74세,109 ,6 ,10 ,33 ,36 ,3 ,4 ,2 ,2 ,1 
강원,강릉시,기초,여자,75-79세,174 ,8 ,10 ,44 ,64 ,6 ,4 ,10 ,6 ,2 
강원,강릉시,기초,여자,80-84세,204 ,3 ,24 ,56 ,86 ,10 ,3 ,11 ,2 ,1 
강원,강릉시,기초,여자,85세이상,314 ,24 ,60 ,122 ,81 ,13 ,3 ,3 ,0 ,1 
강원,강릉시,의료,남자,65세미만,0 ,0 ,0 ,0 ,0 ,0 ,0 ,0 ,0 ,0 
강원,강릉시,의료,남자,65-69세,2 ,0 ,0 ,0 ,0 ,0 ,0 ,1 ,0 ,1 
강원,강릉시,의료,남자,70-74세,5 ,0 ,0 ,0 ,2 ,1 ,0 ,1 ,0 ,0 
강원,강릉시,의료,남자,75-79세,4 ,0 ,0 ,0 ,2 ,0 ,0 ,0 ,0 ,1 
강원,강릉시,의료,남자,85세이상,8 ,0 ,3 ,2 ,2 ,1 ,0 ,0 ,0 ,0 
강원,강릉시,의료,여자,65세미만,1 ,0 ,0 ,0 ,0 ,0 ,0 ,0 ,0 ,0 
강원,강릉시,의료,여자,65-69세,0 ,0 ,0 ,0 ,0 ,0 ,0 ,0 ,0 ,0 
강원,강릉시,의료,여자,70-74세,7 ,0 ,1 ,1 ,1 ,1 ,0 ,1 ,0 ,0 
강원,강릉시,의료,여자,75-79세,9 ,0 ,2 ,1 ,1 ,0 ,0 ,0 ,1 ,1 
강원,강릉시,의료,여자,80-84세,14 ,2 ,1 ,6 ,3 ,1 ,0 ,1 ,0 ,0 
강원,강릉시,의료,여자,85세이상,56 ,2 ,7 ,18 ,20 ,2 ,1 ,2 ,1 ,0 
강원,강릉시,감경,남자,65세미만,42 ,5 ,3 ,16 ,13 ,1 ,0 ,0 ,0 ,1 
강원,강릉시,감경,남자,65-69세,68 ,4 ,13 ,18 ,26 ,4 ,0 ,1 ,0 ,0 
강원,강릉시,감경,남자,70-74세,89 ,7 ,11 ,31 ,31 ,3 ,2 ,1 ,0 ,0 
강원,강릉시,감경,남자,75-79세,139 ,6 ,17 ,44 ,50 ,7 ,3 ,2 ,1 ,0 
강원,강릉시,감경,남자,80-84세,162 ,8 ,13 ,63 ,67 ,6 ,1 ,0 ,0 ,0 
강원,강릉시,감경,남자,85세이상,219 ,8 ,19 ,76 ,97 ,7 ,2 ,1 ,2 ,0 
강원,강릉시,감경,여자,65세미만,42 ,9 ,6 ,18 ,6 ,1 ,0 ,0 ,1 ,0 
강원,강릉시,감경,여자,65-69세,64 ,5 ,4 ,24 ,21 ,4 ,0 ,1 ,1 ,1 
강원,강릉시,감경,여자,70-74세,150 ,10 ,19 ,44 ,41 ,11 ,3 ,4 ,0 ,2 
강원,강릉시,감경,여자,75-79세,297 ,13 ,31 ,90 ,113 ,23 ,5 ,2 ,1 ,0 
강원,강릉시,감경,여자,80-84세,601 ,28 ,71 ,186 ,249 ,29 ,12 ,4 ,4 ,0 
강원,강릉시,감경,여자,85세이상,1050 ,61 ,183 ,407 ,341 ,41 ,8 ,1 ,1 ,1 
강원,동해시,일반,남자,65세미만,20 ,1 ,0 ,5 ,1 ,1 ,0 ,4 ,2 ,2 
강원,동해시,일반,남자,65-69세,38 ,3 ,3 ,12 ,11 ,0 ,2 ,1 ,1 ,1 
강원,동해시,일반,남자,70-74세,49 ,1 ,3 ,11 ,9 ,2 ,0 ,3 ,0 ,6 
강원,동해시,일반,남자,75-79세,69 ,2 ,7 ,20 ,12 ,8 ,0 ,6 ,2 ,2 
강원,동해시,일반,남자,80-84세,110 ,2 ,7 ,25 ,26 ,8 ,1 ,7 ,6 ,7 
강원,동해시,일반,남자,85세이상,117 ,1 ,7 ,27 ,47 ,10 ,1 ,3 ,2 ,5 
강원,동해시,일반,여자,65세미만,17 ,1 ,3 ,6 ,5 ,0 ,0 ,1 ,0 ,0 
강원,동해시,일반,여자,65-69세,39 ,0 ,2 ,4 ,4 ,2 ,0 ,4 ,3 ,3 
강원,동해시,일반,여자,70-74세,83 ,1 ,6 ,10 ,18 ,6 ,0 ,14 ,5 ,2 
강원,동해시,일반,여자,75-79세,156 ,4 ,5 ,20 ,44 ,10 ,4 ,18 ,8 ,6 
강원,동해시,일반,여자,80-84세,268 ,10 ,15 ,50 ,76 ,27 ,3 ,20 ,16 ,6 
강원,동해시,일반,여자,85세이상,303 ,17 ,33 ,76 ,98 ,21 ,6 ,20 ,7 ,5 
강원,동해시,기초,남자,65세미만,55 ,3 ,6 ,16 ,14 ,2 ,1 ,3 ,1 ,2 
강원,동해시,기초,남자,65-69세,54 ,4 ,3 ,7 ,14 ,2 ,1 ,9 ,6 ,3 
강원,동해시,기초,남자,70-74세,44 ,0 ,4 ,14 ,11 ,2 ,1 ,1 ,5 ,2 
강원,동해시,기초,남자,75-79세,26 ,0 ,3 ,5 ,9 ,1 ,2 ,1 ,1 ,2 
강원,동해시,기초,남자,80-84세,24 ,0 ,2 ,6 ,9 ,1 ,1 ,1 ,1 ,1 
강원,동해시,기초,남자,85세이상,26 ,0 ,1 ,8 ,12 ,1 ,1 ,2 ,0 ,0 
강원,동해시,기초,여자,65세미만,28 ,3 ,2 ,7 ,6 ,2 ,0 ,3 ,1 ,1 
강원,동해시,기초,여자,65-69세,31 ,2 ,2 ,7 ,9 ,2 ,1 ,3 ,1 ,0 
강원,동해시,기초,여자,70-74세,46 ,1 ,3 ,6 ,16 ,2 ,0 ,2 ,3 ,3 
강원,동해시,기초,여자,75-79세,61 ,1 ,3 ,9 ,19 ,9 ,3 ,7 ,0 ,2 
강원,동해시,기초,여자,80-84세,93 ,6 ,9 ,21 ,37 ,8 ,1 ,3 ,3 ,0 
강원,동해시,기초,여자,85세이상,108 ,8 ,13 ,30 ,44 ,6 ,0 ,0 ,1 ,0 
강원,동해시,의료,남자,65세미만,0 ,0 ,0 ,0 ,0 ,0 ,0 ,0 ,0 ,0 
강원,동해시,의료,남자,65-69세,2 ,1 ,0 ,0 ,0 ,0 ,0 ,0 ,0 ,1 
강원,동해시,의료,남자,70-74세,1 ,0 ,0 ,0 ,1 ,0 ,0 ,0 ,0 ,0 
강원,동해시,의료,남자,75-79세,3 ,0 ,0 ,1 ,1 ,1 ,0 ,0 ,0 ,0 
강원,동해시,의료,남자,80-84세,1 ,0 ,0 ,1 ,0 ,0 ,0 ,0 ,0 ,0 
강원,동해시,의료,남자,85세이상,3 ,0 ,0 ,1 ,0 ,1 ,0 ,0 ,0 ,0 
강원,동해시,의료,여자,65-69세,0 ,0 ,0 ,0 ,0 ,0 ,0 ,0 ,0 ,0 
강원,동해시,의료,여자,70-74세,1 ,0 ,0 ,0 ,0 ,0 ,0 ,1 ,0 ,0 
강원,동해시,의료,여자,75-79세,2 ,0 ,0 ,0 ,1 ,0 ,0 ,0 ,0 ,1 
강원,동해시,의료,여자,80-84세,7 ,0 ,1 ,1 ,3 ,1 ,0 ,1 ,0 ,0 
강원,동해시,의료,여자,85세이상,22 ,1 ,0 ,8 ,9 ,2 ,1 ,0 ,0 ,0 
강원,동해시,감경,남자,65세미만,29 ,6 ,4 ,10 ,6 ,0 ,0 ,1 ,0 ,0 
강원,동해시,감경,남자,65-69세,28 ,3 ,2 ,13 ,5 ,1 ,0 ,0 ,0 ,0 
강원,동해시,감경,남자,70-74세,34 ,4 ,5 ,12 ,10 ,2 ,0 ,0 ,0 ,0 
강원,동해시,감경,남자,75-79세,65 ,4 ,8 ,22 ,18 ,5 ,1 ,0 ,0 ,0 
강원,동해시,감경,남자,80-84세,92 ,4 ,9 ,32 ,34 ,5 ,2 ,0 ,2 ,0 
강원,동해시,감경,남자,85세이상,80 ,3 ,13 ,16 ,33 ,9 ,3 ,1 ,1 ,1 
강원,동해시,감경,여자,65세미만,13 ,2 ,0 ,3 ,4 ,0 ,1 ,0 ,1 ,0 
강원,동해시,감경,여자,65-69세,38 ,1 ,4 ,14 ,9 ,5 ,1 ,0 ,0 ,0 
강원,동해시,감경,여자,70-74세,57 ,2 ,3 ,14 ,22 ,10 ,2 ,1 ,1 ,0 
강원,동해시,감경,여자,75-79세,130 ,9 ,9 ,35 ,52 ,12 ,2 ,1 ,1 ,0 
강원,동해시,감경,여자,80-84세,243 ,16 ,29 ,65 ,106 ,19 ,2 ,2 ,0 ,1 
강원,동해시,감경,여자,85세이상,424 ,26 ,57 ,147 ,148 ,26 ,4 ,2 ,0 ,0 
강원,태백시,일반,남자,65세미만,8 ,0 ,0 ,1 ,2 ,0 ,0 ,2 ,0 ,0 
강원,태백시,일반,남자,65-69세,17 ,0 ,0 ,2 ,0 ,0 ,0 ,1 ,2 ,6 
강원,태백시,일반,남자,70-74세,29 ,1 ,1 ,1 ,3 ,2 ,0 ,4 ,4 ,8 
강원,태백시,일반,남자,75-79세,46 ,2 ,4 ,4 ,5 ,1 ,1 ,6 ,6 ,5 
강원,태백시,일반,남자,80-84세,36 ,0 ,2 ,2 ,6 ,1 ,2 ,6 ,6 ,2 
강원,태백시,일반,남자,85세이상,32 ,0 ,1 ,4 ,6 ,3 ,0 ,5 ,5 ,1 
강원,태백시,일반,여자,65세미만,9 ,1 ,0 ,0 ,2 ,0 ,0 ,3 ,0 ,0 
강원,태백시,일반,여자,65-69세,30 ,0 ,0 ,3 ,0 ,1 ,0 ,6 ,7 ,1 
강원,태백시,일반,여자,70-74세,51 ,0 ,3 ,2 ,3 ,1 ,1 ,9 ,11 ,6 
강원,태백시,일반,여자,75-79세,96 ,2 ,2 ,9 ,13 ,2 ,2 ,16 ,17 ,6 
강원,태백시,일반,여자,80-84세,128 ,4 ,9 ,19 ,27 ,0 ,3 ,16 ,16 ,5 
강원,태백시,일반,여자,85세이상,107 ,9 ,12 ,19 ,29 ,3 ,1 ,3 ,8 ,4 
강원,태백시,기초,남자,65세미만,12 ,1 ,0 ,1 ,2 ,0 ,0 ,3 ,0 ,2 
강원,태백시,기초,남자,65-69세,18 ,0 ,0 ,2 ,2 ,0 ,0 ,1 ,4 ,5 
강원,태백시,기초,남자,70-74세,8 ,0 ,0 ,1 ,0 ,0 ,1 ,1 ,2 ,1 
강원,태백시,기초,남자,75-79세,8 ,0 ,1 ,1 ,2 ,0 ,0 ,0 ,2 ,0 
강원,태백시,기초,남자,80-84세,7 ,1 ,0 ,2 ,1 ,0 ,0 ,1 ,1 ,0 
강원,태백시,기초,남자,85세이상,13 ,1 ,1 ,2 ,4 ,0 ,0 ,2 ,1 ,1 
강원,태백시,기초,여자,65세미만,9 ,1 ,0 ,2 ,1 ,0 ,0 ,0 ,2 ,1 
강원,태백시,기초,여자,65-69세,19 ,0 ,2 ,3 ,1 ,1 ,1 ,6 ,0 ,1 
강원,태백시,기초,여자,70-74세,30 ,1 ,2 ,2 ,5 ,0 ,0 ,6 ,5 ,2 
강원,태백시,기초,여자,75-79세,30 ,2 ,0 ,5 ,5 ,1 ,0 ,3 ,9 ,1 
강원,태백시,기초,여자,80-84세,45 ,2 ,0 ,9 ,17 ,1 ,0 ,2 ,6 ,4 
강원,태백시,기초,여자,85세이상,54 ,5 ,9 ,12 ,18 ,2 ,0 ,2 ,3 ,1 
강원,태백시,의료,남자,70-74세,1 ,0 ,0 ,0 ,0 ,0 ,0 ,0 ,0 ,1 
강원,태백시,의료,남자,75-79세,0 ,0 ,0 ,0 ,0 ,0 ,0 ,0 ,0 ,0 
강원,태백시,의료,남자,80-84세,1 ,0 ,0 ,1 ,0 ,0 ,0 ,0 ,0 ,0 
강원,태백시,의료,여자,65-69세,0 ,0 ,0 ,0 ,0 ,0 ,0 ,0 ,0 ,0 
강원,태백시,의료,여자,75-79세,3 ,0 ,0 ,0 ,0 ,0 ,0 ,3 ,0 ,0 
강원,태백시,의료,여자,80-84세,6 ,0 ,0 ,0 ,2 ,1 ,0 ,0 ,2 ,0 
강원,태백시,의료,여자,85세이상,9 ,0 ,0 ,2 ,4 ,0 ,0 ,2 ,0 ,0 
강원,태백시,감경,남자,65세미만,5 ,1 ,1 ,1 ,1 ,0 ,0 ,0 ,0 ,0 
강원,태백시,감경,남자,65-69세,5 ,0 ,1 ,3 ,0 ,0 ,0 ,0 ,1 ,0 
강원,태백시,감경,남자,70-74세,23 ,0 ,5 ,6 ,6 ,1 ,0 ,0 ,1 ,0 
강원,태백시,감경,남자,75-79세,21 ,0 ,1 ,8 ,6 ,0 ,2 ,1 ,1 ,0 
강원,태백시,감경,남자,80-84세,25 ,3 ,2 ,7 ,8 ,1 ,1 ,0 ,0 ,0 
강원,태백시,감경,남자,85세이상,30 ,1 ,4 ,9 ,12 ,1 ,1 ,0 ,0 ,0 
강원,태백시,감경,여자,65세미만,4 ,0 ,1 ,1 ,1 ,1 ,0 ,0 ,0 ,0 
강원,태백시,감경,여자,65-69세,16 ,1 ,2 ,6 ,3 ,0 ,0 ,2 ,0 ,0 
강원,태백시,감경,여자,70-74세,21 ,2 ,0 ,7 ,9 ,2 ,0 ,0 ,0 ,0 
강원,태백시,감경,여자,75-79세,69 ,2 ,12 ,13 ,28 ,4 ,2 ,0 ,1 ,0 
강원,태백시,감경,여자,80-84세,115 ,5 ,10 ,34 ,51 ,7 ,0 ,1 ,1 ,0 
강원,태백시,감경,여자,85세이상,155 ,17 ,22 ,45 ,53 ,7 ,2 ,1 ,2 ,0 
강원,속초시,일반,남자,65세미만,27 ,2 ,1 ,0 ,4 ,0 ,0 ,5 ,0 ,1 
강원,속초시,일반,남자,65-69세,29 ,3 ,3 ,5 ,5 ,1 ,0 ,4 ,0 ,1 
강원,속초시,일반,남자,70-74세,29 ,1 ,3 ,7 ,8 ,0 ,0 ,3 ,1 ,0 
강원,속초시,일반,남자,75-79세,44 ,3 ,5 ,4 ,10 ,1 ,1 ,2 ,1 ,1 
강원,속초시,일반,남자,80-84세,73 ,2 ,7 ,15 ,18 ,7 ,1 ,3 ,1 ,3 
강원,속초시,일반,남자,85세이상,78 ,4 ,6 ,19 ,28 ,2 ,1 ,0 ,1 ,2 
강원,속초시,일반,여자,65세미만,10 ,1 ,0 ,3 ,1 ,1 ,0 ,0 ,0 ,0 
강원,속초시,일반,여자,65-69세,19 ,2 ,1 ,3 ,2 ,0 ,0 ,1 ,4 ,1 
강원,속초시,일반,여자,70-74세,70 ,2 ,3 ,7 ,13 ,4 ,1 ,5 ,4 ,4 
강원,속초시,일반,여자,75-79세,109 ,4 ,6 ,13 ,26 ,6 ,2 ,10 ,7 ,2 
강원,속초시,일반,여자,80-84세,204 ,6 ,12 ,42 ,55 ,12 ,4 ,19 ,3 ,3 
강원,속초시,일반,여자,85세이상,242 ,27 ,41 ,53 ,64 ,5 ,1 ,2 ,6 ,1 
강원,속초시,기초,남자,65세미만,33 ,2 ,5 ,5 ,5 ,1 ,0 ,5 ,1 ,3 
강원,속초시,기초,남자,65-69세,53 ,4 ,5 ,9 ,13 ,1 ,0 ,2 ,3 ,4 
강원,속초시,기초,남자,70-74세,26 ,0 ,1 ,8 ,7 ,0 ,2 ,4 ,0 ,0 
강원,속초시,기초,남자,75-79세,18 ,0 ,0 ,6 ,9 ,0 ,1 ,0 ,0 ,1 
강원,속초시,기초,남자,80-84세,27 ,0 ,4 ,7 ,7 ,0 ,0 ,2 ,1 ,1 
강원,속초시,기초,남자,85세이상,20 ,0 ,1 ,9 ,7 ,1 ,1 ,0 ,0 ,0 
강원,속초시,기초,여자,65세미만,16 ,1 ,1 ,6 ,3 ,1 ,0 ,2 ,0 ,0 
강원,속초시,기초,여자,65-69세,31 ,1 ,2 ,8 ,9 ,0 ,0 ,4 ,2 ,2 
강원,속초시,기초,여자,70-74세,41 ,4 ,2 ,8 ,8 ,0 ,0 ,4 ,3 ,1 
강원,속초시,기초,여자,75-79세,56 ,4 ,3 ,7 ,24 ,1 ,0 ,6 ,1 ,0 
강원,속초시,기초,여자,80-84세,76 ,7 ,8 ,20 ,27 ,2 ,1 ,1 ,0 ,0 
강원,속초시,기초,여자,85세이상,121 ,13 ,24 ,33 ,37 ,3 ,0 ,0 ,1 ,0 
강원,속초시,의료,남자,65-69세,1 ,0 ,0 ,0 ,1 ,0 ,0 ,0 ,0 ,0 
강원,속초시,의료,남자,85세이상,4 ,0 ,2 ,1 ,1 ,0 ,0 ,0 ,0 ,0 
강원,속초시,의료,여자,65-69세,1 ,0 ,0 ,1 ,0 ,0 ,0 ,0 ,0 ,0 
강원,속초시,의료,여자,70-74세,0 ,0 ,0 ,0 ,0 ,0 ,0 ,0 ,0 ,0 
강원,속초시,의료,여자,75-79세,2 ,0 ,1 ,1 ,0 ,0 ,0 ,0 ,0 ,0 
강원,속초시,의료,여자,80-84세,5 ,2 ,0 ,0 ,2 ,0 ,0 ,1 ,0 ,0 
강원,속초시,의료,여자,85세이상,7 ,0 ,4 ,1 ,2 ,0 ,0 ,0 ,0 ,0 
강원,속초시,감경,남자,65세미만,13 ,1 ,3 ,4 ,2 ,0 ,0 ,1 ,0 ,0 
강원,속초시,감경,남자,65-69세,19 ,1 ,3 ,3 ,6 ,1 ,1 ,0 ,1 ,0 
강원,속초시,감경,남자,70-74세,24 ,4 ,3 ,7 ,7 ,2 ,0 ,0 ,0 ,0 
강원,속초시,감경,남자,75-79세,37 ,3 ,4 ,19 ,9 ,0 ,0 ,0 ,0 ,0 
강원,속초시,감경,남자,80-84세,43 ,5 ,8 ,14 ,12 ,2 ,1 ,0 ,0 ,0 
강원,속초시,감경,남자,85세이상,66 ,4 ,10 ,17 ,26 ,6 ,1 ,0 ,1 ,0 
강원,속초시,감경,여자,65세미만,14 ,1 ,1 ,6 ,3 ,1 ,0 ,1 ,0 ,0 
강원,속초시,감경,여자,65-69세,18 ,1 ,0 ,5 ,6 ,3 ,0 ,0 ,1 ,0 
강원,속초시,감경,여자,70-74세,33 ,5 ,4 ,9 ,11 ,1 ,1 ,0 ,0 ,0 
강원,속초시,감경,여자,75-79세,88 ,5 ,14 ,24 ,36 ,6 ,0 ,0 ,0 ,0 
강원,속초시,감경,여자,80-84세,169 ,19 ,26 ,36 ,73 ,6 ,2 ,2 ,1 ,0 
강원,속초시,감경,여자,85세이상,296 ,30 ,52 ,86 ,105 ,15 ,0 ,1 ,0 ,0 
강원,삼척시,일반,남자,65세미만,9 ,0 ,0 ,0 ,3 ,0 ,0 ,1 ,1 ,2 
강원,삼척시,일반,남자,65-69세,34 ,0 ,0 ,4 ,8 ,1 ,0 ,4 ,5 ,3 
강원,삼척시,일반,남자,70-74세,48 ,1 ,1 ,8 ,8 ,4 ,0 ,7 ,6 ,4 
강원,삼척시,일반,남자,75-79세,63 ,5 ,0 ,9 ,20 ,2 ,1 ,7 ,4 ,6 
강원,삼척시,일반,남자,80-84세,73 ,1 ,5 ,11 ,12 ,3 ,1 ,7 ,5 ,6 
강원,삼척시,일반,남자,85세이상,111 ,1 ,8 ,25 ,41 ,3 ,3 ,6 ,7 ,4 
강원,삼척시,일반,여자,65세미만,16 ,1 ,0 ,1 ,4 ,1 ,0 ,2 ,0 ,0 
강원,삼척시,일반,여자,65-69세,32 ,3 ,1 ,1 ,3 ,1 ,0 ,5 ,1 ,4 
강원,삼척시,일반,여자,70-74세,69 ,1 ,2 ,9 ,7 ,0 ,0 ,7 ,10 ,4 
강원,삼척시,일반,여자,75-79세,161 ,4 ,8 ,21 ,25 ,7 ,1 ,20 ,11 ,9 
강원,삼척시,일반,여자,80-84세,202 ,7 ,16 ,38 ,59 ,10 ,0 ,15 ,4 ,5 
강원,삼척시,일반,여자,85세이상,277 ,17 ,26 ,76 ,85 ,6 ,3 ,7 ,10 ,6 
강원,삼척시,기초,남자,65세미만,32 ,2 ,1 ,8 ,7 ,0 ,1 ,3 ,1 ,2 
강원,삼척시,기초,남자,65-69세,55 ,2 ,3 ,11 ,13 ,1 ,2 ,3 ,7 ,5 
강원,삼척시,기초,남자,70-74세,29 ,2 ,1 ,5 ,6 ,2 ,0 ,6 ,1 ,0 
강원,삼척시,기초,남자,75-79세,22 ,1 ,0 ,4 ,8 ,0 ,1 ,0 ,2 ,1 
강원,삼척시,기초,남자,80-84세,13 ,0 ,2 ,2 ,3 ,1 ,0 ,1 ,1 ,2 
강원,삼척시,기초,남자,85세이상,10 ,0 ,3 ,3 ,4 ,0 ,0 ,0 ,0 ,0 
강원,삼척시,기초,여자,65세미만,12 ,1 ,1 ,3 ,2 ,0 ,0 ,1 ,0 ,0 
강원,삼척시,기초,여자,65-69세,36 ,1 ,0 ,3 ,15 ,1 ,0 ,3 ,5 ,3 
강원,삼척시,기초,여자,70-74세,27 ,1 ,1 ,4 ,11 ,0 ,1 ,3 ,1 ,1 
강원,삼척시,기초,여자,75-79세,48 ,0 ,4 ,7 ,14 ,2 ,3 ,5 ,3 ,1 
강원,삼척시,기초,여자,80-84세,77 ,4 ,3 ,17 ,32 ,3 ,0 ,6 ,1 ,1 
강원,삼척시,기초,여자,85세이상,83 ,5 ,10 ,31 ,24 ,2 ,0 ,0 ,2 ,1 
강원,삼척시,의료,남자,75-79세,1 ,0 ,0 ,1 ,0 ,0 ,0 ,0 ,0 ,0 
강원,삼척시,의료,남자,85세이상,4 ,0 ,0 ,2 ,1 ,0 ,0 ,0 ,1 ,0 
강원,삼척시,의료,여자,65-69세,0 ,0 ,0 ,0 ,0 ,0 ,0 ,0 ,0 ,0 
강원,삼척시,의료,여자,70-74세,1 ,0 ,0 ,0 ,1 ,0 ,0 ,0 ,0 ,0 
강원,삼척시,의료,여자,75-79세,2 ,0 ,0 ,0 ,1 ,0 ,1 ,0 ,0 ,0 
강원,삼척시,의료,여자,80-84세,7 ,0 ,0 ,1 ,6 ,0 ,0 ,0 ,0 ,0 
강원,삼척시,의료,여자,85세이상,26 ,0 ,4 ,7 ,13 ,1 ,0 ,0 ,1 ,0 
강원,삼척시,감경,남자,65세미만,8 ,1 ,1 ,3 ,3 ,0 ,0 ,0 ,0 ,0 
강원,삼척시,감경,남자,65-69세,26 ,1 ,0 ,7 ,12 ,1 ,0 ,1 ,0 ,0 
강원,삼척시,감경,남자,70-74세,22 ,3 ,3 ,8 ,7 ,0 ,1 ,0 ,0 ,0 
강원,삼척시,감경,남자,75-79세,40 ,2 ,6 ,10 ,13 ,2 ,0 ,0 ,0 ,0 
강원,삼척시,감경,남자,80-84세,50 ,1 ,8 ,14 ,20 ,2 ,2 ,0 ,0 ,0 
강원,삼척시,감경,남자,85세이상,77 ,9 ,5 ,26 ,28 ,4 ,1 ,0 ,0 ,0 
강원,삼척시,감경,여자,65세미만,7 ,0 ,2 ,3 ,1 ,0 ,0 ,1 ,0 ,0 
강원,삼척시,감경,여자,65-69세,16 ,1 ,2 ,3 ,5 ,0 ,1 ,1 ,0 ,0 
강원,삼척시,감경,여자,70-74세,43 ,2 ,2 ,13 ,15 ,2 ,0 ,0 ,1 ,0 
강원,삼척시,감경,여자,75-79세,98 ,2 ,4 ,33 ,45 ,4 ,4 ,0 ,0 ,0 
강원,삼척시,감경,여자,80-84세,210 ,10 ,15 ,61 ,96 ,16 ,3 ,0 ,1 ,0 
강원,삼척시,감경,여자,85세이상,352 ,34 ,42 ,115 ,149 ,6 ,1 ,0 ,0 ,0 
강원,홍천군,일반,남자,65세미만,19 ,2 ,0 ,6 ,3 ,0 ,0 ,1 ,1 ,0 
강원,홍천군,일반,남자,65-69세,38 ,4 ,2 ,9 ,6 ,0 ,2 ,5 ,0 ,0 
강원,홍천군,일반,남자,70-74세,47 ,1 ,2 ,6 ,11 ,1 ,0 ,5 ,4 ,2 
강원,홍천군,일반,남자,75-79세,64 ,1 ,5 ,11 ,16 ,3 ,1 ,2 ,4 ,2 
강원,홍천군,일반,남자,80-84세,93 ,2 ,4 ,28 ,21 ,8 ,1 ,5 ,2 ,3 
강원,홍천군,일반,남자,85세이상,116 ,2 ,8 ,31 ,41 ,6 ,0 ,3 ,2 ,1 
강원,홍천군,일반,여자,65세미만,17 ,3 ,1 ,7 ,4 ,0 ,0 ,1 ,0 ,1 
강원,홍천군,일반,여자,65-69세,41 ,0 ,3 ,1 ,3 ,1 ,1 ,9 ,5 ,1 
강원,홍천군,일반,여자,70-74세,74 ,1 ,0 ,9 ,11 ,1 ,1 ,10 ,2 ,4 
강원,홍천군,일반,여자,75-79세,159 ,1 ,8 ,26 ,37 ,11 ,4 ,11 ,4 ,4 
강원,홍천군,일반,여자,80-84세,212 ,2 ,11 ,38 ,60 ,20 ,7 ,13 ,6 ,4 
강원,홍천군,일반,여자,85세이상,343 ,13 ,16 ,96 ,126 ,27 ,7 ,12 ,6 ,0 
강원,홍천군,기초,남자,65세미만,39 ,3 ,6 ,6 ,11 ,0 ,0 ,5 ,2 ,2 
강원,홍천군,기초,남자,65-69세,35 ,0 ,1 ,3 ,13 ,3 ,0 ,5 ,1 ,1 
강원,홍천군,기초,남자,70-74세,23 ,1 ,2 ,4 ,10 ,0 ,1 ,2 ,2 ,1 
강원,홍천군,기초,남자,75-79세,20 ,0 ,2 ,3 ,6 ,2 ,1 ,1 ,3 ,0 
강원,홍천군,기초,남자,80-84세,21 ,0 ,0 ,3 ,8 ,2 ,1 ,0 ,1 ,2 
강원,홍천군,기초,남자,85세이상,19 ,1 ,1 ,6 ,7 ,1 ,1 ,0 ,2 ,0 
강원,홍천군,기초,여자,65세미만,13 ,0 ,0 ,6 ,3 ,0 ,0 ,0 ,0 ,2 
강원,홍천군,기초,여자,65-69세,27 ,0 ,0 ,7 ,7 ,2 ,0 ,3 ,1 ,4 
강원,홍천군,기초,여자,70-74세,19 ,1 ,0 ,1 ,9 ,1 ,0 ,2 ,1 ,1 
강원,홍천군,기초,여자,75-79세,25 ,1 ,3 ,5 ,10 ,2 ,0 ,2 ,1 ,0 
강원,홍천군,기초,여자,80-84세,32 ,1 ,1 ,9 ,6 ,4 ,1 ,0 ,1 ,0 
강원,홍천군,기초,여자,85세이상,75 ,5 ,6 ,17 ,35 ,6 ,1 ,1 ,2 ,0 
강원,홍천군,의료,남자,65세미만,1 ,0 ,0 ,0 ,0 ,0 ,0 ,0 ,0 ,0 
강원,홍천군,의료,남자,85세이상,3 ,0 ,0 ,1 ,2 ,0 ,0 ,0 ,0 ,0 
강원,홍천군,의료,여자,70-74세,0 ,0 ,0 ,0 ,0 ,0 ,0 ,0 ,0 ,0 
강원,홍천군,의료,여자,75-79세,0 ,0 ,0 ,0 ,0 ,0 ,0 ,0 ,0 ,0 
강원,홍천군,의료,여자,80-84세,5 ,0 ,1 ,2 ,1 ,0 ,0 ,0 ,0 ,0 
강원,홍천군,의료,여자,85세이상,9 ,0 ,2 ,5 ,1 ,0 ,0 ,0 ,0 ,0 
강원,홍천군,감경,남자,65세미만,14 ,0 ,2 ,5 ,5 ,1 ,1 ,0 ,0 ,0 
강원,홍천군,감경,남자,65-69세,27 ,2 ,2 ,8 ,11 ,2 ,0 ,1 ,0 ,0 
강원,홍천군,감경,남자,70-74세,30 ,1 ,0 ,11 ,12 ,3 ,1 ,0 ,0 ,0 
강원,홍천군,감경,남자,75-79세,41 ,2 ,4 ,12 ,12 ,3 ,2 ,0 ,0 ,1 
강원,홍천군,감경,남자,80-84세,53 ,0 ,5 ,19 ,18 ,8 ,1 ,0 ,0 ,0 
강원,홍천군,감경,남자,85세이상,87 ,3 ,9 ,31 ,34 ,8 ,1 ,0 ,0 ,0 
강원,홍천군,감경,여자,65세미만,7 ,2 ,1 ,0 ,1 ,1 ,0 ,0 ,0 ,0 
강원,홍천군,감경,여자,65-69세,24 ,2 ,5 ,5 ,8 ,1 ,0 ,0 ,0 ,0 
강원,홍천군,감경,여자,70-74세,38 ,1 ,4 ,8 ,16 ,4 ,1 ,0 ,0 ,0 
강원,홍천군,감경,여자,75-79세,77 ,9 ,16 ,17 ,25 ,4 ,2 ,0 ,0 ,0 
강원,홍천군,감경,여자,80-84세,214 ,5 ,19 ,55 ,103 ,17 ,6 ,1 ,1 ,0 
강원,홍천군,감경,여자,85세이상,367 ,15 ,48 ,118 ,151 ,24 ,5 ,0 ,0 ,0 
강원,횡성군,일반,남자,65세미만,13 ,1 ,0 ,2 ,2 ,0 ,1 ,2 ,1 ,2 
강원,횡성군,일반,남자,65-69세,29 ,2 ,2 ,1 ,9 ,0 ,0 ,2 ,4 ,0 
강원,횡성군,일반,남자,70-74세,31 ,0 ,0 ,5 ,9 ,2 ,0 ,0 ,1 ,1 
강원,횡성군,일반,남자,75-79세,49 ,0 ,3 ,5 ,14 ,2 ,5 ,3 ,6 ,1 
강원,횡성군,일반,남자,80-84세,80 ,0 ,9 ,15 ,30 ,6 ,1 ,2 ,1 ,1 
강원,횡성군,일반,남자,85세이상,89 ,1 ,11 ,13 ,36 ,7 ,1 ,4 ,2 ,2 
강원,횡성군,일반,여자,65세미만,8 ,0 ,2 ,1 ,1 ,0 ,0 ,0 ,0 ,1 
강원,횡성군,일반,여자,65-69세,25 ,1 ,2 ,1 ,2 ,2 ,2 ,3 ,2 ,0 
강원,횡성군,일반,여자,70-74세,43 ,0 ,2 ,4 ,9 ,4 ,0 ,4 ,5 ,2 
강원,횡성군,일반,여자,75-79세,115 ,1 ,4 ,17 ,33 ,8 ,4 ,11 ,9 ,0 
강원,횡성군,일반,여자,80-84세,183 ,3 ,8 ,27 ,74 ,18 ,4 ,8 ,7 ,3 
강원,횡성군,일반,여자,85세이상,249 ,1 ,22 ,68 ,100 ,21 ,3 ,6 ,3 ,2 
강원,횡성군,기초,남자,65세미만,23 ,4 ,1 ,7 ,8 ,1 ,0 ,1 ,0 ,0 
강원,횡성군,기초,남자,65-69세,22 ,1 ,2 ,2 ,8 ,0 ,0 ,4 ,1 ,1 
강원,횡성군,기초,남자,70-74세,16 ,0 ,0 ,5 ,3 ,3 ,0 ,2 ,1 ,0 
강원,횡성군,기초,남자,75-79세,10 ,0 ,1 ,5 ,2 ,0 ,1 ,0 ,0 ,0 
강원,횡성군,기초,남자,80-84세,5 ,0 ,0 ,2 ,1 ,0 ,0 ,0 ,1 ,0 
강원,횡성군,기초,남자,85세이상,14 ,0 ,3 ,5 ,5 ,1 ,0 ,0 ,0 ,0 
강원,횡성군,기초,여자,65세미만,10 ,0 ,0 ,3 ,4 ,1 ,0 ,0 ,0 ,0 
강원,횡성군,기초,여자,65-69세,18 ,0 ,0 ,1 ,6 ,1 ,1 ,1 ,2 ,2 
강원,횡성군,기초,여자,70-74세,19 ,1 ,0 ,2 ,6 ,1 ,1 ,0 ,2 ,1 
강원,횡성군,기초,여자,75-79세,27 ,1 ,1 ,4 ,11 ,2 ,0 ,0 ,1 ,1 
강원,횡성군,기초,여자,80-84세,36 ,1 ,1 ,12 ,12 ,7 ,0 ,0 ,1 ,0 
강원,횡성군,기초,여자,85세이상,51 ,1 ,5 ,14 ,19 ,5 ,0 ,0 ,1 ,0 
강원,횡성군,의료,남자,65세미만,1 ,0 ,0 ,0 ,0 ,0 ,0 ,1 ,0 ,0 
강원,횡성군,의료,남자,65-69세,1 ,0 ,0 ,0 ,0 ,0 ,0 ,0 ,0 ,0 
강원,횡성군,의료,남자,75-79세,1 ,0 ,0 ,0 ,0 ,0 ,0 ,0 ,0 ,0 
강원,횡성군,의료,남자,85세이상,1 ,0 ,0 ,0 ,0 ,0 ,0 ,0 ,0 ,0 
강원,횡성군,의료,여자,70-74세,1 ,0 ,0 ,0 ,0 ,0 ,0 ,0 ,0 ,0 
강원,횡성군,의료,여자,75-79세,1 ,0 ,0 ,1 ,0 ,0 ,0 ,0 ,0 ,0 
강원,횡성군,의료,여자,80-84세,4 ,0 ,0 ,0 ,1 ,0 ,0 ,1 ,0 ,0 
강원,횡성군,의료,여자,85세이상,8 ,0 ,0 ,4 ,3 ,0 ,0 ,0 ,0 ,0 
강원,횡성군,감경,남자,65세미만,8 ,1 ,0 ,3 ,2 ,1 ,0 ,0 ,1 ,0 
강원,횡성군,감경,남자,65-69세,17 ,0 ,2 ,6 ,7 ,1 ,0 ,0 ,0 ,0 
강원,횡성군,감경,남자,70-74세,17 ,0 ,3 ,5 ,6 ,1 ,0 ,1 ,0 ,0 
강원,횡성군,감경,남자,75-79세,25 ,0 ,3 ,5 ,8 ,6 ,0 ,1 ,0 ,0 
강원,횡성군,감경,남자,80-84세,51 ,0 ,4 ,11 ,26 ,6 ,0 ,0 ,0 ,0 
강원,횡성군,감경,남자,85세이상,55 ,1 ,4 ,15 ,28 ,6 ,1 ,0 ,0 ,0 
강원,횡성군,감경,여자,65세미만,11 ,1 ,4 ,3 ,1 ,1 ,0 ,0 ,0 ,0 
강원,횡성군,감경,여자,65-69세,17 ,1 ,2 ,3 ,10 ,1 ,0 ,0 ,0 ,0 
강원,횡성군,감경,여자,70-74세,29 ,3 ,1 ,7 ,8 ,4 ,0 ,0 ,0 ,0 
강원,횡성군,감경,여자,75-79세,56 ,3 ,5 ,13 ,20 ,9 ,2 ,0 ,1 ,0 
강원,횡성군,감경,여자,80-84세,156 ,5 ,21 ,51 ,64 ,11 ,1 ,0 ,1 ,0 
강원,횡성군,감경,여자,85세이상,321 ,20 ,31 ,121 ,124 ,16 ,2 ,0 ,0 ,0 
강원,영월군,일반,남자,65세미만,5 ,0 ,0 ,0 ,0 ,0 ,0 ,0 ,0 ,0 
강원,영월군,일반,남자,65-69세,16 ,0 ,1 ,4 ,2 ,1 ,0 ,0 ,1 ,2 
강원,영월군,일반,남자,70-74세,31 ,0 ,2 ,6 ,9 ,1 ,1 ,2 ,1 ,3 
강원,영월군,일반,남자,75-79세,23 ,0 ,2 ,7 ,5 ,1 ,0 ,2 ,1 ,2 
강원,영월군,일반,남자,80-84세,69 ,2 ,7 ,14 ,23 ,4 ,0 ,2 ,7 ,3 
강원,영월군,일반,남자,85세이상,50 ,2 ,0 ,16 ,24 ,1 ,0 ,2 ,1 ,0 
강원,영월군,일반,여자,65세미만,3 ,1 ,0 ,0 ,1 ,0 ,0 ,1 ,0 ,0 
강원,영월군,일반,여자,65-69세,24 ,0 ,0 ,5 ,6 ,0 ,0 ,2 ,2 ,0 
강원,영월군,일반,여자,70-74세,47 ,0 ,0 ,7 ,8 ,1 ,1 ,6 ,7 ,3 
강원,영월군,일반,여자,75-79세,92 ,2 ,4 ,15 ,23 ,4 ,0 ,15 ,3 ,2 
강원,영월군,일반,여자,80-84세,152 ,2 ,7 ,44 ,43 ,2 ,1 ,11 ,11 ,6 
강원,영월군,일반,여자,85세이상,149 ,1 ,19 ,46 ,56 ,5 ,0 ,2 ,0 ,1 
강원,영월군,기초,남자,65세미만,23 ,0 ,1 ,7 ,5 ,0 ,1 ,1 ,5 ,0 
강원,영월군,기초,남자,65-69세,18 ,1 ,1 ,7 ,4 ,0 ,0 ,2 ,0 ,0 
강원,영월군,기초,남자,70-74세,13 ,0 ,2 ,4 ,4 ,0 ,0 ,2 ,0 ,0 
강원,영월군,기초,남자,75-79세,14 ,0 ,0 ,5 ,8 ,0 ,0 ,1 ,0 ,0 
강원,영월군,기초,남자,80-84세,9 ,0 ,1 ,3 ,5 ,0 ,0 ,0 ,0 ,0 
강원,영월군,기초,남자,85세이상,10 ,1 ,0 ,4 ,4 ,0 ,0 ,0 ,0 ,1 
강원,영월군,기초,여자,65세미만,12 ,1 ,0 ,1 ,7 ,0 ,1 ,0 ,0 ,0 
강원,영월군,기초,여자,65-69세,17 ,1 ,1 ,3 ,0 ,1 ,0 ,2 ,3 ,4 
강원,영월군,기초,여자,70-74세,23 ,1 ,0 ,5 ,10 ,0 ,0 ,1 ,0 ,4 
강원,영월군,기초,여자,75-79세,30 ,1 ,1 ,3 ,16 ,1 ,0 ,2 ,0 ,1 
강원,영월군,기초,여자,80-84세,31 ,1 ,1 ,9 ,15 ,0 ,0 ,1 ,2 ,2 
강원,영월군,기초,여자,85세이상,39 ,1 ,4 ,19 ,12 ,2 ,0 ,0 ,0 ,0 
강원,영월군,의료,남자,80-84세,2 ,0 ,1 ,0 ,1 ,0 ,0 ,0 ,0 ,0 
강원,영월군,의료,남자,85세이상,1 ,0 ,0 ,1 ,0 ,0 ,0 ,0 ,0 ,0 
강원,영월군,의료,여자,65세미만,0 ,0 ,0 ,0 ,0 ,0 ,0 ,0 ,0 ,0 
강원,영월군,의료,여자,65-69세,1 ,0 ,0 ,0 ,0 ,0 ,0 ,1 ,0 ,0 
강원,영월군,의료,여자,70-74세,1 ,0 ,0 ,1 ,0 ,0 ,0 ,0 ,0 ,0 
강원,영월군,의료,여자,75-79세,4 ,0 ,0 ,1 ,1 ,0 ,0 ,1 ,0 ,0 
강원,영월군,의료,여자,80-84세,5 ,0 ,0 ,0 ,5 ,0 ,0 ,0 ,0 ,0 
강원,영월군,의료,여자,85세이상,11 ,0 ,3 ,3 ,4 ,0 ,0 ,0 ,0 ,0 
강원,영월군,감경,남자,65세미만,8 ,0 ,1 ,3 ,4 ,0 ,0 ,0 ,0 ,0 
강원,영월군,감경,남자,65-69세,12 ,1 ,3 ,4 ,3 ,0 ,0 ,0 ,0 ,0 
강원,영월군,감경,남자,70-74세,10 ,3 ,2 ,3 ,2 ,0 ,0 ,0 ,0 ,0 
강원,영월군,감경,남자,75-79세,29 ,0 ,0 ,14 ,13 ,1 ,0 ,0 ,1 ,0 
강원,영월군,감경,남자,80-84세,37 ,1 ,1 ,17 ,15 ,2 ,1 ,0 ,0 ,0 
강원,영월군,감경,남자,85세이상,74 ,1 ,10 ,30 ,32 ,0 ,0 ,0 ,1 ,0 
강원,영월군,감경,여자,65세미만,5 ,1 ,0 ,3 ,0 ,0 ,0 ,0 ,0 ,0 
강원,영월군,감경,여자,65-69세,7 ,0 ,0 ,1 ,4 ,0 ,0 ,0 ,0 ,1 
강원,영월군,감경,여자,70-74세,24 ,2 ,2 ,9 ,6 ,3 ,1 ,0 ,0 ,0 
강원,영월군,감경,여자,75-79세,74 ,4 ,5 ,26 ,30 ,1 ,1 ,0 ,0 ,1 
강원,영월군,감경,여자,80-84세,152 ,9 ,11 ,43 ,72 ,8 ,1 ,1 ,0 ,0 
강원,영월군,감경,여자,85세이상,227 ,2 ,38 ,89 ,91 ,4 ,1 ,0 ,0 ,0 
강원,평창군,일반,남자,65세미만,10 ,1 ,1 ,2 ,2 ,0 ,0 ,2 ,0 ,0 
강원,평창군,일반,남자,65-69세,23 ,1 ,1 ,0 ,6 ,0 ,0 ,4 ,3 ,0 
강원,평창군,일반,남자,70-74세,28 ,0 ,0 ,8 ,8 ,0 ,0 ,6 ,2 ,0 
강원,평창군,일반,남자,75-79세,49 ,1 ,3 ,8 ,12 ,0 ,1 ,4 ,5 ,2 
강원,평창군,일반,남자,80-84세,73 ,0 ,4 ,14 ,17 ,3 ,4 ,3 ,4 ,1 
강원,평창군,일반,남자,85세이상,60 ,0 ,6 ,14 ,21 ,2 ,0 ,5 ,0 ,1 
강원,평창군,일반,여자,65세미만,12 ,0 ,0 ,2 ,3 ,0 ,0 ,3 ,0 ,0 
강원,평창군,일반,여자,65-69세,23 ,1 ,0 ,3 ,1 ,4 ,2 ,2 ,0 ,0 
강원,평창군,일반,여자,70-74세,44 ,0 ,0 ,6 ,7 ,1 ,2 ,5 ,1 ,2 
강원,평창군,일반,여자,75-79세,82 ,3 ,1 ,14 ,22 ,5 ,1 ,4 ,5 ,1 
강원,평창군,일반,여자,80-84세,157 ,6 ,8 ,27 ,45 ,8 ,3 ,15 ,3 ,2 
강원,평창군,일반,여자,85세이상,180 ,4 ,16 ,51 ,68 ,3 ,0 ,5 ,4 ,0 
강원,평창군,기초,남자,65세미만,6 ,0 ,0 ,0 ,2 ,1 ,0 ,0 ,0 ,2 
강원,평창군,기초,남자,65-69세,13 ,0 ,1 ,2 ,6 ,0 ,0 ,1 ,0 ,0 
강원,평창군,기초,남자,70-74세,7 ,0 ,0 ,2 ,2 ,0 ,0 ,0 ,0 ,3 
강원,평창군,기초,남자,75-79세,8 ,0 ,0 ,2 ,4 ,0 ,0 ,1 ,0 ,0 
강원,평창군,기초,남자,80-84세,15 ,1 ,2 ,1 ,5 ,0 ,0 ,2 ,2 ,2 
강원,평창군,기초,남자,85세이상,7 ,1 ,1 ,0 ,2 ,0 ,0 ,0 ,1 ,0 
강원,평창군,기초,여자,65세미만,6 ,2 ,1 ,2 ,0 ,0 ,0 ,0 ,0 ,0 
강원,평창군,기초,여자,65-69세,10 ,2 ,0 ,2 ,2 ,1 ,0 ,0 ,2 ,1 
강원,평창군,기초,여자,70-74세,16 ,1 ,1 ,0 ,5 ,0 ,1 ,4 ,0 ,0 
강원,평창군,기초,여자,75-79세,23 ,1 ,1 ,4 ,9 ,0 ,1 ,1 ,0 ,0 
강원,평창군,기초,여자,80-84세,21 ,1 ,0 ,6 ,7 ,4 ,1 ,0 ,0 ,1 
강원,평창군,기초,여자,85세이상,37 ,2 ,3 ,11 ,11 ,1 ,0 ,1 ,0 ,2 
강원,평창군,의료,남자,85세이상,2 ,0 ,1 ,1 ,0 ,0 ,0 ,0 ,0 ,0 
강원,평창군,의료,여자,75-79세,0 ,0 ,0 ,0 ,0 ,0 ,0 ,0 ,0 ,0 
강원,평창군,의료,여자,80-84세,2 ,0 ,0 ,0 ,2 ,0 ,0 ,0 ,0 ,0 
강원,평창군,의료,여자,85세이상,9 ,0 ,2 ,6 ,1 ,0 ,0 ,0 ,0 ,0 
강원,평창군,감경,남자,65세미만,5 ,0 ,0 ,2 ,2 ,0 ,0 ,0 ,0 ,0 
강원,평창군,감경,남자,65-69세,13 ,0 ,1 ,4 ,6 ,1 ,0 ,0 ,0 ,0 
강원,평창군,감경,남자,70-74세,15 ,0 ,0 ,7 ,7 ,0 ,0 ,0 ,0 ,0 
강원,평창군,감경,남자,75-79세,18 ,1 ,6 ,4 ,4 ,2 ,0 ,0 ,0 ,0 
강원,평창군,감경,남자,80-84세,46 ,1 ,5 ,22 ,13 ,5 ,0 ,0 ,0 ,0 
강원,평창군,감경,남자,85세이상,47 ,2 ,6 ,14 ,17 ,7 ,0 ,0 ,0 ,0 
강원,평창군,감경,여자,65세미만,3 ,0 ,0 ,2 ,1 ,0 ,0 ,0 ,0 ,0 
강원,평창군,감경,여자,65-69세,9 ,0 ,0 ,2 ,6 ,0 ,0 ,0 ,0 ,0 
강원,평창군,감경,여자,70-74세,19 ,0 ,1 ,4 ,9 ,3 ,0 ,0 ,0 ,0 
강원,평창군,감경,여자,75-79세,48 ,2 ,1 ,7 ,29 ,1 ,0 ,0 ,0 ,0 
강원,평창군,감경,여자,80-84세,113 ,5 ,9 ,36 ,50 ,8 ,1 ,1 ,0 ,1 
강원,평창군,감경,여자,85세이상,239 ,10 ,19 ,87 ,101 ,11 ,2 ,0 ,1 ,0 
강원,정선군,일반,남자,65세미만,6 ,1 ,1 ,0 ,1 ,0 ,0 ,1 ,1 ,0 
강원,정선군,일반,남자,65-69세,17 ,0 ,1 ,2 ,3 ,1 ,0 ,5 ,1 ,2 
강원,정선군,일반,남자,70-74세,19 ,0 ,2 ,6 ,2 ,0 ,0 ,0 ,1 ,3 
강원,정선군,일반,남자,75-79세,37 ,3 ,1 ,9 ,2 ,0 ,0 ,5 ,2 ,4 
강원,정선군,일반,남자,80-84세,28 ,0 ,2 ,7 ,5 ,0 ,0 ,5 ,3 ,0 
강원,정선군,일반,남자,85세이상,28 ,0 ,4 ,7 ,6 ,1 ,0 ,2 ,1 ,0 
강원,정선군,일반,여자,65세미만,5 ,0 ,0 ,3 ,1 ,0 ,0 ,0 ,1 ,0 
강원,정선군,일반,여자,65-69세,21 ,0 ,0 ,3 ,4 ,0 ,0 ,4 ,3 ,0 
강원,정선군,일반,여자,70-74세,37 ,1 ,1 ,4 ,3 ,0 ,0 ,8 ,3 ,4 
강원,정선군,일반,여자,75-79세,59 ,1 ,2 ,12 ,10 ,1 ,1 ,7 ,4 ,2 
강원,정선군,일반,여자,80-84세,104 ,2 ,7 ,28 ,26 ,2 ,0 ,18 ,5 ,0 
강원,정선군,일반,여자,85세이상,99 ,1 ,9 ,41 ,29 ,1 ,0 ,6 ,1 ,2 
강원,정선군,기초,남자,65세미만,9 ,0 ,0 ,3 ,2 ,1 ,0 ,0 ,0 ,1 
강원,정선군,기초,남자,65-69세,12 ,0 ,3 ,1 ,1 ,0 ,0 ,4 ,1 ,1 
강원,정선군,기초,남자,70-74세,11 ,0 ,1 ,2 ,5 ,0 ,0 ,0 ,1 ,1 
강원,정선군,기초,남자,75-79세,5 ,1 ,0 ,3 ,0 ,0 ,0 ,0 ,0 ,1 
강원,정선군,기초,남자,80-84세,11 ,0 ,2 ,3 ,2 ,0 ,0 ,1 ,1 ,0 
강원,정선군,기초,남자,85세이상,7 ,0 ,1 ,5 ,0 ,0 ,0 ,0 ,1 ,0 
강원,정선군,기초,여자,65세미만,6 ,1 ,1 ,2 ,0 ,0 ,0 ,2 ,0 ,0 
강원,정선군,기초,여자,65-69세,6 ,1 ,0 ,1 ,1 ,0 ,0 ,0 ,2 ,0 
강원,정선군,기초,여자,70-74세,11 ,1 ,1 ,3 ,1 ,1 ,0 ,1 ,0 ,3 
강원,정선군,기초,여자,75-79세,27 ,0 ,0 ,6 ,12 ,0 ,0 ,3 ,3 ,0 
강원,정선군,기초,여자,80-84세,32 ,4 ,2 ,10 ,12 ,1 ,0 ,1 ,0 ,0 
강원,정선군,기초,여자,85세이상,32 ,1 ,5 ,16 ,6 ,0 ,0 ,0 ,1 ,0 
강원,정선군,의료,남자,70-74세,0 ,0 ,0 ,0 ,0 ,0 ,0 ,0 ,0 ,0 
강원,정선군,의료,남자,75-79세,2 ,1 ,0 ,1 ,0 ,0 ,0 ,0 ,0 ,0 
강원,정선군,의료,남자,85세이상,3 ,1 ,0 ,2 ,0 ,0 ,0 ,0 ,0 ,0 
강원,정선군,의료,여자,65-69세,0 ,0 ,0 ,0 ,0 ,0 ,0 ,0 ,0 ,0 
강원,정선군,의료,여자,70-74세,2 ,0 ,0 ,1 ,0 ,1 ,0 ,0 ,0 ,0 
강원,정선군,의료,여자,75-79세,0 ,0 ,0 ,0 ,0 ,0 ,0 ,0 ,0 ,0 
강원,정선군,의료,여자,80-84세,4 ,0 ,0 ,3 ,1 ,0 ,0 ,0 ,0 ,0 
강원,정선군,의료,여자,85세이상,8 ,1 ,0 ,3 ,3 ,0 ,0 ,1 ,0 ,0 
강원,정선군,감경,남자,65세미만,8 ,0 ,1 ,4 ,1 ,0 ,0 ,0 ,1 ,0 
강원,정선군,감경,남자,65-69세,8 ,1 ,2 ,1 ,3 ,0 ,0 ,0 ,0 ,0 
강원,정선군,감경,남자,70-74세,16 ,1 ,3 ,4 ,5 ,1 ,0 ,0 ,0 ,0 
강원,정선군,감경,남자,75-79세,29 ,1 ,4 ,10 ,8 ,2 ,0 ,0 ,1 ,0 
강원,정선군,감경,남자,80-84세,58 ,2 ,5 ,20 ,23 ,0 ,0 ,1 ,0 ,0 
강원,정선군,감경,남자,85세이상,46 ,1 ,2 ,19 ,22 ,2 ,0 ,0 ,0 ,0 
강원,정선군,감경,여자,65세미만,7 ,1 ,0 ,3 ,3 ,0 ,0 ,0 ,0 ,0 
강원,정선군,감경,여자,65-69세,14 ,1 ,0 ,7 ,5 ,1 ,0 ,0 ,0 ,0 
강원,정선군,감경,여자,70-74세,27 ,1 ,1 ,8 ,14 ,0 ,0 ,0 ,0 ,0 
강원,정선군,감경,여자,75-79세,55 ,3 ,3 ,16 ,26 ,2 ,0 ,2 ,0 ,0 
강원,정선군,감경,여자,80-84세,108 ,6 ,7 ,50 ,39 ,1 ,0 ,2 ,1 ,0 
강원,정선군,감경,여자,85세이상,207 ,17 ,28 ,86 ,69 ,4 ,0 ,1 ,0 ,1 
강원,철원군,일반,남자,65세미만,10 ,0 ,0 ,2 ,2 ,0 ,0 ,1 ,0 ,0 
강원,철원군,일반,남자,65-69세,18 ,0 ,0 ,5 ,2 ,1 ,0 ,4 ,1 ,1 
강원,철원군,일반,남자,70-74세,29 ,0 ,0 ,4 ,11 ,2 ,0 ,0 ,6 ,0 
강원,철원군,일반,남자,75-79세,44 ,1 ,4 ,5 ,11 ,3 ,1 ,4 ,3 ,1 
강원,철원군,일반,남자,80-84세,62 ,1 ,4 ,12 ,13 ,9 ,4 ,2 ,2 ,1 
강원,철원군,일반,남자,85세이상,54 ,1 ,3 ,6 ,21 ,7 ,1 ,1 ,3 ,0 
강원,철원군,일반,여자,65세미만,5 ,0 ,0 ,0 ,0 ,1 ,0 ,1 ,2 ,0 
강원,철원군,일반,여자,65-69세,26 ,2 ,2 ,0 ,3 ,0 ,0 ,2 ,6 ,1 
강원,철원군,일반,여자,70-74세,50 ,0 ,1 ,6 ,8 ,2 ,3 ,10 ,4 ,2 
강원,철원군,일반,여자,75-79세,83 ,1 ,1 ,7 ,16 ,6 ,4 ,10 ,6 ,0 
강원,철원군,일반,여자,80-84세,121 ,4 ,3 ,10 ,46 ,18 ,3 ,13 ,6 ,0 
강원,철원군,일반,여자,85세이상,129 ,2 ,8 ,18 ,51 ,21 ,2 ,2 ,4 ,1 
강원,철원군,기초,남자,65세미만,17 ,1 ,0 ,4 ,4 ,1 ,1 ,2 ,3 ,0 
강원,철원군,기초,남자,65-69세,16 ,0 ,0 ,2 ,2 ,0 ,0 ,1 ,3 ,1 
강원,철원군,기초,남자,70-74세,7 ,0 ,0 ,1 ,1 ,1 ,0 ,0 ,2 ,1 
강원,철원군,기초,남자,75-79세,9 ,0 ,0 ,2 ,1 ,1 ,0 ,1 ,1 ,0 
강원,철원군,기초,남자,80-84세,6 ,0 ,0 ,1 ,3 ,0 ,0 ,0 ,1 ,0 
강원,철원군,기초,남자,85세이상,9 ,0 ,1 ,3 ,2 ,1 ,0 ,0 ,0 ,0 
강원,철원군,기초,여자,65세미만,6 ,0 ,0 ,0 ,3 ,0 ,0 ,2 ,0 ,0 
강원,철원군,기초,여자,65-69세,20 ,0 ,1 ,2 ,3 ,2 ,2 ,2 ,3 ,1 
강원,철원군,기초,여자,70-74세,18 ,0 ,1 ,2 ,4 ,0 ,0 ,1 ,4 ,0 
강원,철원군,기초,여자,75-79세,32 ,0 ,0 ,2 ,10 ,1 ,1 ,4 ,7 ,0 
강원,철원군,기초,여자,80-84세,43 ,3 ,1 ,5 ,14 ,6 ,4 ,2 ,1 ,0 
강원,철원군,기초,여자,85세이상,40 ,3 ,3 ,7 ,11 ,4 ,0 ,5 ,4 ,0 
강원,철원군,의료,남자,70-74세,1 ,0 ,0 ,0 ,0 ,0 ,0 ,0 ,0 ,0 
강원,철원군,의료,남자,75-79세,2 ,0 ,0 ,0 ,0 ,0 ,0 ,1 ,0 ,0 
강원,철원군,의료,남자,80-84세,1 ,0 ,0 ,0 ,0 ,0 ,0 ,1 ,0 ,0 
강원,철원군,의료,남자,85세이상,1 ,0 ,0 ,0 ,1 ,0 ,0 ,0 ,0 ,0 
강원,철원군,의료,여자,65-69세,0 ,0 ,0 ,0 ,0 ,0 ,0 ,0 ,0 ,0 
강원,철원군,의료,여자,70-74세,5 ,0 ,0 ,0 ,4 ,0 ,0 ,0 ,1 ,0 
강원,철원군,의료,여자,75-79세,1 ,0 ,0 ,0 ,1 ,0 ,0 ,0 ,0 ,0 
강원,철원군,의료,여자,80-84세,1 ,0 ,0 ,1 ,0 ,0 ,0 ,0 ,0 ,0 
강원,철원군,의료,여자,85세이상,7 ,0 ,0 ,0 ,4 ,3 ,0 ,0 ,0 ,0 
강원,철원군,감경,남자,65세미만,9 ,2 ,3 ,1 ,1 ,1 ,0 ,0 ,1 ,0 
강원,철원군,감경,남자,65-69세,15 ,1 ,2 ,5 ,4 ,1 ,0 ,0 ,1 ,0 
강원,철원군,감경,남자,70-74세,23 ,0 ,1 ,6 ,11 ,3 ,1 ,0 ,0 ,0 
강원,철원군,감경,남자,75-79세,25 ,0 ,1 ,6 ,13 ,4 ,1 ,0 ,0 ,0 
강원,철원군,감경,남자,80-84세,39 ,1 ,0 ,5 ,18 ,10 ,3 ,0 ,0 ,0 
강원,철원군,감경,남자,85세이상,42 ,3 ,2 ,5 ,19 ,11 ,1 ,0 ,0 ,0 
강원,철원군,감경,여자,65세미만,2 ,0 ,0 ,1 ,1 ,0 ,0 ,0 ,0 ,0 
강원,철원군,감경,여자,65-69세,10 ,0 ,1 ,5 ,2 ,0 ,0 ,0 ,0 ,0 
강원,철원군,감경,여자,70-74세,24 ,1 ,2 ,4 ,11 ,3 ,0 ,1 ,0 ,0 
강원,철원군,감경,여자,75-79세,49 ,0 ,7 ,8 ,22 ,4 ,3 ,0 ,1 ,0 
강원,철원군,감경,여자,80-84세,127 ,2 ,10 ,34 ,49 ,19 ,4 ,3 ,0 ,0 
강원,철원군,감경,여자,85세이상,169 ,10 ,24 ,39 ,67 ,21 ,3 ,0 ,0 ,0 
강원,화천군,일반,남자,65세미만,2 ,0 ,0 ,0 ,0 ,0 ,0 ,2 ,0 ,0 
강원,화천군,일반,남자,65-69세,9 ,0 ,0 ,0 ,2 ,0 ,0 ,1 ,1 ,1 
강원,화천군,일반,남자,70-74세,9 ,0 ,0 ,3 ,2 ,0 ,0 ,0 ,2 ,2 
강원,화천군,일반,남자,75-79세,28 ,0 ,1 ,4 ,10 ,1 ,1 ,3 ,3 ,1 
강원,화천군,일반,남자,80-84세,31 ,1 ,1 ,4 ,11 ,1 ,0 ,5 ,2 ,1 
강원,화천군,일반,남자,85세이상,25 ,0 ,0 ,6 ,6 ,3 ,0 ,0 ,2 ,1 
강원,화천군,일반,여자,65세미만,3 ,0 ,0 ,1 ,0 ,0 ,0 ,0 ,0 ,0 
강원,화천군,일반,여자,65-69세,9 ,0 ,0 ,0 ,1 ,2 ,0 ,1 ,1 ,0 
강원,화천군,일반,여자,70-74세,10 ,0 ,0 ,0 ,3 ,0 ,0 ,0 ,4 ,0 
강원,화천군,일반,여자,75-79세,35 ,1 ,0 ,4 ,11 ,2 ,1 ,3 ,3 ,1 
강원,화천군,일반,여자,80-84세,57 ,1 ,4 ,8 ,20 ,4 ,0 ,3 ,3 ,3 
강원,화천군,일반,여자,85세이상,80 ,1 ,9 ,23 ,19 ,1 ,2 ,3 ,3 ,1 
강원,화천군,기초,남자,65세미만,3 ,0 ,0 ,1 ,0 ,0 ,0 ,0 ,0 ,0 
강원,화천군,기초,남자,65-69세,9 ,0 ,0 ,0 ,2 ,1 ,0 ,2 ,2 ,1 
강원,화천군,기초,남자,70-74세,5 ,1 ,1 ,0 ,3 ,0 ,0 ,0 ,0 ,0 
강원,화천군,기초,남자,75-79세,6 ,0 ,0 ,0 ,1 ,0 ,0 ,1 ,3 ,1 
강원,화천군,기초,남자,80-84세,8 ,0 ,0 ,3 ,2 ,1 ,0 ,1 ,0 ,0 
강원,화천군,기초,남자,85세이상,12 ,1 ,1 ,3 ,6 ,0 ,0 ,0 ,0 ,0 
강원,화천군,기초,여자,65세미만,3 ,0 ,0 ,1 ,0 ,0 ,0 ,1 ,0 ,0 
강원,화천군,기초,여자,65-69세,5 ,0 ,0 ,0 ,1 ,0 ,0 ,0 ,3 ,1 
강원,화천군,기초,여자,70-74세,8 ,0 ,2 ,0 ,0 ,0 ,0 ,2 ,2 ,0 
강원,화천군,기초,여자,75-79세,8 ,1 ,2 ,0 ,3 ,0 ,0 ,0 ,2 ,0 
강원,화천군,기초,여자,80-84세,38 ,0 ,3 ,7 ,13 ,5 ,2 ,4 ,2 ,0 
강원,화천군,기초,여자,85세이상,32 ,0 ,5 ,5 ,15 ,3 ,0 ,1 ,1 ,0 
강원,화천군,의료,남자,80-84세,0 ,0 ,0 ,0 ,0 ,0 ,0 ,0 ,0 ,0 
강원,화천군,의료,남자,85세이상,1 ,0 ,0 ,1 ,0 ,0 ,0 ,0 ,0 ,0 
강원,화천군,의료,여자,70-74세,0 ,0 ,0 ,0 ,0 ,0 ,0 ,0 ,0 ,0 
강원,화천군,의료,여자,75-79세,1 ,0 ,0 ,0 ,0 ,0 ,0 ,1 ,0 ,0 
강원,화천군,의료,여자,80-84세,1 ,0 ,0 ,0 ,0 ,1 ,0 ,0 ,0 ,0 
강원,화천군,의료,여자,85세이상,4 ,0 ,0 ,0 ,3 ,0 ,0 ,0 ,0 ,0 
강원,화천군,감경,남자,65세미만,3 ,1 ,0 ,2 ,0 ,0 ,0 ,0 ,0 ,0 
강원,화천군,감경,남자,65-69세,4 ,1 ,0 ,0 ,2 ,0 ,0 ,0 ,0 ,1 
강원,화천군,감경,남자,70-74세,7 ,0 ,0 ,2 ,5 ,0 ,0 ,0 ,0 ,0 
강원,화천군,감경,남자,75-79세,10 ,0 ,0 ,4 ,4 ,0 ,0 ,0 ,0 ,1 
강원,화천군,감경,남자,80-84세,24 ,0 ,2 ,6 ,8 ,4 ,1 ,0 ,1 ,0 
강원,화천군,감경,남자,85세이상,23 ,2 ,1 ,5 ,12 ,3 ,0 ,0 ,0 ,0 
강원,화천군,감경,여자,65세미만,1 ,0 ,0 ,0 ,1 ,0 ,0 ,0 ,0 ,0 
강원,화천군,감경,여자,65-69세,3 ,0 ,0 ,1 ,2 ,0 ,0 ,0 ,0 ,0 
강원,화천군,감경,여자,70-74세,5 ,0 ,0 ,2 ,2 ,0 ,0 ,1 ,0 ,0 
강원,화천군,감경,여자,75-79세,23 ,2 ,3 ,5 ,8 ,2 ,1 ,1 ,0 ,0 
강원,화천군,감경,여자,80-84세,61 ,0 ,1 ,16 ,32 ,8 ,2 ,0 ,0 ,0 
강원,화천군,감경,여자,85세이상,89 ,6 ,5 ,37 ,29 ,8 ,0 ,0 ,0 ,1 
강원,양구군,일반,남자,65세미만,2 ,0 ,0 ,0 ,0 ,0 ,0 ,0 ,0 ,1 
강원,양구군,일반,남자,65-69세,9 ,0 ,0 ,2 ,2 ,0 ,0 ,0 ,3 ,1 
강원,양구군,일반,남자,70-74세,13 ,1 ,1 ,1 ,4 ,0 ,0 ,2 ,1 ,0 
강원,양구군,일반,남자,75-79세,12 ,0 ,0 ,1 ,3 ,1 ,0 ,1 ,1 ,1 
강원,양구군,일반,남자,80-84세,12 ,0 ,2 ,0 ,2 ,0 ,0 ,1 ,2 ,0 
강원,양구군,일반,남자,85세이상,25 ,0 ,1 ,4 ,10 ,2 ,4 ,0 ,1 ,0 
강원,양구군,일반,여자,65세미만,4 ,0 ,1 ,1 ,0 ,0 ,0 ,0 ,0 ,1 
강원,양구군,일반,여자,65-69세,13 ,0 ,0 ,1 ,2 ,0 ,0 ,2 ,2 ,0 
강원,양구군,일반,여자,70-74세,25 ,3 ,1 ,2 ,1 ,0 ,1 ,4 ,4 ,1 
강원,양구군,일반,여자,75-79세,30 ,2 ,1 ,5 ,3 ,4 ,0 ,4 ,4 ,1 
강원,양구군,일반,여자,80-84세,62 ,0 ,3 ,11 ,14 ,7 ,3 ,2 ,3 ,1 
강원,양구군,일반,여자,85세이상,59 ,3 ,1 ,9 ,20 ,4 ,2 ,0 ,1 ,0 
강원,양구군,기초,남자,65세미만,16 ,1 ,3 ,4 ,3 ,0 ,0 ,1 ,2 ,0 
강원,양구군,기초,남자,65-69세,12 ,0 ,1 ,2 ,1 ,0 ,1 ,0 ,1 ,2 
강원,양구군,기초,남자,70-74세,4 ,0 ,0 ,0 ,0 ,0 ,0 ,1 ,1 ,1 
강원,양구군,기초,남자,75-79세,6 ,1 ,0 ,0 ,2 ,0 ,0 ,0 ,1 ,1 
강원,양구군,기초,남자,80-84세,4 ,0 ,1 ,1 ,1 ,0 ,1 ,0 ,0 ,0 
강원,양구군,기초,남자,85세이상,2 ,0 ,0 ,0 ,1 ,1 ,0 ,0 ,0 ,0 
강원,양구군,기초,여자,65세미만,6 ,1 ,1 ,1 ,2 ,0 ,0 ,0 ,0 ,0 
강원,양구군,기초,여자,65-69세,17 ,2 ,1 ,0 ,2 ,1 ,0 ,4 ,2 ,1 
강원,양구군,기초,여자,70-74세,17 ,2 ,0 ,1 ,2 ,0 ,1 ,2 ,2 ,0 
강원,양구군,기초,여자,75-79세,17 ,0 ,4 ,2 ,2 ,0 ,1 ,1 ,4 ,1 
강원,양구군,기초,여자,80-84세,22 ,2 ,1 ,4 ,6 ,2 ,2 ,1 ,4 ,0 
강원,양구군,기초,여자,85세이상,34 ,3 ,3 ,10 ,11 ,3 ,0 ,1 ,0 ,0 
강원,양구군,의료,남자,75-79세,1 ,0 ,0 ,0 ,1 ,0 ,0 ,0 ,0 ,0 
강원,양구군,의료,남자,85세이상,1 ,0 ,0 ,0 ,0 ,0 ,0 ,0 ,0 ,0 
강원,양구군,의료,여자,65-69세,0 ,0 ,0 ,0 ,0 ,0 ,0 ,0 ,0 ,0 
강원,양구군,의료,여자,70-74세,1 ,0 ,0 ,1 ,0 ,0 ,0 ,0 ,0 ,0 
강원,양구군,의료,여자,75-79세,1 ,0 ,0 ,0 ,0 ,0 ,0 ,0 ,0 ,0 
강원,양구군,의료,여자,80-84세,1 ,0 ,0 ,0 ,1 ,0 ,0 ,0 ,0 ,0 
강원,양구군,의료,여자,85세이상,2 ,0 ,0 ,1 ,0 ,0 ,1 ,0 ,0 ,0 
강원,양구군,감경,남자,65세미만,4 ,0 ,0 ,2 ,1 ,0 ,0 ,0 ,0 ,0 
강원,양구군,감경,남자,65-69세,9 ,0 ,1 ,5 ,2 ,0 ,0 ,0 ,0 ,1 
강원,양구군,감경,남자,70-74세,1 ,0 ,0 ,0 ,1 ,0 ,0 ,0 ,0 ,0 
강원,양구군,감경,남자,75-79세,10 ,0 ,1 ,2 ,5 ,2 ,0 ,0 ,0 ,0 
강원,양구군,감경,남자,80-84세,22 ,0 ,4 ,8 ,7 ,0 ,2 ,0 ,0 ,0 
강원,양구군,감경,남자,85세이상,22 ,0 ,4 ,5 ,7 ,3 ,1 ,0 ,0 ,0 
강원,양구군,감경,여자,65세미만,3 ,1 ,0 ,0 ,1 ,1 ,0 ,0 ,0 ,0 
강원,양구군,감경,여자,65-69세,5 ,1 ,1 ,1 ,1 ,0 ,1 ,0 ,0 ,0 
강원,양구군,감경,여자,70-74세,10 ,0 ,1 ,2 ,2 ,2 ,0 ,1 ,0 ,0 
강원,양구군,감경,여자,75-79세,17 ,0 ,1 ,2 ,6 ,2 ,1 ,0 ,1 ,0 
강원,양구군,감경,여자,80-84세,62 ,3 ,6 ,18 ,17 ,9 ,5 ,0 ,1 ,0 
강원,양구군,감경,여자,85세이상,70 ,3 ,10 ,24 ,24 ,6 ,1 ,0 ,0 ,0 
강원,인제군,일반,남자,65세미만,4 ,0 ,0 ,0 ,2 ,0 ,0 ,0 ,0 ,1 
강원,인제군,일반,남자,65-69세,9 ,1 ,0 ,3 ,0 ,1 ,0 ,0 ,1 ,0 
강원,인제군,일반,남자,70-74세,15 ,1 ,3 ,3 ,0 ,0 ,0 ,2 ,2 ,2 
강원,인제군,일반,남자,75-79세,17 ,0 ,1 ,3 ,4 ,0 ,0 ,0 ,2 ,1 
강원,인제군,일반,남자,80-84세,31 ,0 ,1 ,6 ,7 ,1 ,0 ,5 ,2 ,3 
강원,인제군,일반,남자,85세이상,26 ,0 ,4 ,3 ,5 ,2 ,0 ,1 ,3 ,3 
강원,인제군,일반,여자,65세미만,5 ,1 ,0 ,0 ,1 ,0 ,0 ,0 ,0 ,1 
강원,인제군,일반,여자,65-69세,9 ,0 ,1 ,0 ,0 ,0 ,1 ,0 ,2 ,1 
강원,인제군,일반,여자,70-74세,12 ,0 ,0 ,1 ,1 ,0 ,0 ,0 ,1 ,2 
강원,인제군,일반,여자,75-79세,44 ,1 ,0 ,5 ,5 ,4 ,2 ,4 ,6 ,4 
강원,인제군,일반,여자,80-84세,74 ,0 ,2 ,7 ,13 ,3 ,2 ,11 ,3 ,4 
강원,인제군,일반,여자,85세이상,80 ,3 ,6 ,21 ,29 ,4 ,1 ,0 ,3 ,1 
강원,인제군,기초,남자,65세미만,6 ,0 ,1 ,1 ,1 ,0 ,0 ,0 ,0 ,1 
강원,인제군,기초,남자,65-69세,9 ,1 ,0 ,0 ,1 ,0 ,0 ,0 ,1 ,2 
강원,인제군,기초,남자,70-74세,7 ,0 ,2 ,2 ,1 ,0 ,1 ,0 ,0 ,0 
강원,인제군,기초,남자,75-79세,4 ,0 ,1 ,1 ,1 ,0 ,0 ,0 ,0 ,1 
강원,인제군,기초,남자,80-84세,4 ,0 ,0 ,1 ,1 ,1 ,0 ,0 ,0 ,0 
강원,인제군,기초,남자,85세이상,4 ,0 ,0 ,0 ,1 ,1 ,0 ,0 ,0 ,0 
강원,인제군,기초,여자,65세미만,2 ,1 ,0 ,1 ,0 ,0 ,0 ,0 ,0 ,0 
강원,인제군,기초,여자,65-69세,12 ,2 ,0 ,3 ,1 ,0 ,0 ,0 ,0 ,3 
강원,인제군,기초,여자,70-74세,11 ,1 ,0 ,0 ,2 ,0 ,0 ,0 ,3 ,0 
강원,인제군,기초,여자,75-79세,15 ,0 ,1 ,1 ,4 ,0 ,1 ,1 ,1 ,1 
강원,인제군,기초,여자,80-84세,16 ,0 ,1 ,3 ,5 ,0 ,0 ,3 ,2 ,0 
강원,인제군,기초,여자,85세이상,38 ,2 ,2 ,9 ,15 ,1 ,1 ,2 ,1 ,1 
강원,인제군,의료,남자,65세미만,1 ,0 ,0 ,0 ,0 ,0 ,0 ,0 ,0 ,0 
강원,인제군,의료,남자,70-74세,1 ,0 ,0 ,1 ,0 ,0 ,0 ,0 ,0 ,0 
강원,인제군,의료,여자,65-69세,0 ,0 ,0 ,0 ,0 ,0 ,0 ,0 ,0 ,0 
강원,인제군,의료,여자,75-79세,0 ,0 ,0 ,0 ,0 ,0 ,0 ,0 ,0 ,0 
강원,인제군,의료,여자,80-84세,0 ,0 ,0 ,0 ,0 ,0 ,0 ,0 ,0 ,0 
강원,인제군,의료,여자,85세이상,5 ,0 ,0 ,2 ,2 ,0 ,1 ,0 ,0 ,0 
강원,인제군,감경,남자,65세미만,2 ,0 ,0 ,0 ,0 ,0 ,0 ,0 ,0 ,0 
강원,인제군,감경,남자,65-69세,6 ,1 ,1 ,3 ,1 ,0 ,0 ,0 ,0 ,0 
강원,인제군,감경,남자,70-74세,4 ,0 ,0 ,2 ,1 ,1 ,0 ,0 ,0 ,0 
강원,인제군,감경,남자,75-79세,18 ,1 ,1 ,6 ,7 ,0 ,0 ,0 ,0 ,0 
강원,인제군,감경,남자,80-84세,15 ,0 ,1 ,6 ,5 ,2 ,0 ,0 ,0 ,1 
강원,인제군,감경,남자,85세이상,21 ,1 ,0 ,3 ,15 ,0 ,1 ,0 ,0 ,0 
강원,인제군,감경,여자,65세미만,2 ,0 ,0 ,0 ,0 ,0 ,0 ,0 ,0 ,0 
강원,인제군,감경,여자,65-69세,5 ,0 ,0 ,3 ,1 ,0 ,1 ,0 ,0 ,0 
강원,인제군,감경,여자,70-74세,6 ,0 ,0 ,3 ,1 ,1 ,1 ,0 ,0 ,0 
강원,인제군,감경,여자,75-79세,28 ,1 ,1 ,8 ,8 ,3 ,0 ,1 ,0 ,1 
강원,인제군,감경,여자,80-84세,47 ,0 ,3 ,15 ,22 ,3 ,2 ,0 ,0 ,0 
강원,인제군,감경,여자,85세이상,78 ,2 ,2 ,26 ,32 ,8 ,4 ,0 ,0 ,1 
강원,고성군,일반,남자,65세미만,3 ,0 ,0 ,0 ,2 ,0 ,0 ,0 ,0 ,0 
강원,고성군,일반,남자,65-69세,6 ,1 ,2 ,2 ,1 ,0 ,0 ,0 ,0 ,0 
강원,고성군,일반,남자,70-74세,11 ,1 ,1 ,2 ,3 ,0 ,0 ,0 ,0 ,1 
강원,고성군,일반,남자,75-79세,14 ,0 ,0 ,2 ,3 ,0 ,0 ,3 ,1 ,0 
강원,고성군,일반,남자,80-84세,24 ,2 ,0 ,4 ,8 ,1 ,2 ,2 ,1 ,0 
강원,고성군,일반,남자,85세이상,27 ,1 ,2 ,7 ,10 ,1 ,0 ,0 ,0 ,0 
강원,고성군,일반,여자,65세미만,10 ,0 ,0 ,0 ,1 ,0 ,0 ,1 ,3 ,1 
강원,고성군,일반,여자,65-69세,10 ,0 ,1 ,4 ,0 ,1 ,0 ,1 ,1 ,0 
강원,고성군,일반,여자,70-74세,27 ,2 ,1 ,3 ,1 ,0 ,0 ,1 ,7 ,0 
강원,고성군,일반,여자,75-79세,29 ,1 ,1 ,3 ,5 ,3 ,2 ,1 ,2 ,1 
강원,고성군,일반,여자,80-84세,74 ,2 ,6 ,20 ,20 ,0 ,3 ,4 ,3 ,1 
강원,고성군,일반,여자,85세이상,81 ,5 ,8 ,23 ,17 ,2 ,2 ,2 ,2 ,0 
강원,고성군,기초,남자,65세미만,7 ,0 ,1 ,2 ,1 ,0 ,1 ,0 ,0 ,0 
강원,고성군,기초,남자,65-69세,14 ,0 ,1 ,4 ,2 ,0 ,0 ,2 ,1 ,1 
강원,고성군,기초,남자,70-74세,6 ,1 ,0 ,0 ,0 ,0 ,0 ,0 ,2 ,1 
강원,고성군,기초,남자,75-79세,9 ,0 ,2 ,2 ,4 ,0 ,0 ,0 ,0 ,0 
강원,고성군,기초,남자,80-84세,5 ,0 ,0 ,0 ,3 ,0 ,0 ,1 ,0 ,0 
강원,고성군,기초,남자,85세이상,3 ,0 ,0 ,2 ,1 ,0 ,0 ,0 ,0 ,0 
강원,고성군,기초,여자,65세미만,7 ,0 ,1 ,1 ,0 ,1 ,0 ,1 ,0 ,0 
강원,고성군,기초,여자,65-69세,7 ,0 ,0 ,2 ,2 ,0 ,0 ,0 ,0 ,1 
강원,고성군,기초,여자,70-74세,10 ,1 ,1 ,0 ,4 ,1 ,0 ,1 ,2 ,0 
강원,고성군,기초,여자,75-79세,21 ,0 ,2 ,5 ,9 ,1 ,0 ,0 ,1 ,0 
강원,고성군,기초,여자,80-84세,19 ,1 ,2 ,6 ,5 ,1 ,0 ,2 ,0 ,0 
강원,고성군,기초,여자,85세이상,53 ,7 ,7 ,11 ,20 ,3 ,2 ,0 ,0 ,0 
강원,고성군,의료,여자,70-74세,0 ,0 ,0 ,0 ,0 ,0 ,0 ,0 ,0 ,0 
강원,고성군,의료,여자,75-79세,1 ,0 ,0 ,1 ,0 ,0 ,0 ,0 ,0 ,0 
강원,고성군,의료,여자,80-84세,4 ,0 ,0 ,1 ,0 ,0 ,0 ,1 ,0 ,0 
강원,고성군,의료,여자,85세이상,3 ,0 ,1 ,0 ,2 ,0 ,0 ,0 ,0 ,0 
강원,고성군,감경,남자,65세미만,4 ,1 ,0 ,0 ,3 ,0 ,0 ,0 ,0 ,0 
강원,고성군,감경,남자,65-69세,6 ,0 ,0 ,4 ,1 ,1 ,0 ,0 ,0 ,0 
강원,고성군,감경,남자,70-74세,11 ,0 ,3 ,4 ,2 ,1 ,0 ,0 ,0 ,0 
강원,고성군,감경,남자,75-79세,22 ,2 ,3 ,10 ,4 ,2 ,0 ,0 ,0 ,0 
강원,고성군,감경,남자,80-84세,24 ,2 ,1 ,5 ,11 ,2 ,2 ,0 ,0 ,0 
강원,고성군,감경,남자,85세이상,36 ,0 ,4 ,8 ,20 ,2 ,1 ,0 ,0 ,0 
강원,고성군,감경,여자,65세미만,6 ,0 ,0 ,3 ,2 ,0 ,0 ,0 ,0 ,0 
강원,고성군,감경,여자,65-69세,8 ,0 ,2 ,1 ,5 ,0 ,0 ,0 ,0 ,0 
강원,고성군,감경,여자,70-74세,9 ,0 ,1 ,2 ,4 ,0 ,0 ,0 ,0 ,0 
강원,고성군,감경,여자,75-79세,50 ,2 ,5 ,19 ,16 ,7 ,0 ,0 ,0 ,0 
강원,고성군,감경,여자,80-84세,80 ,3 ,8 ,25 ,32 ,5 ,3 ,0 ,0 ,0 
강원,고성군,감경,여자,85세이상,163 ,11 ,21 ,62 ,52 ,14 ,1 ,0 ,0 ,0 
강원,양양군,일반,남자,65세미만,9 ,1 ,1 ,4 ,0 ,0 ,0 ,1 ,0 ,0 
강원,양양군,일반,남자,65-69세,12 ,1 ,0 ,2 ,1 ,0 ,0 ,2 ,0 ,1 
강원,양양군,일반,남자,70-74세,19 ,1 ,1 ,2 ,6 ,0 ,0 ,0 ,3 ,0 
강원,양양군,일반,남자,75-79세,29 ,2 ,3 ,11 ,8 ,1 ,0 ,0 ,1 ,0 
강원,양양군,일반,남자,80-84세,42 ,1 ,5 ,15 ,8 ,0 ,0 ,1 ,3 ,3 
강원,양양군,일반,남자,85세이상,42 ,0 ,2 ,16 ,13 ,2 ,0 ,1 ,2 ,1 
강원,양양군,일반,여자,65세미만,8 ,0 ,1 ,1 ,0 ,0 ,0 ,0 ,2 ,1 
강원,양양군,일반,여자,65-69세,18 ,0 ,0 ,3 ,0 ,1 ,0 ,1 ,3 ,2 
강원,양양군,일반,여자,70-74세,28 ,0 ,1 ,1 ,4 ,1 ,1 ,4 ,1 ,1 
강원,양양군,일반,여자,75-79세,67 ,0 ,5 ,12 ,8 ,6 ,1 ,6 ,3 ,1 
강원,양양군,일반,여자,80-84세,105 ,10 ,9 ,25 ,30 ,2 ,1 ,5 ,0 ,3 
강원,양양군,일반,여자,85세이상,126 ,4 ,19 ,46 ,34 ,2 ,0 ,3 ,2 ,1 
강원,양양군,기초,남자,65세미만,18 ,1 ,3 ,5 ,2 ,0 ,0 ,2 ,0 ,0 
강원,양양군,기초,남자,65-69세,13 ,0 ,0 ,1 ,7 ,0 ,0 ,2 ,2 ,1 
강원,양양군,기초,남자,70-74세,7 ,0 ,4 ,0 ,1 ,0 ,0 ,1 ,0 ,0 
강원,양양군,기초,남자,75-79세,14 ,0 ,1 ,5 ,5 ,0 ,0 ,1 ,2 ,0 
강원,양양군,기초,남자,80-84세,23 ,0 ,5 ,6 ,9 ,1 ,0 ,1 ,1 ,0 
강원,양양군,기초,남자,85세이상,11 ,2 ,2 ,3 ,3 ,0 ,0 ,1 ,0 ,0 
강원,양양군,기초,여자,65세미만,3 ,1 ,0 ,0 ,1 ,0 ,0 ,0 ,1 ,0 
강원,양양군,기초,여자,65-69세,16 ,1 ,4 ,3 ,3 ,0 ,0 ,0 ,3 ,0 
강원,양양군,기초,여자,70-74세,20 ,2 ,1 ,1 ,5 ,0 ,0 ,2 ,2 ,1 
강원,양양군,기초,여자,75-79세,17 ,0 ,0 ,6 ,4 ,1 ,0 ,2 ,0 ,0 
강원,양양군,기초,여자,80-84세,28 ,1 ,1 ,14 ,8 ,0 ,0 ,1 ,0 ,0 
강원,양양군,기초,여자,85세이상,62 ,5 ,7 ,24 ,17 ,1 ,1 ,1 ,1 ,0 
강원,양양군,의료,남자,65-69세,0 ,0 ,0 ,0 ,0 ,0 ,0 ,0 ,0 ,0 
강원,양양군,의료,남자,70-74세,0 ,0 ,0 ,0 ,0 ,0 ,0 ,0 ,0 ,0 
강원,양양군,의료,남자,75-79세,1 ,0 ,0 ,1 ,0 ,0 ,0 ,0 ,0 ,0 
강원,양양군,의료,남자,85세이상,1 ,1 ,0 ,0 ,0 ,0 ,0 ,0 ,0 ,0 
강원,양양군,의료,여자,65-69세,0 ,0 ,0 ,0 ,0 ,0 ,0 ,0 ,0 ,0 
강원,양양군,의료,여자,75-79세,0 ,0 ,0 ,0 ,0 ,0 ,0 ,0 ,0 ,0 
강원,양양군,의료,여자,80-84세,3 ,0 ,0 ,0 ,1 ,0 ,0 ,1 ,1 ,0 
강원,양양군,의료,여자,85세이상,12 ,2 ,2 ,4 ,3 ,1 ,0 ,0 ,0 ,0 
강원,양양군,감경,남자,65세미만,4 ,0 ,1 ,1 ,1 ,1 ,0 ,0 ,0 ,0 
강원,양양군,감경,남자,65-69세,6 ,1 ,1 ,1 ,3 ,0 ,0 ,0 ,0 ,0 
강원,양양군,감경,남자,70-74세,12 ,2 ,1 ,5 ,4 ,0 ,0 ,0 ,0 ,0 
강원,양양군,감경,남자,75-79세,16 ,1 ,3 ,6 ,6 ,0 ,0 ,0 ,0 ,0 
강원,양양군,감경,남자,80-84세,26 ,0 ,5 ,14 ,7 ,0 ,0 ,0 ,0 ,0 
강원,양양군,감경,남자,85세이상,34 ,4 ,3 ,13 ,13 ,0 ,0 ,0 ,0 ,0 
강원,양양군,감경,여자,65세미만,4 ,0 ,0 ,4 ,0 ,0 ,0 ,0 ,0 ,0 
강원,양양군,감경,여자,65-69세,8 ,2 ,0 ,1 ,3 ,0 ,0 ,1 ,0 ,0 
강원,양양군,감경,여자,70-74세,15 ,0 ,4 ,5 ,6 ,0 ,0 ,0 ,0 ,0 
강원,양양군,감경,여자,75-79세,26 ,2 ,1 ,10 ,13 ,0 ,0 ,0 ,0 ,0 
강원,양양군,감경,여자,80-84세,98 ,8 ,17 ,42 ,26 ,1 ,0 ,0 ,0 ,0 
강원,양양군,감경,여자,85세이상,149 ,22 ,24 ,48 ,50 ,1 ,0 ,0 ,0 ,0 
충북,청주시,일반,남자,65세미만,161 ,17 ,10 ,25 ,22 ,8 ,0 ,21 ,10 ,7 
충북,청주시,일반,남자,65-69세,340 ,15 ,16 ,67 ,71 ,21 ,13 ,39 ,20 ,10 
충북,청주시,일반,남자,70-74세,392 ,15 ,27 ,71 ,115 ,28 ,3 ,40 ,22 ,5 
충북,청주시,일반,남자,75-79세,624 ,31 ,37 ,135 ,200 ,46 ,16 ,28 ,31 ,15 
충북,청주시,일반,남자,80-84세,899 ,18 ,38 ,170 ,308 ,127 ,27 ,46 ,32 ,17 
충북,청주시,일반,남자,85세이상,951 ,20 ,53 ,182 ,367 ,135 ,24 ,33 ,25 ,18 
충북,청주시,일반,여자,65세미만,158 ,11 ,5 ,34 ,37 ,12 ,1 ,24 ,6 ,5 
충북,청주시,일반,여자,65-69세,394 ,17 ,14 ,59 ,81 ,21 ,11 ,36 ,27 ,15 
충북,청주시,일반,여자,70-74세,612 ,20 ,29 ,84 ,152 ,46 ,24 ,64 ,33 ,16 
충북,청주시,일반,여자,75-79세,1222 ,48 ,61 ,181 ,359 ,114 ,40 ,87 ,47 ,28 
충북,청주시,일반,여자,80-84세,2265 ,87 ,131 ,443 ,788 ,256 ,71 ,91 ,69 ,28 
충북,청주시,일반,여자,85세이상,2729 ,110 ,271 ,718 ,1016 ,242 ,48 ,68 ,39 ,15 
충북,청주시,기초,남자,65세미만,320 ,25 ,26 ,54 ,76 ,30 ,12 ,22 ,9 ,14 
충북,청주시,기초,남자,65-69세,321 ,17 ,16 ,37 ,96 ,41 ,19 ,25 ,19 ,14 
충북,청주시,기초,남자,70-74세,176 ,7 ,10 ,24 ,53 ,22 ,6 ,11 ,10 ,12 
충북,청주시,기초,남자,75-79세,169 ,1 ,10 ,18 ,66 ,30 ,6 ,9 ,6 ,6 
충북,청주시,기초,남자,80-84세,149 ,8 ,11 ,22 ,52 ,24 ,13 ,1 ,3 ,4 
충북,청주시,기초,남자,85세이상,79 ,5 ,2 ,14 ,33 ,18 ,1 ,0 ,0 ,3 
충북,청주시,기초,여자,65세미만,152 ,12 ,5 ,42 ,42 ,10 ,7 ,8 ,6 ,3 
충북,청주시,기초,여자,65-69세,235 ,6 ,13 ,35 ,74 ,25 ,13 ,16 ,14 ,11 
충북,청주시,기초,여자,70-74세,214 ,5 ,13 ,30 ,66 ,25 ,11 ,13 ,12 ,7 
충북,청주시,기초,여자,75-79세,366 ,14 ,22 ,70 ,112 ,55 ,12 ,23 ,16 ,9 
충북,청주시,기초,여자,80-84세,535 ,15 ,36 ,110 ,217 ,69 ,21 ,23 ,11 ,3 
충북,청주시,기초,여자,85세이상,627 ,28 ,86 ,152 ,239 ,66 ,7 ,8 ,11 ,4 
충북,청주시,의료,남자,65세미만,1 ,0 ,1 ,0 ,0 ,0 ,0 ,0 ,0 ,0 
충북,청주시,의료,남자,65-69세,4 ,0 ,0 ,1 ,0 ,0 ,0 ,2 ,0 ,0 
충북,청주시,의료,남자,70-74세,9 ,0 ,2 ,0 ,5 ,0 ,1 ,0 ,0 ,0 
충북,청주시,의료,남자,75-79세,11 ,0 ,1 ,3 ,5 ,2 ,0 ,0 ,0 ,0 
충북,청주시,의료,남자,80-84세,7 ,0 ,0 ,1 ,3 ,3 ,0 ,0 ,0 ,0 
충북,청주시,의료,남자,85세이상,13 ,1 ,0 ,4 ,6 ,1 ,0 ,0 ,0 ,0 
충북,청주시,의료,여자,65세미만,4 ,0 ,1 ,0 ,2 ,0 ,0 ,0 ,0 ,0 
충북,청주시,의료,여자,65-69세,3 ,0 ,0 ,1 ,0 ,0 ,1 ,0 ,0 ,0 
충북,청주시,의료,여자,70-74세,10 ,0 ,0 ,4 ,4 ,0 ,0 ,1 ,0 ,0 
충북,청주시,의료,여자,75-79세,10 ,0 ,1 ,3 ,2 ,0 ,0 ,0 ,0 ,1 
충북,청주시,의료,여자,80-84세,26 ,0 ,3 ,6 ,9 ,3 ,0 ,1 ,1 ,0 
충북,청주시,의료,여자,85세이상,110 ,2 ,8 ,38 ,43 ,8 ,2 ,1 ,2 ,2 
충북,청주시,감경,남자,65세미만,166 ,23 ,16 ,51 ,46 ,11 ,4 ,2 ,3 ,0 
충북,청주시,감경,남자,65-69세,203 ,16 ,16 ,58 ,73 ,21 ,8 ,1 ,2 ,1 
충북,청주시,감경,남자,70-74세,274 ,14 ,24 ,69 ,116 ,25 ,10 ,2 ,2 ,0 
충북,청주시,감경,남자,75-79세,330 ,11 ,32 ,86 ,140 ,42 ,9 ,2 ,1 ,0 
충북,청주시,감경,남자,80-84세,467 ,13 ,31 ,103 ,195 ,92 ,18 ,1 ,0 ,2 
충북,청주시,감경,남자,85세이상,542 ,19 ,43 ,142 ,245 ,80 ,4 ,1 ,1 ,0 
충북,청주시,감경,여자,65세미만,135 ,17 ,19 ,25 ,46 ,9 ,2 ,1 ,2 ,0 
충북,청주시,감경,여자,65-69세,211 ,32 ,15 ,56 ,57 ,16 ,11 ,3 ,1 ,0 
충북,청주시,감경,여자,70-74세,375 ,25 ,45 ,85 ,131 ,48 ,18 ,5 ,1 ,0 
충북,청주시,감경,여자,75-79세,757 ,48 ,67 ,176 ,282 ,109 ,29 ,6 ,3 ,2 
충북,청주시,감경,여자,80-84세,1633 ,90 ,151 ,417 ,650 ,238 ,40 ,4 ,1 ,1 
충북,청주시,감경,여자,85세이상,2782 ,160 ,320 ,806 ,1142 ,271 ,44 ,1 ,3 ,0 
충북,충주시,일반,남자,65세미만,51 ,3 ,1 ,3 ,12 ,1 ,1 ,11 ,3 ,3 
충북,충주시,일반,남자,65-69세,95 ,5 ,3 ,10 ,19 ,5 ,1 ,10 ,8 ,2 
충북,충주시,일반,남자,70-74세,113 ,0 ,5 ,18 ,24 ,6 ,1 ,12 ,10 ,1 
충북,충주시,일반,남자,75-79세,159 ,1 ,8 ,23 ,48 ,17 ,3 ,7 ,4 ,3 
충북,충주시,일반,남자,80-84세,286 ,4 ,11 ,34 ,88 ,38 ,11 ,19 ,19 ,11 
충북,충주시,일반,남자,85세이상,319 ,6 ,19 ,60 ,100 ,42 ,6 ,19 ,14 ,1 
충북,충주시,일반,여자,65세미만,45 ,5 ,3 ,6 ,6 ,0 ,1 ,5 ,4 ,3 
충북,충주시,일반,여자,65-69세,101 ,1 ,2 ,10 ,17 ,5 ,0 ,10 ,7 ,6 
충북,충주시,일반,여자,70-74세,177 ,3 ,7 ,10 ,36 ,9 ,5 ,27 ,18 ,6 
충북,충주시,일반,여자,75-79세,379 ,5 ,18 ,39 ,84 ,37 ,24 ,31 ,18 ,13 
충북,충주시,일반,여자,80-84세,709 ,13 ,39 ,73 ,215 ,105 ,19 ,52 ,31 ,7 
충북,충주시,일반,여자,85세이상,898 ,23 ,62 ,178 ,309 ,118 ,20 ,47 ,32 ,1 
충북,충주시,기초,남자,65세미만,112 ,6 ,3 ,21 ,30 ,14 ,2 ,12 ,5 ,5 
충북,충주시,기초,남자,65-69세,92 ,2 ,1 ,15 ,34 ,4 ,4 ,8 ,4 ,3 
충북,충주시,기초,남자,70-74세,76 ,3 ,5 ,16 ,24 ,5 ,1 ,3 ,5 ,3 
충북,충주시,기초,남자,75-79세,48 ,2 ,0 ,8 ,14 ,8 ,4 ,3 ,3 ,2 
충북,충주시,기초,남자,80-84세,56 ,2 ,2 ,12 ,25 ,7 ,0 ,2 ,2 ,1 
충북,충주시,기초,남자,85세이상,44 ,1 ,3 ,6 ,17 ,8 ,3 ,0 ,1 ,0 
충북,충주시,기초,여자,65세미만,55 ,6 ,3 ,15 ,16 ,0 ,1 ,5 ,3 ,1 
충북,충주시,기초,여자,65-69세,70 ,2 ,3 ,11 ,22 ,10 ,3 ,7 ,4 ,0 
충북,충주시,기초,여자,70-74세,72 ,3 ,3 ,10 ,20 ,8 ,4 ,8 ,10 ,1 
충북,충주시,기초,여자,75-79세,109 ,2 ,9 ,14 ,35 ,19 ,5 ,6 ,5 ,0 
충북,충주시,기초,여자,80-84세,202 ,4 ,15 ,38 ,85 ,29 ,9 ,4 ,2 ,2 
충북,충주시,기초,여자,85세이상,242 ,11 ,21 ,61 ,90 ,31 ,7 ,4 ,7 ,0 
충북,충주시,의료,남자,65세미만,1 ,0 ,0 ,0 ,0 ,0 ,0 ,0 ,0 ,0 
충북,충주시,의료,남자,65-69세,1 ,0 ,0 ,0 ,0 ,0 ,0 ,0 ,0 ,0 
충북,충주시,의료,남자,70-74세,2 ,0 ,0 ,0 ,2 ,0 ,0 ,0 ,0 ,0 
충북,충주시,의료,남자,75-79세,2 ,0 ,0 ,1 ,0 ,1 ,0 ,0 ,0 ,0 
충북,충주시,의료,남자,80-84세,5 ,1 ,1 ,1 ,0 ,1 ,0 ,0 ,0 ,0 
충북,충주시,의료,남자,85세이상,6 ,0 ,1 ,0 ,3 ,0 ,1 ,0 ,0 ,0 
충북,충주시,의료,여자,65세미만,0 ,0 ,0 ,0 ,0 ,0 ,0 ,0 ,0 ,0 
충북,충주시,의료,여자,65-69세,1 ,0 ,0 ,0 ,0 ,0 ,0 ,0 ,0 ,0 
충북,충주시,의료,여자,70-74세,2 ,1 ,0 ,0 ,1 ,0 ,0 ,0 ,0 ,0 
충북,충주시,의료,여자,75-79세,3 ,0 ,0 ,0 ,1 ,0 ,0 ,1 ,1 ,0 
충북,충주시,의료,여자,80-84세,8 ,0 ,0 ,2 ,2 ,2 ,0 ,0 ,2 ,0 
충북,충주시,의료,여자,85세이상,47 ,1 ,3 ,11 ,20 ,4 ,0 ,2 ,0 ,0 
충북,충주시,감경,남자,65세미만,37 ,1 ,2 ,12 ,16 ,3 ,0 ,1 ,0 ,0 
충북,충주시,감경,남자,65-69세,52 ,2 ,4 ,15 ,21 ,4 ,2 ,1 ,0 ,0 
충북,충주시,감경,남자,70-74세,72 ,6 ,7 ,19 ,25 ,6 ,3 ,0 ,0 ,0 
충북,충주시,감경,남자,75-79세,84 ,2 ,13 ,19 ,35 ,9 ,2 ,0 ,0 ,1 
충북,충주시,감경,남자,80-84세,193 ,2 ,11 ,54 ,65 ,45 ,9 ,0 ,0 ,0 
충북,충주시,감경,남자,85세이상,233 ,1 ,13 ,47 ,108 ,54 ,7 ,0 ,0 ,0 
충북,충주시,감경,여자,65세미만,24 ,2 ,0 ,11 ,6 ,2 ,0 ,0 ,0 ,0 
충북,충주시,감경,여자,65-69세,65 ,9 ,8 ,9 ,24 ,7 ,2 ,1 ,0 ,0 
충북,충주시,감경,여자,70-74세,86 ,5 ,2 ,14 ,37 ,15 ,3 ,2 ,1 ,0 
충북,충주시,감경,여자,75-79세,256 ,11 ,19 ,43 ,110 ,45 ,11 ,2 ,2 ,1 
충북,충주시,감경,여자,80-84세,584 ,25 ,45 ,118 ,229 ,113 ,25 ,3 ,0 ,0 
충북,충주시,감경,여자,85세이상,996 ,36 ,117 ,267 ,419 ,120 ,18 ,2 ,1 ,0 
충북,제천시,일반,남자,65세미만,28 ,3 ,1 ,2 ,6 ,1 ,0 ,2 ,3 ,1 
충북,제천시,일반,남자,65-69세,61 ,3 ,3 ,13 ,11 ,2 ,0 ,11 ,3 ,0 
충북,제천시,일반,남자,70-74세,94 ,0 ,4 ,14 ,20 ,7 ,2 ,11 ,4 ,5 
충북,제천시,일반,남자,75-79세,139 ,4 ,4 ,25 ,35 ,7 ,2 ,12 ,7 ,8 
충북,제천시,일반,남자,80-84세,197 ,2 ,7 ,32 ,63 ,12 ,4 ,16 ,8 ,5 
충북,제천시,일반,남자,85세이상,204 ,4 ,17 ,41 ,58 ,11 ,2 ,16 ,11 ,5 
충북,제천시,일반,여자,65세미만,37 ,2 ,3 ,4 ,6 ,0 ,1 ,4 ,2 ,3 
충북,제천시,일반,여자,65-69세,86 ,0 ,3 ,17 ,19 ,3 ,0 ,4 ,5 ,3 
충북,제천시,일반,여자,70-74세,130 ,6 ,4 ,13 ,30 ,10 ,1 ,17 ,10 ,1 
충북,제천시,일반,여자,75-79세,262 ,4 ,10 ,41 ,72 ,16 ,6 ,27 ,22 ,7 
충북,제천시,일반,여자,80-84세,501 ,18 ,34 ,87 ,176 ,32 ,15 ,38 ,30 ,11 
충북,제천시,일반,여자,85세이상,513 ,12 ,59 ,125 ,193 ,26 ,3 ,22 ,7 ,5 
충북,제천시,기초,남자,65세미만,60 ,7 ,6 ,10 ,14 ,2 ,4 ,5 ,2 ,6 
충북,제천시,기초,남자,65-69세,69 ,1 ,4 ,1 ,23 ,3 ,1 ,8 ,9 ,6 
충북,제천시,기초,남자,70-74세,49 ,2 ,5 ,9 ,12 ,2 ,1 ,3 ,4 ,8 
충북,제천시,기초,남자,75-79세,52 ,0 ,4 ,9 ,17 ,5 ,4 ,3 ,1 ,5 
충북,제천시,기초,남자,80-84세,41 ,0 ,0 ,8 ,21 ,1 ,1 ,3 ,2 ,1 
충북,제천시,기초,남자,85세이상,22 ,0 ,1 ,5 ,11 ,1 ,1 ,0 ,1 ,0 
충북,제천시,기초,여자,65세미만,37 ,1 ,5 ,5 ,7 ,2 ,3 ,3 ,3 ,3 
충북,제천시,기초,여자,65-69세,77 ,2 ,3 ,6 ,28 ,4 ,1 ,1 ,2 ,9 
충북,제천시,기초,여자,70-74세,85 ,1 ,3 ,11 ,33 ,3 ,0 ,6 ,9 ,7 
충북,제천시,기초,여자,75-79세,100 ,4 ,4 ,19 ,35 ,3 ,3 ,8 ,5 ,6 
충북,제천시,기초,여자,80-84세,128 ,6 ,8 ,35 ,44 ,10 ,2 ,4 ,2 ,3 
충북,제천시,기초,여자,85세이상,170 ,9 ,23 ,50 ,67 ,8 ,0 ,3 ,2 ,3 
충북,제천시,의료,남자,65세미만,0 ,0 ,0 ,0 ,0 ,0 ,0 ,0 ,0 ,0 
충북,제천시,의료,남자,65-69세,1 ,0 ,0 ,0 ,0 ,0 ,0 ,0 ,0 ,0 
충북,제천시,의료,남자,70-74세,3 ,0 ,1 ,0 ,0 ,0 ,0 ,0 ,1 ,1 
충북,제천시,의료,남자,75-79세,7 ,1 ,1 ,0 ,2 ,1 ,1 ,0 ,0 ,0 
충북,제천시,의료,남자,80-84세,1 ,0 ,0 ,1 ,0 ,0 ,0 ,0 ,0 ,0 
충북,제천시,의료,남자,85세이상,6 ,0 ,1 ,1 ,3 ,1 ,0 ,0 ,0 ,0 
충북,제천시,의료,여자,65-69세,3 ,0 ,0 ,0 ,2 ,0 ,0 ,0 ,1 ,0 
충북,제천시,의료,여자,70-74세,2 ,0 ,0 ,1 ,0 ,0 ,0 ,0 ,1 ,0 
충북,제천시,의료,여자,75-79세,7 ,0 ,2 ,0 ,0 ,1 ,0 ,2 ,1 ,0 
충북,제천시,의료,여자,80-84세,12 ,0 ,0 ,6 ,3 ,1 ,0 ,0 ,0 ,0 
충북,제천시,의료,여자,85세이상,23 ,1 ,2 ,9 ,4 ,3 ,0 ,2 ,0 ,0 
충북,제천시,감경,남자,65세미만,35 ,4 ,3 ,12 ,10 ,2 ,0 ,1 ,0 ,1 
충북,제천시,감경,남자,65-69세,43 ,2 ,5 ,6 ,21 ,4 ,1 ,1 ,0 ,0 
충북,제천시,감경,남자,70-74세,62 ,2 ,12 ,18 ,23 ,4 ,1 ,0 ,0 ,0 
충북,제천시,감경,남자,75-79세,101 ,2 ,5 ,28 ,50 ,6 ,4 ,1 ,0 ,1 
충북,제천시,감경,남자,80-84세,136 ,5 ,21 ,28 ,55 ,20 ,4 ,1 ,0 ,0 
충북,제천시,감경,남자,85세이상,170 ,3 ,23 ,48 ,77 ,15 ,2 ,1 ,0 ,0 
충북,제천시,감경,여자,65세미만,22 ,0 ,1 ,10 ,5 ,1 ,2 ,0 ,0 ,1 
충북,제천시,감경,여자,65-69세,53 ,5 ,6 ,8 ,22 ,3 ,2 ,1 ,0 ,1 
충북,제천시,감경,여자,70-74세,106 ,6 ,10 ,31 ,34 ,10 ,3 ,3 ,0 ,2 
충북,제천시,감경,여자,75-79세,208 ,9 ,16 ,45 ,89 ,22 ,12 ,3 ,0 ,1 
충북,제천시,감경,여자,80-84세,478 ,15 ,57 ,132 ,209 ,39 ,11 ,2 ,1 ,0 
충북,제천시,감경,여자,85세이상,733 ,46 ,111 ,233 ,287 ,35 ,8 ,1 ,1 ,0 
충북,청원군,일반,남자,65세미만,1 ,0 ,0 ,0 ,0 ,0 ,0 ,0 ,0 ,0 
충북,청원군,일반,남자,65-69세,2 ,0 ,0 ,0 ,0 ,0 ,0 ,0 ,0 ,0 
충북,청원군,일반,남자,70-74세,1 ,0 ,0 ,0 ,0 ,0 ,0 ,0 ,0 ,0 
충북,청원군,일반,남자,75-79세,0 ,0 ,0 ,0 ,0 ,0 ,0 ,0 ,0 ,0 
충북,청원군,일반,남자,80-84세,0 ,0 ,0 ,0 ,0 ,0 ,0 ,0 ,0 ,0 
충북,청원군,일반,남자,85세이상,0 ,0 ,0 ,0 ,0 ,0 ,0 ,0 ,0 ,0 
충북,청원군,일반,여자,65세미만,0 ,0 ,0 ,0 ,0 ,0 ,0 ,0 ,0 ,0 
충북,청원군,일반,여자,65-69세,1 ,0 ,0 ,0 ,0 ,0 ,0 ,0 ,0 ,0 
충북,청원군,일반,여자,70-74세,1 ,0 ,0 ,0 ,0 ,0 ,0 ,0 ,0 ,0 
충북,청원군,일반,여자,75-79세,0 ,0 ,0 ,0 ,0 ,0 ,0 ,0 ,0 ,0 
충북,청원군,일반,여자,80-84세,0 ,0 ,0 ,0 ,0 ,0 ,0 ,0 ,0 ,0 
충북,청원군,일반,여자,85세이상,0 ,0 ,0 ,0 ,0 ,0 ,0 ,0 ,0 ,0 
충북,청원군,기초,남자,65세미만,0 ,0 ,0 ,0 ,0 ,0 ,0 ,0 ,0 ,0 
충북,청원군,기초,남자,65-69세,0 ,0 ,0 ,0 ,0 ,0 ,0 ,0 ,0 ,0 
충북,청원군,기초,남자,70-74세,0 ,0 ,0 ,0 ,0 ,0 ,0 ,0 ,0 ,0 
충북,청원군,기초,남자,75-79세,0 ,0 ,0 ,0 ,0 ,0 ,0 ,0 ,0 ,0 
충북,청원군,기초,남자,80-84세,0 ,0 ,0 ,0 ,0 ,0 ,0 ,0 ,0 ,0 
충북,청원군,기초,여자,65세미만,0 ,0 ,0 ,0 ,0 ,0 ,0 ,0 ,0 ,0 
충북,청원군,기초,여자,65-69세,0 ,0 ,0 ,0 ,0 ,0 ,0 ,0 ,0 ,0 
충북,청원군,기초,여자,70-74세,0 ,0 ,0 ,0 ,0 ,0 ,0 ,0 ,0 ,0 
충북,청원군,기초,여자,75-79세,0 ,0 ,0 ,0 ,0 ,0 ,0 ,0 ,0 ,0 
충북,청원군,기초,여자,80-84세,0 ,0 ,0 ,0 ,0 ,0 ,0 ,0 ,0 ,0 
충북,청원군,기초,여자,85세이상,0 ,0 ,0 ,0 ,0 ,0 ,0 ,0 ,0 ,0 
충북,청원군,의료,남자,65-69세,0 ,0 ,0 ,0 ,0 ,0 ,0 ,0 ,0 ,0 
충북,청원군,의료,여자,65세미만,0 ,0 ,0 ,0 ,0 ,0 ,0 ,0 ,0 ,0 
충북,청원군,의료,여자,75-79세,0 ,0 ,0 ,0 ,0 ,0 ,0 ,0 ,0 ,0 
충북,청원군,감경,남자,65세미만,0 ,0 ,0 ,0 ,0 ,0 ,0 ,0 ,0 ,0 
충북,청원군,감경,남자,65-69세,0 ,0 ,0 ,0 ,0 ,0 ,0 ,0 ,0 ,0 
충북,청원군,감경,남자,70-74세,0 ,0 ,0 ,0 ,0 ,0 ,0 ,0 ,0 ,0 
충북,청원군,감경,여자,65세미만,0 ,0 ,0 ,0 ,0 ,0 ,0 ,0 ,0 ,0 
충북,청원군,감경,여자,65-69세,0 ,0 ,0 ,0 ,0 ,0 ,0 ,0 ,0 ,0 
충북,청원군,감경,여자,70-74세,0 ,0 ,0 ,0 ,0 ,0 ,0 ,0 ,0 ,0 
충북,청원군,감경,여자,75-79세,0 ,0 ,0 ,0 ,0 ,0 ,0 ,0 ,0 ,0 
충북,청원군,감경,여자,80-84세,0 ,0 ,0 ,0 ,0 ,0 ,0 ,0 ,0 ,0 
충북,청원군,감경,여자,85세이상,0 ,0 ,0 ,0 ,0 ,0 ,0 ,0 ,0 ,0 
충북,보은군,일반,남자,65세미만,10 ,1 ,1 ,1 ,3 ,0 ,0 ,2 ,0 ,0 
충북,보은군,일반,남자,65-69세,30 ,0 ,0 ,3 ,10 ,3 ,0 ,6 ,1 ,0 
충북,보은군,일반,남자,70-74세,38 ,0 ,2 ,5 ,7 ,1 ,2 ,3 ,4 ,1 
충북,보은군,일반,남자,75-79세,60 ,0 ,2 ,7 ,27 ,5 ,1 ,5 ,3 ,2 
충북,보은군,일반,남자,80-84세,85 ,0 ,1 ,25 ,24 ,8 ,0 ,5 ,1 ,3 
충북,보은군,일반,남자,85세이상,108 ,2 ,6 ,17 ,39 ,13 ,3 ,9 ,4 ,1 
충북,보은군,일반,여자,65세미만,9 ,1 ,0 ,2 ,0 ,2 ,0 ,3 ,0 ,0 
충북,보은군,일반,여자,65-69세,33 ,0 ,0 ,5 ,4 ,2 ,0 ,3 ,2 ,1 
충북,보은군,일반,여자,70-74세,56 ,0 ,1 ,6 ,13 ,3 ,0 ,5 ,6 ,0 
충북,보은군,일반,여자,75-79세,109 ,0 ,4 ,17 ,28 ,7 ,1 ,7 ,7 ,3 
충북,보은군,일반,여자,80-84세,171 ,2 ,2 ,35 ,71 ,19 ,3 ,8 ,6 ,1 
충북,보은군,일반,여자,85세이상,238 ,3 ,13 ,71 ,91 ,15 ,1 ,9 ,8 ,0 
충북,보은군,기초,남자,65세미만,16 ,1 ,1 ,4 ,5 ,2 ,0 ,3 ,0 ,0 
충북,보은군,기초,남자,65-69세,23 ,1 ,2 ,1 ,10 ,0 ,0 ,2 ,4 ,2 
충북,보은군,기초,남자,70-74세,14 ,0 ,0 ,1 ,4 ,2 ,0 ,3 ,1 ,0 
충북,보은군,기초,남자,75-79세,13 ,0 ,0 ,3 ,4 ,0 ,1 ,4 ,0 ,0 
충북,보은군,기초,남자,80-84세,9 ,0 ,0 ,3 ,4 ,1 ,0 ,0 ,0 ,0 
충북,보은군,기초,남자,85세이상,9 ,0 ,1 ,3 ,3 ,1 ,0 ,0 ,0 ,0 
충북,보은군,기초,여자,65세미만,10 ,2 ,0 ,2 ,2 ,1 ,0 ,1 ,1 ,0 
충북,보은군,기초,여자,65-69세,28 ,1 ,1 ,1 ,12 ,3 ,0 ,2 ,1 ,1 
충북,보은군,기초,여자,70-74세,21 ,1 ,1 ,3 ,7 ,2 ,0 ,0 ,1 ,1 
충북,보은군,기초,여자,75-79세,36 ,2 ,1 ,7 ,17 ,2 ,0 ,1 ,3 ,0 
충북,보은군,기초,여자,80-84세,41 ,1 ,1 ,7 ,23 ,5 ,0 ,1 ,0 ,1 
충북,보은군,기초,여자,85세이상,65 ,1 ,5 ,13 ,37 ,4 ,1 ,0 ,0 ,0 
충북,보은군,의료,남자,85세이상,2 ,0 ,1 ,0 ,0 ,1 ,0 ,0 ,0 ,0 
충북,보은군,의료,여자,65-69세,0 ,0 ,0 ,0 ,0 ,0 ,0 ,0 ,0 ,0 
충북,보은군,의료,여자,70-74세,2 ,0 ,0 ,0 ,1 ,0 ,0 ,0 ,0 ,0 
충북,보은군,의료,여자,80-84세,2 ,0 ,0 ,1 ,0 ,1 ,0 ,0 ,0 ,0 
충북,보은군,의료,여자,85세이상,17 ,0 ,1 ,4 ,9 ,0 ,0 ,0 ,1 ,0 
충북,보은군,감경,남자,65세미만,8 ,0 ,2 ,4 ,1 ,0 ,0 ,0 ,0 ,0 
충북,보은군,감경,남자,65-69세,17 ,1 ,1 ,4 ,9 ,0 ,0 ,1 ,0 ,0 
충북,보은군,감경,남자,70-74세,28 ,3 ,1 ,3 ,16 ,4 ,0 ,0 ,0 ,0 
충북,보은군,감경,남자,75-79세,33 ,0 ,2 ,8 ,19 ,3 ,0 ,0 ,0 ,0 
충북,보은군,감경,남자,80-84세,50 ,0 ,3 ,17 ,21 ,7 ,0 ,0 ,0 ,0 
충북,보은군,감경,남자,85세이상,98 ,1 ,4 ,29 ,51 ,8 ,1 ,1 ,0 ,0 
충북,보은군,감경,여자,65세미만,4 ,0 ,0 ,3 ,1 ,0 ,0 ,0 ,0 ,0 
충북,보은군,감경,여자,65-69세,14 ,0 ,0 ,4 ,7 ,1 ,0 ,0 ,0 ,0 
충북,보은군,감경,여자,70-74세,36 ,2 ,2 ,7 ,21 ,1 ,1 ,0 ,0 ,0 
충북,보은군,감경,여자,75-79세,56 ,2 ,4 ,14 ,22 ,5 ,1 ,1 ,1 ,0 
충북,보은군,감경,여자,80-84세,199 ,0 ,8 ,55 ,101 ,24 ,3 ,0 ,0 ,0 
충북,보은군,감경,여자,85세이상,374 ,11 ,24 ,91 ,215 ,25 ,2 ,0 ,0 ,0 
충북,옥천군,일반,남자,65세미만,14 ,0 ,2 ,1 ,3 ,0 ,0 ,3 ,0 ,1 
충북,옥천군,일반,남자,65-69세,35 ,0 ,0 ,4 ,7 ,2 ,0 ,8 ,2 ,2 
충북,옥천군,일반,남자,70-74세,55 ,2 ,0 ,9 ,16 ,4 ,0 ,6 ,4 ,2 
충북,옥천군,일반,남자,75-79세,67 ,0 ,2 ,13 ,27 ,1 ,0 ,3 ,7 ,1 
충북,옥천군,일반,남자,80-84세,92 ,1 ,5 ,19 ,31 ,12 ,0 ,3 ,8 ,0 
충북,옥천군,일반,남자,85세이상,125 ,1 ,5 ,14 ,62 ,18 ,2 ,4 ,7 ,2 
충북,옥천군,일반,여자,65세미만,6 ,0 ,0 ,1 ,0 ,0 ,0 ,0 ,0 ,1 
충북,옥천군,일반,여자,65-69세,60 ,1 ,1 ,6 ,9 ,2 ,0 ,6 ,4 ,1 
충북,옥천군,일반,여자,70-74세,85 ,1 ,2 ,3 ,24 ,7 ,2 ,6 ,10 ,2 
충북,옥천군,일반,여자,75-79세,149 ,0 ,1 ,22 ,50 ,8 ,1 ,15 ,11 ,1 
충북,옥천군,일반,여자,80-84세,261 ,4 ,11 ,31 ,128 ,33 ,5 ,10 ,8 ,2 
충북,옥천군,일반,여자,85세이상,339 ,13 ,23 ,77 ,138 ,31 ,4 ,9 ,9 ,0 
충북,옥천군,기초,남자,65세미만,18 ,1 ,0 ,5 ,5 ,0 ,0 ,1 ,3 ,2 
충북,옥천군,기초,남자,65-69세,30 ,0 ,1 ,3 ,16 ,2 ,1 ,1 ,2 ,3 
충북,옥천군,기초,남자,70-74세,20 ,0 ,3 ,1 ,8 ,1 ,1 ,0 ,3 ,0 
충북,옥천군,기초,남자,75-79세,20 ,0 ,1 ,2 ,10 ,2 ,0 ,0 ,1 ,1 
충북,옥천군,기초,남자,80-84세,17 ,1 ,2 ,4 ,8 ,0 ,0 ,1 ,1 ,0 
충북,옥천군,기초,남자,85세이상,10 ,0 ,0 ,1 ,6 ,1 ,0 ,0 ,0 ,0 
충북,옥천군,기초,여자,65세미만,6 ,1 ,0 ,2 ,1 ,1 ,0 ,0 ,0 ,1 
충북,옥천군,기초,여자,65-69세,17 ,1 ,0 ,1 ,6 ,2 ,0 ,1 ,0 ,0 
충북,옥천군,기초,여자,70-74세,23 ,0 ,2 ,2 ,12 ,1 ,1 ,2 ,1 ,0 
충북,옥천군,기초,여자,75-79세,24 ,0 ,3 ,3 ,7 ,3 ,2 ,0 ,2 ,0 
충북,옥천군,기초,여자,80-84세,44 ,1 ,3 ,10 ,16 ,4 ,1 ,3 ,1 ,0 
충북,옥천군,기초,여자,85세이상,61 ,8 ,5 ,16 ,23 ,2 ,2 ,0 ,2 ,0 
충북,옥천군,의료,남자,65-69세,1 ,0 ,0 ,1 ,0 ,0 ,0 ,0 ,0 ,0 
충북,옥천군,의료,남자,70-74세,2 ,0 ,0 ,1 ,0 ,0 ,0 ,0 ,1 ,0 
충북,옥천군,의료,남자,75-79세,1 ,0 ,0 ,0 ,0 ,0 ,0 ,0 ,0 ,0 
충북,옥천군,의료,남자,80-84세,3 ,0 ,0 ,1 ,0 ,1 ,0 ,1 ,0 ,0 
충북,옥천군,의료,남자,85세이상,5 ,0 ,0 ,2 ,2 ,0 ,0 ,0 ,0 ,1 
충북,옥천군,의료,여자,65-69세,2 ,0 ,0 ,0 ,2 ,0 ,0 ,0 ,0 ,0 
충북,옥천군,의료,여자,70-74세,1 ,0 ,0 ,0 ,1 ,0 ,0 ,0 ,0 ,0 
충북,옥천군,의료,여자,75-79세,4 ,0 ,0 ,1 ,1 ,0 ,0 ,1 ,0 ,0 
충북,옥천군,의료,여자,80-84세,2 ,0 ,0 ,0 ,1 ,1 ,0 ,0 ,0 ,0 
충북,옥천군,의료,여자,85세이상,15 ,1 ,2 ,3 ,5 ,2 ,1 ,1 ,0 ,0 
충북,옥천군,감경,남자,65세미만,13 ,0 ,0 ,9 ,3 ,1 ,0 ,0 ,0 ,0 
충북,옥천군,감경,남자,65-69세,33 ,1 ,3 ,8 ,16 ,2 ,1 ,1 ,0 ,0 
충북,옥천군,감경,남자,70-74세,47 ,1 ,4 ,11 ,20 ,6 ,0 ,0 ,0 ,0 
충북,옥천군,감경,남자,75-79세,44 ,0 ,2 ,13 ,19 ,8 ,0 ,0 ,0 ,0 
충북,옥천군,감경,남자,80-84세,89 ,1 ,6 ,17 ,45 ,20 ,0 ,0 ,0 ,0 
충북,옥천군,감경,남자,85세이상,107 ,3 ,6 ,31 ,54 ,11 ,1 ,0 ,0 ,0 
충북,옥천군,감경,여자,65세미만,10 ,0 ,2 ,2 ,4 ,1 ,0 ,1 ,0 ,0 
충북,옥천군,감경,여자,65-69세,35 ,0 ,3 ,5 ,19 ,5 ,0 ,0 ,1 ,0 
충북,옥천군,감경,여자,70-74세,41 ,1 ,1 ,5 ,22 ,5 ,2 ,0 ,1 ,0 
충북,옥천군,감경,여자,75-79세,117 ,1 ,6 ,29 ,51 ,18 ,1 ,1 ,1 ,0 
충북,옥천군,감경,여자,80-84세,257 ,7 ,14 ,54 ,125 ,41 ,8 ,0 ,0 ,0 
충북,옥천군,감경,여자,85세이상,433 ,9 ,42 ,103 ,236 ,29 ,4 ,2 ,0 ,0 
충북,영동군,일반,남자,65세미만,18 ,0 ,0 ,1 ,3 ,0 ,0 ,5 ,2 ,2 
충북,영동군,일반,남자,65-69세,34 ,0 ,2 ,4 ,4 ,2 ,1 ,7 ,2 ,1 
충북,영동군,일반,남자,70-74세,39 ,0 ,2 ,4 ,10 ,2 ,0 ,4 ,1 ,3 
충북,영동군,일반,남자,75-79세,72 ,0 ,0 ,14 ,19 ,3 ,2 ,6 ,4 ,3 
충북,영동군,일반,남자,80-84세,133 ,1 ,4 ,16 ,44 ,16 ,4 ,7 ,11 ,1 
충북,영동군,일반,남자,85세이상,118 ,0 ,2 ,16 ,47 ,16 ,4 ,2 ,4 ,1 
충북,영동군,일반,여자,65세미만,9 ,0 ,1 ,1 ,0 ,1 ,0 ,2 ,0 ,0 
충북,영동군,일반,여자,65-69세,35 ,1 ,0 ,4 ,7 ,1 ,0 ,5 ,9 ,0 
충북,영동군,일반,여자,70-74세,86 ,1 ,3 ,13 ,13 ,5 ,2 ,12 ,10 ,2 
충북,영동군,일반,여자,75-79세,143 ,3 ,6 ,14 ,36 ,7 ,6 ,10 ,13 ,2 
충북,영동군,일반,여자,80-84세,284 ,5 ,4 ,38 ,106 ,37 ,8 ,10 ,7 ,4 
충북,영동군,일반,여자,85세이상,280 ,6 ,18 ,49 ,117 ,23 ,3 ,8 ,9 ,2 
충북,영동군,기초,남자,65세미만,31 ,2 ,1 ,12 ,7 ,1 ,1 ,2 ,2 ,1 
충북,영동군,기초,남자,65-69세,32 ,1 ,0 ,3 ,11 ,3 ,3 ,0 ,2 ,4 
충북,영동군,기초,남자,70-74세,20 ,0 ,1 ,3 ,8 ,5 ,0 ,0 ,0 ,1 
충북,영동군,기초,남자,75-79세,20 ,0 ,0 ,1 ,11 ,1 ,1 ,0 ,0 ,0 
충북,영동군,기초,남자,80-84세,19 ,0 ,1 ,3 ,8 ,3 ,0 ,1 ,1 ,1 
충북,영동군,기초,남자,85세이상,11 ,1 ,1 ,3 ,3 ,1 ,0 ,1 ,0 ,0 
충북,영동군,기초,여자,65세미만,24 ,6 ,3 ,0 ,4 ,1 ,0 ,6 ,2 ,0 
충북,영동군,기초,여자,65-69세,24 ,1 ,1 ,2 ,9 ,3 ,0 ,4 ,0 ,0 
충북,영동군,기초,여자,70-74세,26 ,1 ,1 ,5 ,10 ,1 ,1 ,2 ,1 ,2 
충북,영동군,기초,여자,75-79세,45 ,2 ,2 ,2 ,16 ,7 ,1 ,3 ,3 ,1 
충북,영동군,기초,여자,80-84세,58 ,3 ,2 ,10 ,24 ,5 ,0 ,0 ,2 ,0 
충북,영동군,기초,여자,85세이상,80 ,5 ,6 ,19 ,32 ,11 ,1 ,1 ,0 ,0 
충북,영동군,의료,남자,65-69세,1 ,0 ,0 ,0 ,0 ,0 ,0 ,1 ,0 ,0 
충북,영동군,의료,남자,70-74세,0 ,0 ,0 ,0 ,0 ,0 ,0 ,0 ,0 ,0 
충북,영동군,의료,남자,75-79세,1 ,0 ,0 ,1 ,0 ,0 ,0 ,0 ,0 ,0 
충북,영동군,의료,남자,80-84세,3 ,0 ,0 ,0 ,3 ,0 ,0 ,0 ,0 ,0 
충북,영동군,의료,남자,85세이상,2 ,0 ,0 ,0 ,1 ,0 ,0 ,0 ,0 ,0 
충북,영동군,의료,여자,65-69세,0 ,0 ,0 ,0 ,0 ,0 ,0 ,0 ,0 ,0 
충북,영동군,의료,여자,70-74세,4 ,0 ,0 ,0 ,2 ,0 ,1 ,0 ,0 ,0 
충북,영동군,의료,여자,75-79세,0 ,0 ,0 ,0 ,0 ,0 ,0 ,0 ,0 ,0 
충북,영동군,의료,여자,80-84세,2 ,0 ,0 ,1 ,0 ,0 ,0 ,0 ,0 ,0 
충북,영동군,의료,여자,85세이상,24 ,0 ,4 ,5 ,8 ,0 ,1 ,1 ,0 ,0 
충북,영동군,감경,남자,65세미만,15 ,3 ,0 ,3 ,7 ,0 ,0 ,1 ,0 ,0 
충북,영동군,감경,남자,65-69세,26 ,0 ,2 ,8 ,10 ,4 ,0 ,0 ,0 ,0 
충북,영동군,감경,남자,70-74세,38 ,3 ,2 ,8 ,14 ,6 ,2 ,0 ,0 ,0 
충북,영동군,감경,남자,75-79세,48 ,0 ,2 ,15 ,22 ,8 ,0 ,0 ,0 ,0 
충북,영동군,감경,남자,80-84세,103 ,0 ,9 ,21 ,50 ,13 ,5 ,0 ,1 ,0 
충북,영동군,감경,남자,85세이상,129 ,4 ,7 ,26 ,70 ,17 ,2 ,0 ,0 ,0 
충북,영동군,감경,여자,65세미만,13 ,2 ,1 ,4 ,4 ,1 ,0 ,0 ,0 ,0 
충북,영동군,감경,여자,65-69세,22 ,0 ,3 ,7 ,5 ,1 ,2 ,0 ,0 ,0 
충북,영동군,감경,여자,70-74세,52 ,1 ,4 ,10 ,22 ,10 ,1 ,0 ,1 ,0 
충북,영동군,감경,여자,75-79세,136 ,5 ,8 ,19 ,61 ,22 ,5 ,2 ,1 ,0 
충북,영동군,감경,여자,80-84세,344 ,9 ,15 ,86 ,165 ,50 ,8 ,0 ,0 ,0 
충북,영동군,감경,여자,85세이상,487 ,20 ,52 ,133 ,217 ,49 ,5 ,0 ,2 ,0 
충북,증평군,일반,남자,65세미만,5 ,1 ,0 ,3 ,1 ,0 ,0 ,0 ,0 ,0 
충북,증평군,일반,남자,65-69세,12 ,0 ,0 ,2 ,2 ,1 ,0 ,0 ,1 ,1 
충북,증평군,일반,남자,70-74세,18 ,1 ,1 ,3 ,0 ,1 ,0 ,2 ,1 ,2 
충북,증평군,일반,남자,75-79세,30 ,2 ,0 ,8 ,9 ,1 ,2 ,2 ,2 ,0 
충북,증평군,일반,남자,80-84세,43 ,3 ,7 ,9 ,12 ,4 ,0 ,2 ,1 ,0 
충북,증평군,일반,남자,85세이상,31 ,3 ,5 ,3 ,13 ,3 ,0 ,1 ,2 ,0 
충북,증평군,일반,여자,65세미만,5 ,2 ,0 ,1 ,1 ,0 ,0 ,0 ,0 ,0 
충북,증평군,일반,여자,65-69세,18 ,0 ,0 ,1 ,3 ,1 ,0 ,1 ,0 ,2 
충북,증평군,일반,여자,70-74세,24 ,1 ,2 ,5 ,3 ,1 ,2 ,1 ,1 ,0 
충북,증평군,일반,여자,75-79세,58 ,7 ,2 ,8 ,19 ,4 ,0 ,5 ,2 ,0 
충북,증평군,일반,여자,80-84세,100 ,5 ,8 ,20 ,37 ,12 ,3 ,3 ,1 ,1 
충북,증평군,일반,여자,85세이상,111 ,5 ,19 ,31 ,28 ,12 ,2 ,1 ,1 ,1 
충북,증평군,기초,남자,65세미만,15 ,0 ,4 ,3 ,5 ,1 ,0 ,0 ,0 ,1 
충북,증평군,기초,남자,65-69세,20 ,1 ,1 ,4 ,3 ,3 ,0 ,0 ,4 ,2 
충북,증평군,기초,남자,70-74세,10 ,0 ,1 ,3 ,3 ,2 ,1 ,0 ,0 ,0 
충북,증평군,기초,남자,75-79세,18 ,3 ,1 ,4 ,7 ,2 ,1 ,0 ,0 ,0 
충북,증평군,기초,남자,80-84세,13 ,0 ,0 ,4 ,4 ,2 ,0 ,0 ,0 ,0 
충북,증평군,기초,남자,85세이상,3 ,0 ,0 ,1 ,2 ,0 ,0 ,0 ,0 ,0 
충북,증평군,기초,여자,65세미만,7 ,1 ,1 ,2 ,0 ,2 ,0 ,0 ,0 ,0 
충북,증평군,기초,여자,65-69세,22 ,0 ,2 ,1 ,9 ,1 ,0 ,1 ,2 ,1 
충북,증평군,기초,여자,70-74세,21 ,1 ,2 ,4 ,10 ,0 ,0 ,0 ,2 ,0 
충북,증평군,기초,여자,75-79세,36 ,2 ,4 ,8 ,10 ,5 ,0 ,2 ,0 ,3 
충북,증평군,기초,여자,80-84세,34 ,0 ,3 ,9 ,11 ,4 ,1 ,0 ,3 ,0 
충북,증평군,기초,여자,85세이상,37 ,4 ,6 ,9 ,11 ,6 ,0 ,0 ,0 ,0 
충북,증평군,의료,남자,70-74세,1 ,0 ,0 ,0 ,0 ,1 ,0 ,0 ,0 ,0 
충북,증평군,의료,남자,75-79세,1 ,0 ,0 ,0 ,0 ,1 ,0 ,0 ,0 ,0 
충북,증평군,의료,남자,85세이상,2 ,0 ,0 ,0 ,1 ,0 ,0 ,1 ,0 ,0 
충북,증평군,의료,여자,65-69세,0 ,0 ,0 ,0 ,0 ,0 ,0 ,0 ,0 ,0 
충북,증평군,의료,여자,75-79세,3 ,0 ,0 ,1 ,0 ,0 ,0 ,2 ,0 ,0 
충북,증평군,의료,여자,80-84세,4 ,0 ,1 ,0 ,2 ,0 ,0 ,0 ,1 ,0 
충북,증평군,의료,여자,85세이상,3 ,1 ,0 ,1 ,1 ,0 ,0 ,0 ,0 ,0 
충북,증평군,감경,남자,65세미만,6 ,0 ,2 ,2 ,2 ,0 ,0 ,0 ,0 ,0 
충북,증평군,감경,남자,65-69세,15 ,1 ,2 ,2 ,7 ,3 ,0 ,0 ,0 ,0 
충북,증평군,감경,남자,70-74세,10 ,0 ,1 ,4 ,1 ,2 ,0 ,0 ,0 ,0 
충북,증평군,감경,남자,75-79세,25 ,1 ,7 ,2 ,12 ,1 ,1 ,1 ,0 ,0 
충북,증평군,감경,남자,80-84세,34 ,2 ,7 ,6 ,13 ,4 ,1 ,0 ,0 ,0 
충북,증평군,감경,남자,85세이상,34 ,4 ,3 ,9 ,15 ,2 ,0 ,0 ,0 ,0 
충북,증평군,감경,여자,65세미만,6 ,1 ,1 ,2 ,1 ,0 ,0 ,0 ,0 ,0 
충북,증평군,감경,여자,65-69세,9 ,1 ,3 ,1 ,4 ,0 ,0 ,0 ,0 ,0 
충북,증평군,감경,여자,70-74세,15 ,2 ,1 ,4 ,7 ,0 ,0 ,0 ,0 ,0 
충북,증평군,감경,여자,75-79세,49 ,4 ,3 ,13 ,19 ,7 ,2 ,0 ,0 ,0 
충북,증평군,감경,여자,80-84세,101 ,6 ,14 ,23 ,37 ,13 ,2 ,0 ,1 ,0 
충북,증평군,감경,여자,85세이상,193 ,18 ,29 ,48 ,83 ,14 ,0 ,0 ,0 ,0 
충북,진천군,일반,남자,65세미만,12 ,0 ,0 ,1 ,0 ,0 ,0 ,3 ,2 ,1 
충북,진천군,일반,남자,65-69세,24 ,1 ,1 ,1 ,4 ,1 ,4 ,5 ,3 ,3 
충북,진천군,일반,남자,70-74세,38 ,1 ,1 ,7 ,5 ,3 ,1 ,2 ,4 ,5 
충북,진천군,일반,남자,75-79세,60 ,0 ,4 ,8 ,8 ,8 ,2 ,8 ,3 ,3 
충북,진천군,일반,남자,80-84세,95 ,0 ,3 ,12 ,27 ,10 ,6 ,4 ,10 ,4 
충북,진천군,일반,남자,85세이상,98 ,0 ,2 ,9 ,31 ,22 ,7 ,3 ,4 ,4 
충북,진천군,일반,여자,65세미만,13 ,1 ,0 ,5 ,1 ,0 ,2 ,3 ,0 ,0 
충북,진천군,일반,여자,65-69세,42 ,3 ,5 ,2 ,5 ,1 ,0 ,6 ,6 ,3 
충북,진천군,일반,여자,70-74세,60 ,3 ,0 ,3 ,9 ,7 ,4 ,3 ,9 ,9 
충북,진천군,일반,여자,75-79세,132 ,1 ,10 ,16 ,23 ,13 ,8 ,11 ,12 ,7 
충북,진천군,일반,여자,80-84세,253 ,7 ,5 ,27 ,54 ,42 ,17 ,20 ,19 ,10 
충북,진천군,일반,여자,85세이상,361 ,9 ,17 ,50 ,124 ,65 ,19 ,15 ,15 ,8 
충북,진천군,기초,남자,65세미만,17 ,0 ,1 ,2 ,6 ,1 ,0 ,4 ,1 ,0 
충북,진천군,기초,남자,65-69세,18 ,1 ,0 ,4 ,6 ,2 ,0 ,2 ,2 ,1 
충북,진천군,기초,남자,70-74세,17 ,0 ,1 ,3 ,2 ,1 ,3 ,0 ,2 ,2 
충북,진천군,기초,남자,75-79세,14 ,0 ,1 ,1 ,3 ,3 ,2 ,0 ,2 ,0 
충북,진천군,기초,남자,80-84세,18 ,0 ,0 ,4 ,6 ,3 ,0 ,3 ,0 ,1 
충북,진천군,기초,남자,85세이상,10 ,0 ,0 ,2 ,4 ,3 ,0 ,0 ,1 ,0 
충북,진천군,기초,여자,65세미만,9 ,0 ,0 ,2 ,2 ,2 ,1 ,1 ,1 ,0 
충북,진천군,기초,여자,65-69세,21 ,1 ,3 ,3 ,4 ,1 ,0 ,0 ,1 ,2 
충북,진천군,기초,여자,70-74세,10 ,0 ,0 ,2 ,3 ,2 ,0 ,0 ,3 ,0 
충북,진천군,기초,여자,75-79세,28 ,0 ,4 ,4 ,3 ,2 ,1 ,3 ,4 ,3 
충북,진천군,기초,여자,80-84세,60 ,2 ,8 ,7 ,16 ,12 ,3 ,4 ,3 ,2 
충북,진천군,기초,여자,85세이상,57 ,1 ,3 ,12 ,17 ,13 ,1 ,2 ,3 ,1 
충북,진천군,의료,남자,65-69세,0 ,0 ,0 ,0 ,0 ,0 ,0 ,0 ,0 ,0 
충북,진천군,의료,남자,70-74세,1 ,0 ,0 ,0 ,1 ,0 ,0 ,0 ,0 ,0 
충북,진천군,의료,남자,80-84세,2 ,0 ,0 ,1 ,1 ,0 ,0 ,0 ,0 ,0 
충북,진천군,의료,남자,85세이상,2 ,0 ,0 ,0 ,1 ,0 ,0 ,0 ,1 ,0 
충북,진천군,의료,여자,65세미만,0 ,0 ,0 ,0 ,0 ,0 ,0 ,0 ,0 ,0 
충북,진천군,의료,여자,70-74세,0 ,0 ,0 ,0 ,0 ,0 ,0 ,0 ,0 ,0 
충북,진천군,의료,여자,75-79세,1 ,0 ,0 ,1 ,0 ,0 ,0 ,0 ,0 ,0 
충북,진천군,의료,여자,80-84세,1 ,0 ,1 ,0 ,0 ,0 ,0 ,0 ,0 ,0 
충북,진천군,의료,여자,85세이상,13 ,0 ,1 ,2 ,7 ,2 ,0 ,0 ,0 ,0 
충북,진천군,감경,남자,65세미만,10 ,0 ,2 ,2 ,3 ,2 ,0 ,0 ,0 ,0 
충북,진천군,감경,남자,65-69세,20 ,2 ,0 ,4 ,9 ,2 ,0 ,0 ,0 ,0 
충북,진천군,감경,남자,70-74세,26 ,1 ,2 ,5 ,10 ,5 ,0 ,2 ,0 ,0 
충북,진천군,감경,남자,75-79세,32 ,1 ,1 ,5 ,16 ,6 ,1 ,1 ,0 ,0 
충북,진천군,감경,남자,80-84세,44 ,0 ,2 ,11 ,16 ,10 ,2 ,0 ,0 ,1 
충북,진천군,감경,남자,85세이상,61 ,0 ,4 ,10 ,23 ,20 ,4 ,0 ,0 ,0 
충북,진천군,감경,여자,65세미만,10 ,2 ,1 ,5 ,1 ,0 ,0 ,0 ,0 ,0 
충북,진천군,감경,여자,65-69세,21 ,2 ,3 ,2 ,5 ,4 ,2 ,1 ,0 ,0 
충북,진천군,감경,여자,70-74세,26 ,1 ,3 ,6 ,7 ,6 ,1 ,0 ,0 ,0 
충북,진천군,감경,여자,75-79세,53 ,2 ,4 ,12 ,15 ,14 ,3 ,0 ,1 ,0 
충북,진천군,감경,여자,80-84세,148 ,9 ,11 ,20 ,55 ,32 ,10 ,3 ,1 ,0 
충북,진천군,감경,여자,85세이상,333 ,17 ,21 ,75 ,124 ,70 ,13 ,3 ,1 ,3 
충북,괴산군,일반,남자,65세미만,11 ,1 ,0 ,1 ,1 ,1 ,0 ,1 ,0 ,1 
충북,괴산군,일반,남자,65-69세,33 ,0 ,2 ,1 ,4 ,3 ,1 ,8 ,1 ,1 
충북,괴산군,일반,남자,70-74세,35 ,1 ,4 ,6 ,6 ,1 ,1 ,3 ,4 ,1 
충북,괴산군,일반,남자,75-79세,38 ,0 ,3 ,7 ,11 ,4 ,2 ,3 ,0 ,0 
충북,괴산군,일반,남자,80-84세,81 ,1 ,1 ,12 ,23 ,13 ,1 ,6 ,7 ,3 
충북,괴산군,일반,남자,85세이상,93 ,4 ,5 ,13 ,38 ,10 ,3 ,3 ,5 ,1 
충북,괴산군,일반,여자,65세미만,8 ,1 ,1 ,1 ,3 ,0 ,0 ,1 ,0 ,0 
충북,괴산군,일반,여자,65-69세,30 ,1 ,2 ,3 ,5 ,1 ,0 ,4 ,2 ,0 
충북,괴산군,일반,여자,70-74세,56 ,2 ,0 ,7 ,10 ,4 ,1 ,9 ,5 ,1 
충북,괴산군,일반,여자,75-79세,102 ,1 ,2 ,13 ,20 ,11 ,2 ,11 ,10 ,3 
충북,괴산군,일반,여자,80-84세,212 ,2 ,8 ,27 ,75 ,17 ,7 ,21 ,11 ,3 
충북,괴산군,일반,여자,85세이상,260 ,7 ,15 ,69 ,95 ,15 ,2 ,16 ,6 ,2 
충북,괴산군,기초,남자,65세미만,18 ,1 ,2 ,6 ,4 ,1 ,1 ,2 ,1 ,0 
충북,괴산군,기초,남자,65-69세,14 ,1 ,0 ,1 ,7 ,0 ,2 ,1 ,1 ,1 
충북,괴산군,기초,남자,70-74세,12 ,0 ,0 ,3 ,1 ,3 ,0 ,1 ,0 ,0 
충북,괴산군,기초,남자,75-79세,15 ,1 ,0 ,2 ,7 ,1 ,0 ,1 ,0 ,1 
충북,괴산군,기초,남자,80-84세,17 ,0 ,0 ,4 ,7 ,0 ,0 ,2 ,0 ,0 
충북,괴산군,기초,남자,85세이상,14 ,0 ,1 ,4 ,4 ,4 ,0 ,0 ,1 ,0 
충북,괴산군,기초,여자,65세미만,13 ,2 ,1 ,2 ,1 ,0 ,1 ,1 ,2 ,1 
충북,괴산군,기초,여자,65-69세,14 ,1 ,1 ,3 ,3 ,1 ,0 ,0 ,1 ,1 
충북,괴산군,기초,여자,70-74세,19 ,0 ,0 ,2 ,7 ,3 ,1 ,2 ,1 ,0 
충북,괴산군,기초,여자,75-79세,28 ,0 ,1 ,9 ,9 ,2 ,0 ,2 ,1 ,1 
충북,괴산군,기초,여자,80-84세,39 ,1 ,4 ,9 ,16 ,1 ,0 ,2 ,1 ,0 
충북,괴산군,기초,여자,85세이상,48 ,2 ,5 ,16 ,17 ,5 ,1 ,0 ,0 ,0 
충북,괴산군,의료,남자,65세미만,1 ,0 ,0 ,1 ,0 ,0 ,0 ,0 ,0 ,0 
충북,괴산군,의료,남자,85세이상,2 ,0 ,0 ,0 ,2 ,0 ,0 ,0 ,0 ,0 
충북,괴산군,의료,여자,65세미만,1 ,0 ,0 ,0 ,0 ,0 ,0 ,1 ,0 ,0 
충북,괴산군,의료,여자,65-69세,1 ,0 ,0 ,0 ,1 ,0 ,0 ,0 ,0 ,0 
충북,괴산군,의료,여자,70-74세,2 ,0 ,0 ,1 ,0 ,0 ,0 ,0 ,0 ,0 
충북,괴산군,의료,여자,75-79세,2 ,0 ,1 ,1 ,0 ,0 ,0 ,0 ,0 ,0 
충북,괴산군,의료,여자,80-84세,4 ,0 ,0 ,1 ,2 ,0 ,0 ,0 ,1 ,0 
충북,괴산군,의료,여자,85세이상,11 ,0 ,2 ,5 ,3 ,0 ,0 ,0 ,0 ,0 
충북,괴산군,감경,남자,65세미만,6 ,0 ,0 ,2 ,2 ,1 ,0 ,0 ,0 ,0 
충북,괴산군,감경,남자,65-69세,12 ,2 ,0 ,3 ,4 ,2 ,0 ,0 ,0 ,0 
충북,괴산군,감경,남자,70-74세,24 ,0 ,1 ,10 ,12 ,1 ,0 ,0 ,0 ,0 
충북,괴산군,감경,남자,75-79세,29 ,1 ,2 ,8 ,11 ,5 ,1 ,0 ,0 ,0 
충북,괴산군,감경,남자,80-84세,52 ,1 ,1 ,11 ,26 ,9 ,1 ,0 ,0 ,0 
충북,괴산군,감경,남자,85세이상,69 ,1 ,4 ,22 ,31 ,9 ,2 ,0 ,0 ,0 
충북,괴산군,감경,여자,65세미만,7 ,1 ,0 ,1 ,4 ,0 ,1 ,0 ,0 ,0 
충북,괴산군,감경,여자,65-69세,13 ,0 ,2 ,2 ,4 ,0 ,1 ,1 ,0 ,0 
충북,괴산군,감경,여자,70-74세,23 ,0 ,4 ,3 ,9 ,5 ,0 ,0 ,0 ,0 
충북,괴산군,감경,여자,75-79세,52 ,1 ,4 ,19 ,19 ,5 ,1 ,0 ,0 ,0 
충북,괴산군,감경,여자,80-84세,171 ,4 ,13 ,39 ,81 ,22 ,2 ,2 ,1 ,1 
충북,괴산군,감경,여자,85세이상,293 ,10 ,24 ,97 ,122 ,32 ,4 ,0 ,0 ,0 
충북,음성군,일반,남자,65세미만,18 ,1 ,0 ,4 ,3 ,0 ,0 ,2 ,0 ,2 
충북,음성군,일반,남자,65-69세,41 ,1 ,1 ,7 ,9 ,0 ,2 ,5 ,1 ,2 
충북,음성군,일반,남자,70-74세,41 ,2 ,3 ,4 ,13 ,1 ,0 ,3 ,3 ,1 
충북,음성군,일반,남자,75-79세,61 ,0 ,1 ,12 ,14 ,5 ,2 ,6 ,3 ,1 
충북,음성군,일반,남자,80-84세,133 ,1 ,2 ,18 ,43 ,19 ,5 ,8 ,9 ,4 
충북,음성군,일반,남자,85세이상,152 ,3 ,8 ,25 ,45 ,22 ,4 ,6 ,5 ,4 
충북,음성군,일반,여자,65세미만,18 ,3 ,0 ,4 ,3 ,0 ,0 ,1 ,1 ,0 
충북,음성군,일반,여자,65-69세,36 ,2 ,1 ,2 ,5 ,0 ,0 ,4 ,5 ,1 
충북,음성군,일반,여자,70-74세,66 ,1 ,4 ,9 ,11 ,2 ,0 ,9 ,6 ,1 
충북,음성군,일반,여자,75-79세,157 ,5 ,5 ,11 ,33 ,16 ,6 ,18 ,11 ,4 
충북,음성군,일반,여자,80-84세,277 ,5 ,12 ,46 ,78 ,26 ,6 ,26 ,12 ,4 
충북,음성군,일반,여자,85세이상,396 ,13 ,22 ,87 ,144 ,43 ,7 ,23 ,7 ,2 
충북,음성군,기초,남자,65세미만,61 ,8 ,4 ,10 ,10 ,2 ,0 ,6 ,0 ,0 
충북,음성군,기초,남자,65-69세,71 ,9 ,11 ,9 ,10 ,4 ,1 ,9 ,2 ,2 
충북,음성군,기초,남자,70-74세,54 ,8 ,5 ,12 ,13 ,1 ,2 ,4 ,3 ,1 
충북,음성군,기초,남자,75-79세,46 ,8 ,3 ,9 ,5 ,2 ,1 ,2 ,3 ,3 
충북,음성군,기초,남자,80-84세,37 ,6 ,6 ,9 ,6 ,4 ,1 ,0 ,1 ,0 
충북,음성군,기초,남자,85세이상,20 ,2 ,0 ,3 ,5 ,0 ,2 ,0 ,2 ,0 
충북,음성군,기초,여자,65세미만,32 ,7 ,1 ,9 ,3 ,2 ,0 ,4 ,0 ,0 
충북,음성군,기초,여자,65-69세,44 ,7 ,3 ,10 ,3 ,1 ,2 ,3 ,1 ,3 
충북,음성군,기초,여자,70-74세,49 ,7 ,9 ,4 ,10 ,1 ,0 ,3 ,1 ,3 
충북,음성군,기초,여자,75-79세,65 ,7 ,8 ,16 ,12 ,3 ,1 ,4 ,2 ,1 
충북,음성군,기초,여자,80-84세,90 ,15 ,5 ,19 ,23 ,7 ,5 ,3 ,5 ,0 
충북,음성군,기초,여자,85세이상,119 ,12 ,15 ,26 ,44 ,10 ,1 ,0 ,2 ,1 
충북,음성군,의료,남자,70-74세,1 ,0 ,0 ,0 ,1 ,0 ,0 ,0 ,0 ,0 
충북,음성군,의료,남자,75-79세,3 ,0 ,0 ,2 ,1 ,0 ,0 ,0 ,0 ,0 
충북,음성군,의료,남자,80-84세,1 ,0 ,0 ,0 ,1 ,0 ,0 ,0 ,0 ,0 
충북,음성군,의료,남자,85세이상,0 ,0 ,0 ,0 ,0 ,0 ,0 ,0 ,0 ,0 
충북,음성군,의료,여자,65-69세,0 ,0 ,0 ,0 ,0 ,0 ,0 ,0 ,0 ,0 
충북,음성군,의료,여자,70-74세,2 ,0 ,0 ,0 ,0 ,0 ,0 ,0 ,1 ,1 
충북,음성군,의료,여자,75-79세,3 ,0 ,0 ,1 ,2 ,0 ,0 ,0 ,0 ,0 
충북,음성군,의료,여자,80-84세,6 ,3 ,0 ,0 ,3 ,0 ,0 ,0 ,0 ,0 
충북,음성군,의료,여자,85세이상,8 ,0 ,2 ,3 ,1 ,1 ,1 ,0 ,0 ,0 
충북,음성군,감경,남자,65세미만,12 ,1 ,0 ,5 ,3 ,0 ,0 ,0 ,0 ,0 
충북,음성군,감경,남자,65-69세,31 ,0 ,2 ,7 ,13 ,3 ,1 ,0 ,0 ,1 
충북,음성군,감경,남자,70-74세,32 ,2 ,3 ,6 ,9 ,3 ,1 ,2 ,0 ,0 
충북,음성군,감경,남자,75-79세,40 ,2 ,4 ,8 ,17 ,6 ,1 ,0 ,0 ,0 
충북,음성군,감경,남자,80-84세,78 ,3 ,3 ,22 ,32 ,12 ,5 ,0 ,0 ,1 
충북,음성군,감경,남자,85세이상,88 ,1 ,4 ,22 ,32 ,21 ,5 ,0 ,0 ,0 
충북,음성군,감경,여자,65세미만,14 ,0 ,2 ,5 ,6 ,0 ,0 ,0 ,0 ,0 
충북,음성군,감경,여자,65-69세,23 ,1 ,0 ,9 ,8 ,3 ,0 ,1 ,1 ,0 
충북,음성군,감경,여자,70-74세,43 ,3 ,4 ,13 ,15 ,4 ,0 ,1 ,1 ,0 
충북,음성군,감경,여자,75-79세,99 ,2 ,9 ,27 ,36 ,15 ,4 ,1 ,0 ,0 
충북,음성군,감경,여자,80-84세,240 ,5 ,16 ,51 ,103 ,45 ,10 ,1 ,0 ,1 
충북,음성군,감경,여자,85세이상,396 ,10 ,48 ,132 ,145 ,48 ,5 ,1 ,0 ,0 
충북,단양군,일반,남자,65세미만,4 ,0 ,0 ,0 ,1 ,0 ,0 ,1 ,0 ,2 
충북,단양군,일반,남자,65-69세,16 ,1 ,2 ,3 ,1 ,0 ,0 ,1 ,1 ,2 
충북,단양군,일반,남자,70-74세,19 ,2 ,2 ,2 ,2 ,1 ,0 ,3 ,1 ,0 
충북,단양군,일반,남자,75-79세,37 ,1 ,0 ,5 ,7 ,3 ,1 ,4 ,5 ,1 
충북,단양군,일반,남자,80-84세,59 ,0 ,4 ,7 ,15 ,5 ,3 ,7 ,5 ,1 
충북,단양군,일반,남자,85세이상,51 ,0 ,1 ,11 ,22 ,2 ,1 ,5 ,4 ,0 
충북,단양군,일반,여자,65세미만,5 ,1 ,0 ,1 ,0 ,0 ,0 ,1 ,0 ,1 
충북,단양군,일반,여자,65-69세,20 ,1 ,0 ,2 ,4 ,0 ,0 ,1 ,1 ,3 
충북,단양군,일반,여자,70-74세,38 ,0 ,3 ,1 ,7 ,2 ,1 ,4 ,8 ,0 
충북,단양군,일반,여자,75-79세,79 ,0 ,2 ,6 ,15 ,1 ,3 ,10 ,4 ,2 
충북,단양군,일반,여자,80-84세,126 ,1 ,8 ,19 ,33 ,8 ,1 ,15 ,7 ,4 
충북,단양군,일반,여자,85세이상,120 ,0 ,12 ,23 ,51 ,7 ,1 ,10 ,4 ,1 
충북,단양군,기초,남자,65세미만,16 ,0 ,0 ,5 ,4 ,1 ,0 ,3 ,1 ,1 
충북,단양군,기초,남자,65-69세,19 ,1 ,1 ,2 ,3 ,2 ,0 ,2 ,3 ,1 
충북,단양군,기초,남자,70-74세,10 ,0 ,0 ,1 ,4 ,2 ,0 ,1 ,1 ,1 
충북,단양군,기초,남자,75-79세,11 ,0 ,1 ,2 ,3 ,0 ,0 ,2 ,0 ,0 
충북,단양군,기초,남자,80-84세,10 ,1 ,0 ,2 ,4 ,1 ,0 ,1 ,0 ,0 
충북,단양군,기초,남자,85세이상,6 ,0 ,1 ,0 ,2 ,1 ,0 ,1 ,0 ,0 
충북,단양군,기초,여자,65세미만,6 ,0 ,0 ,1 ,2 ,0 ,0 ,0 ,1 ,2 
충북,단양군,기초,여자,65-69세,12 ,1 ,1 ,0 ,1 ,0 ,0 ,5 ,1 ,1 
충북,단양군,기초,여자,70-74세,14 ,0 ,1 ,0 ,5 ,0 ,0 ,2 ,3 ,0 
충북,단양군,기초,여자,75-79세,26 ,0 ,1 ,4 ,13 ,2 ,1 ,1 ,2 ,0 
충북,단양군,기초,여자,80-84세,30 ,1 ,3 ,3 ,12 ,2 ,0 ,2 ,1 ,0 
충북,단양군,기초,여자,85세이상,51 ,0 ,5 ,13 ,24 ,3 ,2 ,2 ,0 ,0 
충북,단양군,의료,남자,75-79세,0 ,0 ,0 ,0 ,0 ,0 ,0 ,0 ,0 ,0 
충북,단양군,의료,남자,80-84세,0 ,0 ,0 ,0 ,0 ,0 ,0 ,0 ,0 ,0 
충북,단양군,의료,남자,85세이상,1 ,0 ,0 ,1 ,0 ,0 ,0 ,0 ,0 ,0 
충북,단양군,의료,여자,80-84세,3 ,0 ,0 ,0 ,1 ,2 ,0 ,0 ,0 ,0 
충북,단양군,의료,여자,85세이상,2 ,0 ,1 ,0 ,0 ,1 ,0 ,0 ,0 ,0 
충북,단양군,감경,남자,65세미만,8 ,0 ,2 ,1 ,3 ,1 ,0 ,0 ,0 ,0 
충북,단양군,감경,남자,65-69세,12 ,0 ,0 ,2 ,6 ,1 ,0 ,0 ,0 ,1 
충북,단양군,감경,남자,70-74세,8 ,0 ,2 ,0 ,4 ,1 ,1 ,0 ,0 ,0 
충북,단양군,감경,남자,75-79세,14 ,0 ,1 ,4 ,8 ,1 ,0 ,0 ,0 ,0 
충북,단양군,감경,남자,80-84세,25 ,1 ,4 ,4 ,8 ,4 ,1 ,0 ,0 ,0 
충북,단양군,감경,남자,85세이상,30 ,1 ,2 ,8 ,16 ,1 ,2 ,0 ,0 ,0 
충북,단양군,감경,여자,65세미만,5 ,0 ,1 ,1 ,3 ,0 ,0 ,0 ,0 ,0 
충북,단양군,감경,여자,65-69세,10 ,0 ,0 ,2 ,5 ,0 ,1 ,0 ,0 ,0 
충북,단양군,감경,여자,70-74세,15 ,1 ,1 ,4 ,4 ,0 ,2 ,0 ,0 ,0 
충북,단양군,감경,여자,75-79세,47 ,0 ,3 ,9 ,26 ,4 ,2 ,0 ,0 ,0 
충북,단양군,감경,여자,80-84세,118 ,4 ,1 ,30 ,60 ,9 ,6 ,0 ,1 ,0 
충북,단양군,감경,여자,85세이상,190 ,8 ,18 ,62 ,87 ,6 ,2 ,0 ,0 ,0 
충남,천안시,일반,남자,65세미만,103 ,5 ,6 ,11 ,19 ,5 ,1 ,14 ,11 ,3 
충남,천안시,일반,남자,65-69세,196 ,11 ,11 ,31 ,37 ,8 ,0 ,28 ,11 ,5 
충남,천안시,일반,남자,70-74세,248 ,10 ,22 ,41 ,61 ,11 ,5 ,16 ,11 ,8 
충남,천안시,일반,남자,75-79세,365 ,17 ,24 ,47 ,90 ,43 ,16 ,24 ,6 ,13 
충남,천안시,일반,남자,80-84세,519 ,18 ,29 ,86 ,124 ,68 ,18 ,32 ,26 ,17 
충남,천안시,일반,남자,85세이상,582 ,21 ,34 ,111 ,209 ,66 ,16 ,30 ,18 ,5 
충남,천안시,일반,여자,65세미만,111 ,7 ,5 ,19 ,17 ,5 ,0 ,16 ,7 ,6 
충남,천안시,일반,여자,65-69세,229 ,11 ,12 ,30 ,34 ,13 ,4 ,28 ,17 ,5 
충남,천안시,일반,여자,70-74세,440 ,26 ,20 ,52 ,85 ,21 ,13 ,52 ,23 ,10 
충남,천안시,일반,여자,75-79세,745 ,31 ,32 ,105 ,146 ,75 ,33 ,85 ,38 ,20 
충남,천안시,일반,여자,80-84세,1347 ,58 ,116 ,209 ,409 ,157 ,39 ,85 ,47 ,20 
충남,천안시,일반,여자,85세이상,1835 ,115 ,160 ,455 ,583 ,166 ,27 ,66 ,32 ,8 
충남,천안시,기초,남자,65세미만,162 ,13 ,13 ,33 ,32 ,14 ,7 ,10 ,9 ,7 
충남,천안시,기초,남자,65-69세,158 ,11 ,7 ,19 ,42 ,14 ,3 ,12 ,13 ,9 
충남,천안시,기초,남자,70-74세,112 ,5 ,8 ,16 ,38 ,8 ,4 ,5 ,6 ,5 
충남,천안시,기초,남자,75-79세,99 ,7 ,12 ,14 ,28 ,11 ,3 ,6 ,6 ,4 
충남,천안시,기초,남자,80-84세,80 ,6 ,3 ,9 ,34 ,8 ,3 ,4 ,3 ,3 
충남,천안시,기초,남자,85세이상,55 ,1 ,5 ,9 ,20 ,8 ,1 ,0 ,3 ,2 
충남,천안시,기초,여자,65세미만,85 ,6 ,6 ,17 ,30 ,5 ,2 ,6 ,9 ,0 
충남,천안시,기초,여자,65-69세,125 ,9 ,11 ,10 ,36 ,6 ,6 ,10 ,7 ,6 
충남,천안시,기초,여자,70-74세,150 ,8 ,11 ,21 ,38 ,13 ,4 ,9 ,7 ,6 
충남,천안시,기초,여자,75-79세,212 ,12 ,13 ,29 ,70 ,31 ,5 ,10 ,10 ,5 
충남,천안시,기초,여자,80-84세,271 ,17 ,19 ,66 ,82 ,25 ,14 ,9 ,11 ,3 
충남,천안시,기초,여자,85세이상,386 ,25 ,42 ,99 ,138 ,39 ,2 ,11 ,4 ,1 
충남,천안시,의료,남자,65세미만,1 ,0 ,0 ,0 ,0 ,0 ,0 ,0 ,1 ,0 
충남,천안시,의료,남자,65-69세,1 ,0 ,0 ,0 ,0 ,0 ,0 ,0 ,1 ,0 
충남,천안시,의료,남자,70-74세,6 ,0 ,0 ,2 ,1 ,1 ,1 ,0 ,0 ,1 
충남,천안시,의료,남자,75-79세,9 ,1 ,1 ,0 ,4 ,1 ,0 ,0 ,1 ,0 
충남,천안시,의료,남자,80-84세,2 ,0 ,0 ,0 ,1 ,0 ,0 ,0 ,0 ,0 
충남,천안시,의료,남자,85세이상,11 ,0 ,0 ,4 ,5 ,0 ,1 ,0 ,0 ,0 
충남,천안시,의료,여자,65세미만,1 ,0 ,0 ,0 ,0 ,0 ,0 ,0 ,0 ,0 
충남,천안시,의료,여자,65-69세,3 ,0 ,0 ,0 ,0 ,0 ,0 ,2 ,0 ,0 
충남,천안시,의료,여자,70-74세,4 ,1 ,0 ,0 ,1 ,0 ,0 ,0 ,0 ,0 
충남,천안시,의료,여자,75-79세,7 ,0 ,0 ,1 ,3 ,0 ,0 ,0 ,2 ,0 
충남,천안시,의료,여자,80-84세,8 ,1 ,1 ,2 ,1 ,0 ,1 ,1 ,0 ,0 
충남,천안시,의료,여자,85세이상,46 ,2 ,7 ,11 ,17 ,2 ,1 ,0 ,0 ,0 
충남,천안시,감경,남자,65세미만,86 ,11 ,13 ,22 ,26 ,1 ,2 ,0 ,0 ,0 
충남,천안시,감경,남자,65-69세,101 ,3 ,9 ,30 ,36 ,13 ,3 ,2 ,0 ,0 
충남,천안시,감경,남자,70-74세,177 ,9 ,22 ,50 ,71 ,12 ,6 ,1 ,0 ,0 
충남,천안시,감경,남자,75-79세,194 ,10 ,16 ,50 ,69 ,31 ,8 ,1 ,0 ,0 
충남,천안시,감경,남자,80-84세,267 ,10 ,24 ,66 ,108 ,42 ,8 ,0 ,0 ,0 
충남,천안시,감경,남자,85세이상,329 ,6 ,31 ,80 ,145 ,52 ,7 ,1 ,0 ,0 
충남,천안시,감경,여자,65세미만,75 ,13 ,10 ,19 ,19 ,5 ,3 ,1 ,0 ,1 
충남,천안시,감경,여자,65-69세,102 ,7 ,12 ,23 ,29 ,12 ,5 ,1 ,0 ,2 
충남,천안시,감경,여자,70-74세,227 ,22 ,19 ,50 ,74 ,21 ,14 ,1 ,0 ,2 
충남,천안시,감경,여자,75-79세,451 ,35 ,37 ,96 ,163 ,52 ,21 ,3 ,3 ,1 
충남,천안시,감경,여자,80-84세,933 ,51 ,90 ,212 ,363 ,145 ,35 ,4 ,3 ,3 
충남,천안시,감경,여자,85세이상,1586 ,113 ,214 ,454 ,619 ,131 ,20 ,5 ,0 ,0 
충남,공주시,일반,남자,65세미만,29 ,2 ,4 ,3 ,4 ,0 ,0 ,7 ,1 ,2 
충남,공주시,일반,남자,65-69세,67 ,1 ,4 ,9 ,7 ,3 ,3 ,11 ,8 ,6 
충남,공주시,일반,남자,70-74세,101 ,3 ,3 ,20 ,24 ,2 ,3 ,9 ,9 ,1 
충남,공주시,일반,남자,75-79세,130 ,1 ,6 ,20 ,34 ,11 ,4 ,10 ,6 ,8 
충남,공주시,일반,남자,80-84세,233 ,5 ,11 ,39 ,70 ,33 ,3 ,9 ,11 ,7 
충남,공주시,일반,남자,85세이상,290 ,4 ,12 ,56 ,121 ,35 ,4 ,5 ,5 ,7 
충남,공주시,일반,여자,65세미만,24 ,1 ,1 ,4 ,2 ,0 ,0 ,3 ,2 ,3 
충남,공주시,일반,여자,65-69세,84 ,4 ,3 ,6 ,13 ,5 ,1 ,10 ,10 ,2 
충남,공주시,일반,여자,70-74세,159 ,3 ,3 ,12 ,31 ,4 ,2 ,19 ,18 ,7 
충남,공주시,일반,여자,75-79세,303 ,6 ,14 ,28 ,90 ,25 ,5 ,21 ,25 ,4 
충남,공주시,일반,여자,80-84세,559 ,9 ,27 ,76 ,208 ,71 ,11 ,38 ,19 ,11 
충남,공주시,일반,여자,85세이상,753 ,33 ,55 ,181 ,304 ,65 ,5 ,22 ,12 ,1 
충남,공주시,기초,남자,65세미만,45 ,0 ,4 ,7 ,13 ,2 ,3 ,4 ,2 ,1 
충남,공주시,기초,남자,65-69세,86 ,1 ,3 ,11 ,18 ,7 ,1 ,13 ,8 ,8 
충남,공주시,기초,남자,70-74세,53 ,1 ,1 ,6 ,18 ,7 ,2 ,4 ,3 ,3 
충남,공주시,기초,남자,75-79세,37 ,0 ,2 ,5 ,12 ,3 ,1 ,1 ,4 ,5 
충남,공주시,기초,남자,80-84세,30 ,1 ,1 ,6 ,11 ,5 ,0 ,2 ,2 ,0 
충남,공주시,기초,남자,85세이상,25 ,1 ,3 ,6 ,11 ,2 ,0 ,0 ,1 ,0 
충남,공주시,기초,여자,65세미만,34 ,3 ,3 ,6 ,10 ,1 ,0 ,0 ,3 ,1 
충남,공주시,기초,여자,65-69세,64 ,0 ,1 ,7 ,16 ,10 ,1 ,7 ,7 ,3 
충남,공주시,기초,여자,70-74세,66 ,1 ,5 ,15 ,18 ,11 ,1 ,3 ,3 ,0 
충남,공주시,기초,여자,75-79세,92 ,2 ,9 ,11 ,31 ,15 ,2 ,6 ,6 ,3 
충남,공주시,기초,여자,80-84세,112 ,0 ,5 ,16 ,35 ,22 ,4 ,7 ,4 ,2 
충남,공주시,기초,여자,85세이상,165 ,6 ,28 ,37 ,68 ,12 ,2 ,4 ,1 ,1 
충남,공주시,의료,남자,65세미만,0 ,0 ,0 ,0 ,0 ,0 ,0 ,0 ,0 ,0 
충남,공주시,의료,남자,65-69세,1 ,0 ,0 ,0 ,0 ,0 ,0 ,0 ,0 ,0 
충남,공주시,의료,남자,70-74세,0 ,0 ,0 ,0 ,0 ,0 ,0 ,0 ,0 ,0 
충남,공주시,의료,남자,75-79세,2 ,0 ,0 ,1 ,0 ,1 ,0 ,0 ,0 ,0 
충남,공주시,의료,남자,80-84세,2 ,0 ,0 ,1 ,0 ,0 ,0 ,0 ,0 ,0 
충남,공주시,의료,남자,85세이상,5 ,0 ,2 ,0 ,3 ,0 ,0 ,0 ,0 ,0 
충남,공주시,의료,여자,65-69세,1 ,0 ,0 ,0 ,0 ,0 ,0 ,1 ,0 ,0 
충남,공주시,의료,여자,70-74세,2 ,0 ,0 ,2 ,0 ,0 ,0 ,0 ,0 ,0 
충남,공주시,의료,여자,75-79세,1 ,0 ,0 ,0 ,0 ,0 ,0 ,0 ,1 ,0 
충남,공주시,의료,여자,80-84세,7 ,0 ,0 ,2 ,2 ,0 ,0 ,0 ,1 ,0 
충남,공주시,의료,여자,85세이상,18 ,0 ,1 ,6 ,8 ,1 ,0 ,0 ,0 ,0 
충남,공주시,감경,남자,65세미만,19 ,1 ,0 ,7 ,4 ,2 ,1 ,1 ,0 ,0 
충남,공주시,감경,남자,65-69세,51 ,0 ,2 ,18 ,18 ,2 ,3 ,1 ,0 ,0 
충남,공주시,감경,남자,70-74세,58 ,3 ,4 ,15 ,25 ,7 ,2 ,0 ,0 ,1 
충남,공주시,감경,남자,75-79세,76 ,4 ,5 ,20 ,41 ,4 ,0 ,0 ,0 ,0 
충남,공주시,감경,남자,80-84세,124 ,3 ,5 ,27 ,58 ,19 ,3 ,1 ,0 ,0 
충남,공주시,감경,남자,85세이상,194 ,3 ,19 ,59 ,89 ,18 ,1 ,0 ,0 ,1 
충남,공주시,감경,여자,65세미만,11 ,2 ,0 ,2 ,4 ,1 ,0 ,0 ,0 ,0 
충남,공주시,감경,여자,65-69세,47 ,3 ,5 ,13 ,18 ,0 ,1 ,1 ,0 ,0 
충남,공주시,감경,여자,70-74세,78 ,4 ,4 ,12 ,39 ,10 ,2 ,0 ,0 ,0 
충남,공주시,감경,여자,75-79세,161 ,8 ,10 ,42 ,66 ,18 ,6 ,0 ,3 ,0 
충남,공주시,감경,여자,80-84세,437 ,15 ,31 ,114 ,190 ,60 ,4 ,0 ,0 ,1 
충남,공주시,감경,여자,85세이상,770 ,24 ,77 ,208 ,343 ,73 ,7 ,1 ,0 ,0 
충남,보령시,일반,남자,65세미만,23 ,0 ,0 ,4 ,2 ,0 ,0 ,8 ,1 ,2 
충남,보령시,일반,남자,65-69세,67 ,1 ,1 ,5 ,20 ,1 ,1 ,15 ,7 ,2 
충남,보령시,일반,남자,70-74세,91 ,0 ,3 ,14 ,18 ,8 ,1 ,18 ,10 ,2 
충남,보령시,일반,남자,75-79세,137 ,2 ,0 ,18 ,43 ,10 ,2 ,28 ,9 ,5 
충남,보령시,일반,남자,80-84세,195 ,3 ,3 ,21 ,63 ,24 ,4 ,25 ,18 ,11 
충남,보령시,일반,남자,85세이상,227 ,1 ,10 ,26 ,94 ,23 ,3 ,18 ,17 ,0 
충남,보령시,일반,여자,65세미만,17 ,1 ,1 ,0 ,3 ,2 ,0 ,7 ,1 ,0 
충남,보령시,일반,여자,65-69세,70 ,1 ,0 ,3 ,12 ,4 ,1 ,17 ,9 ,2 
충남,보령시,일반,여자,70-74세,162 ,0 ,4 ,14 ,33 ,11 ,2 ,30 ,16 ,8 
충남,보령시,일반,여자,75-79세,240 ,3 ,6 ,21 ,67 ,21 ,6 ,36 ,18 ,10 
충남,보령시,일반,여자,80-84세,453 ,3 ,12 ,50 ,170 ,42 ,4 ,62 ,28 ,8 
충남,보령시,일반,여자,85세이상,574 ,5 ,21 ,110 ,265 ,49 ,9 ,44 ,11 ,1 
충남,보령시,기초,남자,65세미만,26 ,1 ,0 ,4 ,5 ,1 ,0 ,2 ,4 ,2 
충남,보령시,기초,남자,65-69세,50 ,1 ,1 ,8 ,9 ,1 ,1 ,8 ,5 ,3 
충남,보령시,기초,남자,70-74세,39 ,0 ,0 ,4 ,16 ,7 ,1 ,2 ,2 ,3 
충남,보령시,기초,남자,75-79세,32 ,0 ,0 ,4 ,12 ,3 ,0 ,3 ,3 ,1 
충남,보령시,기초,남자,80-84세,28 ,0 ,4 ,4 ,13 ,3 ,1 ,1 ,0 ,0 
충남,보령시,기초,남자,85세이상,27 ,0 ,0 ,3 ,12 ,3 ,1 ,4 ,1 ,1 
충남,보령시,기초,여자,65세미만,11 ,0 ,0 ,2 ,2 ,0 ,0 ,4 ,0 ,0 
충남,보령시,기초,여자,65-69세,64 ,0 ,0 ,3 ,24 ,5 ,0 ,12 ,5 ,1 
충남,보령시,기초,여자,70-74세,47 ,0 ,1 ,4 ,11 ,10 ,2 ,4 ,3 ,2 
충남,보령시,기초,여자,75-79세,69 ,1 ,1 ,7 ,25 ,4 ,1 ,14 ,5 ,2 
충남,보령시,기초,여자,80-84세,102 ,0 ,4 ,23 ,48 ,7 ,2 ,7 ,3 ,1 
충남,보령시,기초,여자,85세이상,123 ,1 ,5 ,26 ,64 ,10 ,1 ,5 ,4 ,0 
충남,보령시,의료,남자,65세미만,1 ,0 ,0 ,1 ,0 ,0 ,0 ,0 ,0 ,0 
충남,보령시,의료,남자,65-69세,0 ,0 ,0 ,0 ,0 ,0 ,0 ,0 ,0 ,0 
충남,보령시,의료,남자,70-74세,1 ,0 ,0 ,0 ,1 ,0 ,0 ,0 ,0 ,0 
충남,보령시,의료,남자,75-79세,1 ,0 ,0 ,0 ,0 ,0 ,0 ,0 ,0 ,1 
충남,보령시,의료,남자,80-84세,2 ,0 ,0 ,0 ,2 ,0 ,0 ,0 ,0 ,0 
충남,보령시,의료,남자,85세이상,4 ,0 ,0 ,0 ,3 ,0 ,0 ,1 ,0 ,0 
충남,보령시,의료,여자,65-69세,1 ,0 ,0 ,0 ,1 ,0 ,0 ,0 ,0 ,0 
충남,보령시,의료,여자,70-74세,1 ,0 ,0 ,1 ,0 ,0 ,0 ,0 ,0 ,0 
충남,보령시,의료,여자,75-79세,2 ,0 ,0 ,0 ,1 ,0 ,0 ,0 ,1 ,0 
충남,보령시,의료,여자,80-84세,5 ,0 ,0 ,0 ,2 ,0 ,0 ,0 ,2 ,0 
충남,보령시,의료,여자,85세이상,16 ,0 ,1 ,5 ,7 ,2 ,0 ,0 ,0 ,0 
충남,보령시,감경,남자,65세미만,12 ,1 ,0 ,4 ,4 ,0 ,0 ,0 ,0 ,0 
충남,보령시,감경,남자,65-69세,29 ,1 ,1 ,8 ,14 ,4 ,0 ,0 ,1 ,0 
충남,보령시,감경,남자,70-74세,56 ,0 ,3 ,12 ,22 ,8 ,0 ,2 ,2 ,0 
충남,보령시,감경,남자,75-79세,70 ,1 ,4 ,14 ,37 ,8 ,4 ,1 ,0 ,0 
충남,보령시,감경,남자,80-84세,93 ,1 ,7 ,17 ,54 ,10 ,2 ,0 ,1 ,1 
충남,보령시,감경,남자,85세이상,156 ,0 ,7 ,36 ,85 ,22 ,1 ,0 ,0 ,0 
충남,보령시,감경,여자,65세미만,17 ,1 ,0 ,2 ,6 ,3 ,2 ,0 ,0 ,1 
충남,보령시,감경,여자,65-69세,29 ,0 ,4 ,4 ,12 ,4 ,2 ,0 ,1 ,0 
충남,보령시,감경,여자,70-74세,76 ,3 ,1 ,13 ,36 ,9 ,4 ,0 ,1 ,0 
충남,보령시,감경,여자,75-79세,167 ,3 ,5 ,32 ,79 ,22 ,7 ,1 ,2 ,0 
충남,보령시,감경,여자,80-84세,320 ,8 ,12 ,63 ,155 ,49 ,7 ,2 ,0 ,1 
충남,보령시,감경,여자,85세이상,622 ,12 ,35 ,160 ,322 ,70 ,7 ,3 ,2 ,0 
충남,아산시,일반,남자,65세미만,47 ,5 ,1 ,2 ,9 ,1 ,0 ,6 ,5 ,5 
충남,아산시,일반,남자,65-69세,118 ,6 ,3 ,16 ,31 ,7 ,4 ,12 ,7 ,7 
충남,아산시,일반,남자,70-74세,110 ,5 ,3 ,22 ,19 ,11 ,2 ,9 ,3 ,4 
충남,아산시,일반,남자,75-79세,219 ,2 ,11 ,41 ,51 ,21 ,7 ,15 ,12 ,9 
충남,아산시,일반,남자,80-84세,286 ,8 ,11 ,48 ,74 ,43 ,16 ,12 ,11 ,4 
충남,아산시,일반,남자,85세이상,346 ,1 ,17 ,64 ,97 ,68 ,13 ,11 ,14 ,5 
충남,아산시,일반,여자,65세미만,51 ,2 ,4 ,5 ,2 ,3 ,1 ,7 ,6 ,3 
충남,아산시,일반,여자,65-69세,132 ,6 ,2 ,19 ,26 ,5 ,4 ,15 ,7 ,9 
충남,아산시,일반,여자,70-74세,240 ,7 ,11 ,33 ,53 ,12 ,9 ,26 ,16 ,3 
충남,아산시,일반,여자,75-79세,430 ,8 ,17 ,61 ,88 ,38 ,17 ,49 ,18 ,11 
충남,아산시,일반,여자,80-84세,804 ,27 ,43 ,141 ,216 ,87 ,45 ,54 ,30 ,18 
충남,아산시,일반,여자,85세이상,954 ,38 ,73 ,208 ,322 ,105 ,27 ,33 ,16 ,6 
충남,아산시,기초,남자,65세미만,93 ,7 ,6 ,17 ,26 ,5 ,4 ,5 ,3 ,5 
충남,아산시,기초,남자,65-69세,87 ,1 ,5 ,12 ,22 ,7 ,8 ,4 ,5 ,4 
충남,아산시,기초,남자,70-74세,64 ,0 ,4 ,9 ,19 ,10 ,5 ,4 ,3 ,1 
충남,아산시,기초,남자,75-79세,55 ,0 ,1 ,7 ,9 ,13 ,4 ,3 ,5 ,4 
충남,아산시,기초,남자,80-84세,59 ,0 ,4 ,10 ,24 ,12 ,1 ,2 ,0 ,0 
충남,아산시,기초,남자,85세이상,37 ,1 ,3 ,6 ,14 ,8 ,1 ,2 ,0 ,0 
충남,아산시,기초,여자,65세미만,42 ,2 ,5 ,8 ,6 ,5 ,3 ,5 ,3 ,1 
충남,아산시,기초,여자,65-69세,81 ,5 ,1 ,9 ,21 ,6 ,4 ,11 ,7 ,3 
충남,아산시,기초,여자,70-74세,107 ,3 ,5 ,19 ,29 ,12 ,5 ,7 ,5 ,2 
충남,아산시,기초,여자,75-79세,136 ,3 ,5 ,25 ,37 ,13 ,4 ,12 ,3 ,5 
충남,아산시,기초,여자,80-84세,192 ,9 ,11 ,37 ,64 ,25 ,8 ,4 ,8 ,4 
충남,아산시,기초,여자,85세이상,231 ,15 ,23 ,49 ,81 ,25 ,6 ,8 ,2 ,2 
충남,아산시,의료,남자,70-74세,1 ,0 ,0 ,0 ,0 ,0 ,1 ,0 ,0 ,0 
충남,아산시,의료,남자,75-79세,4 ,0 ,1 ,0 ,0 ,1 ,0 ,0 ,0 ,0 
충남,아산시,의료,남자,80-84세,2 ,0 ,0 ,0 ,1 ,0 ,0 ,0 ,0 ,1 
충남,아산시,의료,남자,85세이상,8 ,0 ,3 ,0 ,2 ,1 ,1 ,0 ,0 ,0 
충남,아산시,의료,여자,65-69세,2 ,0 ,0 ,1 ,1 ,0 ,0 ,0 ,0 ,0 
충남,아산시,의료,여자,70-74세,3 ,0 ,0 ,0 ,1 ,0 ,1 ,1 ,0 ,0 
충남,아산시,의료,여자,75-79세,2 ,0 ,0 ,0 ,1 ,0 ,0 ,0 ,1 ,0 
충남,아산시,의료,여자,80-84세,12 ,0 ,1 ,2 ,3 ,2 ,1 ,0 ,0 ,0 
충남,아산시,의료,여자,85세이상,22 ,1 ,3 ,4 ,7 ,3 ,2 ,1 ,0 ,0 
충남,아산시,감경,남자,65세미만,36 ,1 ,2 ,14 ,11 ,3 ,0 ,0 ,0 ,0 
충남,아산시,감경,남자,65-69세,68 ,3 ,1 ,26 ,29 ,5 ,1 ,0 ,0 ,0 
충남,아산시,감경,남자,70-74세,81 ,4 ,6 ,15 ,30 ,15 ,6 ,0 ,1 ,0 
충남,아산시,감경,남자,75-79세,110 ,3 ,11 ,23 ,42 ,17 ,8 ,0 ,1 ,0 
충남,아산시,감경,남자,80-84세,153 ,6 ,12 ,40 ,49 ,25 ,14 ,2 ,1 ,0 
충남,아산시,감경,남자,85세이상,191 ,5 ,18 ,47 ,71 ,36 ,8 ,0 ,1 ,0 
충남,아산시,감경,여자,65세미만,28 ,4 ,3 ,5 ,9 ,1 ,3 ,0 ,0 ,0 
충남,아산시,감경,여자,65-69세,70 ,3 ,7 ,12 ,27 ,9 ,4 ,0 ,0 ,0 
충남,아산시,감경,여자,70-74세,131 ,9 ,9 ,31 ,54 ,11 ,10 ,1 ,0 ,1 
충남,아산시,감경,여자,75-79세,234 ,10 ,17 ,66 ,73 ,45 ,9 ,1 ,1 ,1 
충남,아산시,감경,여자,80-84세,492 ,26 ,43 ,108 ,184 ,83 ,27 ,1 ,0 ,2 
충남,아산시,감경,여자,85세이상,907 ,40 ,97 ,259 ,359 ,114 ,17 ,1 ,1 ,0 
충남,서산시,일반,남자,65세미만,38 ,3 ,2 ,7 ,7 ,2 ,2 ,5 ,1 ,0 
충남,서산시,일반,남자,65-69세,95 ,3 ,4 ,19 ,23 ,1 ,1 ,17 ,7 ,2 
충남,서산시,일반,남자,70-74세,174 ,5 ,5 ,34 ,70 ,5 ,4 ,20 ,7 ,5 
충남,서산시,일반,남자,75-79세,219 ,2 ,9 ,32 ,87 ,16 ,4 ,19 ,14 ,4 
충남,서산시,일반,남자,80-84세,328 ,6 ,20 ,65 ,124 ,27 ,8 ,17 ,15 ,7 
충남,서산시,일반,남자,85세이상,359 ,3 ,22 ,70 ,173 ,28 ,5 ,18 ,6 ,5 
충남,서산시,일반,여자,65세미만,39 ,2 ,3 ,9 ,8 ,1 ,0 ,9 ,0 ,0 
충남,서산시,일반,여자,65-69세,113 ,4 ,1 ,12 ,17 ,6 ,2 ,21 ,10 ,0 
충남,서산시,일반,여자,70-74세,187 ,1 ,3 ,25 ,48 ,5 ,4 ,22 ,18 ,10 
충남,서산시,일반,여자,75-79세,379 ,5 ,14 ,48 ,148 ,10 ,11 ,44 ,20 ,7 
충남,서산시,일반,여자,80-84세,718 ,15 ,38 ,118 ,289 ,57 ,16 ,45 ,26 ,6 
충남,서산시,일반,여자,85세이상,1043 ,29 ,78 ,276 ,477 ,61 ,3 ,23 ,19 ,6 
충남,서산시,기초,남자,65세미만,52 ,1 ,8 ,7 ,20 ,5 ,0 ,4 ,1 ,0 
충남,서산시,기초,남자,65-69세,71 ,3 ,2 ,12 ,30 ,15 ,1 ,1 ,4 ,0 
충남,서산시,기초,남자,70-74세,48 ,1 ,0 ,9 ,17 ,3 ,4 ,4 ,3 ,2 
충남,서산시,기초,남자,75-79세,37 ,2 ,4 ,5 ,14 ,3 ,1 ,2 ,2 ,1 
충남,서산시,기초,남자,80-84세,41 ,1 ,1 ,3 ,21 ,3 ,1 ,2 ,4 ,2 
충남,서산시,기초,남자,85세이상,27 ,1 ,2 ,9 ,11 ,1 ,0 ,0 ,2 ,0 
충남,서산시,기초,여자,65세미만,21 ,2 ,3 ,5 ,6 ,1 ,1 ,3 ,0 ,0 
충남,서산시,기초,여자,65-69세,45 ,2 ,3 ,9 ,18 ,5 ,1 ,2 ,3 ,0 
충남,서산시,기초,여자,70-74세,57 ,1 ,4 ,7 ,26 ,2 ,0 ,5 ,2 ,1 
충남,서산시,기초,여자,75-79세,86 ,1 ,10 ,17 ,37 ,5 ,0 ,6 ,1 ,2 
충남,서산시,기초,여자,80-84세,96 ,4 ,5 ,12 ,57 ,9 ,2 ,2 ,0 ,1 
충남,서산시,기초,여자,85세이상,168 ,8 ,15 ,56 ,75 ,5 ,0 ,1 ,2 ,0 
충남,서산시,의료,남자,65세미만,1 ,0 ,0 ,0 ,0 ,1 ,0 ,0 ,0 ,0 
충남,서산시,의료,남자,65-69세,0 ,0 ,0 ,0 ,0 ,0 ,0 ,0 ,0 ,0 
충남,서산시,의료,남자,70-74세,1 ,0 ,0 ,1 ,0 ,0 ,0 ,0 ,0 ,0 
충남,서산시,의료,남자,75-79세,1 ,0 ,0 ,0 ,1 ,0 ,0 ,0 ,0 ,0 
충남,서산시,의료,남자,80-84세,1 ,0 ,0 ,0 ,0 ,0 ,0 ,0 ,0 ,0 
충남,서산시,의료,남자,85세이상,3 ,0 ,0 ,1 ,2 ,0 ,0 ,0 ,0 ,0 
충남,서산시,의료,여자,65세미만,0 ,0 ,0 ,0 ,0 ,0 ,0 ,0 ,0 ,0 
충남,서산시,의료,여자,65-69세,1 ,0 ,0 ,1 ,0 ,0 ,0 ,0 ,0 ,0 
충남,서산시,의료,여자,70-74세,1 ,0 ,0 ,0 ,1 ,0 ,0 ,0 ,0 ,0 
충남,서산시,의료,여자,75-79세,2 ,0 ,0 ,0 ,0 ,0 ,0 ,0 ,0 ,1 
충남,서산시,의료,여자,80-84세,4 ,0 ,1 ,0 ,3 ,0 ,0 ,0 ,0 ,0 
충남,서산시,의료,여자,85세이상,16 ,0 ,2 ,3 ,8 ,1 ,0 ,0 ,0 ,0 
충남,서산시,감경,남자,65세미만,26 ,2 ,0 ,7 ,14 ,1 ,0 ,0 ,0 ,0 
충남,서산시,감경,남자,65-69세,41 ,3 ,5 ,10 ,20 ,2 ,1 ,0 ,0 ,0 
충남,서산시,감경,남자,70-74세,95 ,1 ,7 ,32 ,47 ,3 ,2 ,0 ,1 ,0 
충남,서산시,감경,남자,75-79세,133 ,3 ,9 ,37 ,67 ,11 ,2 ,0 ,0 ,0 
충남,서산시,감경,남자,80-84세,126 ,3 ,12 ,29 ,63 ,15 ,1 ,0 ,0 ,0 
충남,서산시,감경,남자,85세이상,217 ,3 ,10 ,65 ,116 ,13 ,7 ,0 ,0 ,0 
충남,서산시,감경,여자,65세미만,22 ,4 ,0 ,4 ,8 ,3 ,1 ,0 ,0 ,0 
충남,서산시,감경,여자,65-69세,50 ,2 ,4 ,14 ,19 ,4 ,3 ,0 ,0 ,0 
충남,서산시,감경,여자,70-74세,98 ,7 ,2 ,16 ,48 ,8 ,2 ,2 ,0 ,0 
충남,서산시,감경,여자,75-79세,217 ,5 ,15 ,57 ,100 ,21 ,1 ,1 ,1 ,0 
충남,서산시,감경,여자,80-84세,490 ,11 ,44 ,107 ,263 ,37 ,5 ,2 ,0 ,0 
충남,서산시,감경,여자,85세이상,919 ,26 ,90 ,315 ,439 ,26 ,7 ,2 ,0 ,0 
충남,논산시,일반,남자,65세미만,21 ,1 ,0 ,1 ,3 ,1 ,0 ,3 ,0 ,2 
충남,논산시,일반,남자,65-69세,72 ,2 ,2 ,10 ,8 ,2 ,2 ,15 ,5 ,5 
충남,논산시,일반,남자,70-74세,124 ,1 ,1 ,15 ,26 ,9 ,3 ,17 ,12 ,7 
충남,논산시,일반,남자,75-79세,154 ,3 ,6 ,21 ,46 ,16 ,2 ,13 ,13 ,7 
충남,논산시,일반,남자,80-84세,233 ,4 ,11 ,35 ,73 ,25 ,3 ,13 ,13 ,14 
충남,논산시,일반,남자,85세이상,278 ,3 ,8 ,45 ,118 ,33 ,5 ,19 ,10 ,4 
충남,논산시,일반,여자,65세미만,17 ,1 ,0 ,1 ,1 ,1 ,1 ,4 ,1 ,3 
충남,논산시,일반,여자,65-69세,88 ,1 ,1 ,5 ,18 ,4 ,1 ,9 ,12 ,4 
충남,논산시,일반,여자,70-74세,172 ,5 ,4 ,12 ,38 ,9 ,4 ,20 ,20 ,2 
충남,논산시,일반,여자,75-79세,357 ,5 ,12 ,34 ,90 ,42 ,12 ,52 ,29 ,6 
충남,논산시,일반,여자,80-84세,617 ,8 ,20 ,74 ,223 ,78 ,9 ,53 ,34 ,10 
충남,논산시,일반,여자,85세이상,759 ,20 ,46 ,156 ,317 ,69 ,9 ,44 ,18 ,6 
충남,논산시,기초,남자,65세미만,79 ,8 ,7 ,9 ,15 ,6 ,1 ,9 ,8 ,3 
충남,논산시,기초,남자,65-69세,95 ,2 ,3 ,14 ,23 ,5 ,1 ,9 ,12 ,7 
충남,논산시,기초,남자,70-74세,67 ,2 ,0 ,12 ,18 ,8 ,4 ,9 ,2 ,4 
충남,논산시,기초,남자,75-79세,60 ,0 ,3 ,6 ,21 ,10 ,4 ,2 ,4 ,1 
충남,논산시,기초,남자,80-84세,57 ,2 ,1 ,7 ,25 ,8 ,1 ,1 ,2 ,2 
충남,논산시,기초,남자,85세이상,40 ,1 ,3 ,7 ,19 ,7 ,0 ,0 ,1 ,0 
충남,논산시,기초,여자,65세미만,48 ,5 ,6 ,6 ,9 ,4 ,0 ,6 ,6 ,1 
충남,논산시,기초,여자,65-69세,80 ,3 ,2 ,16 ,19 ,3 ,3 ,8 ,6 ,7 
충남,논산시,기초,여자,70-74세,83 ,3 ,5 ,15 ,23 ,5 ,3 ,7 ,9 ,2 
충남,논산시,기초,여자,75-79세,107 ,4 ,8 ,12 ,37 ,10 ,9 ,6 ,7 ,2 
충남,논산시,기초,여자,80-84세,161 ,6 ,5 ,27 ,57 ,26 ,4 ,9 ,4 ,2 
충남,논산시,기초,여자,85세이상,227 ,10 ,23 ,54 ,96 ,15 ,2 ,4 ,4 ,0 
충남,논산시,의료,남자,65-69세,2 ,0 ,0 ,0 ,0 ,0 ,0 ,0 ,0 ,1 
충남,논산시,의료,남자,70-74세,2 ,0 ,0 ,0 ,1 ,0 ,0 ,0 ,0 ,0 
충남,논산시,의료,남자,75-79세,3 ,0 ,0 ,2 ,0 ,1 ,0 ,0 ,0 ,0 
충남,논산시,의료,남자,80-84세,3 ,0 ,0 ,0 ,1 ,1 ,0 ,1 ,0 ,0 
충남,논산시,의료,남자,85세이상,4 ,0 ,0 ,1 ,2 ,1 ,0 ,0 ,0 ,0 
충남,논산시,의료,여자,65-69세,0 ,0 ,0 ,0 ,0 ,0 ,0 ,0 ,0 ,0 
충남,논산시,의료,여자,70-74세,6 ,1 ,0 ,0 ,1 ,0 ,1 ,0 ,1 ,0 
충남,논산시,의료,여자,75-79세,5 ,0 ,1 ,0 ,1 ,1 ,1 ,0 ,1 ,0 
충남,논산시,의료,여자,80-84세,9 ,1 ,1 ,2 ,3 ,0 ,0 ,0 ,0 ,0 
충남,논산시,의료,여자,85세이상,30 ,1 ,1 ,8 ,14 ,1 ,0 ,2 ,0 ,0 
충남,논산시,감경,남자,65세미만,24 ,0 ,2 ,6 ,10 ,4 ,1 ,0 ,0 ,0 
충남,논산시,감경,남자,65-69세,53 ,3 ,5 ,12 ,22 ,7 ,0 ,0 ,0 ,0 
충남,논산시,감경,남자,70-74세,75 ,2 ,6 ,18 ,25 ,14 ,1 ,2 ,1 ,0 
충남,논산시,감경,남자,75-79세,102 ,6 ,8 ,23 ,35 ,15 ,4 ,0 ,1 ,0 
충남,논산시,감경,남자,80-84세,174 ,3 ,5 ,36 ,85 ,32 ,6 ,0 ,0 ,0 
충남,논산시,감경,남자,85세이상,236 ,8 ,11 ,42 ,119 ,45 ,4 ,0 ,1 ,0 
충남,논산시,감경,여자,65세미만,22 ,0 ,1 ,6 ,11 ,1 ,0 ,0 ,0 ,0 
충남,논산시,감경,여자,65-69세,51 ,0 ,4 ,13 ,17 ,6 ,2 ,2 ,2 ,0 
충남,논산시,감경,여자,70-74세,109 ,5 ,7 ,18 ,49 ,16 ,5 ,0 ,0 ,0 
충남,논산시,감경,여자,75-79세,235 ,10 ,9 ,42 ,113 ,30 ,11 ,1 ,5 ,0 
충남,논산시,감경,여자,80-84세,584 ,27 ,34 ,123 ,281 ,87 ,9 ,1 ,1 ,0 
충남,논산시,감경,여자,85세이상,1090 ,37 ,101 ,288 ,521 ,117 ,3 ,0 ,0 ,0 
충남,계룡시,일반,남자,65세미만,8 ,0 ,0 ,1 ,1 ,0 ,1 ,3 ,0 ,0 
충남,계룡시,일반,남자,65-69세,12 ,0 ,1 ,2 ,2 ,0 ,0 ,1 ,2 ,1 
충남,계룡시,일반,남자,70-74세,16 ,0 ,0 ,4 ,6 ,0 ,0 ,1 ,0 ,1 
충남,계룡시,일반,남자,75-79세,20 ,0 ,0 ,5 ,4 ,2 ,0 ,1 ,2 ,0 
충남,계룡시,일반,남자,80-84세,23 ,0 ,1 ,2 ,7 ,4 ,0 ,0 ,1 ,0 
충남,계룡시,일반,남자,85세이상,38 ,0 ,4 ,6 ,16 ,3 ,0 ,4 ,1 ,0 
충남,계룡시,일반,여자,65세미만,3 ,0 ,0 ,2 ,0 ,0 ,0 ,1 ,0 ,0 
충남,계룡시,일반,여자,65-69세,21 ,2 ,1 ,1 ,3 ,1 ,0 ,5 ,2 ,0 
충남,계룡시,일반,여자,70-74세,29 ,0 ,0 ,2 ,5 ,1 ,3 ,5 ,3 ,0 
충남,계룡시,일반,여자,75-79세,48 ,3 ,2 ,9 ,10 ,5 ,1 ,2 ,5 ,1 
충남,계룡시,일반,여자,80-84세,86 ,1 ,1 ,14 ,29 ,11 ,2 ,6 ,3 ,0 
충남,계룡시,일반,여자,85세이상,124 ,3 ,18 ,24 ,41 ,14 ,0 ,6 ,5 ,1 
충남,계룡시,기초,남자,65세미만,11 ,1 ,2 ,0 ,3 ,0 ,1 ,0 ,0 ,1 
충남,계룡시,기초,남자,65-69세,5 ,0 ,1 ,1 ,1 ,0 ,1 ,0 ,0 ,1 
충남,계룡시,기초,남자,70-74세,6 ,0 ,0 ,0 ,5 ,0 ,0 ,0 ,1 ,0 
충남,계룡시,기초,남자,75-79세,2 ,0 ,0 ,0 ,1 ,0 ,1 ,0 ,0 ,0 
충남,계룡시,기초,남자,80-84세,3 ,0 ,0 ,1 ,1 ,0 ,0 ,0 ,0 ,0 
충남,계룡시,기초,남자,85세이상,6 ,0 ,0 ,0 ,2 ,1 ,0 ,2 ,0 ,0 
충남,계룡시,기초,여자,65세미만,4 ,1 ,0 ,0 ,3 ,0 ,0 ,0 ,0 ,0 
충남,계룡시,기초,여자,65-69세,4 ,0 ,0 ,0 ,0 ,1 ,2 ,0 ,1 ,0 
충남,계룡시,기초,여자,70-74세,8 ,0 ,2 ,0 ,4 ,0 ,0 ,0 ,0 ,0 
충남,계룡시,기초,여자,75-79세,7 ,0 ,2 ,1 ,3 ,0 ,0 ,0 ,0 ,0 
충남,계룡시,기초,여자,80-84세,19 ,0 ,3 ,2 ,8 ,4 ,0 ,1 ,0 ,1 
충남,계룡시,기초,여자,85세이상,28 ,0 ,5 ,8 ,12 ,0 ,0 ,0 ,0 ,0 
충남,계룡시,의료,남자,70-74세,1 ,0 ,0 ,0 ,0 ,0 ,0 ,0 ,0 ,1 
충남,계룡시,의료,남자,75-79세,1 ,0 ,0 ,0 ,1 ,0 ,0 ,0 ,0 ,0 
충남,계룡시,의료,여자,80-84세,0 ,0 ,0 ,0 ,0 ,0 ,0 ,0 ,0 ,0 
충남,계룡시,의료,여자,85세이상,3 ,0 ,0 ,2 ,0 ,1 ,0 ,0 ,0 ,0 
충남,계룡시,감경,남자,65세미만,4 ,1 ,0 ,1 ,0 ,0 ,0 ,0 ,0 ,1 
충남,계룡시,감경,남자,65-69세,5 ,0 ,0 ,2 ,2 ,0 ,0 ,0 ,0 ,0 
충남,계룡시,감경,남자,70-74세,7 ,1 ,0 ,1 ,2 ,1 ,0 ,0 ,0 ,0 
충남,계룡시,감경,남자,75-79세,12 ,0 ,0 ,2 ,7 ,0 ,1 ,0 ,0 ,0 
충남,계룡시,감경,남자,80-84세,22 ,0 ,0 ,9 ,8 ,3 ,0 ,1 ,0 ,0 
충남,계룡시,감경,남자,85세이상,28 ,0 ,2 ,2 ,16 ,7 ,1 ,0 ,0 ,0 
충남,계룡시,감경,여자,65세미만,4 ,0 ,0 ,2 ,0 ,1 ,1 ,0 ,0 ,0 
충남,계룡시,감경,여자,65-69세,10 ,0 ,1 ,1 ,6 ,2 ,0 ,0 ,0 ,0 
충남,계룡시,감경,여자,70-74세,13 ,0 ,2 ,3 ,7 ,0 ,0 ,0 ,0 ,0 
충남,계룡시,감경,여자,75-79세,28 ,1 ,3 ,3 ,15 ,4 ,1 ,0 ,0 ,0 
충남,계룡시,감경,여자,80-84세,82 ,3 ,7 ,19 ,30 ,15 ,3 ,2 ,1 ,1 
충남,계룡시,감경,여자,85세이상,145 ,7 ,17 ,43 ,62 ,12 ,1 ,0 ,0 ,0 
충남,금산군,일반,남자,65세미만,8 ,0 ,0 ,0 ,1 ,2 ,1 ,2 ,0 ,2 
충남,금산군,일반,남자,65-69세,51 ,1 ,0 ,5 ,7 ,5 ,0 ,13 ,5 ,4 
충남,금산군,일반,남자,70-74세,37 ,1 ,0 ,2 ,9 ,1 ,0 ,6 ,2 ,3 
충남,금산군,일반,남자,75-79세,84 ,1 ,2 ,10 ,22 ,10 ,4 ,5 ,5 ,4 
충남,금산군,일반,남자,80-84세,126 ,0 ,6 ,8 ,44 ,31 ,6 ,3 ,5 ,0 
충남,금산군,일반,남자,85세이상,147 ,1 ,4 ,21 ,57 ,34 ,8 ,1 ,6 ,1 
충남,금산군,일반,여자,65세미만,11 ,0 ,1 ,1 ,2 ,1 ,0 ,3 ,0 ,1 
충남,금산군,일반,여자,65-69세,49 ,1 ,2 ,2 ,8 ,4 ,3 ,8 ,5 ,5 
충남,금산군,일반,여자,70-74세,90 ,0 ,1 ,7 ,18 ,9 ,6 ,5 ,12 ,4 
충남,금산군,일반,여자,75-79세,178 ,1 ,4 ,15 ,43 ,17 ,8 ,15 ,15 ,2 
충남,금산군,일반,여자,80-84세,327 ,2 ,5 ,24 ,114 ,64 ,16 ,20 ,19 ,5 
충남,금산군,일반,여자,85세이상,374 ,8 ,13 ,53 ,142 ,79 ,8 ,13 ,9 ,2 
충남,금산군,기초,남자,65세미만,31 ,0 ,1 ,5 ,3 ,9 ,2 ,6 ,0 ,1 
충남,금산군,기초,남자,65-69세,32 ,0 ,1 ,3 ,10 ,7 ,4 ,2 ,0 ,2 
충남,금산군,기초,남자,70-74세,25 ,1 ,1 ,1 ,11 ,4 ,1 ,1 ,2 ,0 
충남,금산군,기초,남자,75-79세,18 ,0 ,1 ,6 ,4 ,3 ,2 ,0 ,0 ,0 
충남,금산군,기초,남자,80-84세,24 ,0 ,1 ,4 ,7 ,4 ,2 ,3 ,1 ,0 
충남,금산군,기초,남자,85세이상,11 ,0 ,1 ,2 ,4 ,4 ,0 ,0 ,0 ,0 
충남,금산군,기초,여자,65세미만,12 ,0 ,0 ,2 ,7 ,1 ,0 ,1 ,0 ,0 
충남,금산군,기초,여자,65-69세,18 ,0 ,1 ,2 ,4 ,5 ,2 ,0 ,1 ,0 
충남,금산군,기초,여자,70-74세,22 ,1 ,0 ,3 ,6 ,3 ,1 ,2 ,2 ,0 
충남,금산군,기초,여자,75-79세,36 ,1 ,1 ,3 ,13 ,9 ,1 ,2 ,2 ,0 
충남,금산군,기초,여자,80-84세,70 ,1 ,2 ,4 ,33 ,20 ,0 ,5 ,1 ,0 
충남,금산군,기초,여자,85세이상,68 ,3 ,3 ,14 ,23 ,14 ,0 ,0 ,3 ,0 
충남,금산군,의료,남자,70-74세,0 ,0 ,0 ,0 ,0 ,0 ,0 ,0 ,0 ,0 
충남,금산군,의료,남자,75-79세,2 ,0 ,0 ,0 ,0 ,0 ,1 ,0 ,1 ,0 
충남,금산군,의료,남자,80-84세,2 ,1 ,0 ,0 ,0 ,0 ,0 ,0 ,0 ,0 
충남,금산군,의료,남자,85세이상,2 ,0 ,0 ,1 ,1 ,0 ,0 ,0 ,0 ,0 
충남,금산군,의료,여자,65-69세,0 ,0 ,0 ,0 ,0 ,0 ,0 ,0 ,0 ,0 
충남,금산군,의료,여자,70-74세,3 ,0 ,0 ,0 ,2 ,0 ,0 ,0 ,1 ,0 
충남,금산군,의료,여자,75-79세,3 ,0 ,0 ,0 ,1 ,1 ,0 ,0 ,1 ,0 
충남,금산군,의료,여자,80-84세,7 ,0 ,1 ,0 ,2 ,0 ,0 ,0 ,1 ,0 
충남,금산군,의료,여자,85세이상,8 ,0 ,0 ,2 ,5 ,0 ,0 ,0 ,0 ,0 
충남,금산군,감경,남자,65세미만,10 ,2 ,1 ,3 ,2 ,1 ,0 ,0 ,0 ,0 
충남,금산군,감경,남자,65-69세,25 ,1 ,0 ,4 ,9 ,6 ,3 ,1 ,0 ,0 
충남,금산군,감경,남자,70-74세,46 ,0 ,1 ,7 ,26 ,7 ,2 ,0 ,0 ,0 
충남,금산군,감경,남자,75-79세,51 ,2 ,2 ,8 ,24 ,10 ,3 ,0 ,0 ,0 
충남,금산군,감경,남자,80-84세,94 ,2 ,5 ,14 ,37 ,27 ,6 ,0 ,0 ,0 
충남,금산군,감경,남자,85세이상,133 ,0 ,7 ,22 ,62 ,35 ,3 ,1 ,1 ,0 
충남,금산군,감경,여자,65세미만,8 ,0 ,0 ,2 ,4 ,1 ,0 ,0 ,0 ,1 
충남,금산군,감경,여자,65-69세,26 ,2 ,1 ,7 ,8 ,3 ,2 ,0 ,0 ,0 
충남,금산군,감경,여자,70-74세,73 ,0 ,5 ,12 ,29 ,11 ,9 ,0 ,0 ,0 
충남,금산군,감경,여자,75-79세,125 ,0 ,4 ,18 ,56 ,33 ,6 ,0 ,0 ,0 
충남,금산군,감경,여자,80-84세,346 ,4 ,16 ,50 ,145 ,92 ,16 ,1 ,0 ,0 
충남,금산군,감경,여자,85세이상,492 ,16 ,35 ,112 ,226 ,89 ,5 ,0 ,0 ,0 
충남,부여군,일반,남자,65세미만,13 ,0 ,0 ,0 ,2 ,3 ,0 ,2 ,1 ,0 
충남,부여군,일반,남자,65-69세,58 ,3 ,0 ,3 ,11 ,3 ,0 ,12 ,7 ,7 
충남,부여군,일반,남자,70-74세,57 ,1 ,2 ,3 ,12 ,6 ,2 ,5 ,5 ,2 
충남,부여군,일반,남자,75-79세,98 ,0 ,4 ,9 ,22 ,15 ,7 ,10 ,9 ,5 
충남,부여군,일반,남자,80-84세,163 ,3 ,3 ,20 ,33 ,26 ,21 ,11 ,12 ,8 
충남,부여군,일반,남자,85세이상,224 ,2 ,5 ,17 ,66 ,44 ,15 ,19 ,14 ,5 
충남,부여군,일반,여자,65세미만,12 ,1 ,0 ,3 ,1 ,1 ,0 ,3 ,1 ,1 
충남,부여군,일반,여자,65-69세,70 ,2 ,0 ,1 ,9 ,2 ,2 ,19 ,8 ,7 
충남,부여군,일반,여자,70-74세,115 ,0 ,1 ,10 ,16 ,9 ,3 ,18 ,15 ,10 
충남,부여군,일반,여자,75-79세,204 ,2 ,3 ,18 ,40 ,24 ,6 ,26 ,23 ,13 
충남,부여군,일반,여자,80-84세,409 ,7 ,7 ,24 ,110 ,80 ,17 ,56 ,37 ,7 
충남,부여군,일반,여자,85세이상,530 ,6 ,21 ,75 ,175 ,105 ,18 ,30 ,40 ,8 
충남,부여군,기초,남자,65세미만,29 ,0 ,1 ,5 ,9 ,2 ,0 ,2 ,2 ,2 
충남,부여군,기초,남자,65-69세,28 ,0 ,1 ,1 ,5 ,3 ,0 ,8 ,0 ,4 
충남,부여군,기초,남자,70-74세,31 ,0 ,3 ,5 ,13 ,1 ,0 ,1 ,2 ,1 
충남,부여군,기초,남자,75-79세,24 ,0 ,1 ,1 ,6 ,2 ,3 ,0 ,3 ,3 
충남,부여군,기초,남자,80-84세,22 ,0 ,1 ,6 ,9 ,2 ,0 ,0 ,1 ,1 
충남,부여군,기초,남자,85세이상,17 ,1 ,1 ,2 ,4 ,5 ,2 ,0 ,1 ,0 
충남,부여군,기초,여자,65세미만,16 ,1 ,1 ,1 ,3 ,2 ,0 ,0 ,1 ,3 
충남,부여군,기초,여자,65-69세,21 ,1 ,1 ,1 ,5 ,0 ,1 ,2 ,4 ,1 
충남,부여군,기초,여자,70-74세,37 ,0 ,1 ,3 ,10 ,1 ,3 ,5 ,3 ,4 
충남,부여군,기초,여자,75-79세,48 ,0 ,2 ,4 ,13 ,9 ,0 ,3 ,4 ,1 
충남,부여군,기초,여자,80-84세,55 ,1 ,3 ,6 ,17 ,6 ,4 ,5 ,3 ,0 
충남,부여군,기초,여자,85세이상,112 ,5 ,7 ,21 ,43 ,17 ,6 ,1 ,2 ,0 
충남,부여군,의료,남자,65-69세,1 ,0 ,0 ,0 ,0 ,0 ,0 ,1 ,0 ,0 
충남,부여군,의료,남자,70-74세,1 ,0 ,0 ,0 ,0 ,0 ,0 ,0 ,0 ,0 
충남,부여군,의료,남자,75-79세,3 ,0 ,0 ,0 ,1 ,0 ,0 ,0 ,0 ,2 
충남,부여군,의료,남자,80-84세,1 ,0 ,0 ,0 ,0 ,0 ,0 ,1 ,0 ,0 
충남,부여군,의료,남자,85세이상,1 ,0 ,0 ,1 ,0 ,0 ,0 ,0 ,0 ,0 
충남,부여군,의료,여자,65세미만,0 ,0 ,0 ,0 ,0 ,0 ,0 ,0 ,0 ,0 
충남,부여군,의료,여자,70-74세,1 ,0 ,0 ,1 ,0 ,0 ,0 ,0 ,0 ,0 
충남,부여군,의료,여자,75-79세,1 ,0 ,0 ,0 ,0 ,0 ,0 ,0 ,0 ,0 
충남,부여군,의료,여자,80-84세,3 ,0 ,0 ,1 ,1 ,0 ,1 ,0 ,0 ,0 
충남,부여군,의료,여자,85세이상,11 ,1 ,0 ,3 ,3 ,1 ,0 ,1 ,0 ,0 
충남,부여군,감경,남자,65세미만,13 ,3 ,0 ,5 ,0 ,2 ,2 ,0 ,0 ,0 
충남,부여군,감경,남자,65-69세,26 ,2 ,2 ,5 ,12 ,1 ,0 ,0 ,0 ,0 
충남,부여군,감경,남자,70-74세,33 ,0 ,3 ,8 ,13 ,4 ,1 ,1 ,0 ,0 
충남,부여군,감경,남자,75-79세,52 ,0 ,1 ,6 ,20 ,18 ,3 ,0 ,0 ,0 
충남,부여군,감경,남자,80-84세,104 ,1 ,2 ,18 ,39 ,33 ,7 ,1 ,0 ,0 
충남,부여군,감경,남자,85세이상,190 ,3 ,5 ,23 ,73 ,60 ,18 ,0 ,0 ,0 
충남,부여군,감경,여자,65세미만,11 ,0 ,1 ,5 ,4 ,1 ,0 ,0 ,0 ,0 
충남,부여군,감경,여자,65-69세,23 ,2 ,0 ,2 ,9 ,3 ,4 ,0 ,1 ,0 
충남,부여군,감경,여자,70-74세,53 ,0 ,0 ,6 ,22 ,11 ,8 ,1 ,3 ,0 
충남,부여군,감경,여자,75-79세,125 ,2 ,8 ,14 ,46 ,28 ,13 ,2 ,3 ,1 
충남,부여군,감경,여자,80-84세,331 ,7 ,20 ,47 ,122 ,103 ,19 ,1 ,0 ,0 
충남,부여군,감경,여자,85세이상,676 ,13 ,46 ,125 ,294 ,158 ,20 ,1 ,1 ,1 
충남,서천군,일반,남자,65세미만,12 ,0 ,0 ,1 ,1 ,0 ,1 ,1 ,3 ,0 
충남,서천군,일반,남자,65-69세,40 ,2 ,1 ,2 ,12 ,3 ,0 ,7 ,4 ,1 
충남,서천군,일반,남자,70-74세,71 ,0 ,2 ,10 ,24 ,3 ,2 ,9 ,5 ,2 
충남,서천군,일반,남자,75-79세,96 ,2 ,0 ,10 ,21 ,12 ,4 ,15 ,7 ,7 
충남,서천군,일반,남자,80-84세,129 ,0 ,2 ,29 ,38 ,16 ,4 ,6 ,9 ,6 
충남,서천군,일반,남자,85세이상,211 ,2 ,7 ,44 ,74 ,27 ,2 ,16 ,14 ,5 
충남,서천군,일반,여자,65세미만,9 ,1 ,1 ,1 ,1 ,0 ,0 ,2 ,0 ,0 
충남,서천군,일반,여자,65-69세,52 ,2 ,3 ,0 ,10 ,1 ,0 ,9 ,6 ,4 
충남,서천군,일반,여자,70-74세,100 ,4 ,1 ,11 ,16 ,12 ,2 ,16 ,7 ,6 
충남,서천군,일반,여자,75-79세,178 ,4 ,4 ,25 ,44 ,15 ,5 ,18 ,13 ,7 
충남,서천군,일반,여자,80-84세,380 ,10 ,10 ,50 ,126 ,53 ,8 ,27 ,22 ,10 
충남,서천군,일반,여자,85세이상,455 ,6 ,30 ,90 ,191 ,50 ,4 ,21 ,16 ,4 
충남,서천군,기초,남자,65세미만,26 ,1 ,0 ,7 ,6 ,4 ,0 ,0 ,2 ,1 
충남,서천군,기초,남자,65-69세,33 ,0 ,1 ,2 ,17 ,0 ,1 ,1 ,5 ,3 
충남,서천군,기초,남자,70-74세,29 ,0 ,1 ,3 ,7 ,6 ,1 ,2 ,2 ,1 
충남,서천군,기초,남자,75-79세,21 ,0 ,0 ,3 ,6 ,2 ,1 ,1 ,2 ,1 
충남,서천군,기초,남자,80-84세,15 ,1 ,0 ,2 ,4 ,3 ,0 ,2 ,1 ,0 
충남,서천군,기초,남자,85세이상,21 ,0 ,0 ,3 ,13 ,2 ,1 ,0 ,0 ,0 
충남,서천군,기초,여자,65세미만,12 ,0 ,2 ,2 ,4 ,1 ,0 ,0 ,0 ,0 
충남,서천군,기초,여자,65-69세,27 ,0 ,0 ,4 ,6 ,3 ,0 ,4 ,6 ,1 
충남,서천군,기초,여자,70-74세,38 ,1 ,1 ,8 ,19 ,3 ,0 ,3 ,0 ,0 
충남,서천군,기초,여자,75-79세,45 ,0 ,0 ,7 ,18 ,7 ,0 ,3 ,2 ,1 
충남,서천군,기초,여자,80-84세,65 ,3 ,6 ,13 ,32 ,3 ,1 ,2 ,1 ,1 
충남,서천군,기초,여자,85세이상,99 ,3 ,7 ,30 ,43 ,5 ,1 ,1 ,3 ,0 
충남,서천군,의료,남자,65-69세,1 ,0 ,0 ,0 ,0 ,0 ,0 ,0 ,1 ,0 
충남,서천군,의료,남자,70-74세,0 ,0 ,0 ,0 ,0 ,0 ,0 ,0 ,0 ,0 
충남,서천군,의료,남자,75-79세,0 ,0 ,0 ,0 ,0 ,0 ,0 ,0 ,0 ,0 
충남,서천군,의료,남자,80-84세,1 ,0 ,0 ,0 ,1 ,0 ,0 ,0 ,0 ,0 
충남,서천군,의료,남자,85세이상,5 ,0 ,0 ,1 ,3 ,1 ,0 ,0 ,0 ,0 
충남,서천군,의료,여자,65세미만,1 ,0 ,0 ,0 ,0 ,0 ,0 ,1 ,0 ,0 
충남,서천군,의료,여자,70-74세,1 ,0 ,0 ,0 ,0 ,0 ,0 ,0 ,0 ,0 
충남,서천군,의료,여자,75-79세,2 ,0 ,0 ,0 ,0 ,0 ,0 ,1 ,0 ,0 
충남,서천군,의료,여자,80-84세,3 ,0 ,0 ,1 ,1 ,0 ,0 ,0 ,0 ,0 
충남,서천군,의료,여자,85세이상,16 ,1 ,0 ,4 ,7 ,2 ,0 ,0 ,1 ,1 
충남,서천군,감경,남자,65세미만,9 ,1 ,1 ,2 ,1 ,2 ,0 ,0 ,0 ,0 
충남,서천군,감경,남자,65-69세,27 ,1 ,2 ,2 ,13 ,4 ,1 ,2 ,0 ,0 
충남,서천군,감경,남자,70-74세,35 ,1 ,1 ,9 ,15 ,5 ,1 ,1 ,0 ,0 
충남,서천군,감경,남자,75-79세,67 ,1 ,3 ,18 ,31 ,6 ,2 ,0 ,0 ,1 
충남,서천군,감경,남자,80-84세,88 ,1 ,4 ,25 ,40 ,10 ,2 ,2 ,1 ,0 
충남,서천군,감경,남자,85세이상,159 ,4 ,7 ,48 ,65 ,23 ,4 ,1 ,0 ,0 
충남,서천군,감경,여자,65세미만,4 ,0 ,0 ,1 ,1 ,0 ,1 ,0 ,0 ,0 
충남,서천군,감경,여자,65-69세,31 ,1 ,2 ,6 ,15 ,3 ,1 ,0 ,0 ,0 
충남,서천군,감경,여자,70-74세,60 ,4 ,4 ,9 ,27 ,9 ,0 ,1 ,1 ,0 
충남,서천군,감경,여자,75-79세,103 ,2 ,4 ,22 ,42 ,16 ,3 ,1 ,1 ,0 
충남,서천군,감경,여자,80-84세,335 ,9 ,20 ,60 ,150 ,66 ,5 ,2 ,2 ,1 
충남,서천군,감경,여자,85세이상,640 ,16 ,54 ,153 ,301 ,75 ,15 ,1 ,1 ,0 
충남,청양군,일반,남자,65세미만,5 ,0 ,0 ,1 ,0 ,0 ,0 ,1 ,2 ,0 
충남,청양군,일반,남자,65-69세,15 ,1 ,0 ,2 ,4 ,0 ,1 ,1 ,1 ,0 
충남,청양군,일반,남자,70-74세,41 ,0 ,3 ,7 ,4 ,2 ,2 ,7 ,10 ,0 
충남,청양군,일반,남자,75-79세,34 ,1 ,1 ,2 ,8 ,3 ,0 ,3 ,7 ,1 
충남,청양군,일반,남자,80-84세,103 ,1 ,5 ,18 ,32 ,9 ,0 ,6 ,12 ,1 
충남,청양군,일반,남자,85세이상,115 ,2 ,3 ,19 ,45 ,12 ,1 ,5 ,7 ,1 
충남,청양군,일반,여자,65세미만,8 ,0 ,1 ,2 ,1 ,0 ,0 ,2 ,0 ,1 
충남,청양군,일반,여자,65-69세,30 ,0 ,1 ,0 ,1 ,2 ,0 ,5 ,4 ,1 
충남,청양군,일반,여자,70-74세,54 ,0 ,0 ,7 ,6 ,3 ,0 ,8 ,7 ,2 
충남,청양군,일반,여자,75-79세,105 ,0 ,3 ,11 ,27 ,6 ,6 ,10 ,13 ,2 
충남,청양군,일반,여자,80-84세,220 ,0 ,8 ,37 ,69 ,19 ,2 ,20 ,21 ,3 
충남,청양군,일반,여자,85세이상,253 ,4 ,14 ,51 ,95 ,24 ,5 ,14 ,5 ,3 
충남,청양군,기초,남자,65세미만,10 ,0 ,1 ,3 ,2 ,0 ,0 ,2 ,0 ,0 
충남,청양군,기초,남자,65-69세,15 ,0 ,1 ,5 ,4 ,0 ,0 ,1 ,1 ,1 
충남,청양군,기초,남자,70-74세,4 ,1 ,0 ,1 ,2 ,0 ,0 ,0 ,0 ,0 
충남,청양군,기초,남자,75-79세,8 ,0 ,0 ,2 ,4 ,0 ,0 ,1 ,0 ,1 
충남,청양군,기초,남자,80-84세,3 ,0 ,0 ,0 ,2 ,0 ,0 ,0 ,0 ,0 
충남,청양군,기초,남자,85세이상,5 ,0 ,0 ,0 ,2 ,1 ,0 ,0 ,1 ,0 
충남,청양군,기초,여자,65세미만,6 ,1 ,0 ,1 ,0 ,1 ,0 ,2 ,0 ,1 
충남,청양군,기초,여자,65-69세,11 ,0 ,2 ,0 ,5 ,0 ,0 ,0 ,2 ,0 
충남,청양군,기초,여자,70-74세,17 ,0 ,0 ,2 ,4 ,0 ,0 ,4 ,2 ,2 
충남,청양군,기초,여자,75-79세,13 ,0 ,0 ,2 ,4 ,3 ,0 ,4 ,0 ,0 
충남,청양군,기초,여자,80-84세,23 ,0 ,1 ,5 ,9 ,1 ,0 ,3 ,0 ,1 
충남,청양군,기초,여자,85세이상,28 ,2 ,4 ,6 ,10 ,1 ,1 ,1 ,2 ,0 
충남,청양군,의료,남자,65-69세,0 ,0 ,0 ,0 ,0 ,0 ,0 ,0 ,0 ,0 
충남,청양군,의료,남자,70-74세,1 ,0 ,0 ,0 ,0 ,0 ,0 ,1 ,0 ,0 
충남,청양군,의료,남자,75-79세,0 ,0 ,0 ,0 ,0 ,0 ,0 ,0 ,0 ,0 
충남,청양군,의료,남자,80-84세,1 ,0 ,0 ,0 ,1 ,0 ,0 ,0 ,0 ,0 
충남,청양군,의료,남자,85세이상,4 ,0 ,0 ,1 ,2 ,1 ,0 ,0 ,0 ,0 
충남,청양군,의료,여자,65-69세,1 ,0 ,0 ,0 ,0 ,0 ,0 ,0 ,0 ,0 
충남,청양군,의료,여자,70-74세,0 ,0 ,0 ,0 ,0 ,0 ,0 ,0 ,0 ,0 
충남,청양군,의료,여자,75-79세,3 ,0 ,0 ,0 ,3 ,0 ,0 ,0 ,0 ,0 
충남,청양군,의료,여자,80-84세,2 ,0 ,0 ,0 ,1 ,0 ,1 ,0 ,0 ,0 
충남,청양군,의료,여자,85세이상,3 ,0 ,1 ,1 ,0 ,1 ,0 ,0 ,0 ,0 
충남,청양군,감경,남자,65세미만,10 ,0 ,0 ,6 ,3 ,0 ,0 ,0 ,0 ,0 
충남,청양군,감경,남자,65-69세,8 ,1 ,1 ,2 ,3 ,1 ,0 ,0 ,0 ,0 
충남,청양군,감경,남자,70-74세,20 ,0 ,4 ,2 ,9 ,1 ,0 ,0 ,0 ,0 
충남,청양군,감경,남자,75-79세,24 ,0 ,2 ,6 ,11 ,2 ,1 ,0 ,0 ,0 
충남,청양군,감경,남자,80-84세,48 ,0 ,4 ,12 ,23 ,7 ,1 ,0 ,0 ,0 
충남,청양군,감경,남자,85세이상,104 ,2 ,6 ,33 ,48 ,12 ,2 ,0 ,0 ,0 
충남,청양군,감경,여자,65세미만,4 ,1 ,1 ,0 ,1 ,0 ,0 ,0 ,0 ,0 
충남,청양군,감경,여자,65-69세,10 ,1 ,3 ,2 ,3 ,0 ,0 ,0 ,0 ,0 
충남,청양군,감경,여자,70-74세,19 ,1 ,2 ,5 ,7 ,0 ,2 ,0 ,0 ,0 
충남,청양군,감경,여자,75-79세,64 ,3 ,5 ,15 ,22 ,9 ,1 ,0 ,0 ,0 
충남,청양군,감경,여자,80-84세,165 ,8 ,16 ,34 ,66 ,23 ,4 ,1 ,0 ,0 
충남,청양군,감경,여자,85세이상,329 ,11 ,29 ,93 ,148 ,30 ,8 ,0 ,0 ,0 
충남,홍성군,일반,남자,65세미만,28 ,1 ,3 ,5 ,6 ,1 ,0 ,5 ,1 ,2 
충남,홍성군,일반,남자,65-69세,46 ,3 ,1 ,5 ,5 ,0 ,1 ,13 ,4 ,2 
충남,홍성군,일반,남자,70-74세,89 ,3 ,6 ,16 ,19 ,7 ,3 ,8 ,6 ,3 
충남,홍성군,일반,남자,75-79세,105 ,5 ,5 ,11 ,30 ,10 ,4 ,12 ,3 ,6 
충남,홍성군,일반,남자,80-84세,192 ,3 ,13 ,25 ,60 ,19 ,12 ,19 ,9 ,10 
충남,홍성군,일반,남자,85세이상,254 ,6 ,11 ,64 ,97 ,24 ,7 ,8 ,8 ,5 
충남,홍성군,일반,여자,65세미만,23 ,2 ,2 ,4 ,4 ,1 ,1 ,2 ,2 ,2 
충남,홍성군,일반,여자,65-69세,53 ,2 ,0 ,5 ,13 ,2 ,2 ,9 ,7 ,2 
충남,홍성군,일반,여자,70-74세,108 ,0 ,3 ,14 ,19 ,5 ,6 ,17 ,10 ,6 
충남,홍성군,일반,여자,75-79세,247 ,4 ,7 ,36 ,70 ,19 ,7 ,30 ,16 ,8 
충남,홍성군,일반,여자,80-84세,488 ,17 ,17 ,95 ,180 ,45 ,14 ,35 ,25 ,7 
충남,홍성군,일반,여자,85세이상,635 ,23 ,46 ,178 ,244 ,56 ,3 ,25 ,14 ,1 
충남,홍성군,기초,남자,65세미만,36 ,1 ,3 ,11 ,12 ,0 ,1 ,2 ,0 ,2 
충남,홍성군,기초,남자,65-69세,42 ,1 ,2 ,5 ,13 ,6 ,0 ,0 ,3 ,6 
충남,홍성군,기초,남자,70-74세,24 ,0 ,1 ,4 ,9 ,2 ,0 ,2 ,2 ,1 
충남,홍성군,기초,남자,75-79세,19 ,0 ,3 ,4 ,8 ,0 ,1 ,1 ,0 ,1 
충남,홍성군,기초,남자,80-84세,19 ,0 ,0 ,4 ,7 ,7 ,1 ,0 ,0 ,0 
충남,홍성군,기초,남자,85세이상,17 ,0 ,1 ,2 ,8 ,2 ,0 ,2 ,0 ,1 
충남,홍성군,기초,여자,65세미만,21 ,4 ,3 ,3 ,5 ,1 ,1 ,1 ,1 ,0 
충남,홍성군,기초,여자,65-69세,32 ,1 ,1 ,2 ,8 ,2 ,2 ,8 ,2 ,1 
충남,홍성군,기초,여자,70-74세,49 ,2 ,2 ,13 ,15 ,5 ,1 ,3 ,3 ,1 
충남,홍성군,기초,여자,75-79세,50 ,5 ,2 ,7 ,21 ,3 ,3 ,4 ,1 ,1 
충남,홍성군,기초,여자,80-84세,72 ,1 ,10 ,12 ,32 ,4 ,1 ,3 ,1 ,0 
충남,홍성군,기초,여자,85세이상,98 ,7 ,13 ,28 ,34 ,8 ,1 ,3 ,2 ,0 
충남,홍성군,의료,남자,65-69세,1 ,0 ,0 ,1 ,0 ,0 ,0 ,0 ,0 ,0 
충남,홍성군,의료,남자,70-74세,1 ,0 ,0 ,0 ,1 ,0 ,0 ,0 ,0 ,0 
충남,홍성군,의료,남자,75-79세,0 ,0 ,0 ,0 ,0 ,0 ,0 ,0 ,0 ,0 
충남,홍성군,의료,남자,80-84세,2 ,0 ,1 ,0 ,1 ,0 ,0 ,0 ,0 ,0 
충남,홍성군,의료,남자,85세이상,5 ,0 ,0 ,1 ,2 ,0 ,0 ,0 ,1 ,0 
충남,홍성군,의료,여자,65-69세,0 ,0 ,0 ,0 ,0 ,0 ,0 ,0 ,0 ,0 
충남,홍성군,의료,여자,70-74세,2 ,1 ,0 ,0 ,0 ,0 ,0 ,1 ,0 ,0 
충남,홍성군,의료,여자,75-79세,1 ,0 ,0 ,0 ,1 ,0 ,0 ,0 ,0 ,0 
충남,홍성군,의료,여자,80-84세,6 ,0 ,0 ,3 ,2 ,0 ,0 ,0 ,0 ,0 
충남,홍성군,의료,여자,85세이상,15 ,0 ,1 ,6 ,6 ,0 ,0 ,1 ,1 ,0 
충남,홍성군,감경,남자,65세미만,18 ,1 ,1 ,4 ,8 ,0 ,0 ,0 ,0 ,1 
충남,홍성군,감경,남자,65-69세,26 ,1 ,3 ,7 ,9 ,1 ,1 ,0 ,0 ,1 
충남,홍성군,감경,남자,70-74세,41 ,1 ,4 ,12 ,16 ,3 ,2 ,0 ,0 ,0 
충남,홍성군,감경,남자,75-79세,69 ,3 ,1 ,23 ,25 ,5 ,4 ,1 ,1 ,0 
충남,홍성군,감경,남자,80-84세,128 ,4 ,6 ,42 ,55 ,9 ,4 ,1 ,2 ,1 
충남,홍성군,감경,남자,85세이상,185 ,7 ,11 ,46 ,91 ,20 ,4 ,1 ,0 ,1 
충남,홍성군,감경,여자,65세미만,16 ,3 ,0 ,6 ,5 ,0 ,0 ,0 ,0 ,0 
충남,홍성군,감경,여자,65-69세,38 ,4 ,3 ,13 ,10 ,3 ,0 ,2 ,0 ,0 
충남,홍성군,감경,여자,70-74세,76 ,4 ,7 ,19 ,29 ,10 ,4 ,0 ,0 ,0 
충남,홍성군,감경,여자,75-79세,145 ,9 ,11 ,23 ,61 ,20 ,3 ,0 ,0 ,0 
충남,홍성군,감경,여자,80-84세,422 ,18 ,26 ,102 ,194 ,49 ,16 ,1 ,0 ,0 
충남,홍성군,감경,여자,85세이상,766 ,45 ,62 ,244 ,339 ,58 ,8 ,0 ,0 ,0 
충남,예산군,일반,남자,65세미만,15 ,1 ,1 ,1 ,3 ,0 ,0 ,4 ,1 ,2 
충남,예산군,일반,남자,65-69세,50 ,2 ,1 ,5 ,12 ,1 ,1 ,3 ,6 ,6 
충남,예산군,일반,남자,70-74세,71 ,2 ,2 ,12 ,21 ,7 ,0 ,12 ,3 ,2 
충남,예산군,일반,남자,75-79세,122 ,1 ,8 ,14 ,38 ,15 ,4 ,11 ,12 ,1 
충남,예산군,일반,남자,80-84세,189 ,2 ,9 ,22 ,58 ,27 ,6 ,21 ,8 ,7 
충남,예산군,일반,남자,85세이상,240 ,2 ,6 ,43 ,78 ,47 ,5 ,17 ,8 ,6 
충남,예산군,일반,여자,65세미만,20 ,0 ,0 ,2 ,7 ,0 ,0 ,5 ,1 ,2 
충남,예산군,일반,여자,65-69세,60 ,0 ,1 ,7 ,9 ,1 ,1 ,11 ,2 ,5 
충남,예산군,일반,여자,70-74세,136 ,1 ,5 ,11 ,19 ,14 ,6 ,19 ,15 ,5 
충남,예산군,일반,여자,75-79세,241 ,3 ,3 ,28 ,60 ,20 ,9 ,35 ,14 ,8 
충남,예산군,일반,여자,80-84세,474 ,10 ,23 ,51 ,149 ,59 ,18 ,48 ,27 ,4 
충남,예산군,일반,여자,85세이상,655 ,20 ,41 ,118 ,245 ,95 ,13 ,43 ,13 ,3 
충남,예산군,기초,남자,65세미만,34 ,1 ,4 ,3 ,14 ,2 ,0 ,4 ,3 ,0 
충남,예산군,기초,남자,65-69세,37 ,0 ,2 ,7 ,8 ,5 ,0 ,6 ,3 ,2 
충남,예산군,기초,남자,70-74세,22 ,1 ,2 ,4 ,4 ,2 ,1 ,3 ,1 ,1 
충남,예산군,기초,남자,75-79세,17 ,2 ,0 ,0 ,7 ,1 ,0 ,2 ,2 ,0 
충남,예산군,기초,남자,80-84세,24 ,0 ,2 ,5 ,7 ,8 ,0 ,1 ,1 ,0 
충남,예산군,기초,남자,85세이상,22 ,0 ,1 ,5 ,5 ,5 ,3 ,0 ,2 ,0 
충남,예산군,기초,여자,65세미만,15 ,0 ,1 ,2 ,1 ,0 ,0 ,3 ,1 ,4 
충남,예산군,기초,여자,65-69세,26 ,1 ,2 ,1 ,8 ,2 ,0 ,3 ,4 ,1 
충남,예산군,기초,여자,70-74세,32 ,1 ,1 ,8 ,11 ,2 ,2 ,1 ,1 ,1 
충남,예산군,기초,여자,75-79세,39 ,2 ,2 ,3 ,17 ,6 ,0 ,0 ,2 ,1 
충남,예산군,기초,여자,80-84세,81 ,2 ,2 ,11 ,31 ,16 ,1 ,6 ,3 ,2 
충남,예산군,기초,여자,85세이상,111 ,2 ,9 ,27 ,37 ,18 ,5 ,6 ,1 ,0 
충남,예산군,의료,남자,70-74세,2 ,0 ,0 ,0 ,1 ,0 ,0 ,1 ,0 ,0 
충남,예산군,의료,남자,75-79세,1 ,0 ,0 ,0 ,0 ,0 ,1 ,0 ,0 ,0 
충남,예산군,의료,남자,80-84세,1 ,0 ,0 ,0 ,1 ,0 ,0 ,0 ,0 ,0 
충남,예산군,의료,남자,85세이상,1 ,0 ,0 ,0 ,1 ,0 ,0 ,0 ,0 ,0 
충남,예산군,의료,여자,65세미만,1 ,0 ,0 ,0 ,0 ,0 ,0 ,1 ,0 ,0 
충남,예산군,의료,여자,65-69세,1 ,0 ,0 ,0 ,1 ,0 ,0 ,0 ,0 ,0 
충남,예산군,의료,여자,70-74세,0 ,0 ,0 ,0 ,0 ,0 ,0 ,0 ,0 ,0 
충남,예산군,의료,여자,75-79세,2 ,0 ,0 ,0 ,2 ,0 ,0 ,0 ,0 ,0 
충남,예산군,의료,여자,80-84세,7 ,1 ,0 ,1 ,1 ,3 ,1 ,0 ,0 ,0 
충남,예산군,의료,여자,85세이상,9 ,0 ,1 ,5 ,2 ,0 ,0 ,0 ,0 ,0 
충남,예산군,감경,남자,65세미만,14 ,1 ,1 ,1 ,8 ,0 ,0 ,0 ,0 ,0 
충남,예산군,감경,남자,65-69세,24 ,0 ,0 ,7 ,7 ,7 ,1 ,0 ,0 ,0 
충남,예산군,감경,남자,70-74세,44 ,3 ,0 ,10 ,19 ,8 ,2 ,0 ,1 ,0 
충남,예산군,감경,남자,75-79세,56 ,1 ,4 ,8 ,28 ,9 ,1 ,0 ,0 ,1 
충남,예산군,감경,남자,80-84세,103 ,2 ,7 ,17 ,42 ,28 ,5 ,0 ,0 ,1 
충남,예산군,감경,남자,85세이상,162 ,4 ,7 ,29 ,75 ,36 ,6 ,0 ,1 ,0 
충남,예산군,감경,여자,65세미만,12 ,1 ,1 ,5 ,5 ,0 ,0 ,0 ,0 ,0 
충남,예산군,감경,여자,65-69세,22 ,1 ,1 ,7 ,7 ,2 ,1 ,0 ,0 ,1 
충남,예산군,감경,여자,70-74세,58 ,2 ,1 ,14 ,23 ,9 ,5 ,1 ,0 ,0 
충남,예산군,감경,여자,75-79세,115 ,3 ,6 ,19 ,49 ,16 ,8 ,4 ,1 ,0 
충남,예산군,감경,여자,80-84세,291 ,11 ,18 ,69 ,112 ,54 ,14 ,1 ,0 ,1 
충남,예산군,감경,여자,85세이상,596 ,21 ,44 ,149 ,270 ,91 ,12 ,2 ,0 ,1 
충남,태안군,일반,남자,65세미만,14 ,2 ,0 ,0 ,3 ,0 ,0 ,3 ,3 ,0 
충남,태안군,일반,남자,65-69세,34 ,0 ,0 ,3 ,7 ,2 ,0 ,5 ,2 ,3 
충남,태안군,일반,남자,70-74세,95 ,1 ,3 ,15 ,27 ,5 ,0 ,7 ,5 ,4 
충남,태안군,일반,남자,75-79세,95 ,2 ,6 ,16 ,26 ,2 ,1 ,10 ,8 ,6 
충남,태안군,일반,남자,80-84세,152 ,3 ,8 ,17 ,42 ,11 ,6 ,7 ,9 ,9 
충남,태안군,일반,남자,85세이상,160 ,2 ,4 ,32 ,64 ,5 ,4 ,9 ,8 ,4 
충남,태안군,일반,여자,65세미만,9 ,0 ,0 ,1 ,1 ,0 ,0 ,1 ,2 ,0 
충남,태안군,일반,여자,65-69세,58 ,0 ,0 ,4 ,8 ,0 ,0 ,7 ,4 ,2 
충남,태안군,일반,여자,70-74세,120 ,2 ,2 ,16 ,31 ,6 ,1 ,10 ,7 ,2 
충남,태안군,일반,여자,75-79세,216 ,1 ,5 ,14 ,62 ,6 ,4 ,33 ,13 ,3 
충남,태안군,일반,여자,80-84세,333 ,6 ,6 ,35 ,137 ,17 ,6 ,31 ,12 ,10 
충남,태안군,일반,여자,85세이상,452 ,11 ,28 ,87 ,195 ,27 ,9 ,21 ,11 ,3 
충남,태안군,기초,남자,65세미만,26 ,0 ,4 ,3 ,10 ,1 ,0 ,0 ,4 ,1 
충남,태안군,기초,남자,65-69세,28 ,1 ,2 ,5 ,8 ,0 ,0 ,4 ,2 ,3 
충남,태안군,기초,남자,70-74세,25 ,0 ,0 ,1 ,7 ,2 ,1 ,2 ,1 ,5 
충남,태안군,기초,남자,75-79세,24 ,0 ,0 ,4 ,8 ,3 ,2 ,0 ,2 ,2 
충남,태안군,기초,남자,80-84세,18 ,2 ,0 ,6 ,4 ,1 ,0 ,0 ,2 ,1 
충남,태안군,기초,남자,85세이상,18 ,1 ,1 ,4 ,8 ,2 ,0 ,0 ,0 ,1 
충남,태안군,기초,여자,65세미만,11 ,2 ,2 ,5 ,0 ,0 ,0 ,1 ,0 ,0 
충남,태안군,기초,여자,65-69세,21 ,0 ,0 ,2 ,7 ,1 ,0 ,3 ,1 ,0 
충남,태안군,기초,여자,70-74세,24 ,2 ,1 ,3 ,7 ,1 ,0 ,3 ,2 ,1 
충남,태안군,기초,여자,75-79세,40 ,1 ,4 ,4 ,21 ,0 ,1 ,3 ,0 ,1 
충남,태안군,기초,여자,80-84세,51 ,2 ,3 ,7 ,32 ,2 ,1 ,1 ,2 ,0 
충남,태안군,기초,여자,85세이상,72 ,2 ,4 ,19 ,36 ,2 ,1 ,2 ,0 ,0 
충남,태안군,의료,남자,65-69세,0 ,0 ,0 ,0 ,0 ,0 ,0 ,0 ,0 ,0 
충남,태안군,의료,남자,70-74세,3 ,0 ,0 ,1 ,1 ,1 ,0 ,0 ,0 ,0 
충남,태안군,의료,남자,85세이상,2 ,0 ,0 ,0 ,1 ,0 ,0 ,0 ,1 ,0 
충남,태안군,의료,여자,65-69세,0 ,0 ,0 ,0 ,0 ,0 ,0 ,0 ,0 ,0 
충남,태안군,의료,여자,70-74세,2 ,0 ,0 ,1 ,0 ,0 ,0 ,1 ,0 ,0 
충남,태안군,의료,여자,75-79세,1 ,0 ,0 ,1 ,0 ,0 ,0 ,0 ,0 ,0 
충남,태안군,의료,여자,80-84세,5 ,0 ,0 ,0 ,4 ,0 ,0 ,0 ,1 ,0 
충남,태안군,의료,여자,85세이상,10 ,0 ,1 ,4 ,2 ,1 ,0 ,1 ,0 ,0 
충남,태안군,감경,남자,65세미만,11 ,1 ,1 ,0 ,6 ,2 ,0 ,0 ,0 ,0 
충남,태안군,감경,남자,65-69세,25 ,1 ,1 ,9 ,9 ,1 ,0 ,1 ,1 ,1 
충남,태안군,감경,남자,70-74세,39 ,2 ,2 ,10 ,20 ,2 ,0 ,0 ,0 ,0 
충남,태안군,감경,남자,75-79세,54 ,2 ,2 ,18 ,24 ,5 ,0 ,0 ,0 ,1 
충남,태안군,감경,남자,80-84세,65 ,1 ,4 ,24 ,26 ,7 ,1 ,0 ,0 ,0 
충남,태안군,감경,남자,85세이상,106 ,1 ,7 ,22 ,66 ,7 ,2 ,0 ,0 ,0 
충남,태안군,감경,여자,65세미만,6 ,0 ,1 ,1 ,3 ,0 ,0 ,1 ,0 ,0 
충남,태안군,감경,여자,65-69세,20 ,0 ,3 ,3 ,11 ,1 ,0 ,0 ,0 ,0 
충남,태안군,감경,여자,70-74세,38 ,1 ,0 ,6 ,22 ,3 ,1 ,1 ,0 ,0 
충남,태안군,감경,여자,75-79세,105 ,1 ,8 ,18 ,62 ,5 ,3 ,3 ,1 ,0 
충남,태안군,감경,여자,80-84세,178 ,6 ,12 ,34 ,94 ,18 ,4 ,0 ,0 ,0 
충남,태안군,감경,여자,85세이상,458 ,21 ,37 ,122 ,241 ,14 ,6 ,2 ,1 ,0 
충남,당진시,일반,남자,65세미만,32 ,1 ,0 ,7 ,8 ,0 ,0 ,4 ,3 ,0 
충남,당진시,일반,남자,65-69세,79 ,3 ,3 ,12 ,20 ,3 ,0 ,11 ,3 ,4 
충남,당진시,일반,남자,70-74세,117 ,0 ,7 ,24 ,32 ,8 ,0 ,10 ,5 ,1 
충남,당진시,일반,남자,75-79세,209 ,1 ,7 ,27 ,72 ,19 ,4 ,19 ,19 ,5 
충남,당진시,일반,남자,80-84세,339 ,4 ,5 ,66 ,128 ,36 ,3 ,22 ,20 ,10 
충남,당진시,일반,남자,85세이상,421 ,4 ,21 ,103 ,195 ,30 ,5 ,12 ,10 ,6 
충남,당진시,일반,여자,65세미만,29 ,4 ,4 ,2 ,9 ,0 ,0 ,1 ,0 ,1 
충남,당진시,일반,여자,65-69세,111 ,0 ,4 ,13 ,24 ,3 ,0 ,15 ,5 ,4 
충남,당진시,일반,여자,70-74세,181 ,2 ,11 ,19 ,48 ,6 ,4 ,15 ,11 ,3 
충남,당진시,일반,여자,75-79세,398 ,5 ,13 ,55 ,142 ,26 ,1 ,31 ,18 ,7 
충남,당진시,일반,여자,80-84세,780 ,12 ,34 ,156 ,347 ,65 ,4 ,37 ,8 ,8 
충남,당진시,일반,여자,85세이상,998 ,17 ,77 ,276 ,466 ,60 ,2 ,27 ,2 ,1 
충남,당진시,기초,남자,65세미만,56 ,5 ,7 ,14 ,11 ,1 ,1 ,5 ,1 ,2 
충남,당진시,기초,남자,65-69세,65 ,2 ,3 ,10 ,26 ,4 ,0 ,5 ,2 ,2 
충남,당진시,기초,남자,70-74세,28 ,1 ,0 ,6 ,9 ,1 ,0 ,0 ,4 ,0 
충남,당진시,기초,남자,75-79세,43 ,1 ,2 ,5 ,23 ,2 ,0 ,6 ,2 ,0 
충남,당진시,기초,남자,80-84세,25 ,0 ,2 ,3 ,12 ,2 ,1 ,0 ,1 ,0 
충남,당진시,기초,남자,85세이상,26 ,1 ,3 ,8 ,8 ,3 ,0 ,1 ,1 ,0 
충남,당진시,기초,여자,65세미만,22 ,0 ,3 ,6 ,3 ,1 ,0 ,2 ,2 ,2 
충남,당진시,기초,여자,65-69세,42 ,3 ,2 ,8 ,11 ,3 ,1 ,2 ,5 ,1 
충남,당진시,기초,여자,70-74세,61 ,4 ,5 ,12 ,22 ,1 ,1 ,2 ,3 ,1 
충남,당진시,기초,여자,75-79세,57 ,1 ,2 ,10 ,26 ,4 ,1 ,3 ,1 ,1 
충남,당진시,기초,여자,80-84세,76 ,3 ,9 ,15 ,30 ,5 ,0 ,0 ,2 ,0 
충남,당진시,기초,여자,85세이상,123 ,6 ,13 ,34 ,52 ,6 ,1 ,1 ,1 ,1 
충남,당진시,의료,남자,65-69세,1 ,0 ,0 ,0 ,0 ,0 ,1 ,0 ,0 ,0 
충남,당진시,의료,남자,70-74세,0 ,0 ,0 ,0 ,0 ,0 ,0 ,0 ,0 ,0 
충남,당진시,의료,남자,75-79세,3 ,0 ,0 ,0 ,2 ,0 ,0 ,0 ,0 ,0 
충남,당진시,의료,남자,80-84세,0 ,0 ,0 ,0 ,0 ,0 ,0 ,0 ,0 ,0 
충남,당진시,의료,남자,85세이상,5 ,0 ,1 ,0 ,3 ,0 ,0 ,1 ,0 ,0 
충남,당진시,의료,여자,65-69세,1 ,0 ,0 ,1 ,0 ,0 ,0 ,0 ,0 ,0 
충남,당진시,의료,여자,70-74세,1 ,0 ,0 ,1 ,0 ,0 ,0 ,0 ,0 ,0 
충남,당진시,의료,여자,75-79세,3 ,0 ,0 ,2 ,1 ,0 ,0 ,0 ,0 ,0 
충남,당진시,의료,여자,80-84세,6 ,0 ,0 ,1 ,4 ,0 ,0 ,1 ,0 ,0 
충남,당진시,의료,여자,85세이상,8 ,0 ,2 ,4 ,2 ,0 ,0 ,0 ,0 ,0 
충남,당진시,감경,남자,65세미만,16 ,0 ,6 ,4 ,5 ,0 ,1 ,0 ,0 ,0 
충남,당진시,감경,남자,65-69세,35 ,2 ,3 ,8 ,19 ,1 ,0 ,0 ,1 ,0 
충남,당진시,감경,남자,70-74세,61 ,4 ,5 ,22 ,22 ,4 ,0 ,1 ,1 ,0 
충남,당진시,감경,남자,75-79세,74 ,2 ,7 ,13 ,44 ,2 ,1 ,0 ,0 ,1 
충남,당진시,감경,남자,80-84세,122 ,3 ,7 ,35 ,61 ,9 ,4 ,0 ,1 ,0 
충남,당진시,감경,남자,85세이상,187 ,2 ,13 ,46 ,108 ,13 ,1 ,1 ,2 ,0 
충남,당진시,감경,여자,65세미만,23 ,1 ,3 ,6 ,9 ,0 ,1 ,0 ,0 ,0 
충남,당진시,감경,여자,65-69세,41 ,1 ,4 ,9 ,19 ,3 ,1 ,0 ,1 ,1 
충남,당진시,감경,여자,70-74세,92 ,3 ,7 ,18 ,43 ,7 ,1 ,1 ,0 ,0 
충남,당진시,감경,여자,75-79세,189 ,3 ,10 ,47 ,97 ,11 ,5 ,0 ,0 ,0 
충남,당진시,감경,여자,80-84세,394 ,2 ,21 ,99 ,216 ,36 ,3 ,0 ,1 ,0 
충남,당진시,감경,여자,85세이상,742 ,17 ,78 ,249 ,353 ,31 ,4 ,0 ,0 ,0 
전북,전주시,일반,남자,65세미만,153 ,8 ,4 ,26 ,31 ,6 ,2 ,24 ,11 ,3 
전북,전주시,일반,남자,65-69세,273 ,8 ,12 ,41 ,68 ,14 ,3 ,29 ,19 ,8 
전북,전주시,일반,남자,70-74세,413 ,17 ,12 ,61 ,118 ,23 ,10 ,46 ,31 ,12 
전북,전주시,일반,남자,75-79세,603 ,13 ,25 ,80 ,181 ,73 ,12 ,57 ,38 ,11 
전북,전주시,일반,남자,80-84세,859 ,14 ,18 ,113 ,302 ,132 ,24 ,47 ,51 ,19 
전북,전주시,일반,남자,85세이상,939 ,22 ,33 ,159 ,402 ,118 ,22 ,55 ,28 ,6 
전북,전주시,일반,여자,65세미만,122 ,3 ,6 ,19 ,26 ,5 ,1 ,19 ,8 ,2 
전북,전주시,일반,여자,65-69세,344 ,15 ,9 ,28 ,67 ,15 ,2 ,55 ,30 ,9 
전북,전주시,일반,여자,70-74세,729 ,8 ,29 ,64 ,199 ,50 ,11 ,70 ,69 ,18 
전북,전주시,일반,여자,75-79세,1304 ,28 ,44 ,153 ,393 ,112 ,24 ,137 ,78 ,23 
전북,전주시,일반,여자,80-84세,2096 ,56 ,109 ,276 ,782 ,268 ,40 ,163 ,70 ,15 
전북,전주시,일반,여자,85세이상,2389 ,110 ,202 ,490 ,953 ,229 ,16 ,93 ,31 ,2 
전북,전주시,기초,남자,65세미만,241 ,15 ,18 ,25 ,70 ,19 ,5 ,23 ,24 ,8 
전북,전주시,기초,남자,65-69세,350 ,11 ,18 ,35 ,95 ,30 ,6 ,44 ,43 ,20 
전북,전주시,기초,남자,70-74세,234 ,3 ,6 ,24 ,85 ,17 ,10 ,20 ,32 ,13 
전북,전주시,기초,남자,75-79세,152 ,5 ,6 ,11 ,49 ,17 ,9 ,5 ,19 ,5 
전북,전주시,기초,남자,80-84세,109 ,2 ,4 ,14 ,42 ,20 ,3 ,7 ,6 ,2 
전북,전주시,기초,남자,85세이상,106 ,2 ,2 ,16 ,52 ,17 ,3 ,2 ,5 ,0 
전북,전주시,기초,여자,65세미만,124 ,5 ,11 ,20 ,33 ,9 ,3 ,17 ,8 ,3 
전북,전주시,기초,여자,65-69세,277 ,2 ,9 ,22 ,62 ,26 ,2 ,25 ,62 ,23 
전북,전주시,기초,여자,70-74세,320 ,9 ,10 ,31 ,100 ,23 ,5 ,23 ,55 ,24 
전북,전주시,기초,여자,75-79세,379 ,8 ,13 ,33 ,135 ,43 ,8 ,19 ,56 ,14 
전북,전주시,기초,여자,80-84세,456 ,10 ,24 ,68 ,196 ,40 ,12 ,27 ,19 ,4 
전북,전주시,기초,여자,85세이상,597 ,22 ,49 ,130 ,265 ,56 ,6 ,10 ,13 ,0 
전북,전주시,의료,남자,65세미만,1 ,0 ,0 ,1 ,0 ,0 ,0 ,0 ,0 ,0 
전북,전주시,의료,남자,65-69세,4 ,0 ,0 ,1 ,1 ,0 ,0 ,0 ,1 ,0 
전북,전주시,의료,남자,70-74세,12 ,1 ,0 ,5 ,3 ,0 ,0 ,0 ,1 ,0 
전북,전주시,의료,남자,75-79세,14 ,0 ,0 ,2 ,6 ,3 ,0 ,0 ,0 ,1 
전북,전주시,의료,남자,80-84세,6 ,1 ,0 ,1 ,2 ,2 ,0 ,0 ,0 ,0 
전북,전주시,의료,남자,85세이상,22 ,0 ,0 ,3 ,12 ,4 ,0 ,0 ,1 ,0 
전북,전주시,의료,여자,65세미만,1 ,0 ,0 ,0 ,0 ,0 ,0 ,0 ,1 ,0 
전북,전주시,의료,여자,65-69세,1 ,0 ,0 ,0 ,0 ,0 ,0 ,0 ,1 ,0 
전북,전주시,의료,여자,70-74세,13 ,0 ,1 ,1 ,2 ,2 ,0 ,4 ,0 ,0 
전북,전주시,의료,여자,75-79세,14 ,0 ,0 ,2 ,1 ,2 ,0 ,2 ,3 ,0 
전북,전주시,의료,여자,80-84세,47 ,0 ,1 ,9 ,13 ,5 ,1 ,2 ,3 ,1 
전북,전주시,의료,여자,85세이상,96 ,3 ,12 ,30 ,32 ,8 ,0 ,1 ,3 ,1 
전북,전주시,감경,남자,65세미만,116 ,18 ,5 ,23 ,38 ,9 ,0 ,5 ,1 ,1 
전북,전주시,감경,남자,65-69세,196 ,6 ,14 ,47 ,89 ,18 ,8 ,3 ,1 ,0 
전북,전주시,감경,남자,70-74세,258 ,10 ,12 ,56 ,121 ,36 ,8 ,2 ,2 ,0 
전북,전주시,감경,남자,75-79세,335 ,16 ,22 ,67 ,153 ,45 ,12 ,2 ,2 ,0 
전북,전주시,감경,남자,80-84세,397 ,5 ,25 ,83 ,192 ,66 ,6 ,4 ,0 ,0 
전북,전주시,감경,남자,85세이상,515 ,14 ,25 ,122 ,270 ,60 ,7 ,1 ,2 ,1 
전북,전주시,감경,여자,65세미만,86 ,9 ,5 ,18 ,29 ,7 ,4 ,2 ,0 ,1 
전북,전주시,감경,여자,65-69세,166 ,13 ,9 ,42 ,59 ,14 ,8 ,5 ,6 ,1 
전북,전주시,감경,여자,70-74세,338 ,20 ,20 ,63 ,145 ,36 ,15 ,3 ,8 ,4 
전북,전주시,감경,여자,75-79세,769 ,39 ,49 ,159 ,325 ,109 ,16 ,12 ,9 ,2 
전북,전주시,감경,여자,80-84세,1485 ,68 ,96 ,304 ,701 ,209 ,22 ,7 ,7 ,0 
전북,전주시,감경,여자,85세이상,2429 ,139 ,270 ,623 ,1091 ,202 ,18 ,6 ,6 ,1 
전북,군산시,일반,남자,65세미만,41 ,2 ,2 ,8 ,6 ,1 ,0 ,8 ,4 ,1 
전북,군산시,일반,남자,65-69세,133 ,4 ,4 ,14 ,25 ,9 ,1 ,28 ,17 ,4 
전북,군산시,일반,남자,70-74세,206 ,5 ,3 ,27 ,56 ,14 ,7 ,31 ,21 ,2 
전북,군산시,일반,남자,75-79세,310 ,5 ,6 ,32 ,85 ,42 ,10 ,27 ,30 ,5 
전북,군산시,일반,남자,80-84세,340 ,4 ,18 ,35 ,94 ,56 ,13 ,24 ,22 ,3 
전북,군산시,일반,남자,85세이상,355 ,4 ,8 ,50 ,137 ,47 ,13 ,20 ,18 ,2 
전북,군산시,일반,여자,65세미만,55 ,0 ,4 ,10 ,11 ,2 ,1 ,5 ,4 ,0 
전북,군산시,일반,여자,65-69세,161 ,1 ,2 ,10 ,24 ,8 ,4 ,29 ,31 ,4 
전북,군산시,일반,여자,70-74세,299 ,5 ,6 ,29 ,52 ,24 ,9 ,49 ,38 ,8 
전북,군산시,일반,여자,75-79세,600 ,8 ,6 ,44 ,145 ,67 ,19 ,80 ,77 ,7 
전북,군산시,일반,여자,80-84세,917 ,12 ,29 ,104 ,295 ,146 ,32 ,74 ,60 ,6 
전북,군산시,일반,여자,85세이상,943 ,18 ,50 ,171 ,366 ,132 ,19 ,46 ,24 ,1 
전북,군산시,기초,남자,65세미만,144 ,4 ,7 ,19 ,49 ,6 ,5 ,14 ,15 ,3 
전북,군산시,기초,남자,65-69세,218 ,1 ,4 ,18 ,49 ,29 ,12 ,18 ,43 ,10 
전북,군산시,기초,남자,70-74세,146 ,4 ,3 ,12 ,39 ,30 ,4 ,12 ,25 ,2 
전북,군산시,기초,남자,75-79세,107 ,0 ,4 ,10 ,32 ,22 ,5 ,6 ,11 ,1 
전북,군산시,기초,남자,80-84세,79 ,2 ,1 ,9 ,23 ,16 ,6 ,5 ,10 ,2 
전북,군산시,기초,남자,85세이상,63 ,1 ,1 ,9 ,25 ,14 ,4 ,1 ,3 ,0 
전북,군산시,기초,여자,65세미만,70 ,7 ,4 ,10 ,22 ,4 ,3 ,5 ,4 ,3 
전북,군산시,기초,여자,65-69세,154 ,5 ,3 ,14 ,34 ,24 ,3 ,15 ,24 ,12 
전북,군산시,기초,여자,70-74세,178 ,1 ,2 ,17 ,43 ,28 ,6 ,17 ,34 ,4 
전북,군산시,기초,여자,75-79세,231 ,3 ,4 ,22 ,68 ,34 ,6 ,16 ,35 ,5 
전북,군산시,기초,여자,80-84세,272 ,7 ,9 ,36 ,97 ,51 ,8 ,10 ,17 ,2 
전북,군산시,기초,여자,85세이상,346 ,8 ,29 ,78 ,142 ,48 ,6 ,13 ,1 ,1 
전북,군산시,의료,남자,65세미만,2 ,1 ,0 ,0 ,1 ,0 ,0 ,0 ,0 ,0 
전북,군산시,의료,남자,65-69세,1 ,0 ,0 ,0 ,1 ,0 ,0 ,0 ,0 ,0 
전북,군산시,의료,남자,70-74세,8 ,0 ,0 ,1 ,4 ,0 ,0 ,0 ,0 ,0 
전북,군산시,의료,남자,75-79세,9 ,1 ,0 ,1 ,2 ,2 ,1 ,1 ,0 ,0 
전북,군산시,의료,남자,80-84세,4 ,0 ,0 ,0 ,2 ,0 ,1 ,0 ,1 ,0 
전북,군산시,의료,남자,85세이상,11 ,0 ,1 ,3 ,4 ,0 ,1 ,0 ,0 ,0 
전북,군산시,의료,여자,65-69세,2 ,0 ,0 ,1 ,0 ,0 ,0 ,0 ,0 ,1 
전북,군산시,의료,여자,70-74세,3 ,0 ,0 ,0 ,1 ,0 ,0 ,0 ,0 ,0 
전북,군산시,의료,여자,75-79세,15 ,0 ,1 ,0 ,4 ,6 ,0 ,0 ,2 ,0 
전북,군산시,의료,여자,80-84세,14 ,0 ,2 ,2 ,6 ,1 ,1 ,0 ,0 ,0 
전북,군산시,의료,여자,85세이상,54 ,1 ,3 ,11 ,26 ,8 ,1 ,1 ,1 ,0 
전북,군산시,감경,남자,65세미만,55 ,3 ,4 ,9 ,24 ,2 ,2 ,1 ,0 ,0 
전북,군산시,감경,남자,65-69세,97 ,1 ,2 ,18 ,43 ,18 ,4 ,2 ,2 ,0 
전북,군산시,감경,남자,70-74세,157 ,5 ,6 ,38 ,59 ,33 ,3 ,1 ,3 ,0 
전북,군산시,감경,남자,75-79세,181 ,3 ,11 ,30 ,78 ,32 ,8 ,4 ,2 ,0 
전북,군산시,감경,남자,80-84세,221 ,4 ,12 ,39 ,90 ,60 ,6 ,0 ,2 ,2 
전북,군산시,감경,남자,85세이상,277 ,2 ,16 ,47 ,128 ,61 ,13 ,1 ,2 ,0 
전북,군산시,감경,여자,65세미만,53 ,4 ,1 ,16 ,18 ,3 ,1 ,2 ,1 ,1 
전북,군산시,감경,여자,65-69세,105 ,4 ,4 ,16 ,40 ,15 ,4 ,5 ,6 ,1 
전북,군산시,감경,여자,70-74세,185 ,7 ,11 ,31 ,74 ,26 ,7 ,4 ,5 ,1 
전북,군산시,감경,여자,75-79세,391 ,12 ,17 ,57 ,145 ,92 ,28 ,4 ,12 ,0 
전북,군산시,감경,여자,80-84세,741 ,10 ,44 ,125 ,349 ,150 ,31 ,6 ,4 ,0 
전북,군산시,감경,여자,85세이상,1299 ,66 ,85 ,284 ,617 ,193 ,18 ,6 ,2 ,1 
전북,익산시,일반,남자,65세미만,72 ,6 ,3 ,7 ,6 ,5 ,0 ,22 ,4 ,1 
전북,익산시,일반,남자,65-69세,131 ,3 ,3 ,11 ,36 ,5 ,1 ,27 ,18 ,7 
전북,익산시,일반,남자,70-74세,204 ,4 ,2 ,26 ,43 ,23 ,7 ,38 ,16 ,3 
전북,익산시,일반,남자,75-79세,288 ,6 ,9 ,35 ,75 ,41 ,9 ,27 ,10 ,4 
전북,익산시,일반,남자,80-84세,388 ,1 ,10 ,33 ,117 ,80 ,15 ,31 ,21 ,9 
전북,익산시,일반,남자,85세이상,409 ,3 ,18 ,40 ,152 ,88 ,16 ,26 ,14 ,3 
전북,익산시,일반,여자,65세미만,57 ,4 ,4 ,5 ,9 ,3 ,0 ,10 ,5 ,2 
전북,익산시,일반,여자,65-69세,177 ,5 ,5 ,12 ,21 ,14 ,5 ,30 ,21 ,8 
전북,익산시,일반,여자,70-74세,336 ,4 ,2 ,21 ,66 ,31 ,9 ,49 ,45 ,14 
전북,익산시,일반,여자,75-79세,632 ,11 ,13 ,49 ,156 ,96 ,23 ,71 ,60 ,8 
전북,익산시,일반,여자,80-84세,1024 ,12 ,25 ,100 ,328 ,224 ,34 ,68 ,62 ,9 
전북,익산시,일반,여자,85세이상,1196 ,31 ,54 ,195 ,454 ,206 ,20 ,61 ,29 ,4 
전북,익산시,기초,남자,65세미만,159 ,5 ,9 ,21 ,44 ,14 ,4 ,19 ,13 ,3 
전북,익산시,기초,남자,65-69세,205 ,3 ,3 ,16 ,33 ,22 ,6 ,28 ,44 ,15 
전북,익산시,기초,남자,70-74세,165 ,2 ,7 ,15 ,38 ,36 ,7 ,8 ,24 ,5 
전북,익산시,기초,남자,75-79세,118 ,1 ,1 ,14 ,34 ,21 ,5 ,4 ,16 ,4 
전북,익산시,기초,남자,80-84세,117 ,0 ,3 ,21 ,50 ,19 ,5 ,4 ,6 ,1 
전북,익산시,기초,남자,85세이상,81 ,0 ,2 ,15 ,36 ,19 ,3 ,1 ,2 ,0 
전북,익산시,기초,여자,65세미만,103 ,4 ,7 ,20 ,28 ,14 ,3 ,9 ,7 ,2 
전북,익산시,기초,여자,65-69세,202 ,4 ,5 ,14 ,44 ,34 ,11 ,15 ,45 ,4 
전북,익산시,기초,여자,70-74세,227 ,4 ,6 ,20 ,65 ,37 ,5 ,21 ,37 ,5 
전북,익산시,기초,여자,75-79세,273 ,3 ,5 ,34 ,85 ,57 ,12 ,17 ,32 ,2 
전북,익산시,기초,여자,80-84세,345 ,6 ,15 ,37 ,121 ,92 ,19 ,16 ,13 ,2 
전북,익산시,기초,여자,85세이상,461 ,17 ,45 ,97 ,181 ,74 ,6 ,6 ,13 ,1 
전북,익산시,의료,남자,65세미만,0 ,0 ,0 ,0 ,0 ,0 ,0 ,0 ,0 ,0 
전북,익산시,의료,남자,65-69세,2 ,0 ,0 ,0 ,0 ,1 ,0 ,1 ,0 ,0 
전북,익산시,의료,남자,70-74세,3 ,0 ,0 ,0 ,3 ,0 ,0 ,0 ,0 ,0 
전북,익산시,의료,남자,75-79세,7 ,0 ,0 ,3 ,1 ,2 ,0 ,0 ,0 ,0 
전북,익산시,의료,남자,80-84세,5 ,0 ,2 ,0 ,0 ,1 ,2 ,0 ,0 ,0 
전북,익산시,의료,남자,85세이상,12 ,0 ,0 ,4 ,5 ,2 ,0 ,1 ,0 ,0 
전북,익산시,의료,여자,65세미만,1 ,0 ,0 ,0 ,1 ,0 ,0 ,0 ,0 ,0 
전북,익산시,의료,여자,65-69세,5 ,0 ,0 ,1 ,0 ,1 ,0 ,2 ,0 ,0 
전북,익산시,의료,여자,70-74세,7 ,0 ,0 ,1 ,3 ,1 ,0 ,1 ,1 ,0 
전북,익산시,의료,여자,75-79세,9 ,0 ,1 ,0 ,3 ,1 ,1 ,1 ,1 ,1 
전북,익산시,의료,여자,80-84세,18 ,0 ,1 ,0 ,9 ,1 ,1 ,2 ,1 ,0 
전북,익산시,의료,여자,85세이상,46 ,1 ,3 ,3 ,20 ,15 ,1 ,1 ,0 ,0 
전북,익산시,감경,남자,65세미만,56 ,6 ,4 ,12 ,23 ,3 ,1 ,1 ,0 ,0 
전북,익산시,감경,남자,65-69세,94 ,2 ,6 ,20 ,37 ,14 ,8 ,1 ,2 ,1 
전북,익산시,감경,남자,70-74세,169 ,5 ,10 ,26 ,71 ,31 ,9 ,0 ,4 ,1 
전북,익산시,감경,남자,75-79세,169 ,2 ,3 ,29 ,72 ,44 ,11 ,0 ,1 ,0 
전북,익산시,감경,남자,80-84세,226 ,4 ,8 ,40 ,99 ,54 ,9 ,0 ,0 ,0 
전북,익산시,감경,남자,85세이상,267 ,3 ,13 ,50 ,121 ,67 ,8 ,1 ,1 ,0 
전북,익산시,감경,여자,65세미만,44 ,4 ,6 ,8 ,10 ,8 ,2 ,0 ,0 ,0 
전북,익산시,감경,여자,65-69세,107 ,0 ,3 ,19 ,39 ,17 ,9 ,3 ,6 ,0 
전북,익산시,감경,여자,70-74세,191 ,5 ,8 ,30 ,77 ,44 ,13 ,3 ,0 ,0 
전북,익산시,감경,여자,75-79세,394 ,7 ,22 ,69 ,141 ,108 ,13 ,8 ,6 ,0 
전북,익산시,감경,여자,80-84세,881 ,21 ,50 ,154 ,354 ,232 ,22 ,6 ,7 ,0 
전북,익산시,감경,여자,85세이상,1544 ,55 ,117 ,305 ,691 ,315 ,17 ,2 ,1 ,1 
전북,정읍시,일반,남자,65세미만,20 ,0 ,0 ,2 ,0 ,0 ,0 ,5 ,4 ,1 
전북,정읍시,일반,남자,65-69세,80 ,1 ,1 ,5 ,14 ,4 ,0 ,15 ,16 ,4 
전북,정읍시,일반,남자,70-74세,102 ,1 ,1 ,5 ,24 ,7 ,0 ,15 ,15 ,6 
전북,정읍시,일반,남자,75-79세,185 ,4 ,6 ,19 ,38 ,22 ,1 ,18 ,27 ,6 
전북,정읍시,일반,남자,80-84세,242 ,4 ,6 ,15 ,83 ,34 ,2 ,22 ,21 ,6 
전북,정읍시,일반,남자,85세이상,257 ,5 ,6 ,21 ,103 ,46 ,6 ,25 ,9 ,2 
전북,정읍시,일반,여자,65세미만,15 ,0 ,0 ,2 ,3 ,0 ,0 ,6 ,0 ,0 
전북,정읍시,일반,여자,65-69세,122 ,1 ,2 ,4 ,6 ,3 ,0 ,27 ,23 ,11 
전북,정읍시,일반,여자,70-74세,217 ,2 ,2 ,13 ,32 ,11 ,2 ,36 ,40 ,5 
전북,정읍시,일반,여자,75-79세,412 ,6 ,6 ,22 ,85 ,32 ,11 ,79 ,60 ,12 
전북,정읍시,일반,여자,80-84세,605 ,6 ,12 ,42 ,190 ,88 ,15 ,84 ,51 ,3 
전북,정읍시,일반,여자,85세이상,658 ,10 ,26 ,76 ,284 ,98 ,6 ,47 ,24 ,2 
전북,정읍시,기초,남자,65세미만,67 ,1 ,2 ,12 ,13 ,7 ,1 ,11 ,3 ,5 
전북,정읍시,기초,남자,65-69세,105 ,0 ,1 ,1 ,26 ,14 ,2 ,18 ,23 ,3 
전북,정읍시,기초,남자,70-74세,71 ,0 ,4 ,3 ,17 ,9 ,3 ,11 ,14 ,1 
전북,정읍시,기초,남자,75-79세,64 ,1 ,1 ,5 ,25 ,6 ,2 ,8 ,6 ,2 
전북,정읍시,기초,남자,80-84세,35 ,0 ,0 ,5 ,9 ,12 ,1 ,3 ,1 ,0 
전북,정읍시,기초,남자,85세이상,36 ,0 ,2 ,6 ,15 ,4 ,0 ,2 ,1 ,1 
전북,정읍시,기초,여자,65세미만,36 ,1 ,0 ,5 ,11 ,2 ,2 ,3 ,4 ,2 
전북,정읍시,기초,여자,65-69세,76 ,0 ,0 ,0 ,14 ,4 ,3 ,10 ,15 ,10 
전북,정읍시,기초,여자,70-74세,107 ,1 ,3 ,6 ,21 ,11 ,4 ,10 ,31 ,0 
전북,정읍시,기초,여자,75-79세,148 ,1 ,2 ,12 ,50 ,24 ,1 ,11 ,18 ,3 
전북,정읍시,기초,여자,80-84세,143 ,1 ,4 ,17 ,53 ,34 ,2 ,8 ,11 ,0 
전북,정읍시,기초,여자,85세이상,224 ,8 ,9 ,26 ,115 ,30 ,2 ,8 ,5 ,0 
전북,정읍시,의료,남자,65세미만,1 ,0 ,0 ,0 ,1 ,0 ,0 ,0 ,0 ,0 
전북,정읍시,의료,남자,65-69세,2 ,0 ,0 ,0 ,0 ,0 ,0 ,1 ,1 ,0 
전북,정읍시,의료,남자,70-74세,4 ,0 ,0 ,0 ,1 ,1 ,0 ,1 ,1 ,0 
전북,정읍시,의료,남자,75-79세,8 ,0 ,0 ,0 ,2 ,1 ,0 ,3 ,1 ,0 
전북,정읍시,의료,남자,80-84세,3 ,0 ,0 ,1 ,0 ,0 ,0 ,1 ,0 ,0 
전북,정읍시,의료,남자,85세이상,4 ,0 ,0 ,1 ,2 ,1 ,0 ,0 ,0 ,0 
전북,정읍시,의료,여자,65세미만,0 ,0 ,0 ,0 ,0 ,0 ,0 ,0 ,0 ,0 
전북,정읍시,의료,여자,65-69세,1 ,0 ,0 ,0 ,1 ,0 ,0 ,0 ,0 ,0 
전북,정읍시,의료,여자,70-74세,7 ,0 ,0 ,2 ,2 ,0 ,0 ,0 ,2 ,0 
전북,정읍시,의료,여자,75-79세,5 ,0 ,0 ,1 ,1 ,1 ,0 ,1 ,0 ,0 
전북,정읍시,의료,여자,80-84세,17 ,0 ,1 ,1 ,9 ,2 ,0 ,2 ,0 ,0 
전북,정읍시,의료,여자,85세이상,37 ,2 ,1 ,6 ,19 ,6 ,0 ,1 ,0 ,0 
전북,정읍시,감경,남자,65세미만,18 ,1 ,2 ,6 ,6 ,1 ,0 ,0 ,0 ,1 
전북,정읍시,감경,남자,65-69세,47 ,1 ,3 ,7 ,21 ,2 ,2 ,2 ,2 ,1 
전북,정읍시,감경,남자,70-74세,83 ,1 ,2 ,16 ,34 ,17 ,3 ,0 ,3 ,1 
전북,정읍시,감경,남자,75-79세,100 ,2 ,2 ,21 ,41 ,25 ,2 ,0 ,2 ,1 
전북,정읍시,감경,남자,80-84세,176 ,2 ,5 ,29 ,79 ,44 ,7 ,2 ,3 ,0 
전북,정읍시,감경,남자,85세이상,209 ,5 ,6 ,29 ,116 ,38 ,7 ,3 ,2 ,0 
전북,정읍시,감경,여자,65세미만,22 ,1 ,1 ,5 ,9 ,3 ,0 ,2 ,0 ,0 
전북,정읍시,감경,여자,65-69세,52 ,2 ,0 ,8 ,19 ,7 ,1 ,3 ,8 ,1 
전북,정읍시,감경,여자,70-74세,145 ,1 ,11 ,17 ,52 ,26 ,3 ,5 ,8 ,5 
전북,정읍시,감경,여자,75-79세,267 ,4 ,9 ,33 ,114 ,47 ,5 ,7 ,17 ,1 
전북,정읍시,감경,여자,80-84세,641 ,8 ,21 ,80 ,310 ,159 ,20 ,12 ,8 ,0 
전북,정읍시,감경,여자,85세이상,1094 ,24 ,43 ,202 ,603 ,176 ,8 ,5 ,5 ,1 
전북,남원시,일반,남자,65세미만,13 ,1 ,0 ,1 ,0 ,0 ,0 ,5 ,1 ,0 
전북,남원시,일반,남자,65-69세,35 ,0 ,1 ,3 ,12 ,1 ,1 ,6 ,5 ,1 
전북,남원시,일반,남자,70-74세,52 ,1 ,2 ,7 ,11 ,2 ,2 ,5 ,10 ,1 
전북,남원시,일반,남자,75-79세,90 ,0 ,5 ,10 ,19 ,11 ,1 ,12 ,10 ,3 
전북,남원시,일반,남자,80-84세,137 ,1 ,7 ,17 ,55 ,19 ,4 ,8 ,4 ,4 
전북,남원시,일반,남자,85세이상,200 ,4 ,4 ,43 ,84 ,18 ,3 ,15 ,6 ,0 
전북,남원시,일반,여자,65세미만,11 ,1 ,0 ,2 ,3 ,0 ,0 ,3 ,0 ,0 
전북,남원시,일반,여자,65-69세,69 ,2 ,2 ,5 ,7 ,2 ,1 ,17 ,17 ,1 
전북,남원시,일반,여자,70-74세,101 ,1 ,4 ,6 ,19 ,11 ,1 ,18 ,17 ,3 
전북,남원시,일반,여자,75-79세,218 ,4 ,5 ,22 ,54 ,24 ,4 ,34 ,25 ,3 
전북,남원시,일반,여자,80-84세,482 ,2 ,14 ,63 ,199 ,50 ,9 ,52 ,24 ,9 
전북,남원시,일반,여자,85세이상,556 ,11 ,27 ,107 ,250 ,42 ,8 ,35 ,21 ,3 
전북,남원시,기초,남자,65세미만,47 ,3 ,1 ,9 ,11 ,2 ,1 ,7 ,3 ,0 
전북,남원시,기초,남자,65-69세,59 ,3 ,1 ,5 ,19 ,6 ,1 ,7 ,7 ,4 
전북,남원시,기초,남자,70-74세,39 ,0 ,4 ,5 ,15 ,5 ,0 ,3 ,4 ,0 
전북,남원시,기초,남자,75-79세,34 ,0 ,2 ,6 ,12 ,2 ,0 ,6 ,4 ,0 
전북,남원시,기초,남자,80-84세,44 ,0 ,2 ,4 ,21 ,6 ,1 ,5 ,4 ,0 
전북,남원시,기초,남자,85세이상,20 ,0 ,1 ,1 ,4 ,4 ,2 ,4 ,3 ,0 
전북,남원시,기초,여자,65세미만,24 ,0 ,3 ,2 ,3 ,1 ,1 ,5 ,2 ,2 
전북,남원시,기초,여자,65-69세,55 ,1 ,0 ,6 ,23 ,2 ,3 ,8 ,4 ,0 
전북,남원시,기초,여자,70-74세,59 ,0 ,3 ,6 ,25 ,5 ,0 ,3 ,7 ,0 
전북,남원시,기초,여자,75-79세,98 ,1 ,4 ,11 ,36 ,13 ,2 ,7 ,13 ,2 
전북,남원시,기초,여자,80-84세,129 ,5 ,10 ,15 ,54 ,15 ,3 ,10 ,6 ,0 
전북,남원시,기초,여자,85세이상,172 ,3 ,11 ,39 ,78 ,23 ,1 ,3 ,3 ,0 
전북,남원시,의료,남자,65세미만,1 ,0 ,0 ,0 ,0 ,0 ,0 ,0 ,0 ,0 
전북,남원시,의료,남자,70-74세,0 ,0 ,0 ,0 ,0 ,0 ,0 ,0 ,0 ,0 
전북,남원시,의료,남자,75-79세,1 ,0 ,0 ,1 ,0 ,0 ,0 ,0 ,0 ,0 
전북,남원시,의료,남자,80-84세,1 ,0 ,0 ,0 ,0 ,1 ,0 ,0 ,0 ,0 
전북,남원시,의료,남자,85세이상,3 ,0 ,0 ,1 ,0 ,1 ,0 ,0 ,0 ,0 
전북,남원시,의료,여자,65세미만,0 ,0 ,0 ,0 ,0 ,0 ,0 ,0 ,0 ,0 
전북,남원시,의료,여자,65-69세,0 ,0 ,0 ,0 ,0 ,0 ,0 ,0 ,0 ,0 
전북,남원시,의료,여자,70-74세,2 ,0 ,0 ,0 ,0 ,0 ,0 ,0 ,1 ,1 
전북,남원시,의료,여자,75-79세,5 ,0 ,1 ,1 ,1 ,0 ,0 ,2 ,0 ,0 
전북,남원시,의료,여자,80-84세,3 ,0 ,0 ,1 ,2 ,0 ,0 ,0 ,0 ,0 
전북,남원시,의료,여자,85세이상,16 ,0 ,1 ,4 ,8 ,3 ,0 ,0 ,0 ,0 
전북,남원시,감경,남자,65세미만,11 ,0 ,2 ,3 ,4 ,0 ,0 ,0 ,1 ,0 
전북,남원시,감경,남자,65-69세,30 ,1 ,1 ,7 ,13 ,4 ,0 ,2 ,1 ,0 
전북,남원시,감경,남자,70-74세,58 ,3 ,3 ,14 ,25 ,7 ,0 ,1 ,0 ,1 
전북,남원시,감경,남자,75-79세,73 ,1 ,3 ,20 ,32 ,9 ,1 ,1 ,1 ,0 
전북,남원시,감경,남자,80-84세,109 ,2 ,10 ,22 ,54 ,12 ,2 ,3 ,0 ,1 
전북,남원시,감경,남자,85세이상,161 ,4 ,7 ,37 ,90 ,20 ,1 ,1 ,0 ,0 
전북,남원시,감경,여자,65세미만,7 ,1 ,2 ,0 ,1 ,1 ,0 ,1 ,0 ,1 
전북,남원시,감경,여자,65-69세,31 ,0 ,4 ,8 ,11 ,2 ,2 ,2 ,0 ,0 
전북,남원시,감경,여자,70-74세,78 ,0 ,4 ,14 ,40 ,9 ,1 ,2 ,3 ,1 
전북,남원시,감경,여자,75-79세,183 ,4 ,8 ,35 ,89 ,19 ,4 ,2 ,2 ,0 
전북,남원시,감경,여자,80-84세,430 ,11 ,23 ,93 ,196 ,61 ,10 ,7 ,5 ,1 
전북,남원시,감경,여자,85세이상,819 ,22 ,55 ,194 ,441 ,76 ,3 ,5 ,0 ,0 
전북,김제시,일반,남자,65세미만,9 ,2 ,0 ,0 ,1 ,0 ,0 ,3 ,0 ,1 
전북,김제시,일반,남자,65-69세,62 ,1 ,4 ,5 ,13 ,2 ,0 ,15 ,6 ,5 
전북,김제시,일반,남자,70-74세,80 ,0 ,4 ,8 ,17 ,6 ,1 ,14 ,8 ,2 
전북,김제시,일반,남자,75-79세,144 ,2 ,7 ,14 ,40 ,19 ,2 ,16 ,12 ,4 
전북,김제시,일반,남자,80-84세,174 ,1 ,5 ,13 ,60 ,32 ,2 ,18 ,11 ,2 
전북,김제시,일반,남자,85세이상,210 ,0 ,8 ,16 ,83 ,39 ,2 ,18 ,17 ,2 
전북,김제시,일반,여자,65세미만,14 ,0 ,1 ,4 ,1 ,0 ,0 ,5 ,0 ,0 
전북,김제시,일반,여자,65-69세,70 ,1 ,0 ,6 ,9 ,1 ,1 ,20 ,12 ,2 
전북,김제시,일반,여자,70-74세,154 ,0 ,0 ,9 ,28 ,10 ,3 ,37 ,13 ,6 
전북,김제시,일반,여자,75-79세,266 ,2 ,2 ,16 ,58 ,40 ,7 ,49 ,29 ,8 
전북,김제시,일반,여자,80-84세,510 ,5 ,8 ,49 ,180 ,93 ,6 ,65 ,34 ,3 
전북,김제시,일반,여자,85세이상,617 ,7 ,20 ,81 ,279 ,85 ,3 ,52 ,24 ,2 
전북,김제시,기초,남자,65세미만,53 ,1 ,6 ,11 ,10 ,2 ,1 ,5 ,3 ,1 
전북,김제시,기초,남자,65-69세,87 ,1 ,1 ,7 ,26 ,5 ,2 ,15 ,10 ,6 
전북,김제시,기초,남자,70-74세,60 ,0 ,2 ,2 ,19 ,7 ,3 ,6 ,6 ,4 
전북,김제시,기초,남자,75-79세,49 ,0 ,0 ,7 ,18 ,5 ,1 ,3 ,6 ,0 
전북,김제시,기초,남자,80-84세,47 ,0 ,1 ,8 ,19 ,9 ,1 ,4 ,1 ,1 
전북,김제시,기초,남자,85세이상,30 ,0 ,0 ,6 ,13 ,7 ,1 ,1 ,2 ,0 
전북,김제시,기초,여자,65세미만,32 ,2 ,1 ,7 ,3 ,4 ,2 ,5 ,0 ,2 
전북,김제시,기초,여자,65-69세,79 ,0 ,0 ,6 ,21 ,7 ,2 ,12 ,10 ,7 
전북,김제시,기초,여자,70-74세,74 ,1 ,2 ,8 ,20 ,9 ,2 ,10 ,9 ,3 
전북,김제시,기초,여자,75-79세,120 ,2 ,5 ,14 ,36 ,13 ,2 ,13 ,14 ,1 
전북,김제시,기초,여자,80-84세,154 ,0 ,5 ,20 ,61 ,31 ,7 ,8 ,11 ,0 
전북,김제시,기초,여자,85세이상,222 ,3 ,19 ,49 ,98 ,20 ,2 ,7 ,4 ,0 
전북,김제시,의료,남자,65세미만,0 ,0 ,0 ,0 ,0 ,0 ,0 ,0 ,0 ,0 
전북,김제시,의료,남자,65-69세,3 ,0 ,0 ,1 ,0 ,0 ,0 ,2 ,0 ,0 
전북,김제시,의료,남자,70-74세,2 ,0 ,0 ,1 ,0 ,0 ,0 ,0 ,0 ,0 
전북,김제시,의료,남자,75-79세,1 ,0 ,0 ,0 ,1 ,0 ,0 ,0 ,0 ,0 
전북,김제시,의료,남자,80-84세,2 ,0 ,0 ,1 ,0 ,0 ,0 ,1 ,0 ,0 
전북,김제시,의료,남자,85세이상,4 ,0 ,0 ,1 ,3 ,0 ,0 ,0 ,0 ,0 
전북,김제시,의료,여자,70-74세,1 ,0 ,0 ,0 ,0 ,0 ,0 ,0 ,0 ,0 
전북,김제시,의료,여자,75-79세,5 ,0 ,0 ,1 ,0 ,0 ,0 ,0 ,1 ,0 
전북,김제시,의료,여자,80-84세,7 ,0 ,2 ,1 ,3 ,0 ,0 ,0 ,0 ,0 
전북,김제시,의료,여자,85세이상,28 ,3 ,2 ,3 ,15 ,2 ,1 ,0 ,0 ,0 
전북,김제시,감경,남자,65세미만,17 ,1 ,1 ,4 ,7 ,0 ,0 ,1 ,0 ,1 
전북,김제시,감경,남자,65-69세,36 ,1 ,2 ,9 ,14 ,2 ,1 ,1 ,1 ,3 
전북,김제시,감경,남자,70-74세,60 ,1 ,5 ,13 ,20 ,10 ,1 ,1 ,2 ,2 
전북,김제시,감경,남자,75-79세,80 ,1 ,1 ,16 ,35 ,14 ,3 ,1 ,0 ,2 
전북,김제시,감경,남자,80-84세,119 ,2 ,5 ,20 ,48 ,30 ,4 ,3 ,3 ,0 
전북,김제시,감경,남자,85세이상,187 ,3 ,9 ,30 ,93 ,44 ,1 ,1 ,1 ,0 
전북,김제시,감경,여자,65세미만,10 ,2 ,0 ,3 ,3 ,0 ,0 ,0 ,0 ,0 
전북,김제시,감경,여자,65-69세,31 ,0 ,4 ,5 ,12 ,2 ,0 ,1 ,1 ,3 
전북,김제시,감경,여자,70-74세,82 ,3 ,1 ,12 ,32 ,15 ,3 ,2 ,3 ,0 
전북,김제시,감경,여자,75-79세,188 ,2 ,6 ,21 ,89 ,43 ,5 ,4 ,4 ,0 
전북,김제시,감경,여자,80-84세,468 ,9 ,13 ,75 ,240 ,88 ,9 ,7 ,6 ,0 
전북,김제시,감경,여자,85세이상,817 ,17 ,60 ,136 ,437 ,129 ,8 ,5 ,3 ,0 
전북,완주군,일반,남자,65세미만,18 ,0 ,0 ,3 ,2 ,1 ,0 ,3 ,2 ,1 
전북,완주군,일반,남자,65-69세,54 ,1 ,3 ,6 ,6 ,2 ,0 ,6 ,7 ,6 
전북,완주군,일반,남자,70-74세,88 ,0 ,3 ,18 ,20 ,6 ,0 ,8 ,6 ,2 
전북,완주군,일반,남자,75-79세,126 ,1 ,3 ,16 ,43 ,13 ,1 ,14 ,9 ,5 
전북,완주군,일반,남자,80-84세,202 ,3 ,10 ,22 ,63 ,24 ,1 ,18 ,10 ,6 
전북,완주군,일반,남자,85세이상,177 ,4 ,6 ,24 ,78 ,21 ,2 ,10 ,8 ,0 
전북,완주군,일반,여자,65세미만,13 ,0 ,1 ,1 ,1 ,2 ,0 ,1 ,1 ,0 
전북,완주군,일반,여자,65-69세,77 ,0 ,0 ,4 ,10 ,0 ,0 ,17 ,15 ,3 
전북,완주군,일반,여자,70-74세,147 ,4 ,0 ,16 ,27 ,7 ,3 ,27 ,10 ,5 
전북,완주군,일반,여자,75-79세,279 ,5 ,13 ,21 ,83 ,27 ,4 ,30 ,19 ,2 
전북,완주군,일반,여자,80-84세,483 ,10 ,16 ,53 ,209 ,50 ,3 ,40 ,20 ,2 
전북,완주군,일반,여자,85세이상,471 ,13 ,35 ,86 ,208 ,57 ,1 ,16 ,5 ,1 
전북,완주군,기초,남자,65세미만,54 ,0 ,2 ,5 ,16 ,6 ,1 ,11 ,4 ,0 
전북,완주군,기초,남자,65-69세,59 ,1 ,1 ,8 ,18 ,4 ,1 ,3 ,9 ,6 
전북,완주군,기초,남자,70-74세,44 ,1 ,2 ,5 ,17 ,0 ,1 ,4 ,4 ,1 
전북,완주군,기초,남자,75-79세,33 ,0 ,2 ,5 ,12 ,4 ,0 ,2 ,2 ,2 
전북,완주군,기초,남자,80-84세,31 ,0 ,1 ,5 ,15 ,2 ,0 ,3 ,1 ,0 
전북,완주군,기초,남자,85세이상,18 ,0 ,0 ,3 ,9 ,2 ,0 ,1 ,0 ,0 
전북,완주군,기초,여자,65세미만,29 ,2 ,1 ,7 ,7 ,3 ,0 ,2 ,0 ,0 
전북,완주군,기초,여자,65-69세,59 ,1 ,2 ,6 ,15 ,3 ,0 ,8 ,9 ,3 
전북,완주군,기초,여자,70-74세,62 ,1 ,3 ,4 ,19 ,7 ,0 ,5 ,7 ,2 
전북,완주군,기초,여자,75-79세,94 ,3 ,2 ,16 ,36 ,7 ,0 ,8 ,12 ,1 
전북,완주군,기초,여자,80-84세,102 ,4 ,3 ,15 ,47 ,8 ,2 ,8 ,3 ,2 
전북,완주군,기초,여자,85세이상,148 ,5 ,17 ,37 ,58 ,12 ,1 ,1 ,5 ,0 
전북,완주군,의료,남자,65-69세,1 ,0 ,0 ,0 ,0 ,0 ,0 ,0 ,0 ,0 
전북,완주군,의료,남자,70-74세,1 ,0 ,0 ,1 ,0 ,0 ,0 ,0 ,0 ,0 
전북,완주군,의료,남자,75-79세,1 ,0 ,0 ,0 ,0 ,0 ,0 ,0 ,0 ,0 
전북,완주군,의료,남자,80-84세,1 ,0 ,0 ,0 ,1 ,0 ,0 ,0 ,0 ,0 
전북,완주군,의료,남자,85세이상,3 ,0 ,0 ,0 ,2 ,0 ,0 ,1 ,0 ,0 
전북,완주군,의료,여자,65-69세,3 ,0 ,0 ,0 ,1 ,1 ,0 ,0 ,0 ,0 
전북,완주군,의료,여자,70-74세,3 ,0 ,1 ,1 ,1 ,0 ,0 ,0 ,0 ,0 
전북,완주군,의료,여자,75-79세,1 ,0 ,0 ,0 ,1 ,0 ,0 ,0 ,0 ,0 
전북,완주군,의료,여자,80-84세,9 ,1 ,1 ,2 ,4 ,0 ,0 ,1 ,0 ,0 
전북,완주군,의료,여자,85세이상,20 ,2 ,0 ,1 ,14 ,0 ,0 ,1 ,0 ,0 
전북,완주군,감경,남자,65세미만,17 ,2 ,1 ,0 ,9 ,1 ,1 ,1 ,1 ,0 
전북,완주군,감경,남자,65-69세,29 ,1 ,2 ,7 ,12 ,2 ,0 ,3 ,1 ,0 
전북,완주군,감경,남자,70-74세,51 ,2 ,3 ,10 ,26 ,3 ,3 ,1 ,2 ,0 
전북,완주군,감경,남자,75-79세,71 ,3 ,3 ,21 ,30 ,10 ,1 ,1 ,0 ,1 
전북,완주군,감경,남자,80-84세,99 ,2 ,9 ,22 ,43 ,18 ,1 ,0 ,0 ,0 
전북,완주군,감경,남자,85세이상,139 ,3 ,9 ,22 ,76 ,24 ,2 ,1 ,0 ,0 
전북,완주군,감경,여자,65세미만,22 ,1 ,2 ,7 ,10 ,1 ,1 ,0 ,0 ,0 
전북,완주군,감경,여자,65-69세,39 ,0 ,3 ,8 ,13 ,5 ,0 ,2 ,2 ,1 
전북,완주군,감경,여자,70-74세,88 ,5 ,4 ,22 ,36 ,9 ,1 ,1 ,1 ,0 
전북,완주군,감경,여자,75-79세,149 ,3 ,6 ,20 ,74 ,29 ,4 ,2 ,1 ,0 
전북,완주군,감경,여자,80-84세,395 ,8 ,27 ,53 ,211 ,57 ,11 ,2 ,1 ,0 
전북,완주군,감경,여자,85세이상,672 ,39 ,60 ,152 ,321 ,74 ,3 ,1 ,2 ,0 
전북,진안군,일반,남자,65세미만,0 ,0 ,0 ,0 ,0 ,0 ,0 ,0 ,0 ,0 
전북,진안군,일반,남자,65-69세,12 ,1 ,1 ,0 ,0 ,2 ,0 ,1 ,2 ,2 
전북,진안군,일반,남자,70-74세,22 ,0 ,1 ,5 ,6 ,0 ,0 ,3 ,0 ,1 
전북,진안군,일반,남자,75-79세,39 ,0 ,1 ,1 ,12 ,4 ,0 ,2 ,6 ,3 
전북,진안군,일반,남자,80-84세,56 ,0 ,2 ,12 ,22 ,11 ,0 ,3 ,3 ,1 
전북,진안군,일반,남자,85세이상,78 ,0 ,1 ,6 ,35 ,14 ,2 ,3 ,1 ,2 
전북,진안군,일반,여자,65세미만,5 ,0 ,1 ,2 ,1 ,0 ,0 ,0 ,0 ,1 
전북,진안군,일반,여자,65-69세,20 ,1 ,1 ,2 ,4 ,0 ,0 ,4 ,3 ,2 
전북,진안군,일반,여자,70-74세,36 ,2 ,0 ,2 ,4 ,1 ,2 ,9 ,5 ,4 
전북,진안군,일반,여자,75-79세,72 ,0 ,0 ,2 ,23 ,9 ,0 ,7 ,10 ,0 
전북,진안군,일반,여자,80-84세,160 ,0 ,0 ,13 ,72 ,28 ,2 ,12 ,11 ,0 
전북,진안군,일반,여자,85세이상,177 ,1 ,8 ,29 ,82 ,36 ,0 ,8 ,0 ,0 
전북,진안군,기초,남자,65세미만,10 ,0 ,0 ,3 ,5 ,0 ,0 ,1 ,0 ,0 
전북,진안군,기초,남자,65-69세,12 ,0 ,0 ,0 ,6 ,1 ,2 ,0 ,2 ,1 
전북,진안군,기초,남자,70-74세,8 ,0 ,0 ,3 ,4 ,0 ,0 ,0 ,1 ,0 
전북,진안군,기초,남자,75-79세,5 ,0 ,1 ,0 ,1 ,2 ,1 ,0 ,0 ,0 
전북,진안군,기초,남자,80-84세,13 ,0 ,0 ,3 ,4 ,4 ,0 ,0 ,0 ,0 
전북,진안군,기초,남자,85세이상,6 ,0 ,0 ,0 ,3 ,2 ,0 ,1 ,0 ,0 
전북,진안군,기초,여자,65세미만,8 ,0 ,0 ,3 ,2 ,3 ,0 ,0 ,0 ,0 
전북,진안군,기초,여자,65-69세,18 ,0 ,1 ,2 ,4 ,3 ,2 ,2 ,2 ,0 
전북,진안군,기초,여자,70-74세,28 ,0 ,1 ,2 ,10 ,5 ,0 ,3 ,2 ,4 
전북,진안군,기초,여자,75-79세,20 ,1 ,1 ,1 ,6 ,3 ,1 ,2 ,0 ,1 
전북,진안군,기초,여자,80-84세,25 ,0 ,2 ,5 ,9 ,5 ,1 ,1 ,0 ,1 
전북,진안군,기초,여자,85세이상,49 ,0 ,3 ,7 ,24 ,9 ,0 ,2 ,1 ,1 
전북,진안군,의료,남자,65-69세,0 ,0 ,0 ,0 ,0 ,0 ,0 ,0 ,0 ,0 
전북,진안군,의료,남자,70-74세,1 ,0 ,0 ,0 ,1 ,0 ,0 ,0 ,0 ,0 
전북,진안군,의료,남자,85세이상,1 ,0 ,0 ,1 ,0 ,0 ,0 ,0 ,0 ,0 
전북,진안군,의료,여자,65세미만,1 ,0 ,0 ,0 ,0 ,0 ,0 ,0 ,1 ,0 
전북,진안군,의료,여자,70-74세,0 ,0 ,0 ,0 ,0 ,0 ,0 ,0 ,0 ,0 
전북,진안군,의료,여자,75-79세,1 ,0 ,0 ,0 ,0 ,0 ,0 ,1 ,0 ,0 
전북,진안군,의료,여자,80-84세,3 ,0 ,0 ,0 ,0 ,0 ,0 ,0 ,0 ,0 
전북,진안군,의료,여자,85세이상,7 ,0 ,1 ,1 ,4 ,1 ,0 ,0 ,0 ,0 
전북,진안군,감경,남자,65세미만,3 ,0 ,0 ,1 ,2 ,0 ,0 ,0 ,0 ,0 
전북,진안군,감경,남자,65-69세,11 ,1 ,1 ,3 ,3 ,1 ,0 ,0 ,0 ,0 
전북,진안군,감경,남자,70-74세,10 ,0 ,0 ,0 ,6 ,3 ,0 ,0 ,0 ,0 
전북,진안군,감경,남자,75-79세,31 ,0 ,1 ,4 ,16 ,7 ,0 ,0 ,0 ,0 
전북,진안군,감경,남자,80-84세,36 ,0 ,0 ,3 ,20 ,9 ,1 ,0 ,1 ,0 
전북,진안군,감경,남자,85세이상,50 ,1 ,1 ,5 ,28 ,11 ,1 ,0 ,1 ,0 
전북,진안군,감경,여자,65세미만,4 ,0 ,0 ,0 ,3 ,0 ,0 ,1 ,0 ,0 
전북,진안군,감경,여자,65-69세,16 ,0 ,2 ,1 ,11 ,1 ,0 ,0 ,0 ,0 
전북,진안군,감경,여자,70-74세,24 ,1 ,0 ,2 ,12 ,6 ,0 ,1 ,1 ,0 
전북,진안군,감경,여자,75-79세,62 ,0 ,2 ,13 ,26 ,10 ,3 ,1 ,1 ,0 
전북,진안군,감경,여자,80-84세,161 ,2 ,7 ,23 ,95 ,23 ,0 ,3 ,0 ,0 
전북,진안군,감경,여자,85세이상,266 ,1 ,13 ,56 ,150 ,32 ,5 ,1 ,0 ,0 
전북,무주군,일반,남자,65세미만,5 ,0 ,0 ,0 ,1 ,0 ,0 ,1 ,0 ,1 
전북,무주군,일반,남자,65-69세,12 ,0 ,0 ,1 ,1 ,0 ,0 ,1 ,4 ,1 
전북,무주군,일반,남자,70-74세,17 ,0 ,0 ,3 ,5 ,0 ,0 ,2 ,0 ,1 
전북,무주군,일반,남자,75-79세,23 ,0 ,0 ,2 ,6 ,1 ,2 ,2 ,4 ,1 
전북,무주군,일반,남자,80-84세,44 ,0 ,1 ,5 ,16 ,1 ,2 ,3 ,4 ,3 
전북,무주군,일반,남자,85세이상,51 ,0 ,0 ,7 ,17 ,11 ,1 ,3 ,4 ,0 
전북,무주군,일반,여자,65세미만,2 ,0 ,0 ,1 ,1 ,0 ,0 ,0 ,0 ,0 
전북,무주군,일반,여자,65-69세,23 ,0 ,0 ,1 ,4 ,1 ,1 ,4 ,4 ,0 
전북,무주군,일반,여자,70-74세,25 ,0 ,1 ,1 ,2 ,1 ,0 ,4 ,4 ,3 
전북,무주군,일반,여자,75-79세,72 ,0 ,1 ,5 ,18 ,4 ,1 ,13 ,4 ,2 
전북,무주군,일반,여자,80-84세,133 ,0 ,0 ,9 ,51 ,12 ,1 ,15 ,5 ,2 
전북,무주군,일반,여자,85세이상,133 ,1 ,3 ,24 ,43 ,15 ,3 ,8 ,8 ,2 
전북,무주군,기초,남자,65세미만,9 ,1 ,0 ,2 ,1 ,2 ,0 ,0 ,1 ,0 
전북,무주군,기초,남자,65-69세,11 ,0 ,1 ,1 ,1 ,1 ,1 ,2 ,2 ,2 
전북,무주군,기초,남자,70-74세,13 ,0 ,0 ,0 ,5 ,1 ,0 ,0 ,2 ,2 
전북,무주군,기초,남자,75-79세,3 ,0 ,0 ,0 ,2 ,0 ,0 ,0 ,0 ,0 
전북,무주군,기초,남자,80-84세,4 ,0 ,0 ,1 ,2 ,0 ,0 ,0 ,1 ,0 
전북,무주군,기초,남자,85세이상,7 ,0 ,0 ,1 ,4 ,1 ,0 ,1 ,0 ,0 
전북,무주군,기초,여자,65세미만,6 ,0 ,0 ,0 ,2 ,1 ,0 ,1 ,0 ,0 
전북,무주군,기초,여자,65-69세,5 ,0 ,0 ,1 ,0 ,0 ,0 ,1 ,0 ,2 
전북,무주군,기초,여자,70-74세,15 ,0 ,0 ,2 ,5 ,2 ,0 ,1 ,4 ,0 
전북,무주군,기초,여자,75-79세,15 ,0 ,1 ,0 ,5 ,2 ,2 ,1 ,0 ,0 
전북,무주군,기초,여자,80-84세,29 ,0 ,0 ,8 ,13 ,4 ,0 ,1 ,0 ,0 
전북,무주군,기초,여자,85세이상,37 ,0 ,0 ,8 ,18 ,4 ,1 ,1 ,2 ,0 
전북,무주군,의료,남자,65세미만,0 ,0 ,0 ,0 ,0 ,0 ,0 ,0 ,0 ,0 
전북,무주군,의료,남자,75-79세,2 ,0 ,0 ,1 ,1 ,0 ,0 ,0 ,0 ,0 
전북,무주군,의료,남자,80-84세,1 ,0 ,0 ,0 ,0 ,0 ,0 ,0 ,0 ,0 
전북,무주군,의료,남자,85세이상,1 ,0 ,0 ,0 ,0 ,0 ,0 ,0 ,0 ,0 
전북,무주군,의료,여자,65-69세,0 ,0 ,0 ,0 ,0 ,0 ,0 ,0 ,0 ,0 
전북,무주군,의료,여자,70-74세,1 ,0 ,0 ,0 ,0 ,0 ,0 ,0 ,0 ,0 
전북,무주군,의료,여자,75-79세,0 ,0 ,0 ,0 ,0 ,0 ,0 ,0 ,0 ,0 
전북,무주군,의료,여자,80-84세,3 ,0 ,0 ,1 ,2 ,0 ,0 ,0 ,0 ,0 
전북,무주군,의료,여자,85세이상,9 ,0 ,0 ,2 ,4 ,2 ,0 ,0 ,0 ,0 
전북,무주군,감경,남자,65세미만,6 ,0 ,0 ,1 ,5 ,0 ,0 ,0 ,0 ,0 
전북,무주군,감경,남자,65-69세,6 ,0 ,0 ,2 ,2 ,0 ,0 ,0 ,0 ,0 
전북,무주군,감경,남자,70-74세,10 ,0 ,1 ,3 ,3 ,2 ,0 ,0 ,0 ,0 
전북,무주군,감경,남자,75-79세,22 ,0 ,0 ,5 ,14 ,3 ,0 ,0 ,0 ,0 
전북,무주군,감경,남자,80-84세,32 ,1 ,2 ,4 ,13 ,10 ,1 ,0 ,0 ,0 
전북,무주군,감경,남자,85세이상,61 ,0 ,4 ,6 ,38 ,11 ,1 ,0 ,0 ,0 
전북,무주군,감경,여자,65세미만,2 ,1 ,0 ,0 ,0 ,0 ,0 ,0 ,0 ,0 
전북,무주군,감경,여자,65-69세,8 ,0 ,0 ,0 ,5 ,1 ,1 ,0 ,0 ,0 
전북,무주군,감경,여자,70-74세,22 ,1 ,5 ,2 ,9 ,2 ,0 ,0 ,0 ,0 
전북,무주군,감경,여자,75-79세,51 ,0 ,2 ,7 ,28 ,5 ,2 ,2 ,1 ,0 
전북,무주군,감경,여자,80-84세,132 ,1 ,3 ,20 ,66 ,31 ,2 ,2 ,0 ,0 
전북,무주군,감경,여자,85세이상,210 ,1 ,4 ,38 ,131 ,29 ,5 ,0 ,0 ,0 
전북,장수군,일반,남자,65세미만,3 ,0 ,0 ,0 ,0 ,0 ,0 ,1 ,1 ,0 
전북,장수군,일반,남자,65-69세,10 ,0 ,1 ,0 ,2 ,0 ,0 ,3 ,1 ,1 
전북,장수군,일반,남자,70-74세,21 ,0 ,0 ,4 ,9 ,0 ,0 ,1 ,4 ,0 
전북,장수군,일반,남자,75-79세,16 ,0 ,1 ,0 ,7 ,2 ,0 ,1 ,1 ,0 
전북,장수군,일반,남자,80-84세,38 ,0 ,2 ,2 ,21 ,2 ,0 ,2 ,3 ,1 
전북,장수군,일반,남자,85세이상,44 ,0 ,1 ,5 ,23 ,4 ,0 ,1 ,1 ,0 
전북,장수군,일반,여자,65세미만,6 ,0 ,0 ,3 ,2 ,0 ,0 ,1 ,0 ,0 
전북,장수군,일반,여자,65-69세,8 ,0 ,0 ,1 ,1 ,0 ,0 ,1 ,1 ,1 
전북,장수군,일반,여자,70-74세,30 ,0 ,0 ,3 ,3 ,2 ,1 ,2 ,7 ,0 
전북,장수군,일반,여자,75-79세,50 ,0 ,0 ,3 ,11 ,3 ,1 ,6 ,11 ,0 
전북,장수군,일반,여자,80-84세,103 ,1 ,3 ,11 ,41 ,9 ,0 ,13 ,7 ,0 
전북,장수군,일반,여자,85세이상,120 ,2 ,6 ,16 ,62 ,6 ,1 ,6 ,0 ,0 
전북,장수군,기초,남자,65세미만,12 ,0 ,0 ,0 ,2 ,1 ,0 ,2 ,5 ,2 
전북,장수군,기초,남자,65-69세,12 ,0 ,1 ,1 ,4 ,3 ,0 ,1 ,2 ,0 
전북,장수군,기초,남자,70-74세,12 ,0 ,1 ,0 ,5 ,1 ,0 ,2 ,2 ,0 
전북,장수군,기초,남자,75-79세,7 ,1 ,0 ,1 ,4 ,1 ,0 ,0 ,0 ,0 
전북,장수군,기초,남자,80-84세,5 ,0 ,0 ,1 ,4 ,0 ,0 ,0 ,0 ,0 
전북,장수군,기초,남자,85세이상,6 ,0 ,0 ,1 ,4 ,1 ,0 ,0 ,0 ,0 
전북,장수군,기초,여자,65세미만,5 ,0 ,1 ,1 ,1 ,0 ,0 ,1 ,0 ,1 
전북,장수군,기초,여자,65-69세,15 ,0 ,0 ,1 ,5 ,0 ,0 ,4 ,2 ,2 
전북,장수군,기초,여자,70-74세,14 ,0 ,0 ,3 ,6 ,0 ,0 ,1 ,2 ,1 
전북,장수군,기초,여자,75-79세,18 ,0 ,0 ,1 ,7 ,1 ,0 ,2 ,4 ,1 
전북,장수군,기초,여자,80-84세,26 ,0 ,1 ,3 ,14 ,2 ,0 ,2 ,0 ,1 
전북,장수군,기초,여자,85세이상,25 ,1 ,2 ,1 ,14 ,3 ,0 ,1 ,1 ,0 
전북,장수군,의료,남자,75-79세,1 ,0 ,0 ,0 ,0 ,0 ,0 ,0 ,1 ,0 
전북,장수군,의료,남자,85세이상,0 ,0 ,0 ,0 ,0 ,0 ,0 ,0 ,0 ,0 
전북,장수군,의료,여자,65-69세,1 ,0 ,0 ,0 ,0 ,0 ,0 ,0 ,0 ,0 
전북,장수군,의료,여자,70-74세,1 ,0 ,0 ,0 ,0 ,0 ,0 ,0 ,0 ,1 
전북,장수군,의료,여자,75-79세,2 ,0 ,0 ,1 ,0 ,0 ,0 ,0 ,1 ,0 
전북,장수군,의료,여자,80-84세,2 ,1 ,0 ,1 ,0 ,0 ,0 ,0 ,0 ,0 
전북,장수군,의료,여자,85세이상,4 ,0 ,0 ,0 ,3 ,0 ,0 ,0 ,0 ,0 
전북,장수군,감경,남자,65세미만,3 ,0 ,0 ,0 ,1 ,0 ,0 ,0 ,0 ,0 
전북,장수군,감경,남자,65-69세,11 ,0 ,0 ,3 ,6 ,0 ,1 ,0 ,0 ,0 
전북,장수군,감경,남자,70-74세,9 ,0 ,0 ,1 ,7 ,0 ,0 ,0 ,0 ,1 
전북,장수군,감경,남자,75-79세,21 ,0 ,2 ,0 ,11 ,4 ,0 ,1 ,0 ,0 
전북,장수군,감경,남자,80-84세,18 ,0 ,0 ,5 ,11 ,1 ,0 ,0 ,0 ,0 
전북,장수군,감경,남자,85세이상,49 ,0 ,0 ,12 ,31 ,6 ,0 ,0 ,0 ,0 
전북,장수군,감경,여자,65세미만,2 ,0 ,0 ,1 ,1 ,0 ,0 ,0 ,0 ,0 
전북,장수군,감경,여자,65-69세,11 ,0 ,1 ,2 ,3 ,2 ,0 ,0 ,1 ,0 
전북,장수군,감경,여자,70-74세,19 ,0 ,1 ,3 ,9 ,1 ,0 ,1 ,2 ,0 
전북,장수군,감경,여자,75-79세,33 ,1 ,0 ,3 ,21 ,2 ,0 ,0 ,1 ,0 
전북,장수군,감경,여자,80-84세,74 ,1 ,5 ,12 ,40 ,7 ,0 ,0 ,0 ,0 
전북,장수군,감경,여자,85세이상,172 ,4 ,10 ,35 ,99 ,15 ,0 ,0 ,0 ,0 
전북,임실군,일반,남자,65세미만,5 ,0 ,0 ,0 ,1 ,0 ,0 ,1 ,0 ,0 
전북,임실군,일반,남자,65-69세,8 ,1 ,0 ,1 ,4 ,0 ,0 ,1 ,0 ,1 
전북,임실군,일반,남자,70-74세,26 ,2 ,0 ,1 ,5 ,0 ,0 ,6 ,6 ,0 
전북,임실군,일반,남자,75-79세,48 ,0 ,2 ,6 ,17 ,3 ,0 ,7 ,6 ,0 
전북,임실군,일반,남자,80-84세,75 ,0 ,4 ,6 ,24 ,11 ,0 ,10 ,6 ,1 
전북,임실군,일반,남자,85세이상,86 ,0 ,2 ,14 ,33 ,13 ,1 ,4 ,0 ,6 
전북,임실군,일반,여자,65세미만,5 ,0 ,0 ,0 ,3 ,0 ,0 ,1 ,0 ,0 
전북,임실군,일반,여자,65-69세,26 ,0 ,1 ,0 ,2 ,2 ,0 ,8 ,2 ,0 
전북,임실군,일반,여자,70-74세,50 ,0 ,1 ,4 ,9 ,5 ,0 ,13 ,6 ,1 
전북,임실군,일반,여자,75-79세,110 ,0 ,2 ,6 ,30 ,9 ,4 ,17 ,18 ,0 
전북,임실군,일반,여자,80-84세,140 ,0 ,4 ,11 ,54 ,18 ,4 ,15 ,12 ,4 
전북,임실군,일반,여자,85세이상,170 ,2 ,8 ,27 ,60 ,18 ,5 ,20 ,10 ,0 
전북,임실군,기초,남자,65세미만,13 ,0 ,1 ,1 ,3 ,2 ,0 ,0 ,3 ,0 
전북,임실군,기초,남자,65-69세,21 ,0 ,0 ,3 ,6 ,1 ,2 ,4 ,2 ,1 
전북,임실군,기초,남자,70-74세,20 ,0 ,0 ,2 ,9 ,3 ,0 ,1 ,1 ,1 
전북,임실군,기초,남자,75-79세,9 ,0 ,0 ,0 ,5 ,2 ,1 ,0 ,0 ,0 
전북,임실군,기초,남자,80-84세,17 ,0 ,0 ,1 ,10 ,4 ,0 ,0 ,0 ,0 
전북,임실군,기초,남자,85세이상,7 ,0 ,0 ,2 ,3 ,1 ,0 ,0 ,1 ,0 
전북,임실군,기초,여자,65세미만,5 ,0 ,0 ,1 ,1 ,0 ,0 ,1 ,1 ,0 
전북,임실군,기초,여자,65-69세,12 ,0 ,0 ,0 ,2 ,1 ,1 ,0 ,4 ,1 
전북,임실군,기초,여자,70-74세,18 ,0 ,2 ,0 ,7 ,1 ,1 ,4 ,2 ,0 
전북,임실군,기초,여자,75-79세,19 ,0 ,2 ,2 ,5 ,3 ,0 ,3 ,2 ,1 
전북,임실군,기초,여자,80-84세,49 ,0 ,3 ,6 ,25 ,5 ,1 ,2 ,3 ,0 
전북,임실군,기초,여자,85세이상,43 ,1 ,4 ,8 ,22 ,7 ,0 ,0 ,0 ,0 
전북,임실군,의료,남자,65세미만,0 ,0 ,0 ,0 ,0 ,0 ,0 ,0 ,0 ,0 
전북,임실군,의료,남자,65-69세,0 ,0 ,0 ,0 ,0 ,0 ,0 ,0 ,0 ,0 
전북,임실군,의료,남자,70-74세,2 ,1 ,0 ,0 ,0 ,1 ,0 ,0 ,0 ,0 
전북,임실군,의료,남자,80-84세,1 ,0 ,0 ,0 ,1 ,0 ,0 ,0 ,0 ,0 
전북,임실군,의료,남자,85세이상,0 ,0 ,0 ,0 ,0 ,0 ,0 ,0 ,0 ,0 
전북,임실군,의료,여자,70-74세,0 ,0 ,0 ,0 ,0 ,0 ,0 ,0 ,0 ,0 
전북,임실군,의료,여자,75-79세,3 ,0 ,0 ,0 ,0 ,1 ,0 ,2 ,0 ,0 
전북,임실군,의료,여자,80-84세,4 ,0 ,1 ,0 ,2 ,1 ,0 ,0 ,0 ,0 
전북,임실군,의료,여자,85세이상,9 ,0 ,0 ,2 ,5 ,1 ,0 ,0 ,0 ,0 
전북,임실군,감경,남자,65세미만,3 ,1 ,0 ,0 ,0 ,0 ,1 ,0 ,0 ,0 
전북,임실군,감경,남자,65-69세,19 ,1 ,0 ,3 ,9 ,4 ,0 ,0 ,1 ,0 
전북,임실군,감경,남자,70-74세,16 ,1 ,1 ,5 ,4 ,3 ,0 ,0 ,0 ,0 
전북,임실군,감경,남자,75-79세,32 ,0 ,2 ,10 ,11 ,6 ,3 ,0 ,0 ,0 
전북,임실군,감경,남자,80-84세,50 ,3 ,1 ,11 ,23 ,4 ,2 ,0 ,1 ,0 
전북,임실군,감경,남자,85세이상,75 ,1 ,4 ,16 ,37 ,14 ,3 ,0 ,0 ,0 
전북,임실군,감경,여자,65세미만,7 ,1 ,1 ,1 ,2 ,0 ,0 ,0 ,0 ,0 
전북,임실군,감경,여자,65-69세,10 ,0 ,0 ,2 ,2 ,1 ,1 ,1 ,0 ,0 
전북,임실군,감경,여자,70-74세,35 ,2 ,2 ,2 ,17 ,5 ,2 ,1 ,1 ,0 
전북,임실군,감경,여자,75-79세,79 ,0 ,2 ,15 ,45 ,10 ,2 ,1 ,1 ,0 
전북,임실군,감경,여자,80-84세,223 ,2 ,7 ,40 ,120 ,38 ,5 ,0 ,0 ,0 
전북,임실군,감경,여자,85세이상,379 ,3 ,12 ,86 ,225 ,42 ,4 ,1 ,1 ,0 
전북,순창군,일반,남자,65세미만,5 ,0 ,0 ,0 ,0 ,0 ,0 ,3 ,1 ,0 
전북,순창군,일반,남자,65-69세,19 ,0 ,1 ,1 ,4 ,0 ,0 ,6 ,3 ,0 
전북,순창군,일반,남자,70-74세,19 ,0 ,0 ,2 ,3 ,2 ,0 ,4 ,3 ,1 
전북,순창군,일반,남자,75-79세,32 ,0 ,0 ,4 ,8 ,1 ,2 ,3 ,5 ,1 
전북,순창군,일반,남자,80-84세,71 ,0 ,5 ,7 ,25 ,2 ,3 ,4 ,5 ,2 
전북,순창군,일반,남자,85세이상,85 ,0 ,1 ,12 ,33 ,9 ,1 ,10 ,3 ,0 
전북,순창군,일반,여자,65세미만,10 ,0 ,1 ,0 ,3 ,1 ,0 ,4 ,0 ,0 
전북,순창군,일반,여자,65-69세,29 ,0 ,0 ,2 ,2 ,1 ,0 ,10 ,1 ,3 
전북,순창군,일반,여자,70-74세,61 ,0 ,0 ,3 ,8 ,2 ,1 ,19 ,8 ,1 
전북,순창군,일반,여자,75-79세,118 ,1 ,2 ,6 ,25 ,6 ,4 ,21 ,26 ,1 
전북,순창군,일반,여자,80-84세,209 ,0 ,6 ,11 ,83 ,30 ,3 ,24 ,12 ,2 
전북,순창군,일반,여자,85세이상,206 ,2 ,6 ,18 ,105 ,18 ,0 ,13 ,7 ,1 
전북,순창군,기초,남자,65세미만,15 ,0 ,3 ,0 ,3 ,0 ,2 ,2 ,3 ,1 
전북,순창군,기초,남자,65-69세,21 ,0 ,0 ,1 ,10 ,1 ,0 ,2 ,3 ,1 
전북,순창군,기초,남자,70-74세,7 ,0 ,1 ,0 ,1 ,1 ,0 ,3 ,0 ,0 
전북,순창군,기초,남자,75-79세,7 ,0 ,0 ,0 ,3 ,0 ,0 ,0 ,1 ,0 
전북,순창군,기초,남자,80-84세,5 ,0 ,0 ,0 ,2 ,0 ,1 ,2 ,0 ,0 
전북,순창군,기초,남자,85세이상,7 ,0 ,0 ,1 ,2 ,0 ,0 ,0 ,1 ,0 
전북,순창군,기초,여자,65세미만,6 ,0 ,0 ,3 ,3 ,0 ,0 ,0 ,0 ,0 
전북,순창군,기초,여자,65-69세,22 ,0 ,1 ,3 ,4 ,1 ,1 ,2 ,6 ,0 
전북,순창군,기초,여자,70-74세,21 ,1 ,0 ,2 ,5 ,2 ,0 ,2 ,5 ,0 
전북,순창군,기초,여자,75-79세,23 ,0 ,0 ,2 ,10 ,1 ,1 ,2 ,4 ,1 
전북,순창군,기초,여자,80-84세,44 ,1 ,0 ,6 ,26 ,0 ,1 ,3 ,1 ,1 
전북,순창군,기초,여자,85세이상,52 ,0 ,3 ,8 ,32 ,3 ,1 ,1 ,0 ,0 
전북,순창군,의료,남자,80-84세,0 ,0 ,0 ,0 ,0 ,0 ,0 ,0 ,0 ,0 
전북,순창군,의료,남자,85세이상,1 ,0 ,0 ,0 ,1 ,0 ,0 ,0 ,0 ,0 
전북,순창군,의료,여자,70-74세,0 ,0 ,0 ,0 ,0 ,0 ,0 ,0 ,0 ,0 
전북,순창군,의료,여자,75-79세,1 ,0 ,0 ,0 ,1 ,0 ,0 ,0 ,0 ,0 
전북,순창군,의료,여자,80-84세,3 ,0 ,0 ,0 ,3 ,0 ,0 ,0 ,0 ,0 
전북,순창군,의료,여자,85세이상,5 ,0 ,0 ,2 ,1 ,2 ,0 ,0 ,0 ,0 
전북,순창군,감경,남자,65세미만,3 ,2 ,0 ,0 ,1 ,0 ,0 ,0 ,0 ,0 
전북,순창군,감경,남자,65-69세,7 ,0 ,0 ,2 ,4 ,0 ,0 ,0 ,0 ,0 
전북,순창군,감경,남자,70-74세,14 ,0 ,0 ,0 ,10 ,1 ,1 ,0 ,0 ,0 
전북,순창군,감경,남자,75-79세,20 ,2 ,0 ,1 ,12 ,3 ,2 ,0 ,0 ,0 
전북,순창군,감경,남자,80-84세,46 ,0 ,3 ,7 ,30 ,3 ,2 ,0 ,0 ,0 
전북,순창군,감경,남자,85세이상,61 ,0 ,2 ,5 ,42 ,11 ,0 ,0 ,0 ,0 
전북,순창군,감경,여자,65세미만,0 ,0 ,0 ,0 ,0 ,0 ,0 ,0 ,0 ,0 
전북,순창군,감경,여자,65-69세,9 ,1 ,0 ,2 ,3 ,2 ,0 ,0 ,0 ,0 
전북,순창군,감경,여자,70-74세,35 ,0 ,0 ,2 ,22 ,5 ,1 ,1 ,2 ,0 
전북,순창군,감경,여자,75-79세,81 ,2 ,6 ,8 ,44 ,7 ,3 ,1 ,2 ,0 
전북,순창군,감경,여자,80-84세,225 ,2 ,6 ,35 ,130 ,36 ,0 ,0 ,0 ,0 
전북,순창군,감경,여자,85세이상,284 ,3 ,10 ,51 ,188 ,22 ,1 ,0 ,0 ,0 
전북,고창군,일반,남자,65세미만,12 ,0 ,0 ,1 ,2 ,1 ,0 ,1 ,1 ,1 
전북,고창군,일반,남자,65-69세,44 ,0 ,2 ,8 ,6 ,3 ,0 ,5 ,8 ,1 
전북,고창군,일반,남자,70-74세,47 ,0 ,0 ,2 ,11 ,1 ,2 ,9 ,5 ,4 
전북,고창군,일반,남자,75-79세,98 ,1 ,4 ,7 ,28 ,10 ,1 ,10 ,7 ,5 
전북,고창군,일반,남자,80-84세,150 ,0 ,0 ,15 ,54 ,20 ,4 ,10 ,12 ,4 
전북,고창군,일반,남자,85세이상,155 ,1 ,4 ,14 ,74 ,22 ,4 ,7 ,8 ,3 
전북,고창군,일반,여자,65세미만,7 ,1 ,0 ,0 ,1 ,0 ,0 ,1 ,2 ,1 
전북,고창군,일반,여자,65-69세,51 ,2 ,0 ,4 ,8 ,0 ,0 ,9 ,7 ,1 
전북,고창군,일반,여자,70-74세,113 ,0 ,3 ,5 ,18 ,12 ,2 ,26 ,9 ,5 
전북,고창군,일반,여자,75-79세,214 ,0 ,5 ,12 ,66 ,18 ,5 ,33 ,22 ,4 
전북,고창군,일반,여자,80-84세,378 ,2 ,2 ,43 ,145 ,53 ,10 ,34 ,14 ,3 
전북,고창군,일반,여자,85세이상,374 ,1 ,16 ,36 ,186 ,42 ,5 ,27 ,10 ,2 
전북,고창군,기초,남자,65세미만,23 ,0 ,4 ,3 ,7 ,1 ,0 ,3 ,3 ,0 
전북,고창군,기초,남자,65-69세,44 ,0 ,3 ,5 ,8 ,5 ,3 ,5 ,5 ,5 
전북,고창군,기초,남자,70-74세,20 ,0 ,0 ,1 ,9 ,1 ,0 ,5 ,1 ,1 
전북,고창군,기초,남자,75-79세,17 ,1 ,0 ,1 ,10 ,0 ,1 ,1 ,1 ,0 
전북,고창군,기초,남자,80-84세,13 ,0 ,0 ,2 ,3 ,2 ,1 ,1 ,0 ,0 
전북,고창군,기초,남자,85세이상,13 ,0 ,1 ,1 ,8 ,2 ,0 ,1 ,0 ,0 
전북,고창군,기초,여자,65세미만,15 ,0 ,0 ,0 ,4 ,2 ,0 ,4 ,1 ,1 
전북,고창군,기초,여자,65-69세,19 ,0 ,1 ,2 ,2 ,3 ,3 ,4 ,1 ,0 
전북,고창군,기초,여자,70-74세,30 ,1 ,1 ,2 ,10 ,4 ,2 ,2 ,4 ,0 
전북,고창군,기초,여자,75-79세,49 ,1 ,2 ,5 ,24 ,3 ,1 ,3 ,4 ,0 
전북,고창군,기초,여자,80-84세,81 ,1 ,0 ,8 ,37 ,14 ,1 ,6 ,4 ,1 
전북,고창군,기초,여자,85세이상,104 ,3 ,6 ,28 ,34 ,9 ,0 ,2 ,1 ,1 
전북,고창군,의료,남자,65-69세,0 ,0 ,0 ,0 ,0 ,0 ,0 ,0 ,0 ,0 
전북,고창군,의료,남자,70-74세,1 ,0 ,0 ,0 ,0 ,0 ,1 ,0 ,0 ,0 
전북,고창군,의료,남자,75-79세,4 ,0 ,1 ,0 ,1 ,0 ,0 ,0 ,0 ,0 
전북,고창군,의료,남자,80-84세,4 ,0 ,0 ,2 ,2 ,0 ,0 ,0 ,0 ,0 
전북,고창군,의료,남자,85세이상,3 ,0 ,0 ,0 ,3 ,0 ,0 ,0 ,0 ,0 
전북,고창군,의료,여자,65-69세,0 ,0 ,0 ,0 ,0 ,0 ,0 ,0 ,0 ,0 
전북,고창군,의료,여자,70-74세,6 ,0 ,0 ,1 ,2 ,0 ,1 ,1 ,0 ,0 
전북,고창군,의료,여자,75-79세,3 ,0 ,0 ,0 ,1 ,0 ,0 ,1 ,0 ,0 
전북,고창군,의료,여자,80-84세,11 ,0 ,0 ,1 ,4 ,2 ,0 ,2 ,1 ,0 
전북,고창군,의료,여자,85세이상,25 ,0 ,2 ,2 ,15 ,3 ,1 ,1 ,0 ,0 
전북,고창군,감경,남자,65세미만,11 ,2 ,0 ,2 ,4 ,1 ,0 ,0 ,0 ,1 
전북,고창군,감경,남자,65-69세,19 ,2 ,1 ,3 ,4 ,3 ,0 ,1 ,1 ,1 
전북,고창군,감경,남자,70-74세,37 ,3 ,3 ,4 ,22 ,3 ,0 ,0 ,0 ,0 
전북,고창군,감경,남자,75-79세,66 ,2 ,2 ,12 ,39 ,7 ,1 ,0 ,0 ,1 
전북,고창군,감경,남자,80-84세,133 ,1 ,4 ,27 ,73 ,13 ,4 ,1 ,0 ,0 
전북,고창군,감경,남자,85세이상,167 ,3 ,8 ,40 ,91 ,22 ,2 ,0 ,0 ,0 
전북,고창군,감경,여자,65세미만,5 ,0 ,1 ,2 ,2 ,0 ,0 ,0 ,0 ,0 
전북,고창군,감경,여자,65-69세,33 ,0 ,1 ,5 ,12 ,4 ,1 ,1 ,1 ,0 
전북,고창군,감경,여자,70-74세,74 ,0 ,5 ,13 ,32 ,14 ,0 ,2 ,0 ,0 
전북,고창군,감경,여자,75-79세,207 ,3 ,15 ,31 ,105 ,30 ,5 ,2 ,1 ,0 
전북,고창군,감경,여자,80-84세,520 ,6 ,24 ,75 ,303 ,71 ,10 ,5 ,2 ,0 
전북,고창군,감경,여자,85세이상,737 ,5 ,40 ,143 ,454 ,63 ,3 ,0 ,0 ,0 
전북,부안군,일반,남자,65세미만,7 ,0 ,0 ,1 ,2 ,0 ,0 ,1 ,1 ,1 
전북,부안군,일반,남자,65-69세,33 ,0 ,0 ,4 ,10 ,5 ,1 ,4 ,2 ,2 
전북,부안군,일반,남자,70-74세,49 ,0 ,1 ,5 ,11 ,6 ,2 ,9 ,4 ,3 
전북,부안군,일반,남자,75-79세,79 ,0 ,1 ,2 ,22 ,10 ,3 ,9 ,5 ,4 
전북,부안군,일반,남자,80-84세,118 ,0 ,1 ,10 ,40 ,29 ,2 ,8 ,5 ,3 
전북,부안군,일반,남자,85세이상,131 ,0 ,3 ,10 ,48 ,32 ,2 ,7 ,4 ,2 
전북,부안군,일반,여자,65세미만,7 ,1 ,0 ,0 ,1 ,0 ,0 ,4 ,0 ,1 
전북,부안군,일반,여자,65-69세,34 ,0 ,0 ,1 ,2 ,1 ,0 ,14 ,6 ,2 
전북,부안군,일반,여자,70-74세,85 ,2 ,3 ,4 ,11 ,7 ,1 ,16 ,16 ,6 
전북,부안군,일반,여자,75-79세,193 ,1 ,5 ,9 ,44 ,28 ,10 ,34 ,21 ,5 
전북,부안군,일반,여자,80-84세,344 ,2 ,9 ,26 ,116 ,80 ,9 ,41 ,14 ,5 
전북,부안군,일반,여자,85세이상,358 ,6 ,12 ,36 ,163 ,60 ,13 ,14 ,7 ,2 
전북,부안군,기초,남자,65세미만,22 ,3 ,1 ,1 ,4 ,0 ,0 ,1 ,7 ,2 
전북,부안군,기초,남자,65-69세,24 ,0 ,0 ,3 ,4 ,1 ,1 ,4 ,5 ,3 
전북,부안군,기초,남자,70-74세,24 ,0 ,1 ,3 ,3 ,2 ,3 ,4 ,3 ,1 
전북,부안군,기초,남자,75-79세,15 ,0 ,0 ,0 ,6 ,2 ,1 ,0 ,2 ,1 
전북,부안군,기초,남자,80-84세,23 ,1 ,0 ,2 ,7 ,6 ,1 ,0 ,1 ,0 
전북,부안군,기초,남자,85세이상,16 ,0 ,0 ,5 ,4 ,4 ,0 ,1 ,1 ,0 
전북,부안군,기초,여자,65세미만,10 ,0 ,1 ,2 ,1 ,0 ,0 ,0 ,2 ,2 
전북,부안군,기초,여자,65-69세,20 ,0 ,1 ,1 ,9 ,0 ,1 ,2 ,2 ,2 
전북,부안군,기초,여자,70-74세,21 ,0 ,0 ,2 ,3 ,4 ,2 ,5 ,0 ,3 
전북,부안군,기초,여자,75-79세,56 ,0 ,1 ,6 ,15 ,13 ,3 ,6 ,4 ,1 
전북,부안군,기초,여자,80-84세,71 ,0 ,1 ,10 ,24 ,20 ,4 ,6 ,3 ,1 
전북,부안군,기초,여자,85세이상,77 ,1 ,2 ,13 ,35 ,16 ,2 ,2 ,2 ,0 
전북,부안군,의료,남자,70-74세,1 ,0 ,0 ,0 ,0 ,0 ,0 ,0 ,0 ,0 
전북,부안군,의료,남자,75-79세,1 ,0 ,0 ,0 ,1 ,0 ,0 ,0 ,0 ,0 
전북,부안군,의료,남자,80-84세,3 ,0 ,0 ,0 ,1 ,0 ,1 ,0 ,0 ,0 
전북,부안군,의료,남자,85세이상,3 ,0 ,0 ,0 ,1 ,1 ,0 ,0 ,0 ,0 
전북,부안군,의료,여자,65세미만,0 ,0 ,0 ,0 ,0 ,0 ,0 ,0 ,0 ,0 
전북,부안군,의료,여자,65-69세,2 ,0 ,0 ,0 ,1 ,0 ,0 ,0 ,1 ,0 
전북,부안군,의료,여자,70-74세,1 ,0 ,0 ,0 ,1 ,0 ,0 ,0 ,0 ,0 
전북,부안군,의료,여자,75-79세,3 ,0 ,0 ,0 ,1 ,0 ,0 ,1 ,0 ,1 
전북,부안군,의료,여자,80-84세,5 ,0 ,0 ,0 ,1 ,2 ,0 ,1 ,0 ,0 
전북,부안군,의료,여자,85세이상,17 ,0 ,0 ,3 ,7 ,6 ,0 ,0 ,0 ,0 
전북,부안군,감경,남자,65세미만,9 ,0 ,0 ,3 ,3 ,2 ,0 ,0 ,0 ,0 
전북,부안군,감경,남자,65-69세,23 ,0 ,0 ,4 ,14 ,2 ,0 ,2 ,0 ,1 
전북,부안군,감경,남자,70-74세,31 ,0 ,3 ,5 ,13 ,6 ,1 ,0 ,1 ,1 
전북,부안군,감경,남자,75-79세,56 ,1 ,0 ,5 ,32 ,13 ,2 ,0 ,1 ,0 
전북,부안군,감경,남자,80-84세,75 ,0 ,2 ,10 ,40 ,16 ,2 ,0 ,1 ,0 
전북,부안군,감경,남자,85세이상,99 ,0 ,1 ,21 ,51 ,21 ,2 ,0 ,1 ,1 
전북,부안군,감경,여자,65세미만,5 ,2 ,0 ,1 ,1 ,0 ,0 ,1 ,0 ,0 
전북,부안군,감경,여자,65-69세,25 ,0 ,0 ,3 ,9 ,5 ,3 ,1 ,2 ,1 
전북,부안군,감경,여자,70-74세,64 ,1 ,2 ,10 ,32 ,6 ,0 ,3 ,4 ,2 
전북,부안군,감경,여자,75-79세,118 ,1 ,9 ,14 ,34 ,38 ,5 ,1 ,3 ,0 
전북,부안군,감경,여자,80-84세,253 ,5 ,14 ,34 ,109 ,63 ,8 ,2 ,3 ,0 
전북,부안군,감경,여자,85세이상,484 ,13 ,26 ,88 ,236 ,100 ,7 ,0 ,1 ,0 
전남,목포시,일반,남자,65세미만,61 ,4 ,1 ,6 ,5 ,1 ,0 ,20 ,9 ,1 
전남,목포시,일반,남자,65-69세,76 ,2 ,7 ,9 ,11 ,3 ,0 ,13 ,6 ,7 
전남,목포시,일반,남자,70-74세,137 ,4 ,6 ,14 ,44 ,14 ,2 ,11 ,11 ,3 
전남,목포시,일반,남자,75-79세,220 ,5 ,4 ,37 ,55 ,30 ,6 ,19 ,19 ,8 
전남,목포시,일반,남자,80-84세,264 ,4 ,16 ,49 ,73 ,25 ,7 ,17 ,14 ,6 
전남,목포시,일반,남자,85세이상,213 ,0 ,11 ,29 ,80 ,35 ,6 ,8 ,7 ,1 
전남,목포시,일반,여자,65세미만,44 ,1 ,1 ,8 ,9 ,3 ,1 ,9 ,4 ,2 
전남,목포시,일반,여자,65-69세,125 ,2 ,3 ,12 ,23 ,5 ,1 ,24 ,10 ,6 
전남,목포시,일반,여자,70-74세,205 ,4 ,5 ,21 ,34 ,18 ,5 ,24 ,28 ,7 
전남,목포시,일반,여자,75-79세,408 ,6 ,21 ,55 ,99 ,38 ,12 ,66 ,22 ,4 
전남,목포시,일반,여자,80-84세,537 ,17 ,23 ,68 ,165 ,66 ,12 ,36 ,26 ,4 
전남,목포시,일반,여자,85세이상,523 ,29 ,42 ,94 ,179 ,53 ,8 ,28 ,21 ,3 
전남,목포시,기초,남자,65세미만,107 ,7 ,2 ,18 ,20 ,7 ,1 ,17 ,7 ,7 
전남,목포시,기초,남자,65-69세,128 ,2 ,6 ,11 ,34 ,12 ,2 ,21 ,13 ,3 
전남,목포시,기초,남자,70-74세,85 ,4 ,5 ,10 ,23 ,11 ,3 ,3 ,12 ,4 
전남,목포시,기초,남자,75-79세,69 ,0 ,2 ,7 ,16 ,11 ,7 ,5 ,6 ,0 
전남,목포시,기초,남자,80-84세,64 ,2 ,3 ,9 ,26 ,11 ,2 ,0 ,3 ,1 
전남,목포시,기초,남자,85세이상,39 ,1 ,1 ,7 ,16 ,7 ,1 ,0 ,0 ,1 
전남,목포시,기초,여자,65세미만,59 ,4 ,3 ,4 ,14 ,5 ,2 ,14 ,4 ,2 
전남,목포시,기초,여자,65-69세,84 ,2 ,4 ,8 ,26 ,6 ,2 ,10 ,8 ,6 
전남,목포시,기초,여자,70-74세,103 ,3 ,3 ,12 ,40 ,10 ,2 ,5 ,9 ,3 
전남,목포시,기초,여자,75-79세,168 ,4 ,15 ,22 ,52 ,26 ,8 ,6 ,16 ,4 
전남,목포시,기초,여자,80-84세,220 ,5 ,12 ,39 ,71 ,34 ,4 ,11 ,18 ,4 
전남,목포시,기초,여자,85세이상,272 ,11 ,36 ,65 ,96 ,25 ,2 ,5 ,9 ,2 
전남,목포시,의료,남자,65세미만,1 ,0 ,0 ,0 ,0 ,0 ,0 ,0 ,0 ,0 
전남,목포시,의료,남자,65-69세,2 ,0 ,0 ,1 ,0 ,0 ,0 ,0 ,0 ,0 
전남,목포시,의료,남자,70-74세,4 ,0 ,0 ,0 ,1 ,0 ,1 ,0 ,0 ,0 
전남,목포시,의료,남자,75-79세,8 ,0 ,0 ,3 ,3 ,0 ,0 ,0 ,0 ,0 
전남,목포시,의료,남자,80-84세,4 ,0 ,0 ,1 ,1 ,1 ,0 ,1 ,0 ,0 
전남,목포시,의료,남자,85세이상,9 ,0 ,1 ,2 ,3 ,2 ,0 ,0 ,0 ,0 
전남,목포시,의료,여자,65세미만,1 ,0 ,0 ,0 ,0 ,0 ,0 ,0 ,0 ,0 
전남,목포시,의료,여자,65-69세,3 ,0 ,0 ,0 ,3 ,0 ,0 ,0 ,0 ,0 
전남,목포시,의료,여자,70-74세,9 ,0 ,0 ,4 ,3 ,1 ,0 ,1 ,0 ,0 
전남,목포시,의료,여자,75-79세,11 ,0 ,1 ,0 ,5 ,1 ,0 ,0 ,1 ,0 
전남,목포시,의료,여자,80-84세,7 ,0 ,0 ,3 ,3 ,0 ,0 ,0 ,0 ,0 
전남,목포시,의료,여자,85세이상,44 ,2 ,8 ,4 ,14 ,7 ,0 ,2 ,0 ,0 
전남,목포시,감경,남자,65세미만,56 ,6 ,7 ,11 ,16 ,5 ,1 ,5 ,1 ,0 
전남,목포시,감경,남자,65-69세,68 ,4 ,6 ,16 ,26 ,6 ,3 ,1 ,0 ,0 
전남,목포시,감경,남자,70-74세,126 ,5 ,12 ,37 ,48 ,14 ,1 ,1 ,0 ,0 
전남,목포시,감경,남자,75-79세,175 ,8 ,13 ,42 ,69 ,30 ,5 ,0 ,1 ,0 
전남,목포시,감경,남자,80-84세,206 ,4 ,21 ,48 ,88 ,30 ,6 ,0 ,1 ,1 
전남,목포시,감경,남자,85세이상,186 ,6 ,18 ,40 ,83 ,25 ,8 ,1 ,2 ,0 
전남,목포시,감경,여자,65세미만,37 ,3 ,8 ,7 ,11 ,3 ,1 ,0 ,0 ,0 
전남,목포시,감경,여자,65-69세,91 ,3 ,8 ,21 ,34 ,11 ,1 ,2 ,3 ,1 
전남,목포시,감경,여자,70-74세,168 ,8 ,10 ,28 ,72 ,27 ,5 ,2 ,3 ,0 
전남,목포시,감경,여자,75-79세,401 ,13 ,35 ,70 ,156 ,74 ,16 ,6 ,3 ,1 
전남,목포시,감경,여자,80-84세,740 ,27 ,73 ,159 ,296 ,116 ,21 ,3 ,4 ,1 
전남,목포시,감경,여자,85세이상,922 ,40 ,121 ,238 ,398 ,83 ,11 ,5 ,3 ,0 
전남,여수시,일반,남자,65세미만,58 ,1 ,1 ,7 ,10 ,2 ,0 ,10 ,4 ,7 
전남,여수시,일반,남자,65-69세,132 ,0 ,5 ,10 ,26 ,1 ,0 ,22 ,13 ,6 
전남,여수시,일반,남자,70-74세,182 ,4 ,10 ,26 ,37 ,9 ,4 ,23 ,19 ,9 
전남,여수시,일반,남자,75-79세,267 ,4 ,9 ,32 ,82 ,25 ,6 ,22 ,24 ,9 
전남,여수시,일반,남자,80-84세,343 ,2 ,19 ,58 ,110 ,42 ,13 ,19 ,16 ,8 
전남,여수시,일반,남자,85세이상,286 ,2 ,9 ,40 ,120 ,32 ,4 ,24 ,11 ,6 
전남,여수시,일반,여자,65세미만,54 ,2 ,0 ,7 ,7 ,1 ,1 ,12 ,4 ,3 
전남,여수시,일반,여자,65-69세,164 ,4 ,3 ,8 ,29 ,3 ,3 ,25 ,23 ,8 
전남,여수시,일반,여자,70-74세,347 ,8 ,5 ,32 ,78 ,20 ,6 ,59 ,39 ,16 
전남,여수시,일반,여자,75-79세,533 ,5 ,18 ,53 ,150 ,46 ,21 ,70 ,39 ,10 
전남,여수시,일반,여자,80-84세,845 ,12 ,49 ,95 ,298 ,93 ,26 ,83 ,41 ,17 
전남,여수시,일반,여자,85세이상,902 ,25 ,54 ,163 ,369 ,87 ,14 ,49 ,32 ,4 
전남,여수시,기초,남자,65세미만,99 ,5 ,3 ,19 ,11 ,9 ,2 ,13 ,15 ,14 
전남,여수시,기초,남자,65-69세,129 ,1 ,4 ,15 ,42 ,10 ,3 ,13 ,14 ,6 
전남,여수시,기초,남자,70-74세,99 ,0 ,2 ,16 ,38 ,9 ,3 ,5 ,11 ,6 
전남,여수시,기초,남자,75-79세,83 ,1 ,2 ,12 ,29 ,11 ,2 ,2 ,10 ,5 
전남,여수시,기초,남자,80-84세,58 ,0 ,2 ,6 ,25 ,6 ,3 ,4 ,3 ,2 
전남,여수시,기초,남자,85세이상,39 ,0 ,1 ,6 ,19 ,7 ,1 ,1 ,2 ,2 
전남,여수시,기초,여자,65세미만,38 ,0 ,1 ,3 ,8 ,2 ,1 ,8 ,7 ,4 
전남,여수시,기초,여자,65-69세,105 ,3 ,1 ,12 ,30 ,6 ,3 ,13 ,16 ,4 
전남,여수시,기초,여자,70-74세,113 ,0 ,1 ,18 ,30 ,9 ,0 ,15 ,16 ,6 
전남,여수시,기초,여자,75-79세,157 ,1 ,2 ,13 ,68 ,15 ,3 ,16 ,12 ,7 
전남,여수시,기초,여자,80-84세,222 ,0 ,7 ,28 ,101 ,27 ,3 ,9 ,10 ,5 
전남,여수시,기초,여자,85세이상,289 ,10 ,17 ,69 ,125 ,25 ,4 ,10 ,8 ,0 
전남,여수시,의료,남자,65세미만,0 ,0 ,0 ,0 ,0 ,0 ,0 ,0 ,0 ,0 
전남,여수시,의료,남자,65-69세,0 ,0 ,0 ,0 ,0 ,0 ,0 ,0 ,0 ,0 
전남,여수시,의료,남자,70-74세,3 ,0 ,0 ,0 ,2 ,1 ,0 ,0 ,0 ,0 
전남,여수시,의료,남자,75-79세,11 ,0 ,1 ,5 ,2 ,1 ,0 ,0 ,0 ,0 
전남,여수시,의료,남자,80-84세,4 ,0 ,0 ,0 ,2 ,2 ,0 ,0 ,0 ,0 
전남,여수시,의료,남자,85세이상,9 ,0 ,0 ,1 ,5 ,3 ,0 ,0 ,0 ,0 
전남,여수시,의료,여자,65세미만,0 ,0 ,0 ,0 ,0 ,0 ,0 ,0 ,0 ,0 
전남,여수시,의료,여자,65-69세,1 ,0 ,0 ,1 ,0 ,0 ,0 ,0 ,0 ,0 
전남,여수시,의료,여자,70-74세,13 ,0 ,1 ,3 ,6 ,0 ,0 ,0 ,1 ,0 
전남,여수시,의료,여자,75-79세,9 ,0 ,1 ,3 ,0 ,2 ,0 ,0 ,1 ,1 
전남,여수시,의료,여자,80-84세,20 ,0 ,1 ,1 ,7 ,3 ,1 ,0 ,3 ,0 
전남,여수시,의료,여자,85세이상,58 ,2 ,5 ,6 ,27 ,3 ,1 ,2 ,3 ,0 
전남,여수시,감경,남자,65세미만,32 ,3 ,3 ,8 ,10 ,3 ,0 ,0 ,0 ,0 
전남,여수시,감경,남자,65-69세,81 ,3 ,3 ,18 ,41 ,8 ,4 ,1 ,1 ,0 
전남,여수시,감경,남자,70-74세,141 ,4 ,8 ,34 ,66 ,21 ,4 ,0 ,0 ,0 
전남,여수시,감경,남자,75-79세,165 ,1 ,13 ,28 ,75 ,27 ,5 ,3 ,2 ,0 
전남,여수시,감경,남자,80-84세,230 ,2 ,12 ,40 ,121 ,34 ,11 ,0 ,1 ,2 
전남,여수시,감경,남자,85세이상,246 ,4 ,7 ,63 ,129 ,34 ,6 ,0 ,0 ,0 
전남,여수시,감경,여자,65세미만,32 ,3 ,1 ,8 ,9 ,3 ,1 ,1 ,2 ,0 
전남,여수시,감경,여자,65-69세,96 ,2 ,3 ,20 ,41 ,10 ,3 ,5 ,0 ,1 
전남,여수시,감경,여자,70-74세,161 ,7 ,12 ,30 ,60 ,29 ,1 ,2 ,2 ,0 
전남,여수시,감경,여자,75-79세,384 ,8 ,15 ,60 ,201 ,49 ,15 ,1 ,2 ,1 
전남,여수시,감경,여자,80-84세,829 ,24 ,48 ,154 ,425 ,127 ,15 ,3 ,1 ,1 
전남,여수시,감경,여자,85세이상,1228 ,35 ,114 ,297 ,602 ,124 ,8 ,1 ,0 ,1 
전남,순천시,일반,남자,65세미만,52 ,2 ,2 ,9 ,7 ,1 ,0 ,14 ,1 ,5 
전남,순천시,일반,남자,65-69세,96 ,2 ,6 ,11 ,22 ,4 ,1 ,12 ,9 ,6 
전남,순천시,일반,남자,70-74세,149 ,2 ,10 ,26 ,35 ,9 ,0 ,23 ,9 ,1 
전남,순천시,일반,남자,75-79세,200 ,5 ,12 ,32 ,63 ,19 ,6 ,17 ,14 ,2 
전남,순천시,일반,남자,80-84세,323 ,4 ,15 ,39 ,111 ,44 ,8 ,25 ,15 ,4 
전남,순천시,일반,남자,85세이상,354 ,3 ,18 ,60 ,132 ,47 ,2 ,33 ,20 ,5 
전남,순천시,일반,여자,65세미만,36 ,2 ,3 ,4 ,8 ,2 ,0 ,8 ,3 ,1 
전남,순천시,일반,여자,65-69세,142 ,2 ,7 ,16 ,22 ,3 ,2 ,20 ,15 ,6 
전남,순천시,일반,여자,70-74세,244 ,3 ,6 ,26 ,57 ,14 ,3 ,33 ,25 ,4 
전남,순천시,일반,여자,75-79세,531 ,11 ,13 ,52 ,145 ,51 ,10 ,67 ,53 ,12 
전남,순천시,일반,여자,80-84세,920 ,19 ,51 ,85 ,308 ,123 ,13 ,81 ,65 ,9 
전남,순천시,일반,여자,85세이상,1003 ,28 ,79 ,146 ,431 ,101 ,6 ,54 ,37 ,3 
전남,순천시,기초,남자,65세미만,78 ,2 ,4 ,8 ,25 ,6 ,0 ,8 ,9 ,5 
전남,순천시,기초,남자,65-69세,94 ,0 ,5 ,12 ,27 ,7 ,3 ,11 ,14 ,3 
전남,순천시,기초,남자,70-74세,67 ,0 ,5 ,10 ,22 ,7 ,0 ,5 ,5 ,2 
전남,순천시,기초,남자,75-79세,47 ,1 ,4 ,6 ,16 ,3 ,1 ,6 ,3 ,1 
전남,순천시,기초,남자,80-84세,43 ,0 ,0 ,4 ,19 ,7 ,1 ,0 ,1 ,3 
전남,순천시,기초,남자,85세이상,20 ,0 ,2 ,1 ,8 ,3 ,0 ,0 ,1 ,0 
전남,순천시,기초,여자,65세미만,29 ,4 ,1 ,3 ,8 ,1 ,2 ,4 ,0 ,3 
전남,순천시,기초,여자,65-69세,105 ,2 ,9 ,14 ,32 ,4 ,8 ,8 ,15 ,4 
전남,순천시,기초,여자,70-74세,68 ,0 ,8 ,13 ,18 ,8 ,0 ,4 ,6 ,0 
전남,순천시,기초,여자,75-79세,91 ,2 ,6 ,15 ,28 ,9 ,1 ,4 ,8 ,0 
전남,순천시,기초,여자,80-84세,146 ,3 ,12 ,19 ,53 ,20 ,2 ,6 ,10 ,3 
전남,순천시,기초,여자,85세이상,244 ,12 ,22 ,42 ,105 ,19 ,2 ,13 ,4 ,0 
전남,순천시,의료,남자,65세미만,0 ,0 ,0 ,0 ,0 ,0 ,0 ,0 ,0 ,0 
전남,순천시,의료,남자,65-69세,1 ,0 ,1 ,0 ,0 ,0 ,0 ,0 ,0 ,0 
전남,순천시,의료,남자,70-74세,4 ,0 ,0 ,1 ,0 ,0 ,0 ,2 ,0 ,1 
전남,순천시,의료,남자,75-79세,11 ,0 ,2 ,3 ,3 ,1 ,0 ,0 ,1 ,1 
전남,순천시,의료,남자,80-84세,6 ,0 ,0 ,1 ,3 ,1 ,0 ,1 ,0 ,0 
전남,순천시,의료,남자,85세이상,8 ,1 ,0 ,0 ,4 ,1 ,0 ,0 ,1 ,0 
전남,순천시,의료,여자,65세미만,0 ,0 ,0 ,0 ,0 ,0 ,0 ,0 ,0 ,0 
전남,순천시,의료,여자,65-69세,1 ,0 ,0 ,0 ,0 ,0 ,0 ,1 ,0 ,0 
전남,순천시,의료,여자,70-74세,4 ,0 ,0 ,0 ,1 ,1 ,1 ,0 ,0 ,0 
전남,순천시,의료,여자,75-79세,11 ,0 ,0 ,2 ,2 ,1 ,1 ,2 ,2 ,0 
전남,순천시,의료,여자,80-84세,24 ,1 ,3 ,6 ,7 ,2 ,0 ,1 ,2 ,0 
전남,순천시,의료,여자,85세이상,63 ,3 ,3 ,19 ,28 ,5 ,0 ,0 ,0 ,0 
전남,순천시,감경,남자,65세미만,48 ,3 ,7 ,15 ,11 ,3 ,0 ,2 ,0 ,1 
전남,순천시,감경,남자,65-69세,59 ,2 ,5 ,15 ,23 ,4 ,2 ,0 ,3 ,2 
전남,순천시,감경,남자,70-74세,94 ,3 ,7 ,20 ,43 ,11 ,4 ,2 ,0 ,0 
전남,순천시,감경,남자,75-79세,114 ,5 ,5 ,19 ,60 ,16 ,1 ,1 ,0 ,1 
전남,순천시,감경,남자,80-84세,206 ,3 ,14 ,42 ,107 ,29 ,6 ,1 ,0 ,1 
전남,순천시,감경,남자,85세이상,233 ,6 ,9 ,48 ,127 ,31 ,4 ,1 ,1 ,0 
전남,순천시,감경,여자,65세미만,43 ,9 ,5 ,10 ,8 ,3 ,0 ,1 ,0 ,0 
전남,순천시,감경,여자,65-69세,71 ,4 ,3 ,8 ,34 ,8 ,2 ,1 ,0 ,0 
전남,순천시,감경,여자,70-74세,142 ,9 ,8 ,31 ,55 ,17 ,5 ,2 ,0 ,0 
전남,순천시,감경,여자,75-79세,325 ,15 ,35 ,64 ,137 ,41 ,5 ,0 ,3 ,0 
전남,순천시,감경,여자,80-84세,718 ,21 ,70 ,133 ,334 ,93 ,24 ,3 ,2 ,0 
전남,순천시,감경,여자,85세이상,1319 ,55 ,153 ,264 ,667 ,127 ,9 ,3 ,0 ,0 
전남,나주시,일반,남자,65세미만,21 ,0 ,1 ,4 ,5 ,0 ,0 ,6 ,0 ,1 
전남,나주시,일반,남자,65-69세,66 ,0 ,3 ,5 ,18 ,0 ,0 ,9 ,4 ,5 
전남,나주시,일반,남자,70-74세,95 ,1 ,5 ,12 ,18 ,4 ,2 ,17 ,9 ,2 
전남,나주시,일반,남자,75-79세,149 ,5 ,3 ,13 ,41 ,6 ,2 ,22 ,12 ,7 
전남,나주시,일반,남자,80-84세,196 ,1 ,5 ,38 ,62 ,19 ,2 ,15 ,18 ,3 
전남,나주시,일반,남자,85세이상,209 ,2 ,7 ,31 ,93 ,16 ,3 ,16 ,12 ,2 
전남,나주시,일반,여자,65세미만,21 ,2 ,3 ,4 ,2 ,0 ,1 ,2 ,5 ,1 
전남,나주시,일반,여자,65-69세,108 ,1 ,3 ,10 ,25 ,2 ,1 ,21 ,9 ,2 
전남,나주시,일반,여자,70-74세,208 ,1 ,3 ,17 ,41 ,7 ,7 ,31 ,31 ,7 
전남,나주시,일반,여자,75-79세,398 ,4 ,11 ,41 ,103 ,19 ,8 ,57 ,32 ,3 
전남,나주시,일반,여자,80-84세,594 ,13 ,13 ,68 ,226 ,45 ,11 ,65 ,41 ,14 
전남,나주시,일반,여자,85세이상,643 ,20 ,38 ,130 ,255 ,43 ,9 ,38 ,23 ,2 
전남,나주시,기초,남자,65세미만,54 ,3 ,3 ,7 ,25 ,2 ,0 ,3 ,0 ,2 
전남,나주시,기초,남자,65-69세,68 ,1 ,4 ,13 ,23 ,6 ,1 ,5 ,5 ,1 
전남,나주시,기초,남자,70-74세,61 ,1 ,1 ,9 ,24 ,6 ,0 ,5 ,5 ,2 
전남,나주시,기초,남자,75-79세,53 ,0 ,2 ,6 ,23 ,5 ,0 ,2 ,2 ,2 
전남,나주시,기초,남자,80-84세,39 ,0 ,2 ,9 ,17 ,3 ,0 ,1 ,2 ,0 
전남,나주시,기초,남자,85세이상,34 ,0 ,1 ,6 ,14 ,6 ,1 ,0 ,1 ,0 
전남,나주시,기초,여자,65세미만,23 ,4 ,2 ,6 ,4 ,0 ,0 ,1 ,1 ,1 
전남,나주시,기초,여자,65-69세,60 ,4 ,1 ,10 ,22 ,2 ,1 ,7 ,3 ,2 
전남,나주시,기초,여자,70-74세,62 ,2 ,1 ,11 ,17 ,6 ,0 ,5 ,5 ,2 
전남,나주시,기초,여자,75-79세,108 ,2 ,4 ,15 ,45 ,6 ,0 ,11 ,7 ,4 
전남,나주시,기초,여자,80-84세,138 ,0 ,5 ,21 ,54 ,16 ,2 ,10 ,6 ,0 
전남,나주시,기초,여자,85세이상,166 ,7 ,11 ,47 ,70 ,11 ,2 ,5 ,2 ,0 
전남,나주시,의료,남자,65세미만,1 ,0 ,0 ,0 ,1 ,0 ,0 ,0 ,0 ,0 
전남,나주시,의료,남자,65-69세,3 ,0 ,0 ,0 ,0 ,0 ,0 ,1 ,1 ,0 
전남,나주시,의료,남자,70-74세,3 ,0 ,0 ,0 ,2 ,0 ,0 ,0 ,0 ,0 
전남,나주시,의료,남자,75-79세,1 ,0 ,0 ,0 ,0 ,0 ,0 ,1 ,0 ,0 
전남,나주시,의료,남자,80-84세,3 ,0 ,0 ,0 ,2 ,1 ,0 ,0 ,0 ,0 
전남,나주시,의료,남자,85세이상,12 ,0 ,0 ,2 ,9 ,0 ,0 ,0 ,0 ,0 
전남,나주시,의료,여자,65-69세,3 ,0 ,0 ,0 ,2 ,0 ,0 ,0 ,0 ,0 
전남,나주시,의료,여자,70-74세,2 ,0 ,0 ,1 ,1 ,0 ,0 ,0 ,0 ,0 
전남,나주시,의료,여자,75-79세,10 ,1 ,0 ,0 ,3 ,1 ,0 ,2 ,0 ,0 
전남,나주시,의료,여자,80-84세,15 ,0 ,0 ,1 ,9 ,1 ,0 ,0 ,1 ,0 
전남,나주시,의료,여자,85세이상,37 ,2 ,1 ,9 ,17 ,2 ,2 ,1 ,0 ,0 
전남,나주시,감경,남자,65세미만,16 ,2 ,4 ,3 ,1 ,0 ,0 ,0 ,0 ,0 
전남,나주시,감경,남자,65-69세,43 ,1 ,3 ,9 ,23 ,3 ,1 ,2 ,0 ,0 
전남,나주시,감경,남자,70-74세,48 ,5 ,2 ,14 ,21 ,3 ,0 ,0 ,1 ,0 
전남,나주시,감경,남자,75-79세,104 ,0 ,3 ,23 ,52 ,16 ,2 ,2 ,0 ,0 
전남,나주시,감경,남자,80-84세,135 ,2 ,9 ,30 ,74 ,9 ,1 ,2 ,0 ,2 
전남,나주시,감경,남자,85세이상,177 ,2 ,10 ,47 ,98 ,11 ,2 ,1 ,0 ,0 
전남,나주시,감경,여자,65세미만,12 ,0 ,2 ,5 ,3 ,0 ,0 ,0 ,0 ,0 
전남,나주시,감경,여자,65-69세,47 ,4 ,5 ,10 ,17 ,3 ,0 ,1 ,2 ,0 
전남,나주시,감경,여자,70-74세,76 ,1 ,3 ,17 ,39 ,5 ,1 ,0 ,4 ,0 
전남,나주시,감경,여자,75-79세,227 ,6 ,18 ,36 ,102 ,21 ,8 ,3 ,1 ,1 
전남,나주시,감경,여자,80-84세,601 ,18 ,35 ,130 ,291 ,60 ,11 ,5 ,3 ,1 
전남,나주시,감경,여자,85세이상,912 ,41 ,68 ,239 ,465 ,62 ,7 ,2 ,0 ,0 
전남,광양시,일반,남자,65세미만,23 ,1 ,0 ,5 ,5 ,1 ,0 ,2 ,5 ,0 
전남,광양시,일반,남자,65-69세,59 ,3 ,0 ,14 ,7 ,0 ,0 ,11 ,9 ,2 
전남,광양시,일반,남자,70-74세,70 ,1 ,2 ,8 ,19 ,4 ,1 ,6 ,9 ,9 
전남,광양시,일반,남자,75-79세,74 ,1 ,3 ,6 ,22 ,5 ,2 ,10 ,10 ,4 
전남,광양시,일반,남자,80-84세,150 ,0 ,3 ,20 ,52 ,21 ,2 ,8 ,11 ,2 
전남,광양시,일반,남자,85세이상,156 ,1 ,8 ,23 ,69 ,18 ,3 ,10 ,7 ,1 
전남,광양시,일반,여자,65세미만,32 ,1 ,0 ,10 ,5 ,3 ,0 ,3 ,3 ,2 
전남,광양시,일반,여자,65-69세,63 ,2 ,4 ,7 ,12 ,3 ,3 ,9 ,7 ,4 
전남,광양시,일반,여자,70-74세,122 ,3 ,5 ,11 ,31 ,8 ,3 ,14 ,11 ,5 
전남,광양시,일반,여자,75-79세,244 ,1 ,12 ,21 ,65 ,30 ,7 ,30 ,16 ,6 
전남,광양시,일반,여자,80-84세,405 ,6 ,13 ,75 ,147 ,52 ,6 ,24 ,21 ,7 
전남,광양시,일반,여자,85세이상,485 ,16 ,35 ,95 ,204 ,41 ,11 ,26 ,16 ,1 
전남,광양시,기초,남자,65세미만,29 ,2 ,1 ,6 ,10 ,2 ,1 ,1 ,1 ,3 
전남,광양시,기초,남자,65-69세,43 ,2 ,1 ,5 ,19 ,4 ,0 ,3 ,2 ,2 
전남,광양시,기초,남자,70-74세,35 ,0 ,0 ,3 ,9 ,7 ,4 ,4 ,1 ,2 
전남,광양시,기초,남자,75-79세,26 ,0 ,0 ,4 ,13 ,5 ,2 ,0 ,1 ,0 
전남,광양시,기초,남자,80-84세,13 ,0 ,0 ,1 ,4 ,1 ,2 ,1 ,2 ,0 
전남,광양시,기초,남자,85세이상,16 ,0 ,1 ,2 ,6 ,2 ,1 ,2 ,1 ,0 
전남,광양시,기초,여자,65세미만,20 ,0 ,1 ,3 ,9 ,1 ,0 ,1 ,2 ,0 
전남,광양시,기초,여자,65-69세,45 ,1 ,2 ,2 ,16 ,3 ,2 ,8 ,5 ,2 
전남,광양시,기초,여자,70-74세,39 ,1 ,3 ,3 ,13 ,1 ,0 ,3 ,5 ,3 
전남,광양시,기초,여자,75-79세,46 ,0 ,4 ,4 ,18 ,6 ,4 ,3 ,2 ,2 
전남,광양시,기초,여자,80-84세,66 ,0 ,3 ,6 ,33 ,16 ,0 ,1 ,4 ,0 
전남,광양시,기초,여자,85세이상,108 ,5 ,14 ,21 ,49 ,12 ,0 ,2 ,1 ,1 
전남,광양시,의료,남자,65세미만,0 ,0 ,0 ,0 ,0 ,0 ,0 ,0 ,0 ,0 
전남,광양시,의료,남자,65-69세,1 ,0 ,0 ,0 ,1 ,0 ,0 ,0 ,0 ,0 
전남,광양시,의료,남자,70-74세,2 ,0 ,0 ,1 ,1 ,0 ,0 ,0 ,0 ,0 
전남,광양시,의료,남자,75-79세,2 ,0 ,0 ,0 ,1 ,1 ,0 ,0 ,0 ,0 
전남,광양시,의료,남자,80-84세,1 ,0 ,0 ,0 ,1 ,0 ,0 ,0 ,0 ,0 
전남,광양시,의료,남자,85세이상,2 ,0 ,0 ,0 ,1 ,0 ,0 ,0 ,1 ,0 
전남,광양시,의료,여자,65-69세,1 ,0 ,0 ,0 ,0 ,0 ,0 ,0 ,0 ,1 
전남,광양시,의료,여자,70-74세,2 ,0 ,0 ,0 ,0 ,0 ,0 ,0 ,0 ,0 
전남,광양시,의료,여자,75-79세,1 ,0 ,0 ,0 ,1 ,0 ,0 ,0 ,0 ,0 
전남,광양시,의료,여자,80-84세,3 ,0 ,0 ,1 ,1 ,0 ,0 ,1 ,0 ,0 
전남,광양시,의료,여자,85세이상,25 ,1 ,5 ,6 ,6 ,4 ,2 ,0 ,0 ,0 
전남,광양시,감경,남자,65세미만,22 ,2 ,1 ,4 ,11 ,2 ,0 ,0 ,0 ,0 
전남,광양시,감경,남자,65-69세,38 ,3 ,4 ,9 ,15 ,4 ,0 ,0 ,0 ,0 
전남,광양시,감경,남자,70-74세,46 ,0 ,1 ,9 ,16 ,13 ,3 ,1 ,0 ,0 
전남,광양시,감경,남자,75-79세,55 ,1 ,4 ,16 ,19 ,10 ,2 ,0 ,0 ,0 
전남,광양시,감경,남자,80-84세,79 ,1 ,9 ,18 ,37 ,6 ,4 ,0 ,0 ,0 
전남,광양시,감경,남자,85세이상,111 ,2 ,8 ,25 ,55 ,18 ,1 ,0 ,0 ,0 
전남,광양시,감경,여자,65세미만,15 ,1 ,0 ,5 ,5 ,0 ,1 ,0 ,1 ,0 
전남,광양시,감경,여자,65-69세,33 ,1 ,1 ,8 ,10 ,4 ,6 ,0 ,1 ,0 
전남,광양시,감경,여자,70-74세,72 ,1 ,4 ,15 ,33 ,15 ,1 ,1 ,0 ,0 
전남,광양시,감경,여자,75-79세,120 ,2 ,7 ,18 ,56 ,23 ,4 ,0 ,2 ,0 
전남,광양시,감경,여자,80-84세,340 ,5 ,39 ,56 ,170 ,52 ,6 ,3 ,0 ,0 
전남,광양시,감경,여자,85세이상,649 ,13 ,60 ,164 ,318 ,72 ,5 ,0 ,0 ,0 
전남,담양군,일반,남자,65세미만,11 ,0 ,0 ,1 ,1 ,1 ,0 ,5 ,2 ,0 
전남,담양군,일반,남자,65-69세,30 ,1 ,1 ,2 ,9 ,3 ,1 ,2 ,6 ,3 
전남,담양군,일반,남자,70-74세,50 ,0 ,3 ,7 ,16 ,3 ,0 ,4 ,5 ,2 
전남,담양군,일반,남자,75-79세,78 ,1 ,0 ,14 ,18 ,8 ,0 ,10 ,8 ,1 
전남,담양군,일반,남자,80-84세,109 ,1 ,4 ,17 ,38 ,16 ,6 ,6 ,9 ,0 
전남,담양군,일반,남자,85세이상,116 ,1 ,3 ,17 ,51 ,10 ,6 ,9 ,3 ,1 
전남,담양군,일반,여자,65세미만,8 ,0 ,0 ,0 ,2 ,0 ,0 ,4 ,1 ,0 
전남,담양군,일반,여자,65-69세,57 ,1 ,1 ,6 ,12 ,1 ,1 ,10 ,10 ,2 
전남,담양군,일반,여자,70-74세,89 ,0 ,0 ,7 ,22 ,6 ,2 ,17 ,14 ,2 
전남,담양군,일반,여자,75-79세,199 ,4 ,4 ,12 ,41 ,20 ,4 ,31 ,34 ,5 
전남,담양군,일반,여자,80-84세,327 ,8 ,7 ,39 ,113 ,35 ,8 ,32 ,31 ,2 
전남,담양군,일반,여자,85세이상,360 ,5 ,12 ,53 ,149 ,49 ,4 ,23 ,16 ,2 
전남,담양군,기초,남자,65세미만,12 ,1 ,1 ,1 ,1 ,2 ,0 ,1 ,0 ,0 
전남,담양군,기초,남자,65-69세,23 ,1 ,0 ,4 ,4 ,3 ,1 ,1 ,4 ,2 
전남,담양군,기초,남자,70-74세,14 ,0 ,0 ,2 ,7 ,0 ,2 ,0 ,0 ,1 
전남,담양군,기초,남자,75-79세,12 ,0 ,0 ,2 ,5 ,1 ,1 ,1 ,1 ,1 
전남,담양군,기초,남자,80-84세,8 ,1 ,0 ,1 ,2 ,0 ,2 ,1 ,0 ,0 
전남,담양군,기초,남자,85세이상,8 ,1 ,0 ,0 ,3 ,1 ,1 ,0 ,0 ,1 
전남,담양군,기초,여자,65세미만,8 ,1 ,2 ,0 ,1 ,0 ,0 ,2 ,0 ,0 
전남,담양군,기초,여자,65-69세,15 ,0 ,1 ,1 ,4 ,2 ,0 ,1 ,3 ,0 
전남,담양군,기초,여자,70-74세,25 ,0 ,1 ,1 ,9 ,2 ,0 ,2 ,5 ,0 
전남,담양군,기초,여자,75-79세,34 ,1 ,1 ,0 ,17 ,3 ,0 ,2 ,5 ,0 
전남,담양군,기초,여자,80-84세,48 ,0 ,2 ,7 ,24 ,5 ,0 ,4 ,3 ,0 
전남,담양군,기초,여자,85세이상,73 ,6 ,4 ,13 ,37 ,5 ,1 ,3 ,0 ,0 
전남,담양군,의료,남자,65-69세,1 ,0 ,0 ,0 ,1 ,0 ,0 ,0 ,0 ,0 
전남,담양군,의료,남자,70-74세,1 ,0 ,0 ,0 ,0 ,0 ,0 ,0 ,1 ,0 
전남,담양군,의료,남자,75-79세,2 ,0 ,0 ,1 ,0 ,0 ,0 ,0 ,0 ,0 
전남,담양군,의료,남자,80-84세,1 ,0 ,0 ,1 ,0 ,0 ,0 ,0 ,0 ,0 
전남,담양군,의료,남자,85세이상,2 ,0 ,0 ,0 ,2 ,0 ,0 ,0 ,0 ,0 
전남,담양군,의료,여자,65세미만,1 ,0 ,0 ,0 ,0 ,0 ,0 ,0 ,0 ,1 
전남,담양군,의료,여자,65-69세,1 ,0 ,0 ,0 ,0 ,0 ,0 ,0 ,1 ,0 
전남,담양군,의료,여자,75-79세,1 ,0 ,0 ,0 ,0 ,0 ,1 ,0 ,0 ,0 
전남,담양군,의료,여자,80-84세,9 ,0 ,0 ,0 ,7 ,2 ,0 ,0 ,0 ,0 
전남,담양군,의료,여자,85세이상,18 ,0 ,2 ,6 ,8 ,1 ,0 ,1 ,0 ,0 
전남,담양군,감경,남자,65세미만,9 ,0 ,2 ,2 ,4 ,0 ,0 ,1 ,0 ,0 
전남,담양군,감경,남자,65-69세,19 ,2 ,0 ,5 ,7 ,4 ,0 ,0 ,0 ,0 
전남,담양군,감경,남자,70-74세,25 ,0 ,1 ,6 ,13 ,4 ,0 ,0 ,0 ,0 
전남,담양군,감경,남자,75-79세,27 ,2 ,2 ,2 ,13 ,2 ,2 ,0 ,2 ,0 
전남,담양군,감경,남자,80-84세,60 ,0 ,4 ,8 ,30 ,12 ,4 ,0 ,0 ,0 
전남,담양군,감경,남자,85세이상,84 ,0 ,5 ,20 ,43 ,13 ,1 ,0 ,0 ,1 
전남,담양군,감경,여자,65세미만,7 ,1 ,0 ,3 ,2 ,0 ,0 ,0 ,0 ,0 
전남,담양군,감경,여자,65-69세,14 ,0 ,0 ,1 ,11 ,0 ,0 ,0 ,0 ,0 
전남,담양군,감경,여자,70-74세,54 ,1 ,4 ,7 ,22 ,11 ,0 ,0 ,4 ,0 
전남,담양군,감경,여자,75-79세,97 ,7 ,3 ,15 ,45 ,14 ,4 ,3 ,1 ,0 
전남,담양군,감경,여자,80-84세,248 ,4 ,12 ,48 ,130 ,32 ,14 ,1 ,1 ,2 
전남,담양군,감경,여자,85세이상,472 ,10 ,37 ,134 ,229 ,43 ,7 ,2 ,0 ,0 
전남,곡성군,일반,남자,65세미만,4 ,0 ,0 ,1 ,1 ,0 ,0 ,2 ,0 ,0 
전남,곡성군,일반,남자,65-69세,14 ,0 ,0 ,3 ,3 ,0 ,0 ,5 ,0 ,1 
전남,곡성군,일반,남자,70-74세,27 ,1 ,1 ,2 ,5 ,3 ,1 ,4 ,0 ,2 
전남,곡성군,일반,남자,75-79세,41 ,0 ,0 ,2 ,13 ,3 ,1 ,9 ,7 ,0 
전남,곡성군,일반,남자,80-84세,76 ,0 ,4 ,9 ,26 ,10 ,2 ,11 ,5 ,2 
전남,곡성군,일반,남자,85세이상,88 ,1 ,4 ,7 ,40 ,7 ,0 ,10 ,5 ,1 
전남,곡성군,일반,여자,65세미만,9 ,0 ,1 ,1 ,2 ,0 ,0 ,3 ,0 ,1 
전남,곡성군,일반,여자,65-69세,34 ,0 ,1 ,1 ,3 ,0 ,0 ,14 ,5 ,1 
전남,곡성군,일반,여자,70-74세,61 ,0 ,1 ,2 ,10 ,2 ,0 ,14 ,10 ,3 
전남,곡성군,일반,여자,75-79세,95 ,1 ,2 ,10 ,20 ,8 ,1 ,17 ,17 ,3 
전남,곡성군,일반,여자,80-84세,203 ,1 ,3 ,19 ,68 ,33 ,5 ,31 ,9 ,3 
전남,곡성군,일반,여자,85세이상,281 ,2 ,13 ,30 ,129 ,30 ,2 ,33 ,10 ,3 
전남,곡성군,기초,남자,65세미만,9 ,0 ,1 ,1 ,4 ,0 ,0 ,1 ,0 ,0 
전남,곡성군,기초,남자,65-69세,20 ,1 ,1 ,4 ,6 ,0 ,0 ,2 ,1 ,3 
전남,곡성군,기초,남자,70-74세,9 ,1 ,2 ,1 ,3 ,0 ,0 ,0 ,2 ,0 
전남,곡성군,기초,남자,75-79세,9 ,0 ,0 ,0 ,5 ,1 ,1 ,1 ,1 ,0 
전남,곡성군,기초,남자,80-84세,20 ,0 ,0 ,3 ,9 ,3 ,0 ,1 ,4 ,0 
전남,곡성군,기초,남자,85세이상,5 ,0 ,1 ,0 ,3 ,0 ,0 ,1 ,0 ,0 
전남,곡성군,기초,여자,65세미만,10 ,1 ,0 ,4 ,1 ,0 ,0 ,1 ,1 ,0 
전남,곡성군,기초,여자,65-69세,17 ,2 ,0 ,2 ,4 ,2 ,0 ,3 ,1 ,2 
전남,곡성군,기초,여자,70-74세,18 ,0 ,3 ,1 ,6 ,2 ,0 ,4 ,1 ,0 
전남,곡성군,기초,여자,75-79세,32 ,0 ,0 ,6 ,10 ,4 ,1 ,5 ,4 ,0 
전남,곡성군,기초,여자,80-84세,40 ,0 ,3 ,8 ,14 ,6 ,0 ,4 ,1 ,0 
전남,곡성군,기초,여자,85세이상,82 ,2 ,9 ,14 ,40 ,7 ,1 ,5 ,1 ,0 
전남,곡성군,의료,남자,65세미만,0 ,0 ,0 ,0 ,0 ,0 ,0 ,0 ,0 ,0 
전남,곡성군,의료,남자,75-79세,0 ,0 ,0 ,0 ,0 ,0 ,0 ,0 ,0 ,0 
전남,곡성군,의료,남자,80-84세,0 ,0 ,0 ,0 ,0 ,0 ,0 ,0 ,0 ,0 
전남,곡성군,의료,남자,85세이상,3 ,0 ,0 ,0 ,2 ,0 ,0 ,1 ,0 ,0 
전남,곡성군,의료,여자,65세미만,0 ,0 ,0 ,0 ,0 ,0 ,0 ,0 ,0 ,0 
전남,곡성군,의료,여자,65-69세,1 ,0 ,0 ,0 ,1 ,0 ,0 ,0 ,0 ,0 
전남,곡성군,의료,여자,70-74세,2 ,0 ,0 ,0 ,0 ,0 ,0 ,1 ,1 ,0 
전남,곡성군,의료,여자,75-79세,0 ,0 ,0 ,0 ,0 ,0 ,0 ,0 ,0 ,0 
전남,곡성군,의료,여자,80-84세,6 ,0 ,0 ,2 ,2 ,0 ,1 ,1 ,0 ,0 
전남,곡성군,의료,여자,85세이상,19 ,0 ,3 ,1 ,11 ,3 ,0 ,0 ,0 ,0 
전남,곡성군,감경,남자,65세미만,4 ,0 ,0 ,2 ,2 ,0 ,0 ,0 ,0 ,0 
전남,곡성군,감경,남자,65-69세,5 ,0 ,0 ,1 ,2 ,0 ,0 ,1 ,0 ,1 
전남,곡성군,감경,남자,70-74세,13 ,0 ,2 ,1 ,7 ,1 ,1 ,0 ,0 ,0 
전남,곡성군,감경,남자,75-79세,24 ,0 ,2 ,8 ,9 ,5 ,0 ,0 ,0 ,0 
전남,곡성군,감경,남자,80-84세,65 ,2 ,6 ,13 ,28 ,10 ,1 ,0 ,1 ,0 
전남,곡성군,감경,남자,85세이상,82 ,2 ,6 ,22 ,36 ,13 ,1 ,0 ,0 ,0 
전남,곡성군,감경,여자,65세미만,6 ,2 ,0 ,2 ,0 ,1 ,0 ,0 ,0 ,0 
전남,곡성군,감경,여자,65-69세,7 ,1 ,0 ,2 ,2 ,0 ,0 ,1 ,0 ,0 
전남,곡성군,감경,여자,70-74세,21 ,3 ,0 ,7 ,8 ,0 ,1 ,1 ,1 ,0 
전남,곡성군,감경,여자,75-79세,64 ,0 ,1 ,15 ,30 ,7 ,5 ,1 ,0 ,0 
전남,곡성군,감경,여자,80-84세,225 ,5 ,11 ,28 ,131 ,41 ,1 ,2 ,1 ,0 
전남,곡성군,감경,여자,85세이상,378 ,9 ,23 ,82 ,207 ,51 ,0 ,2 ,0 ,0 
전남,구례군,일반,남자,65세미만,4 ,0 ,0 ,0 ,2 ,0 ,0 ,1 ,0 ,0 
전남,구례군,일반,남자,65-69세,12 ,0 ,0 ,0 ,3 ,0 ,0 ,1 ,5 ,1 
전남,구례군,일반,남자,70-74세,24 ,0 ,2 ,2 ,6 ,2 ,0 ,4 ,3 ,1 
전남,구례군,일반,남자,75-79세,36 ,1 ,1 ,4 ,10 ,3 ,0 ,2 ,1 ,4 
전남,구례군,일반,남자,80-84세,71 ,1 ,3 ,11 ,21 ,8 ,4 ,6 ,5 ,3 
전남,구례군,일반,남자,85세이상,74 ,3 ,2 ,10 ,27 ,7 ,2 ,7 ,6 ,1 
전남,구례군,일반,여자,65세미만,2 ,1 ,0 ,0 ,1 ,0 ,0 ,0 ,0 ,0 
전남,구례군,일반,여자,65-69세,23 ,1 ,1 ,0 ,6 ,0 ,0 ,3 ,3 ,0 
전남,구례군,일반,여자,70-74세,49 ,2 ,1 ,3 ,16 ,1 ,0 ,5 ,4 ,1 
전남,구례군,일반,여자,75-79세,95 ,0 ,1 ,6 ,25 ,12 ,5 ,15 ,11 ,5 
전남,구례군,일반,여자,80-84세,196 ,0 ,5 ,11 ,62 ,32 ,12 ,22 ,20 ,3 
전남,구례군,일반,여자,85세이상,183 ,2 ,9 ,18 ,74 ,28 ,5 ,12 ,12 ,0 
전남,구례군,기초,남자,65세미만,18 ,0 ,2 ,5 ,5 ,1 ,0 ,3 ,0 ,1 
전남,구례군,기초,남자,65-69세,19 ,0 ,2 ,5 ,2 ,2 ,0 ,4 ,1 ,2 
전남,구례군,기초,남자,70-74세,16 ,1 ,1 ,1 ,3 ,3 ,0 ,2 ,3 ,2 
전남,구례군,기초,남자,75-79세,10 ,1 ,0 ,1 ,2 ,1 ,1 ,2 ,2 ,0 
전남,구례군,기초,남자,80-84세,4 ,0 ,1 ,0 ,0 ,2 ,1 ,0 ,0 ,0 
전남,구례군,기초,남자,85세이상,5 ,0 ,0 ,0 ,4 ,1 ,0 ,0 ,0 ,0 
전남,구례군,기초,여자,65세미만,5 ,0 ,0 ,0 ,1 ,1 ,1 ,0 ,1 ,0 
전남,구례군,기초,여자,65-69세,14 ,0 ,1 ,2 ,6 ,2 ,0 ,1 ,0 ,2 
전남,구례군,기초,여자,70-74세,14 ,0 ,0 ,1 ,9 ,0 ,1 ,1 ,2 ,0 
전남,구례군,기초,여자,75-79세,24 ,0 ,1 ,3 ,10 ,7 ,1 ,1 ,0 ,0 
전남,구례군,기초,여자,80-84세,44 ,1 ,1 ,3 ,23 ,6 ,2 ,1 ,4 ,0 
전남,구례군,기초,여자,85세이상,55 ,1 ,6 ,5 ,28 ,7 ,1 ,1 ,1 ,0 
전남,구례군,의료,남자,65세미만,0 ,0 ,0 ,0 ,0 ,0 ,0 ,0 ,0 ,0 
전남,구례군,의료,남자,65-69세,0 ,0 ,0 ,0 ,0 ,0 ,0 ,0 ,0 ,0 
전남,구례군,의료,남자,70-74세,1 ,1 ,0 ,0 ,0 ,0 ,0 ,0 ,0 ,0 
전남,구례군,의료,남자,75-79세,2 ,0 ,0 ,0 ,0 ,0 ,1 ,0 ,0 ,0 
전남,구례군,의료,남자,80-84세,2 ,0 ,1 ,0 ,0 ,0 ,1 ,0 ,0 ,0 
전남,구례군,의료,남자,85세이상,2 ,0 ,0 ,0 ,0 ,0 ,1 ,0 ,0 ,0 
전남,구례군,의료,여자,70-74세,0 ,0 ,0 ,0 ,0 ,0 ,0 ,0 ,0 ,0 
전남,구례군,의료,여자,75-79세,0 ,0 ,0 ,0 ,0 ,0 ,0 ,0 ,0 ,0 
전남,구례군,의료,여자,80-84세,8 ,0 ,0 ,1 ,3 ,2 ,0 ,0 ,0 ,1 
전남,구례군,의료,여자,85세이상,14 ,0 ,1 ,2 ,6 ,5 ,0 ,0 ,0 ,0 
전남,구례군,감경,남자,65세미만,6 ,1 ,0 ,2 ,2 ,1 ,0 ,0 ,0 ,0 
전남,구례군,감경,남자,65-69세,8 ,2 ,2 ,2 ,2 ,0 ,0 ,0 ,0 ,0 
전남,구례군,감경,남자,70-74세,15 ,1 ,3 ,7 ,2 ,0 ,2 ,0 ,0 ,0 
전남,구례군,감경,남자,75-79세,27 ,0 ,0 ,7 ,16 ,3 ,1 ,0 ,0 ,0 
전남,구례군,감경,남자,80-84세,37 ,0 ,2 ,8 ,22 ,4 ,0 ,0 ,0 ,0 
전남,구례군,감경,남자,85세이상,90 ,1 ,8 ,13 ,42 ,20 ,4 ,0 ,0 ,0 
전남,구례군,감경,여자,65세미만,9 ,0 ,1 ,1 ,5 ,0 ,1 ,0 ,0 ,0 
전남,구례군,감경,여자,65-69세,3 ,0 ,0 ,2 ,1 ,0 ,0 ,0 ,0 ,0 
전남,구례군,감경,여자,70-74세,24 ,1 ,2 ,5 ,10 ,2 ,0 ,3 ,0 ,0 
전남,구례군,감경,여자,75-79세,57 ,7 ,3 ,9 ,18 ,15 ,2 ,0 ,0 ,0 
전남,구례군,감경,여자,80-84세,235 ,4 ,13 ,47 ,105 ,51 ,6 ,2 ,0 ,0 
전남,구례군,감경,여자,85세이상,381 ,13 ,32 ,84 ,169 ,63 ,15 ,1 ,0 ,0 
전남,고흥군,일반,남자,65세미만,9 ,0 ,0 ,0 ,3 ,2 ,0 ,1 ,1 ,1 
전남,고흥군,일반,남자,65-69세,29 ,0 ,2 ,2 ,7 ,2 ,0 ,3 ,4 ,2 
전남,고흥군,일반,남자,70-74세,67 ,0 ,6 ,5 ,8 ,3 ,2 ,10 ,8 ,8 
전남,고흥군,일반,남자,75-79세,77 ,2 ,1 ,7 ,18 ,10 ,1 ,16 ,5 ,4 
전남,고흥군,일반,남자,80-84세,149 ,2 ,6 ,10 ,34 ,13 ,4 ,20 ,23 ,8 
전남,고흥군,일반,남자,85세이상,163 ,1 ,4 ,17 ,58 ,12 ,3 ,21 ,17 ,3 
전남,고흥군,일반,여자,65세미만,10 ,0 ,0 ,2 ,2 ,1 ,0 ,2 ,1 ,1 
전남,고흥군,일반,여자,65-69세,43 ,1 ,1 ,0 ,5 ,1 ,1 ,7 ,6 ,3 
전남,고흥군,일반,여자,70-74세,117 ,2 ,0 ,7 ,18 ,5 ,3 ,20 ,21 ,5 
전남,고흥군,일반,여자,75-79세,224 ,1 ,7 ,13 ,44 ,14 ,8 ,45 ,44 ,4 
전남,고흥군,일반,여자,80-84세,413 ,4 ,8 ,30 ,116 ,37 ,10 ,60 ,57 ,6 
전남,고흥군,일반,여자,85세이상,481 ,4 ,16 ,56 ,154 ,51 ,10 ,57 ,53 ,4 
전남,고흥군,기초,남자,65세미만,33 ,0 ,1 ,3 ,9 ,3 ,1 ,2 ,5 ,1 
전남,고흥군,기초,남자,65-69세,48 ,0 ,2 ,3 ,11 ,2 ,0 ,9 ,7 ,5 
전남,고흥군,기초,남자,70-74세,34 ,0 ,4 ,4 ,10 ,0 ,1 ,5 ,5 ,0 
전남,고흥군,기초,남자,75-79세,30 ,0 ,2 ,4 ,5 ,4 ,1 ,4 ,3 ,2 
전남,고흥군,기초,남자,80-84세,26 ,0 ,1 ,3 ,11 ,3 ,0 ,4 ,3 ,0 
전남,고흥군,기초,남자,85세이상,18 ,0 ,0 ,3 ,12 ,0 ,0 ,0 ,0 ,0 
전남,고흥군,기초,여자,65세미만,21 ,0 ,3 ,1 ,4 ,0 ,0 ,5 ,3 ,0 
전남,고흥군,기초,여자,65-69세,35 ,0 ,0 ,5 ,14 ,1 ,1 ,8 ,2 ,0 
전남,고흥군,기초,여자,70-74세,38 ,0 ,3 ,5 ,12 ,0 ,0 ,2 ,2 ,1 
전남,고흥군,기초,여자,75-79세,54 ,2 ,3 ,6 ,14 ,4 ,1 ,5 ,7 ,4 
전남,고흥군,기초,여자,80-84세,84 ,1 ,3 ,7 ,42 ,9 ,3 ,2 ,10 ,0 
전남,고흥군,기초,여자,85세이상,183 ,7 ,16 ,36 ,79 ,15 ,2 ,6 ,7 ,1 
전남,고흥군,의료,남자,70-74세,1 ,0 ,0 ,0 ,0 ,0 ,0 ,0 ,0 ,0 
전남,고흥군,의료,남자,75-79세,5 ,0 ,0 ,1 ,0 ,0 ,0 ,1 ,0 ,0 
전남,고흥군,의료,남자,80-84세,1 ,0 ,0 ,0 ,1 ,0 ,0 ,0 ,0 ,0 
전남,고흥군,의료,남자,85세이상,7 ,0 ,0 ,2 ,1 ,1 ,1 ,0 ,1 ,0 
전남,고흥군,의료,여자,65-69세,1 ,1 ,0 ,0 ,0 ,0 ,0 ,0 ,0 ,0 
전남,고흥군,의료,여자,70-74세,1 ,0 ,0 ,0 ,1 ,0 ,0 ,0 ,0 ,0 
전남,고흥군,의료,여자,75-79세,2 ,0 ,0 ,0 ,1 ,0 ,1 ,0 ,0 ,0 
전남,고흥군,의료,여자,80-84세,13 ,0 ,1 ,3 ,5 ,1 ,0 ,0 ,1 ,0 
전남,고흥군,의료,여자,85세이상,54 ,1 ,5 ,6 ,19 ,9 ,0 ,2 ,5 ,0 
전남,고흥군,감경,남자,65세미만,10 ,0 ,1 ,2 ,3 ,1 ,1 ,1 ,0 ,1 
전남,고흥군,감경,남자,65-69세,26 ,0 ,1 ,4 ,14 ,4 ,2 ,0 ,0 ,0 
전남,고흥군,감경,남자,70-74세,51 ,4 ,2 ,8 ,25 ,7 ,1 ,1 ,0 ,1 
전남,고흥군,감경,남자,75-79세,81 ,3 ,7 ,18 ,39 ,7 ,2 ,1 ,1 ,0 
전남,고흥군,감경,남자,80-84세,125 ,0 ,9 ,17 ,64 ,25 ,3 ,0 ,0 ,0 
전남,고흥군,감경,남자,85세이상,194 ,2 ,13 ,39 ,100 ,22 ,6 ,2 ,3 ,0 
전남,고흥군,감경,여자,65세미만,13 ,1 ,1 ,4 ,1 ,3 ,0 ,0 ,1 ,0 
전남,고흥군,감경,여자,65-69세,26 ,0 ,1 ,7 ,8 ,4 ,0 ,2 ,2 ,0 
전남,고흥군,감경,여자,70-74세,74 ,3 ,1 ,9 ,45 ,6 ,1 ,2 ,3 ,0 
전남,고흥군,감경,여자,75-79세,174 ,2 ,8 ,30 ,73 ,29 ,9 ,3 ,2 ,0 
전남,고흥군,감경,여자,80-84세,549 ,12 ,16 ,84 ,317 ,77 ,9 ,6 ,6 ,0 
전남,고흥군,감경,여자,85세이상,971 ,13 ,63 ,208 ,536 ,109 ,14 ,5 ,5 ,0 
전남,보성군,일반,남자,65세미만,6 ,0 ,0 ,0 ,0 ,0 ,0 ,5 ,1 ,0 
전남,보성군,일반,남자,65-69세,25 ,0 ,0 ,2 ,7 ,1 ,0 ,6 ,2 ,1 
전남,보성군,일반,남자,70-74세,40 ,1 ,2 ,2 ,9 ,1 ,0 ,8 ,5 ,3 
전남,보성군,일반,남자,75-79세,57 ,0 ,1 ,4 ,17 ,8 ,1 ,6 ,8 ,2 
전남,보성군,일반,남자,80-84세,102 ,2 ,1 ,8 ,30 ,13 ,2 ,11 ,6 ,4 
전남,보성군,일반,남자,85세이상,105 ,3 ,3 ,10 ,45 ,7 ,1 ,8 ,6 ,1 
전남,보성군,일반,여자,65세미만,8 ,1 ,0 ,0 ,0 ,0 ,1 ,4 ,0 ,0 
전남,보성군,일반,여자,65-69세,33 ,0 ,1 ,1 ,3 ,0 ,0 ,8 ,2 ,4 
전남,보성군,일반,여자,70-74세,98 ,0 ,1 ,7 ,11 ,2 ,1 ,21 ,10 ,8 
전남,보성군,일반,여자,75-79세,140 ,4 ,3 ,7 ,33 ,10 ,2 ,21 ,18 ,3 
전남,보성군,일반,여자,80-84세,285 ,2 ,6 ,25 ,84 ,36 ,3 ,32 ,29 ,4 
전남,보성군,일반,여자,85세이상,304 ,3 ,12 ,19 ,136 ,35 ,4 ,33 ,13 ,4 
전남,보성군,기초,남자,65세미만,17 ,0 ,1 ,0 ,1 ,0 ,0 ,8 ,4 ,0 
전남,보성군,기초,남자,65-69세,21 ,1 ,0 ,1 ,5 ,0 ,1 ,2 ,3 ,3 
전남,보성군,기초,남자,70-74세,20 ,0 ,0 ,0 ,8 ,0 ,1 ,3 ,3 ,1 
전남,보성군,기초,남자,75-79세,15 ,1 ,1 ,1 ,1 ,1 ,0 ,0 ,5 ,3 
전남,보성군,기초,남자,80-84세,10 ,0 ,0 ,2 ,2 ,1 ,1 ,1 ,0 ,0 
전남,보성군,기초,남자,85세이상,14 ,0 ,1 ,3 ,7 ,0 ,1 ,0 ,0 ,0 
전남,보성군,기초,여자,65세미만,5 ,0 ,0 ,2 ,1 ,0 ,0 ,0 ,1 ,0 
전남,보성군,기초,여자,65-69세,24 ,0 ,0 ,4 ,2 ,0 ,1 ,4 ,4 ,4 
전남,보성군,기초,여자,70-74세,23 ,0 ,3 ,2 ,10 ,2 ,0 ,0 ,0 ,3 
전남,보성군,기초,여자,75-79세,41 ,0 ,0 ,6 ,11 ,2 ,0 ,7 ,4 ,4 
전남,보성군,기초,여자,80-84세,50 ,1 ,0 ,4 ,22 ,8 ,1 ,3 ,6 ,1 
전남,보성군,기초,여자,85세이상,88 ,1 ,7 ,12 ,37 ,8 ,0 ,3 ,4 ,1 
전남,보성군,의료,남자,70-74세,0 ,0 ,0 ,0 ,0 ,0 ,0 ,0 ,0 ,0 
전남,보성군,의료,남자,75-79세,0 ,0 ,0 ,0 ,0 ,0 ,0 ,0 ,0 ,0 
전남,보성군,의료,남자,80-84세,0 ,0 ,0 ,0 ,0 ,0 ,0 ,0 ,0 ,0 
전남,보성군,의료,남자,85세이상,3 ,0 ,0 ,0 ,3 ,0 ,0 ,0 ,0 ,0 
전남,보성군,의료,여자,65세미만,0 ,0 ,0 ,0 ,0 ,0 ,0 ,0 ,0 ,0 
전남,보성군,의료,여자,65-69세,0 ,0 ,0 ,0 ,0 ,0 ,0 ,0 ,0 ,0 
전남,보성군,의료,여자,70-74세,0 ,0 ,0 ,0 ,0 ,0 ,0 ,0 ,0 ,0 
전남,보성군,의료,여자,75-79세,4 ,0 ,0 ,0 ,2 ,1 ,0 ,0 ,0 ,1 
전남,보성군,의료,여자,80-84세,7 ,0 ,0 ,1 ,4 ,1 ,0 ,0 ,0 ,0 
전남,보성군,의료,여자,85세이상,17 ,1 ,2 ,2 ,7 ,0 ,0 ,0 ,2 ,0 
전남,보성군,감경,남자,65세미만,4 ,1 ,1 ,1 ,1 ,0 ,0 ,0 ,0 ,0 
전남,보성군,감경,남자,65-69세,10 ,1 ,0 ,2 ,3 ,2 ,0 ,1 ,0 ,0 
전남,보성군,감경,남자,70-74세,33 ,0 ,2 ,10 ,13 ,3 ,0 ,1 ,0 ,1 
전남,보성군,감경,남자,75-79세,28 ,0 ,1 ,7 ,13 ,2 ,3 ,1 ,0 ,0 
전남,보성군,감경,남자,80-84세,63 ,1 ,6 ,13 ,27 ,13 ,1 ,0 ,0 ,0 
전남,보성군,감경,남자,85세이상,99 ,1 ,4 ,21 ,49 ,19 ,1 ,0 ,0 ,0 
전남,보성군,감경,여자,65세미만,5 ,0 ,0 ,2 ,3 ,0 ,0 ,0 ,0 ,0 
전남,보성군,감경,여자,65-69세,17 ,1 ,1 ,2 ,11 ,0 ,0 ,0 ,0 ,0 
전남,보성군,감경,여자,70-74세,43 ,3 ,1 ,2 ,22 ,6 ,3 ,0 ,1 ,1 
전남,보성군,감경,여자,75-79세,98 ,1 ,5 ,12 ,46 ,14 ,2 ,2 ,2 ,1 
전남,보성군,감경,여자,80-84세,241 ,3 ,18 ,33 ,123 ,49 ,2 ,2 ,1 ,0 
전남,보성군,감경,여자,85세이상,476 ,15 ,41 ,90 ,232 ,73 ,5 ,0 ,4 ,1 
전남,화순군,일반,남자,65세미만,17 ,0 ,0 ,3 ,2 ,1 ,0 ,4 ,1 ,0 
전남,화순군,일반,남자,65-69세,42 ,1 ,1 ,5 ,9 ,0 ,1 ,8 ,5 ,3 
전남,화순군,일반,남자,70-74세,66 ,1 ,1 ,6 ,16 ,5 ,2 ,12 ,5 ,4 
전남,화순군,일반,남자,75-79세,115 ,3 ,3 ,20 ,26 ,9 ,4 ,16 ,12 ,4 
전남,화순군,일반,남자,80-84세,142 ,1 ,2 ,22 ,35 ,23 ,5 ,14 ,7 ,3 
전남,화순군,일반,남자,85세이상,140 ,2 ,6 ,27 ,55 ,12 ,4 ,9 ,7 ,2 
전남,화순군,일반,여자,65세미만,17 ,1 ,2 ,2 ,3 ,2 ,0 ,1 ,1 ,2 
전남,화순군,일반,여자,65-69세,51 ,1 ,3 ,2 ,10 ,2 ,1 ,11 ,4 ,1 
전남,화순군,일반,여자,70-74세,126 ,3 ,2 ,10 ,15 ,4 ,2 ,35 ,15 ,7 
전남,화순군,일반,여자,75-79세,232 ,0 ,0 ,13 ,62 ,17 ,4 ,39 ,22 ,4 
전남,화순군,일반,여자,80-84세,353 ,5 ,6 ,49 ,114 ,36 ,5 ,32 ,27 ,4 
전남,화순군,일반,여자,85세이상,361 ,11 ,15 ,67 ,145 ,31 ,4 ,28 ,17 ,1 
전남,화순군,기초,남자,65세미만,33 ,0 ,2 ,6 ,4 ,5 ,1 ,4 ,2 ,4 
전남,화순군,기초,남자,65-69세,46 ,3 ,1 ,6 ,13 ,4 ,0 ,3 ,8 ,2 
전남,화순군,기초,남자,70-74세,30 ,0 ,0 ,4 ,12 ,2 ,1 ,3 ,3 ,1 
전남,화순군,기초,남자,75-79세,23 ,0 ,1 ,5 ,7 ,2 ,0 ,1 ,1 ,2 
전남,화순군,기초,남자,80-84세,27 ,1 ,3 ,8 ,10 ,2 ,0 ,1 ,1 ,0 
전남,화순군,기초,남자,85세이상,10 ,0 ,2 ,3 ,2 ,1 ,1 ,0 ,0 ,0 
전남,화순군,기초,여자,65세미만,20 ,1 ,2 ,4 ,5 ,1 ,0 ,0 ,2 ,1 
전남,화순군,기초,여자,65-69세,19 ,0 ,1 ,4 ,5 ,0 ,0 ,2 ,2 ,1 
전남,화순군,기초,여자,70-74세,31 ,1 ,0 ,5 ,9 ,6 ,2 ,2 ,4 ,1 
전남,화순군,기초,여자,75-79세,55 ,1 ,6 ,11 ,17 ,4 ,2 ,4 ,7 ,0 
전남,화순군,기초,여자,80-84세,65 ,1 ,4 ,8 ,26 ,8 ,2 ,3 ,7 ,0 
전남,화순군,기초,여자,85세이상,131 ,1 ,10 ,30 ,61 ,12 ,3 ,4 ,5 ,1 
전남,화순군,의료,남자,65세미만,2 ,0 ,0 ,1 ,0 ,0 ,0 ,1 ,0 ,0 
전남,화순군,의료,남자,65-69세,3 ,0 ,0 ,0 ,1 ,0 ,0 ,1 ,0 ,1 
전남,화순군,의료,남자,70-74세,3 ,0 ,0 ,2 ,1 ,0 ,0 ,0 ,0 ,0 
전남,화순군,의료,남자,75-79세,1 ,0 ,0 ,1 ,0 ,0 ,0 ,0 ,0 ,0 
전남,화순군,의료,남자,85세이상,2 ,0 ,0 ,0 ,2 ,0 ,0 ,0 ,0 ,0 
전남,화순군,의료,여자,65세미만,1 ,1 ,0 ,0 ,0 ,0 ,0 ,0 ,0 ,0 
전남,화순군,의료,여자,70-74세,1 ,0 ,0 ,0 ,1 ,0 ,0 ,0 ,0 ,0 
전남,화순군,의료,여자,75-79세,2 ,0 ,0 ,0 ,0 ,0 ,0 ,1 ,0 ,0 
전남,화순군,의료,여자,80-84세,10 ,0 ,0 ,1 ,4 ,1 ,0 ,1 ,1 ,0 
전남,화순군,의료,여자,85세이상,19 ,1 ,3 ,5 ,6 ,1 ,0 ,2 ,0 ,0 
전남,화순군,감경,남자,65세미만,16 ,2 ,2 ,5 ,5 ,0 ,1 ,0 ,0 ,0 
전남,화순군,감경,남자,65-69세,26 ,2 ,0 ,7 ,13 ,0 ,1 ,1 ,0 ,0 
전남,화순군,감경,남자,70-74세,36 ,1 ,4 ,10 ,16 ,2 ,1 ,0 ,0 ,1 
전남,화순군,감경,남자,75-79세,57 ,2 ,2 ,14 ,29 ,6 ,1 ,1 ,0 ,0 
전남,화순군,감경,남자,80-84세,89 ,5 ,3 ,21 ,34 ,18 ,5 ,0 ,1 ,0 
전남,화순군,감경,남자,85세이상,112 ,0 ,6 ,26 ,52 ,23 ,2 ,1 ,0 ,0 
전남,화순군,감경,여자,65세미만,9 ,2 ,0 ,2 ,1 ,1 ,0 ,1 ,0 ,0 
전남,화순군,감경,여자,65-69세,23 ,0 ,2 ,8 ,5 ,4 ,0 ,0 ,0 ,0 
전남,화순군,감경,여자,70-74세,69 ,4 ,2 ,14 ,25 ,8 ,3 ,1 ,0 ,0 
전남,화순군,감경,여자,75-79세,125 ,5 ,4 ,24 ,54 ,19 ,1 ,1 ,3 ,0 
전남,화순군,감경,여자,80-84세,322 ,14 ,20 ,62 ,145 ,50 ,8 ,0 ,3 ,0 
전남,화순군,감경,여자,85세이상,554 ,6 ,45 ,165 ,258 ,64 ,1 ,2 ,0 ,0 
전남,장흥군,일반,남자,65세미만,5 ,0 ,0 ,1 ,0 ,1 ,0 ,1 ,1 ,1 
전남,장흥군,일반,남자,65-69세,29 ,0 ,1 ,1 ,1 ,0 ,0 ,11 ,10 ,3 
전남,장흥군,일반,남자,70-74세,45 ,0 ,0 ,2 ,10 ,3 ,0 ,11 ,9 ,2 
전남,장흥군,일반,남자,75-79세,60 ,2 ,2 ,4 ,16 ,4 ,1 ,11 ,8 ,4 
전남,장흥군,일반,남자,80-84세,89 ,0 ,5 ,10 ,21 ,8 ,4 ,10 ,11 ,7 
전남,장흥군,일반,남자,85세이상,89 ,0 ,1 ,15 ,27 ,19 ,3 ,5 ,3 ,3 
전남,장흥군,일반,여자,65세미만,7 ,1 ,0 ,0 ,1 ,0 ,0 ,4 ,1 ,0 
전남,장흥군,일반,여자,65-69세,42 ,1 ,2 ,3 ,9 ,1 ,0 ,9 ,8 ,2 
전남,장흥군,일반,여자,70-74세,75 ,0 ,1 ,2 ,13 ,4 ,2 ,15 ,17 ,4 
전남,장흥군,일반,여자,75-79세,150 ,2 ,4 ,8 ,35 ,13 ,6 ,24 ,26 ,1 
전남,장흥군,일반,여자,80-84세,257 ,2 ,8 ,24 ,82 ,26 ,7 ,32 ,19 ,7 
전남,장흥군,일반,여자,85세이상,280 ,7 ,6 ,42 ,127 ,30 ,8 ,18 ,19 ,0 
전남,장흥군,기초,남자,65세미만,21 ,0 ,2 ,2 ,9 ,1 ,2 ,0 ,1 ,2 
전남,장흥군,기초,남자,65-69세,36 ,1 ,0 ,1 ,10 ,7 ,0 ,6 ,6 ,2 
전남,장흥군,기초,남자,70-74세,34 ,0 ,0 ,4 ,9 ,8 ,0 ,3 ,6 ,0 
전남,장흥군,기초,남자,75-79세,24 ,0 ,2 ,1 ,7 ,2 ,2 ,2 ,3 ,2 
전남,장흥군,기초,남자,80-84세,12 ,0 ,0 ,0 ,5 ,1 ,1 ,1 ,1 ,1 
전남,장흥군,기초,남자,85세이상,8 ,0 ,1 ,2 ,3 ,1 ,1 ,0 ,0 ,0 
전남,장흥군,기초,여자,65세미만,9 ,0 ,0 ,1 ,1 ,1 ,1 ,0 ,1 ,1 
전남,장흥군,기초,여자,65-69세,26 ,1 ,0 ,1 ,7 ,2 ,1 ,5 ,4 ,3 
전남,장흥군,기초,여자,70-74세,21 ,0 ,1 ,2 ,9 ,2 ,1 ,5 ,0 ,0 
전남,장흥군,기초,여자,75-79세,36 ,0 ,0 ,4 ,15 ,8 ,0 ,1 ,3 ,1 
전남,장흥군,기초,여자,80-84세,69 ,0 ,3 ,15 ,31 ,9 ,0 ,3 ,1 ,0 
전남,장흥군,기초,여자,85세이상,92 ,1 ,10 ,14 ,43 ,11 ,1 ,4 ,2 ,0 
전남,장흥군,의료,남자,70-74세,0 ,0 ,0 ,0 ,0 ,0 ,0 ,0 ,0 ,0 
전남,장흥군,의료,남자,75-79세,1 ,0 ,0 ,0 ,1 ,0 ,0 ,0 ,0 ,0 
전남,장흥군,의료,남자,80-84세,0 ,0 ,0 ,0 ,0 ,0 ,0 ,0 ,0 ,0 
전남,장흥군,의료,남자,85세이상,3 ,0 ,0 ,1 ,1 ,0 ,1 ,0 ,0 ,0 
전남,장흥군,의료,여자,65세미만,0 ,0 ,0 ,0 ,0 ,0 ,0 ,0 ,0 ,0 
전남,장흥군,의료,여자,65-69세,0 ,0 ,0 ,0 ,0 ,0 ,0 ,0 ,0 ,0 
전남,장흥군,의료,여자,70-74세,2 ,0 ,0 ,0 ,0 ,0 ,0 ,1 ,0 ,0 
전남,장흥군,의료,여자,75-79세,4 ,0 ,0 ,0 ,1 ,0 ,0 ,0 ,1 ,0 
전남,장흥군,의료,여자,80-84세,5 ,0 ,0 ,1 ,2 ,2 ,0 ,0 ,0 ,0 
전남,장흥군,의료,여자,85세이상,19 ,0 ,0 ,6 ,10 ,1 ,0 ,0 ,1 ,0 
전남,장흥군,감경,남자,65세미만,3 ,0 ,0 ,1 ,1 ,0 ,0 ,0 ,1 ,0 
전남,장흥군,감경,남자,65-69세,10 ,0 ,0 ,3 ,6 ,0 ,0 ,0 ,0 ,1 
전남,장흥군,감경,남자,70-74세,31 ,3 ,0 ,2 ,18 ,3 ,1 ,0 ,1 ,1 
전남,장흥군,감경,남자,75-79세,43 ,0 ,0 ,8 ,21 ,6 ,3 ,0 ,2 ,0 
전남,장흥군,감경,남자,80-84세,86 ,2 ,6 ,18 ,37 ,14 ,7 ,0 ,0 ,0 
전남,장흥군,감경,남자,85세이상,108 ,1 ,7 ,26 ,48 ,15 ,6 ,0 ,0 ,1 
전남,장흥군,감경,여자,65세미만,4 ,0 ,0 ,1 ,3 ,0 ,0 ,0 ,0 ,0 
전남,장흥군,감경,여자,65-69세,17 ,0 ,0 ,3 ,9 ,1 ,0 ,2 ,0 ,0 
전남,장흥군,감경,여자,70-74세,42 ,2 ,0 ,8 ,16 ,11 ,1 ,0 ,1 ,0 
전남,장흥군,감경,여자,75-79세,103 ,3 ,3 ,16 ,54 ,15 ,5 ,1 ,0 ,0 
전남,장흥군,감경,여자,80-84세,305 ,3 ,15 ,51 ,159 ,51 ,6 ,1 ,1 ,1 
전남,장흥군,감경,여자,85세이상,506 ,3 ,21 ,108 ,297 ,53 ,10 ,1 ,2 ,0 
전남,강진군,일반,남자,65세미만,8 ,0 ,1 ,2 ,2 ,0 ,0 ,2 ,0 ,1 
전남,강진군,일반,남자,65-69세,21 ,0 ,0 ,3 ,4 ,0 ,0 ,4 ,3 ,0 
전남,강진군,일반,남자,70-74세,28 ,0 ,2 ,2 ,4 ,1 ,0 ,8 ,0 ,1 
전남,강진군,일반,남자,75-79세,52 ,0 ,0 ,6 ,17 ,4 ,2 ,7 ,9 ,2 
전남,강진군,일반,남자,80-84세,97 ,0 ,4 ,16 ,34 ,10 ,2 ,7 ,5 ,4 
전남,강진군,일반,남자,85세이상,88 ,1 ,6 ,7 ,35 ,10 ,2 ,3 ,7 ,5 
전남,강진군,일반,여자,65세미만,1 ,0 ,0 ,0 ,0 ,0 ,0 ,0 ,0 ,0 
전남,강진군,일반,여자,65-69세,33 ,1 ,0 ,1 ,2 ,0 ,1 ,2 ,4 ,4 
전남,강진군,일반,여자,70-74세,67 ,0 ,1 ,7 ,11 ,6 ,0 ,13 ,12 ,1 
전남,강진군,일반,여자,75-79세,128 ,1 ,1 ,8 ,42 ,13 ,3 ,11 ,25 ,5 
전남,강진군,일반,여자,80-84세,263 ,0 ,4 ,26 ,83 ,49 ,4 ,24 ,27 ,3 
전남,강진군,일반,여자,85세이상,233 ,4 ,14 ,40 ,91 ,31 ,3 ,13 ,11 ,2 
전남,강진군,기초,남자,65세미만,20 ,0 ,1 ,2 ,2 ,0 ,1 ,6 ,1 ,1 
전남,강진군,기초,남자,65-69세,23 ,0 ,0 ,1 ,6 ,3 ,0 ,1 ,6 ,3 
전남,강진군,기초,남자,70-74세,22 ,0 ,1 ,3 ,6 ,3 ,0 ,2 ,3 ,0 
전남,강진군,기초,남자,75-79세,22 ,0 ,2 ,3 ,3 ,5 ,0 ,0 ,2 ,1 
전남,강진군,기초,남자,80-84세,17 ,0 ,1 ,1 ,6 ,3 ,2 ,1 ,2 ,0 
전남,강진군,기초,남자,85세이상,4 ,0 ,0 ,2 ,0 ,2 ,0 ,0 ,0 ,0 
전남,강진군,기초,여자,65세미만,11 ,2 ,1 ,0 ,5 ,1 ,0 ,0 ,0 ,1 
전남,강진군,기초,여자,65-69세,17 ,0 ,0 ,2 ,3 ,1 ,0 ,3 ,3 ,3 
전남,강진군,기초,여자,70-74세,21 ,0 ,0 ,3 ,7 ,1 ,0 ,2 ,3 ,1 
전남,강진군,기초,여자,75-79세,33 ,0 ,4 ,5 ,11 ,7 ,0 ,1 ,3 ,0 
전남,강진군,기초,여자,80-84세,59 ,0 ,1 ,9 ,20 ,13 ,1 ,7 ,4 ,0 
전남,강진군,기초,여자,85세이상,93 ,1 ,5 ,22 ,44 ,10 ,1 ,2 ,1 ,1 
전남,강진군,의료,남자,70-74세,0 ,0 ,0 ,0 ,0 ,0 ,0 ,0 ,0 ,0 
전남,강진군,의료,남자,75-79세,0 ,0 ,0 ,0 ,0 ,0 ,0 ,0 ,0 ,0 
전남,강진군,의료,남자,80-84세,1 ,0 ,0 ,0 ,0 ,1 ,0 ,0 ,0 ,0 
전남,강진군,의료,남자,85세이상,1 ,0 ,0 ,0 ,0 ,0 ,0 ,0 ,0 ,0 
전남,강진군,의료,여자,65-69세,1 ,0 ,0 ,0 ,0 ,0 ,0 ,1 ,0 ,0 
전남,강진군,의료,여자,70-74세,1 ,0 ,0 ,0 ,1 ,0 ,0 ,0 ,0 ,0 
전남,강진군,의료,여자,75-79세,0 ,0 ,0 ,0 ,0 ,0 ,0 ,0 ,0 ,0 
전남,강진군,의료,여자,80-84세,6 ,0 ,0 ,1 ,2 ,1 ,0 ,1 ,0 ,0 
전남,강진군,의료,여자,85세이상,19 ,0 ,2 ,4 ,10 ,2 ,0 ,0 ,0 ,0 
전남,강진군,감경,남자,65세미만,5 ,0 ,0 ,3 ,0 ,0 ,1 ,0 ,0 ,0 
전남,강진군,감경,남자,65-69세,8 ,0 ,0 ,4 ,2 ,2 ,0 ,0 ,0 ,0 
전남,강진군,감경,남자,70-74세,23 ,0 ,0 ,10 ,8 ,1 ,0 ,2 ,0 ,0 
전남,강진군,감경,남자,75-79세,38 ,1 ,5 ,11 ,11 ,7 ,1 ,0 ,0 ,0 
전남,강진군,감경,남자,80-84세,72 ,3 ,2 ,16 ,31 ,16 ,1 ,0 ,0 ,0 
전남,강진군,감경,남자,85세이상,81 ,1 ,2 ,18 ,38 ,18 ,4 ,0 ,0 ,0 
전남,강진군,감경,여자,65세미만,9 ,1 ,0 ,4 ,3 ,0 ,0 ,0 ,0 ,0 
전남,강진군,감경,여자,65-69세,17 ,1 ,1 ,3 ,8 ,2 ,0 ,0 ,1 ,0 
전남,강진군,감경,여자,70-74세,33 ,0 ,0 ,7 ,14 ,5 ,2 ,1 ,1 ,0 
전남,강진군,감경,여자,75-79세,100 ,3 ,1 ,16 ,46 ,20 ,3 ,1 ,1 ,0 
전남,강진군,감경,여자,80-84세,275 ,1 ,14 ,46 ,126 ,65 ,10 ,1 ,1 ,1 
전남,강진군,감경,여자,85세이상,452 ,6 ,33 ,98 ,220 ,75 ,5 ,1 ,0 ,0 
전남,해남군,일반,남자,65세미만,14 ,0 ,0 ,1 ,0 ,0 ,1 ,4 ,1 ,1 
전남,해남군,일반,남자,65-69세,39 ,0 ,1 ,1 ,8 ,2 ,0 ,7 ,4 ,6 
전남,해남군,일반,남자,70-74세,77 ,1 ,1 ,9 ,17 ,3 ,0 ,11 ,12 ,3 
전남,해남군,일반,남자,75-79세,112 ,1 ,4 ,4 ,24 ,13 ,3 ,9 ,19 ,9 
전남,해남군,일반,남자,80-84세,136 ,0 ,5 ,13 ,34 ,14 ,4 ,19 ,15 ,4 
전남,해남군,일반,남자,85세이상,138 ,0 ,1 ,15 ,45 ,17 ,7 ,11 ,15 ,4 
전남,해남군,일반,여자,65세미만,14 ,0 ,1 ,1 ,2 ,1 ,0 ,4 ,0 ,0 
전남,해남군,일반,여자,65-69세,52 ,0 ,2 ,4 ,2 ,2 ,0 ,12 ,9 ,0 
전남,해남군,일반,여자,70-74세,139 ,2 ,3 ,8 ,19 ,8 ,5 ,27 ,17 ,4 
전남,해남군,일반,여자,75-79세,252 ,1 ,4 ,13 ,47 ,29 ,4 ,51 ,31 ,9 
전남,해남군,일반,여자,80-84세,401 ,3 ,6 ,40 ,96 ,56 ,16 ,66 ,35 ,7 
전남,해남군,일반,여자,85세이상,384 ,9 ,11 ,54 ,133 ,37 ,9 ,48 ,20 ,3 
전남,해남군,기초,남자,65세미만,35 ,0 ,2 ,6 ,11 ,2 ,0 ,8 ,1 ,0 
전남,해남군,기초,남자,65-69세,43 ,0 ,1 ,3 ,9 ,6 ,5 ,7 ,4 ,2 
전남,해남군,기초,남자,70-74세,37 ,0 ,1 ,3 ,15 ,3 ,1 ,1 ,4 ,3 
전남,해남군,기초,남자,75-79세,35 ,1 ,0 ,4 ,19 ,5 ,0 ,4 ,2 ,0 
전남,해남군,기초,남자,80-84세,19 ,0 ,1 ,3 ,8 ,2 ,1 ,1 ,1 ,1 
전남,해남군,기초,남자,85세이상,15 ,0 ,0 ,2 ,8 ,2 ,0 ,0 ,2 ,0 
전남,해남군,기초,여자,65세미만,17 ,1 ,1 ,5 ,4 ,0 ,0 ,3 ,2 ,1 
전남,해남군,기초,여자,65-69세,33 ,2 ,1 ,2 ,10 ,2 ,1 ,2 ,6 ,1 
전남,해남군,기초,여자,70-74세,36 ,0 ,1 ,5 ,9 ,6 ,0 ,6 ,1 ,0 
전남,해남군,기초,여자,75-79세,58 ,0 ,2 ,9 ,16 ,7 ,2 ,5 ,6 ,2 
전남,해남군,기초,여자,80-84세,75 ,1 ,4 ,12 ,25 ,14 ,3 ,4 ,6 ,0 
전남,해남군,기초,여자,85세이상,108 ,1 ,10 ,20 ,42 ,16 ,0 ,8 ,4 ,1 
전남,해남군,의료,남자,65세미만,0 ,0 ,0 ,0 ,0 ,0 ,0 ,0 ,0 ,0 
전남,해남군,의료,남자,65-69세,0 ,0 ,0 ,0 ,0 ,0 ,0 ,0 ,0 ,0 
전남,해남군,의료,남자,70-74세,1 ,0 ,0 ,1 ,0 ,0 ,0 ,0 ,0 ,0 
전남,해남군,의료,남자,75-79세,3 ,0 ,0 ,0 ,1 ,0 ,0 ,0 ,2 ,0 
전남,해남군,의료,남자,80-84세,1 ,0 ,0 ,0 ,0 ,0 ,0 ,0 ,0 ,0 
전남,해남군,의료,남자,85세이상,1 ,0 ,0 ,0 ,1 ,0 ,0 ,0 ,0 ,0 
전남,해남군,의료,여자,65세미만,0 ,0 ,0 ,0 ,0 ,0 ,0 ,0 ,0 ,0 
전남,해남군,의료,여자,70-74세,3 ,0 ,0 ,0 ,2 ,0 ,1 ,0 ,0 ,0 
전남,해남군,의료,여자,75-79세,5 ,0 ,0 ,0 ,4 ,0 ,0 ,0 ,1 ,0 
전남,해남군,의료,여자,80-84세,5 ,0 ,0 ,0 ,2 ,0 ,0 ,0 ,1 ,0 
전남,해남군,의료,여자,85세이상,27 ,0 ,1 ,3 ,16 ,3 ,1 ,1 ,0 ,0 
전남,해남군,감경,남자,65세미만,13 ,1 ,0 ,0 ,5 ,2 ,0 ,1 ,1 ,0 
전남,해남군,감경,남자,65-69세,32 ,1 ,1 ,7 ,14 ,3 ,3 ,0 ,0 ,0 
전남,해남군,감경,남자,70-74세,42 ,1 ,4 ,9 ,14 ,7 ,2 ,2 ,0 ,0 
전남,해남군,감경,남자,75-79세,71 ,1 ,5 ,19 ,26 ,10 ,2 ,1 ,1 ,1 
전남,해남군,감경,남자,80-84세,99 ,3 ,5 ,13 ,48 ,21 ,4 ,0 ,0 ,0 
전남,해남군,감경,남자,85세이상,128 ,1 ,3 ,29 ,60 ,28 ,5 ,0 ,1 ,0 
전남,해남군,감경,여자,65세미만,10 ,1 ,0 ,1 ,3 ,1 ,0 ,1 ,0 ,0 
전남,해남군,감경,여자,65-69세,22 ,0 ,2 ,2 ,9 ,2 ,0 ,0 ,1 ,0 
전남,해남군,감경,여자,70-74세,81 ,1 ,2 ,14 ,39 ,14 ,5 ,2 ,0 ,0 
전남,해남군,감경,여자,75-79세,199 ,4 ,14 ,18 ,82 ,46 ,10 ,5 ,0 ,1 
전남,해남군,감경,여자,80-84세,503 ,8 ,19 ,82 ,251 ,102 ,13 ,4 ,1 ,1 
전남,해남군,감경,여자,85세이상,700 ,15 ,46 ,161 ,345 ,104 ,11 ,3 ,3 ,0 
전남,영암군,일반,남자,65세미만,6 ,0 ,0 ,0 ,2 ,0 ,0 ,2 ,0 ,0 
전남,영암군,일반,남자,65-69세,24 ,1 ,2 ,1 ,5 ,0 ,0 ,4 ,2 ,2 
전남,영암군,일반,남자,70-74세,40 ,1 ,1 ,4 ,13 ,3 ,1 ,3 ,1 ,1 
전남,영암군,일반,남자,75-79세,63 ,1 ,3 ,8 ,25 ,2 ,0 ,8 ,2 ,2 
전남,영암군,일반,남자,80-84세,112 ,0 ,6 ,12 ,38 ,11 ,5 ,5 ,9 ,4 
전남,영암군,일반,남자,85세이상,96 ,0 ,5 ,9 ,50 ,3 ,1 ,8 ,1 ,2 
전남,영암군,일반,여자,65세미만,9 ,0 ,2 ,1 ,1 ,0 ,0 ,1 ,0 ,1 
전남,영암군,일반,여자,65-69세,48 ,0 ,0 ,3 ,9 ,4 ,0 ,11 ,4 ,2 
전남,영암군,일반,여자,70-74세,69 ,0 ,2 ,4 ,18 ,6 ,0 ,13 ,7 ,3 
전남,영암군,일반,여자,75-79세,191 ,2 ,1 ,16 ,52 ,10 ,2 ,23 ,31 ,8 
전남,영암군,일반,여자,80-84세,311 ,3 ,12 ,37 ,109 ,23 ,7 ,31 ,20 ,10 
전남,영암군,일반,여자,85세이상,288 ,14 ,5 ,55 ,125 ,20 ,6 ,13 ,9 ,1 
전남,영암군,기초,남자,65세미만,19 ,0 ,2 ,2 ,5 ,0 ,0 ,1 ,2 ,1 
전남,영암군,기초,남자,65-69세,26 ,0 ,0 ,3 ,11 ,2 ,0 ,3 ,4 ,2 
전남,영암군,기초,남자,70-74세,14 ,0 ,0 ,1 ,8 ,1 ,0 ,1 ,0 ,2 
전남,영암군,기초,남자,75-79세,19 ,0 ,1 ,3 ,5 ,2 ,1 ,0 ,3 ,0 
전남,영암군,기초,남자,80-84세,10 ,0 ,2 ,1 ,4 ,1 ,0 ,0 ,2 ,0 
전남,영암군,기초,남자,85세이상,4 ,0 ,0 ,1 ,1 ,1 ,1 ,0 ,0 ,0 
전남,영암군,기초,여자,65세미만,7 ,1 ,0 ,1 ,2 ,0 ,0 ,1 ,0 ,0 
전남,영암군,기초,여자,65-69세,16 ,1 ,1 ,1 ,7 ,0 ,0 ,2 ,1 ,1 
전남,영암군,기초,여자,70-74세,22 ,1 ,0 ,3 ,8 ,3 ,0 ,3 ,2 ,1 
전남,영암군,기초,여자,75-79세,46 ,2 ,2 ,4 ,22 ,2 ,1 ,0 ,3 ,2 
전남,영암군,기초,여자,80-84세,42 ,0 ,3 ,7 ,21 ,1 ,0 ,4 ,3 ,2 
전남,영암군,기초,여자,85세이상,79 ,3 ,7 ,16 ,38 ,2 ,0 ,4 ,1 ,0 
전남,영암군,의료,남자,65-69세,0 ,0 ,0 ,0 ,0 ,0 ,0 ,0 ,0 ,0 
전남,영암군,의료,남자,70-74세,1 ,0 ,0 ,0 ,1 ,0 ,0 ,0 ,0 ,0 
전남,영암군,의료,남자,75-79세,3 ,0 ,0 ,0 ,3 ,0 ,0 ,0 ,0 ,0 
전남,영암군,의료,남자,80-84세,0 ,0 ,0 ,0 ,0 ,0 ,0 ,0 ,0 ,0 
전남,영암군,의료,남자,85세이상,2 ,0 ,1 ,0 ,1 ,0 ,0 ,0 ,0 ,0 
전남,영암군,의료,여자,70-74세,0 ,0 ,0 ,0 ,0 ,0 ,0 ,0 ,0 ,0 
전남,영암군,의료,여자,75-79세,2 ,0 ,0 ,1 ,1 ,0 ,0 ,0 ,0 ,0 
전남,영암군,의료,여자,80-84세,5 ,0 ,0 ,2 ,1 ,0 ,0 ,1 ,0 ,0 
전남,영암군,의료,여자,85세이상,18 ,1 ,1 ,6 ,8 ,0 ,1 ,0 ,0 ,0 
전남,영암군,감경,남자,65세미만,8 ,1 ,0 ,5 ,2 ,0 ,0 ,0 ,0 ,0 
전남,영암군,감경,남자,65-69세,20 ,2 ,2 ,5 ,9 ,1 ,1 ,0 ,0 ,0 
전남,영암군,감경,남자,70-74세,23 ,2 ,3 ,8 ,5 ,3 ,1 ,0 ,0 ,0 
전남,영암군,감경,남자,75-79세,43 ,1 ,3 ,9 ,27 ,0 ,2 ,0 ,0 ,0 
전남,영암군,감경,남자,80-84세,90 ,2 ,6 ,19 ,54 ,6 ,1 ,1 ,0 ,0 
전남,영암군,감경,남자,85세이상,92 ,1 ,10 ,24 ,42 ,9 ,3 ,0 ,1 ,0 
전남,영암군,감경,여자,65세미만,6 ,1 ,0 ,4 ,0 ,0 ,0 ,1 ,0 ,0 
전남,영암군,감경,여자,65-69세,23 ,0 ,2 ,2 ,13 ,1 ,0 ,1 ,1 ,0 
전남,영암군,감경,여자,70-74세,47 ,1 ,2 ,5 ,27 ,7 ,1 ,1 ,0 ,0 
전남,영암군,감경,여자,75-79세,108 ,6 ,6 ,16 ,58 ,8 ,1 ,3 ,0 ,0 
전남,영암군,감경,여자,80-84세,314 ,7 ,17 ,57 ,175 ,34 ,4 ,3 ,0 ,0 
전남,영암군,감경,여자,85세이상,453 ,16 ,38 ,96 ,259 ,29 ,6 ,1 ,1 ,1 
전남,무안군,일반,남자,65세미만,14 ,0 ,0 ,3 ,4 ,0 ,0 ,2 ,1 ,1 
전남,무안군,일반,남자,65-69세,24 ,1 ,2 ,3 ,4 ,4 ,0 ,3 ,2 ,1 
전남,무안군,일반,남자,70-74세,61 ,1 ,3 ,5 ,12 ,6 ,2 ,9 ,2 ,2 
전남,무안군,일반,남자,75-79세,88 ,2 ,1 ,11 ,30 ,5 ,2 ,12 ,10 ,2 
전남,무안군,일반,남자,80-84세,120 ,4 ,3 ,20 ,31 ,10 ,2 ,16 ,9 ,3 
전남,무안군,일반,남자,85세이상,96 ,0 ,3 ,11 ,38 ,7 ,2 ,4 ,6 ,5 
전남,무안군,일반,여자,65세미만,13 ,1 ,0 ,1 ,3 ,0 ,2 ,0 ,1 ,0 
전남,무안군,일반,여자,65-69세,46 ,0 ,2 ,0 ,7 ,0 ,0 ,5 ,7 ,3 
전남,무안군,일반,여자,70-74세,107 ,1 ,1 ,5 ,17 ,6 ,8 ,21 ,12 ,8 
전남,무안군,일반,여자,75-79세,212 ,3 ,6 ,12 ,51 ,23 ,7 ,27 ,24 ,13 
전남,무안군,일반,여자,80-84세,355 ,4 ,8 ,48 ,123 ,42 ,15 ,32 ,20 ,7 
전남,무안군,일반,여자,85세이상,318 ,6 ,13 ,55 ,125 ,29 ,4 ,23 ,18 ,6 
전남,무안군,기초,남자,65세미만,24 ,2 ,1 ,7 ,7 ,1 ,0 ,1 ,1 ,2 
전남,무안군,기초,남자,65-69세,24 ,0 ,3 ,2 ,2 ,1 ,4 ,4 ,1 ,4 
전남,무안군,기초,남자,70-74세,24 ,1 ,0 ,2 ,8 ,3 ,0 ,4 ,2 ,1 
전남,무안군,기초,남자,75-79세,15 ,1 ,1 ,2 ,4 ,1 ,2 ,2 ,1 ,0 
전남,무안군,기초,남자,80-84세,15 ,1 ,2 ,6 ,2 ,2 ,0 ,1 ,1 ,0 
전남,무안군,기초,남자,85세이상,10 ,0 ,0 ,1 ,7 ,1 ,0 ,0 ,0 ,0 
전남,무안군,기초,여자,65세미만,14 ,2 ,1 ,4 ,3 ,1 ,0 ,1 ,1 ,0 
전남,무안군,기초,여자,65-69세,22 ,0 ,2 ,1 ,7 ,2 ,1 ,1 ,1 ,0 
전남,무안군,기초,여자,70-74세,36 ,0 ,3 ,9 ,7 ,3 ,1 ,2 ,5 ,0 
전남,무안군,기초,여자,75-79세,52 ,2 ,1 ,7 ,15 ,6 ,0 ,6 ,6 ,2 
전남,무안군,기초,여자,80-84세,49 ,0 ,2 ,6 ,20 ,9 ,3 ,2 ,0 ,2 
전남,무안군,기초,여자,85세이상,64 ,0 ,5 ,16 ,27 ,7 ,0 ,0 ,2 ,0 
전남,무안군,의료,남자,65세미만,0 ,0 ,0 ,0 ,0 ,0 ,0 ,0 ,0 ,0 
전남,무안군,의료,남자,65-69세,0 ,0 ,0 ,0 ,0 ,0 ,0 ,0 ,0 ,0 
전남,무안군,의료,남자,70-74세,2 ,0 ,0 ,1 ,0 ,1 ,0 ,0 ,0 ,0 
전남,무안군,의료,남자,75-79세,1 ,0 ,1 ,0 ,0 ,0 ,0 ,0 ,0 ,0 
전남,무안군,의료,남자,80-84세,2 ,0 ,0 ,0 ,1 ,0 ,0 ,0 ,0 ,0 
전남,무안군,의료,남자,85세이상,3 ,0 ,0 ,2 ,0 ,0 ,0 ,0 ,0 ,0 
전남,무안군,의료,여자,65세미만,0 ,0 ,0 ,0 ,0 ,0 ,0 ,0 ,0 ,0 
전남,무안군,의료,여자,65-69세,1 ,0 ,0 ,0 ,1 ,0 ,0 ,0 ,0 ,0 
전남,무안군,의료,여자,70-74세,2 ,0 ,0 ,0 ,0 ,0 ,0 ,1 ,0 ,0 
전남,무안군,의료,여자,75-79세,5 ,0 ,0 ,1 ,2 ,0 ,0 ,0 ,0 ,1 
전남,무안군,의료,여자,80-84세,4 ,0 ,0 ,0 ,2 ,0 ,0 ,0 ,0 ,0 
전남,무안군,의료,여자,85세이상,18 ,0 ,1 ,2 ,12 ,1 ,1 ,1 ,0 ,0 
전남,무안군,감경,남자,65세미만,10 ,1 ,0 ,5 ,3 ,0 ,0 ,0 ,0 ,0 
전남,무안군,감경,남자,65-69세,23 ,0 ,4 ,6 ,6 ,3 ,0 ,0 ,0 ,0 
전남,무안군,감경,남자,70-74세,44 ,3 ,6 ,5 ,16 ,8 ,1 ,2 ,1 ,0 
전남,무안군,감경,남자,75-79세,70 ,1 ,4 ,17 ,28 ,13 ,3 ,0 ,0 ,0 
전남,무안군,감경,남자,80-84세,101 ,3 ,1 ,22 ,52 ,15 ,5 ,0 ,1 ,0 
전남,무안군,감경,남자,85세이상,80 ,0 ,5 ,17 ,43 ,7 ,6 ,0 ,0 ,0 
전남,무안군,감경,여자,65세미만,13 ,2 ,1 ,3 ,6 ,0 ,1 ,0 ,0 ,0 
전남,무안군,감경,여자,65-69세,23 ,0 ,1 ,6 ,9 ,4 ,1 ,0 ,0 ,0 
전남,무안군,감경,여자,70-74세,57 ,1 ,4 ,6 ,28 ,9 ,2 ,2 ,2 ,0 
전남,무안군,감경,여자,75-79세,181 ,1 ,12 ,29 ,78 ,39 ,3 ,0 ,3 ,0 
전남,무안군,감경,여자,80-84세,361 ,7 ,16 ,66 ,177 ,69 ,16 ,3 ,2 ,1 
전남,무안군,감경,여자,85세이상,548 ,21 ,46 ,118 ,279 ,59 ,3 ,1 ,1 ,0 
전남,함평군,일반,남자,65세미만,6 ,0 ,0 ,2 ,0 ,0 ,0 ,1 ,1 ,2 
전남,함평군,일반,남자,65-69세,23 ,1 ,2 ,1 ,2 ,0 ,0 ,7 ,2 ,2 
전남,함평군,일반,남자,70-74세,45 ,2 ,0 ,5 ,12 ,3 ,0 ,3 ,5 ,2 
전남,함평군,일반,남자,75-79세,52 ,0 ,0 ,9 ,16 ,2 ,0 ,4 ,7 ,0 
전남,함평군,일반,남자,80-84세,106 ,1 ,1 ,22 ,28 ,7 ,4 ,12 ,10 ,4 
전남,함평군,일반,남자,85세이상,101 ,3 ,1 ,13 ,37 ,8 ,3 ,11 ,7 ,3 
전남,함평군,일반,여자,65세미만,9 ,2 ,0 ,1 ,1 ,0 ,0 ,0 ,4 ,0 
전남,함평군,일반,여자,65-69세,30 ,0 ,0 ,0 ,2 ,0 ,1 ,5 ,10 ,2 
전남,함평군,일반,여자,70-74세,90 ,1 ,1 ,1 ,17 ,6 ,1 ,16 ,15 ,6 
전남,함평군,일반,여자,75-79세,189 ,0 ,7 ,6 ,45 ,23 ,2 ,31 ,27 ,3 
전남,함평군,일반,여자,80-84세,278 ,0 ,13 ,35 ,93 ,23 ,5 ,30 ,26 ,10 
전남,함평군,일반,여자,85세이상,268 ,2 ,14 ,55 ,99 ,24 ,5 ,25 ,13 ,6 
전남,함평군,기초,남자,65세미만,24 ,1 ,0 ,4 ,7 ,0 ,0 ,1 ,3 ,3 
전남,함평군,기초,남자,65-69세,16 ,0 ,0 ,3 ,5 ,0 ,1 ,1 ,3 ,1 
전남,함평군,기초,남자,70-74세,18 ,1 ,0 ,5 ,5 ,0 ,1 ,1 ,2 ,0 
전남,함평군,기초,남자,75-79세,11 ,0 ,0 ,2 ,1 ,1 ,1 ,1 ,1 ,1 
전남,함평군,기초,남자,80-84세,16 ,0 ,2 ,2 ,4 ,0 ,0 ,3 ,0 ,3 
전남,함평군,기초,남자,85세이상,9 ,0 ,0 ,1 ,3 ,1 ,0 ,1 ,2 ,0 
전남,함평군,기초,여자,65세미만,7 ,0 ,0 ,2 ,1 ,1 ,0 ,1 ,0 ,0 
전남,함평군,기초,여자,65-69세,22 ,0 ,1 ,3 ,5 ,4 ,0 ,1 ,2 ,2 
전남,함평군,기초,여자,70-74세,23 ,0 ,0 ,3 ,7 ,1 ,0 ,1 ,4 ,1 
전남,함평군,기초,여자,75-79세,32 ,0 ,1 ,6 ,10 ,2 ,1 ,3 ,4 ,2 
전남,함평군,기초,여자,80-84세,39 ,1 ,4 ,4 ,16 ,3 ,2 ,0 ,3 ,0 
전남,함평군,기초,여자,85세이상,56 ,2 ,3 ,18 ,20 ,5 ,1 ,1 ,0 ,1 
전남,함평군,의료,남자,65세미만,0 ,0 ,0 ,0 ,0 ,0 ,0 ,0 ,0 ,0 
전남,함평군,의료,남자,65-69세,1 ,0 ,0 ,0 ,1 ,0 ,0 ,0 ,0 ,0 
전남,함평군,의료,남자,75-79세,0 ,0 ,0 ,0 ,0 ,0 ,0 ,0 ,0 ,0 
전남,함평군,의료,남자,80-84세,1 ,0 ,0 ,1 ,0 ,0 ,0 ,0 ,0 ,0 
전남,함평군,의료,남자,85세이상,4 ,0 ,0 ,1 ,2 ,0 ,1 ,0 ,0 ,0 
전남,함평군,의료,여자,65-69세,1 ,0 ,0 ,0 ,0 ,1 ,0 ,0 ,0 ,0 
전남,함평군,의료,여자,70-74세,2 ,0 ,0 ,1 ,0 ,0 ,0 ,0 ,0 ,1 
전남,함평군,의료,여자,75-79세,0 ,0 ,0 ,0 ,0 ,0 ,0 ,0 ,0 ,0 
전남,함평군,의료,여자,80-84세,3 ,0 ,0 ,1 ,1 ,0 ,0 ,0 ,1 ,0 
전남,함평군,의료,여자,85세이상,17 ,0 ,0 ,4 ,7 ,4 ,0 ,2 ,0 ,0 
전남,함평군,감경,남자,65세미만,4 ,1 ,0 ,1 ,2 ,0 ,0 ,0 ,0 ,0 
전남,함평군,감경,남자,65-69세,7 ,0 ,0 ,3 ,2 ,0 ,1 ,1 ,0 ,0 
전남,함평군,감경,남자,70-74세,25 ,1 ,2 ,1 ,14 ,4 ,1 ,0 ,0 ,0 
전남,함평군,감경,남자,75-79세,43 ,0 ,3 ,8 ,22 ,4 ,4 ,0 ,0 ,0 
전남,함평군,감경,남자,80-84세,87 ,3 ,3 ,21 ,43 ,9 ,5 ,0 ,0 ,0 
전남,함평군,감경,남자,85세이상,80 ,2 ,5 ,11 ,44 ,13 ,3 ,0 ,0 ,0 
전남,함평군,감경,여자,65세미만,3 ,0 ,2 ,0 ,1 ,0 ,0 ,0 ,0 ,0 
전남,함평군,감경,여자,65-69세,18 ,0 ,2 ,4 ,4 ,3 ,2 ,1 ,2 ,0 
전남,함평군,감경,여자,70-74세,36 ,1 ,0 ,7 ,11 ,1 ,5 ,1 ,4 ,0 
전남,함평군,감경,여자,75-79세,108 ,3 ,6 ,19 ,46 ,12 ,10 ,1 ,1 ,1 
전남,함평군,감경,여자,80-84세,286 ,3 ,14 ,47 ,156 ,38 ,9 ,1 ,1 ,0 
전남,함평군,감경,여자,85세이상,456 ,10 ,31 ,96 ,251 ,45 ,7 ,0 ,0 ,0 
전남,영광군,일반,남자,65세미만,8 ,0 ,0 ,1 ,3 ,0 ,0 ,4 ,0 ,0 
전남,영광군,일반,남자,65-69세,44 ,0 ,1 ,2 ,13 ,1 ,0 ,10 ,4 ,2 
전남,영광군,일반,남자,70-74세,48 ,1 ,2 ,1 ,15 ,4 ,1 ,3 ,7 ,3 
전남,영광군,일반,남자,75-79세,89 ,1 ,0 ,7 ,22 ,4 ,1 ,24 ,9 ,2 
전남,영광군,일반,남자,80-84세,115 ,1 ,3 ,18 ,34 ,9 ,5 ,12 ,9 ,5 
전남,영광군,일반,남자,85세이상,86 ,0 ,6 ,16 ,32 ,3 ,1 ,7 ,6 ,2 
전남,영광군,일반,여자,65세미만,8 ,0 ,0 ,0 ,2 ,0 ,0 ,3 ,2 ,0 
전남,영광군,일반,여자,65-69세,40 ,0 ,1 ,1 ,5 ,1 ,0 ,6 ,2 ,5 
전남,영광군,일반,여자,70-74세,103 ,3 ,3 ,7 ,20 ,7 ,0 ,18 ,7 ,2 
전남,영광군,일반,여자,75-79세,206 ,1 ,5 ,18 ,63 ,13 ,4 ,24 ,24 ,5 
전남,영광군,일반,여자,80-84세,334 ,2 ,12 ,49 ,133 ,20 ,6 ,22 ,16 ,2 
전남,영광군,일반,여자,85세이상,274 ,5 ,15 ,54 ,124 ,19 ,2 ,11 ,5 ,3 
전남,영광군,기초,남자,65세미만,16 ,0 ,1 ,2 ,3 ,2 ,0 ,3 ,1 ,2 
전남,영광군,기초,남자,65-69세,35 ,0 ,0 ,2 ,13 ,5 ,0 ,3 ,5 ,2 
전남,영광군,기초,남자,70-74세,28 ,0 ,0 ,6 ,6 ,0 ,1 ,3 ,3 ,2 
전남,영광군,기초,남자,75-79세,17 ,0 ,0 ,1 ,9 ,1 ,0 ,3 ,0 ,0 
전남,영광군,기초,남자,80-84세,12 ,0 ,0 ,4 ,5 ,1 ,0 ,1 ,0 ,1 
전남,영광군,기초,남자,85세이상,10 ,1 ,0 ,2 ,2 ,1 ,1 ,1 ,0 ,0 
전남,영광군,기초,여자,65세미만,8 ,1 ,0 ,2 ,2 ,0 ,1 ,0 ,1 ,1 
전남,영광군,기초,여자,65-69세,36 ,0 ,3 ,2 ,11 ,0 ,1 ,12 ,3 ,0 
전남,영광군,기초,여자,70-74세,40 ,0 ,0 ,4 ,14 ,5 ,1 ,6 ,6 ,2 
전남,영광군,기초,여자,75-79세,34 ,0 ,0 ,3 ,16 ,1 ,0 ,5 ,2 ,0 
전남,영광군,기초,여자,80-84세,55 ,2 ,6 ,8 ,24 ,8 ,0 ,1 ,1 ,2 
전남,영광군,기초,여자,85세이상,86 ,6 ,5 ,18 ,41 ,4 ,0 ,1 ,0 ,1 
전남,영광군,의료,남자,65-69세,1 ,0 ,0 ,0 ,0 ,0 ,0 ,0 ,0 ,1 
전남,영광군,의료,남자,70-74세,1 ,1 ,0 ,0 ,0 ,0 ,0 ,0 ,0 ,0 
전남,영광군,의료,남자,75-79세,5 ,0 ,0 ,2 ,1 ,0 ,0 ,0 ,1 ,0 
전남,영광군,의료,남자,80-84세,0 ,0 ,0 ,0 ,0 ,0 ,0 ,0 ,0 ,0 
전남,영광군,의료,남자,85세이상,2 ,1 ,0 ,0 ,1 ,0 ,0 ,0 ,0 ,0 
전남,영광군,의료,여자,65-69세,2 ,0 ,0 ,0 ,0 ,0 ,0 ,1 ,0 ,0 
전남,영광군,의료,여자,70-74세,2 ,0 ,0 ,1 ,0 ,0 ,0 ,0 ,0 ,1 
전남,영광군,의료,여자,75-79세,1 ,0 ,0 ,0 ,1 ,0 ,0 ,0 ,0 ,0 
전남,영광군,의료,여자,80-84세,10 ,0 ,0 ,2 ,5 ,0 ,0 ,0 ,1 ,0 
전남,영광군,의료,여자,85세이상,16 ,0 ,1 ,2 ,9 ,2 ,0 ,0 ,0 ,0 
전남,영광군,감경,남자,65세미만,8 ,1 ,0 ,3 ,3 ,0 ,0 ,0 ,0 ,0 
전남,영광군,감경,남자,65-69세,21 ,0 ,0 ,7 ,11 ,1 ,0 ,0 ,1 ,0 
전남,영광군,감경,남자,70-74세,29 ,1 ,0 ,4 ,19 ,2 ,0 ,1 ,0 ,0 
전남,영광군,감경,남자,75-79세,64 ,1 ,2 ,17 ,32 ,6 ,2 ,1 ,1 ,0 
전남,영광군,감경,남자,80-84세,109 ,1 ,9 ,26 ,55 ,11 ,2 ,1 ,0 ,0 
전남,영광군,감경,남자,85세이상,95 ,1 ,7 ,10 ,64 ,7 ,1 ,1 ,0 ,0 
전남,영광군,감경,여자,65세미만,7 ,0 ,2 ,0 ,2 ,1 ,1 ,0 ,0 ,0 
전남,영광군,감경,여자,65-69세,25 ,1 ,0 ,6 ,9 ,2 ,2 ,1 ,1 ,0 
전남,영광군,감경,여자,70-74세,75 ,2 ,7 ,14 ,36 ,7 ,0 ,0 ,2 ,0 
전남,영광군,감경,여자,75-79세,155 ,2 ,12 ,23 ,80 ,18 ,4 ,1 ,5 ,1 
전남,영광군,감경,여자,80-84세,350 ,5 ,15 ,67 ,191 ,42 ,7 ,1 ,1 ,1 
전남,영광군,감경,여자,85세이상,458 ,13 ,45 ,82 ,265 ,38 ,2 ,1 ,0 ,0 
전남,장성군,일반,남자,65세미만,3 ,0 ,0 ,0 ,1 ,0 ,0 ,1 ,1 ,0 
전남,장성군,일반,남자,65-69세,19 ,0 ,0 ,1 ,4 ,2 ,0 ,4 ,3 ,2 
전남,장성군,일반,남자,70-74세,48 ,1 ,1 ,6 ,10 ,3 ,0 ,6 ,3 ,8 
전남,장성군,일반,남자,75-79세,83 ,0 ,4 ,7 ,19 ,11 ,1 ,11 ,6 ,7 
전남,장성군,일반,남자,80-84세,123 ,2 ,6 ,17 ,30 ,17 ,5 ,10 ,6 ,3 
전남,장성군,일반,남자,85세이상,126 ,2 ,3 ,7 ,55 ,20 ,5 ,12 ,7 ,5 
전남,장성군,일반,여자,65세미만,5 ,0 ,1 ,0 ,0 ,0 ,0 ,1 ,2 ,1 
전남,장성군,일반,여자,65-69세,43 ,0 ,1 ,1 ,3 ,2 ,0 ,16 ,8 ,2 
전남,장성군,일반,여자,70-74세,90 ,3 ,2 ,5 ,16 ,5 ,1 ,15 ,13 ,0 
전남,장성군,일반,여자,75-79세,175 ,3 ,0 ,10 ,48 ,19 ,6 ,23 ,13 ,9 
전남,장성군,일반,여자,80-84세,309 ,4 ,11 ,26 ,114 ,55 ,5 ,31 ,16 ,5 
전남,장성군,일반,여자,85세이상,317 ,6 ,16 ,62 ,146 ,29 ,3 ,19 ,5 ,3 
전남,장성군,기초,남자,65세미만,11 ,1 ,0 ,2 ,6 ,0 ,0 ,2 ,0 ,0 
전남,장성군,기초,남자,65-69세,26 ,0 ,0 ,0 ,6 ,5 ,1 ,2 ,5 ,3 
전남,장성군,기초,남자,70-74세,20 ,0 ,1 ,2 ,5 ,2 ,1 ,2 ,2 ,2 
전남,장성군,기초,남자,75-79세,28 ,1 ,0 ,3 ,10 ,6 ,1 ,2 ,1 ,2 
전남,장성군,기초,남자,80-84세,12 ,0 ,1 ,2 ,3 ,1 ,1 ,1 ,0 ,2 
전남,장성군,기초,남자,85세이상,11 ,0 ,0 ,0 ,5 ,4 ,0 ,1 ,1 ,0 
전남,장성군,기초,여자,65세미만,12 ,0 ,0 ,2 ,3 ,1 ,1 ,2 ,1 ,1 
전남,장성군,기초,여자,65-69세,15 ,0 ,2 ,3 ,2 ,0 ,0 ,1 ,2 ,1 
전남,장성군,기초,여자,70-74세,28 ,2 ,0 ,5 ,7 ,3 ,1 ,3 ,5 ,1 
전남,장성군,기초,여자,75-79세,33 ,0 ,1 ,3 ,9 ,4 ,1 ,6 ,3 ,0 
전남,장성군,기초,여자,80-84세,47 ,1 ,0 ,6 ,20 ,10 ,0 ,1 ,4 ,0 
전남,장성군,기초,여자,85세이상,87 ,3 ,4 ,18 ,32 ,12 ,3 ,4 ,2 ,1 
전남,장성군,의료,남자,65세미만,1 ,0 ,0 ,0 ,0 ,1 ,0 ,0 ,0 ,0 
전남,장성군,의료,남자,70-74세,2 ,0 ,0 ,0 ,0 ,0 ,1 ,1 ,0 ,0 
전남,장성군,의료,남자,75-79세,0 ,0 ,0 ,0 ,0 ,0 ,0 ,0 ,0 ,0 
전남,장성군,의료,남자,80-84세,4 ,0 ,0 ,0 ,3 ,1 ,0 ,0 ,0 ,0 
전남,장성군,의료,남자,85세이상,2 ,0 ,0 ,0 ,2 ,0 ,0 ,0 ,0 ,0 
전남,장성군,의료,여자,65-69세,1 ,0 ,0 ,0 ,0 ,0 ,0 ,1 ,0 ,0 
전남,장성군,의료,여자,70-74세,2 ,0 ,0 ,0 ,2 ,0 ,0 ,0 ,0 ,0 
전남,장성군,의료,여자,75-79세,4 ,0 ,0 ,0 ,1 ,2 ,0 ,0 ,0 ,0 
전남,장성군,의료,여자,80-84세,8 ,0 ,0 ,0 ,4 ,0 ,0 ,1 ,1 ,0 
전남,장성군,의료,여자,85세이상,15 ,0 ,1 ,4 ,6 ,2 ,0 ,0 ,0 ,0 
전남,장성군,감경,남자,65세미만,9 ,2 ,0 ,4 ,3 ,0 ,0 ,0 ,0 ,0 
전남,장성군,감경,남자,65-69세,13 ,1 ,1 ,3 ,5 ,2 ,0 ,0 ,0 ,0 
전남,장성군,감경,남자,70-74세,36 ,0 ,3 ,5 ,14 ,9 ,2 ,0 ,1 ,0 
전남,장성군,감경,남자,75-79세,49 ,2 ,3 ,8 ,21 ,12 ,1 ,1 ,0 ,0 
전남,장성군,감경,남자,80-84세,73 ,1 ,5 ,13 ,33 ,13 ,6 ,0 ,2 ,0 
전남,장성군,감경,남자,85세이상,94 ,4 ,5 ,17 ,51 ,12 ,3 ,0 ,0 ,0 
전남,장성군,감경,여자,65세미만,6 ,1 ,0 ,2 ,1 ,2 ,0 ,0 ,0 ,0 
전남,장성군,감경,여자,65-69세,14 ,2 ,1 ,2 ,4 ,3 ,0 ,0 ,1 ,0 
전남,장성군,감경,여자,70-74세,52 ,3 ,5 ,7 ,14 ,16 ,0 ,3 ,1 ,0 
전남,장성군,감경,여자,75-79세,127 ,2 ,4 ,13 ,56 ,28 ,10 ,2 ,3 ,0 
전남,장성군,감경,여자,80-84세,304 ,5 ,9 ,56 ,150 ,60 ,8 ,2 ,0 ,0 
전남,장성군,감경,여자,85세이상,440 ,16 ,27 ,97 ,227 ,54 ,6 ,1 ,0 ,0 
전남,완도군,일반,남자,65세미만,4 ,0 ,0 ,2 ,2 ,0 ,0 ,0 ,0 ,0 
전남,완도군,일반,남자,65-69세,21 ,0 ,1 ,1 ,3 ,0 ,0 ,7 ,3 ,0 
전남,완도군,일반,남자,70-74세,41 ,0 ,1 ,3 ,12 ,0 ,0 ,10 ,9 ,3 
전남,완도군,일반,남자,75-79세,72 ,0 ,0 ,6 ,18 ,6 ,3 ,12 ,13 ,5 
전남,완도군,일반,남자,80-84세,116 ,0 ,2 ,13 ,40 ,6 ,0 ,20 ,14 ,9 
전남,완도군,일반,남자,85세이상,82 ,0 ,0 ,17 ,23 ,7 ,0 ,20 ,3 ,2 
전남,완도군,일반,여자,65세미만,8 ,1 ,0 ,3 ,1 ,0 ,0 ,1 ,0 ,0 
전남,완도군,일반,여자,65-69세,40 ,0 ,0 ,2 ,4 ,0 ,0 ,12 ,8 ,5 
전남,완도군,일반,여자,70-74세,77 ,0 ,2 ,5 ,9 ,2 ,0 ,22 ,9 ,4 
전남,완도군,일반,여자,75-79세,155 ,0 ,1 ,9 ,39 ,11 ,2 ,33 ,29 ,9 
전남,완도군,일반,여자,80-84세,280 ,1 ,2 ,27 ,85 ,22 ,3 ,52 ,40 ,11 
전남,완도군,일반,여자,85세이상,217 ,1 ,7 ,28 ,94 ,12 ,1 ,28 ,22 ,4 
전남,완도군,기초,남자,65세미만,12 ,0 ,1 ,2 ,4 ,0 ,0 ,2 ,0 ,2 
전남,완도군,기초,남자,65-69세,27 ,0 ,0 ,4 ,10 ,2 ,0 ,7 ,2 ,2 
전남,완도군,기초,남자,70-74세,18 ,1 ,0 ,1 ,11 ,0 ,0 ,2 ,0 ,1 
전남,완도군,기초,남자,75-79세,19 ,0 ,0 ,2 ,10 ,1 ,1 ,4 ,1 ,0 
전남,완도군,기초,남자,80-84세,12 ,0 ,0 ,1 ,5 ,1 ,2 ,0 ,2 ,0 
전남,완도군,기초,남자,85세이상,14 ,0 ,0 ,3 ,8 ,2 ,0 ,1 ,0 ,0 
전남,완도군,기초,여자,65세미만,6 ,0 ,1 ,0 ,3 ,0 ,0 ,1 ,1 ,0 
전남,완도군,기초,여자,65-69세,13 ,0 ,2 ,1 ,3 ,1 ,0 ,2 ,1 ,1 
전남,완도군,기초,여자,70-74세,25 ,1 ,3 ,1 ,8 ,1 ,0 ,4 ,6 ,0 
전남,완도군,기초,여자,75-79세,52 ,0 ,2 ,2 ,23 ,4 ,1 ,8 ,7 ,1 
전남,완도군,기초,여자,80-84세,65 ,1 ,4 ,9 ,30 ,7 ,0 ,5 ,5 ,2 
전남,완도군,기초,여자,85세이상,81 ,2 ,5 ,25 ,37 ,1 ,0 ,5 ,1 ,0 
전남,완도군,의료,남자,70-74세,1 ,0 ,0 ,0 ,0 ,0 ,0 ,0 ,0 ,1 
전남,완도군,의료,남자,75-79세,4 ,0 ,1 ,0 ,2 ,0 ,0 ,1 ,0 ,0 
전남,완도군,의료,남자,80-84세,0 ,0 ,0 ,0 ,0 ,0 ,0 ,0 ,0 ,0 
전남,완도군,의료,남자,85세이상,2 ,0 ,0 ,2 ,0 ,0 ,0 ,0 ,0 ,0 
전남,완도군,의료,여자,65-69세,1 ,0 ,0 ,0 ,0 ,0 ,0 ,0 ,1 ,0 
전남,완도군,의료,여자,70-74세,1 ,0 ,0 ,0 ,1 ,0 ,0 ,0 ,0 ,0 
전남,완도군,의료,여자,75-79세,4 ,0 ,0 ,2 ,1 ,0 ,0 ,0 ,1 ,0 
전남,완도군,의료,여자,80-84세,5 ,0 ,0 ,2 ,0 ,0 ,0 ,3 ,0 ,0 
전남,완도군,의료,여자,85세이상,13 ,0 ,1 ,3 ,7 ,0 ,0 ,0 ,2 ,0 
전남,완도군,감경,남자,65세미만,9 ,0 ,1 ,2 ,5 ,0 ,0 ,0 ,1 ,0 
전남,완도군,감경,남자,65-69세,23 ,0 ,0 ,10 ,11 ,1 ,0 ,0 ,1 ,0 
전남,완도군,감경,남자,70-74세,49 ,2 ,4 ,13 ,26 ,2 ,1 ,0 ,0 ,0 
전남,완도군,감경,남자,75-79세,76 ,1 ,5 ,19 ,34 ,11 ,1 ,0 ,1 ,0 
전남,완도군,감경,남자,80-84세,120 ,3 ,4 ,23 ,65 ,17 ,2 ,2 ,1 ,1 
전남,완도군,감경,남자,85세이상,145 ,0 ,6 ,25 ,95 ,12 ,2 ,1 ,0 ,2 
전남,완도군,감경,여자,65세미만,3 ,0 ,1 ,0 ,2 ,0 ,0 ,0 ,0 ,0 
전남,완도군,감경,여자,65-69세,27 ,0 ,3 ,8 ,10 ,3 ,1 ,0 ,0 ,1 
전남,완도군,감경,여자,70-74세,77 ,1 ,10 ,9 ,39 ,7 ,3 ,2 ,2 ,1 
전남,완도군,감경,여자,75-79세,179 ,0 ,11 ,34 ,98 ,19 ,3 ,4 ,4 ,0 
전남,완도군,감경,여자,80-84세,442 ,2 ,26 ,89 ,256 ,44 ,4 ,4 ,1 ,0 
전남,완도군,감경,여자,85세이상,577 ,8 ,24 ,163 ,329 ,38 ,2 ,0 ,4 ,0 
전남,진도군,일반,남자,65세미만,5 ,0 ,1 ,0 ,1 ,0 ,0 ,1 ,1 ,0 
전남,진도군,일반,남자,65-69세,24 ,0 ,0 ,3 ,1 ,0 ,0 ,3 ,2 ,7 
전남,진도군,일반,남자,70-74세,24 ,0 ,2 ,1 ,7 ,1 ,0 ,3 ,1 ,0 
전남,진도군,일반,남자,75-79세,42 ,0 ,1 ,5 ,8 ,4 ,3 ,5 ,6 ,1 
전남,진도군,일반,남자,80-84세,68 ,0 ,1 ,7 ,26 ,1 ,1 ,11 ,13 ,1 
전남,진도군,일반,남자,85세이상,42 ,0 ,3 ,3 ,13 ,0 ,1 ,3 ,10 ,2 
전남,진도군,일반,여자,65세미만,1 ,0 ,0 ,0 ,0 ,0 ,0 ,0 ,0 ,0 
전남,진도군,일반,여자,65-69세,25 ,0 ,0 ,2 ,2 ,0 ,1 ,5 ,4 ,1 
전남,진도군,일반,여자,70-74세,50 ,1 ,0 ,1 ,4 ,0 ,0 ,7 ,13 ,2 
전남,진도군,일반,여자,75-79세,107 ,2 ,1 ,8 ,21 ,6 ,1 ,18 ,16 ,5 
전남,진도군,일반,여자,80-84세,145 ,0 ,5 ,13 ,33 ,12 ,2 ,26 ,16 ,5 
전남,진도군,일반,여자,85세이상,156 ,0 ,4 ,20 ,65 ,10 ,3 ,20 ,11 ,3 
전남,진도군,기초,남자,65세미만,16 ,1 ,0 ,3 ,5 ,2 ,1 ,1 ,2 ,0 
전남,진도군,기초,남자,65-69세,32 ,0 ,0 ,4 ,8 ,3 ,1 ,7 ,4 ,1 
전남,진도군,기초,남자,70-74세,13 ,0 ,0 ,1 ,5 ,3 ,0 ,0 ,2 ,1 
전남,진도군,기초,남자,75-79세,9 ,0 ,1 ,2 ,1 ,0 ,2 ,0 ,3 ,0 
전남,진도군,기초,남자,80-84세,10 ,0 ,1 ,0 ,3 ,1 ,0 ,1 ,3 ,1 
전남,진도군,기초,남자,85세이상,11 ,0 ,0 ,0 ,5 ,3 ,0 ,1 ,2 ,0 
전남,진도군,기초,여자,65세미만,11 ,1 ,1 ,0 ,4 ,2 ,0 ,1 ,1 ,1 
전남,진도군,기초,여자,65-69세,14 ,0 ,0 ,1 ,7 ,0 ,0 ,2 ,3 ,1 
전남,진도군,기초,여자,70-74세,21 ,0 ,1 ,3 ,9 ,1 ,0 ,0 ,5 ,0 
전남,진도군,기초,여자,75-79세,27 ,0 ,0 ,3 ,13 ,3 ,0 ,3 ,2 ,1 
전남,진도군,기초,여자,80-84세,39 ,0 ,0 ,9 ,15 ,4 ,2 ,3 ,3 ,0 
전남,진도군,기초,여자,85세이상,58 ,4 ,7 ,13 ,23 ,3 ,1 ,2 ,1 ,0 
전남,진도군,의료,남자,70-74세,1 ,0 ,0 ,0 ,0 ,0 ,0 ,0 ,1 ,0 
전남,진도군,의료,남자,85세이상,2 ,0 ,0 ,0 ,2 ,0 ,0 ,0 ,0 ,0 
전남,진도군,의료,여자,65-69세,1 ,0 ,0 ,0 ,0 ,0 ,0 ,0 ,1 ,0 
전남,진도군,의료,여자,70-74세,0 ,0 ,0 ,0 ,0 ,0 ,0 ,0 ,0 ,0 
전남,진도군,의료,여자,75-79세,2 ,0 ,0 ,0 ,1 ,0 ,1 ,0 ,0 ,0 
전남,진도군,의료,여자,80-84세,4 ,0 ,0 ,1 ,2 ,1 ,0 ,0 ,0 ,0 
전남,진도군,의료,여자,85세이상,10 ,0 ,0 ,3 ,6 ,0 ,0 ,0 ,1 ,0 
전남,진도군,감경,남자,65세미만,5 ,0 ,0 ,1 ,3 ,0 ,0 ,1 ,0 ,0 
전남,진도군,감경,남자,65-69세,5 ,0 ,1 ,1 ,0 ,1 ,0 ,0 ,1 ,0 
전남,진도군,감경,남자,70-74세,21 ,1 ,1 ,4 ,13 ,0 ,2 ,0 ,0 ,0 
전남,진도군,감경,남자,75-79세,34 ,1 ,3 ,9 ,14 ,4 ,1 ,0 ,1 ,0 
전남,진도군,감경,남자,80-84세,46 ,1 ,2 ,11 ,19 ,9 ,1 ,1 ,0 ,0 
전남,진도군,감경,남자,85세이상,53 ,1 ,3 ,15 ,21 ,6 ,3 ,0 ,2 ,1 
전남,진도군,감경,여자,65세미만,2 ,0 ,0 ,1 ,0 ,0 ,0 ,0 ,0 ,0 
전남,진도군,감경,여자,65-69세,14 ,0 ,0 ,1 ,5 ,2 ,1 ,1 ,0 ,0 
전남,진도군,감경,여자,70-74세,37 ,0 ,1 ,7 ,11 ,6 ,1 ,2 ,2 ,0 
전남,진도군,감경,여자,75-79세,79 ,4 ,2 ,14 ,36 ,14 ,2 ,0 ,1 ,0 
전남,진도군,감경,여자,80-84세,250 ,1 ,9 ,53 ,126 ,36 ,7 ,4 ,2 ,0 
전남,진도군,감경,여자,85세이상,375 ,4 ,16 ,94 ,204 ,45 ,4 ,2 ,0 ,0 
전남,신안군,일반,남자,65세미만,3 ,0 ,0 ,1 ,0 ,0 ,0 ,1 ,1 ,0 
전남,신안군,일반,남자,65-69세,14 ,0 ,0 ,1 ,2 ,1 ,0 ,4 ,2 ,2 
전남,신안군,일반,남자,70-74세,44 ,0 ,0 ,7 ,10 ,2 ,0 ,3 ,7 ,9 
전남,신안군,일반,남자,75-79세,46 ,0 ,1 ,3 ,14 ,6 ,1 ,4 ,11 ,1 
전남,신안군,일반,남자,80-84세,83 ,0 ,2 ,7 ,30 ,10 ,2 ,9 ,10 ,7 
전남,신안군,일반,남자,85세이상,66 ,0 ,2 ,4 ,26 ,10 ,1 ,2 ,6 ,2 
전남,신안군,일반,여자,65세미만,4 ,1 ,0 ,2 ,1 ,0 ,0 ,0 ,0 ,0 
전남,신안군,일반,여자,65-69세,28 ,0 ,0 ,1 ,2 ,2 ,0 ,4 ,3 ,10 
전남,신안군,일반,여자,70-74세,58 ,0 ,0 ,3 ,9 ,1 ,0 ,15 ,12 ,8 
전남,신안군,일반,여자,75-79세,119 ,0 ,3 ,10 ,30 ,11 ,3 ,24 ,15 ,7 
전남,신안군,일반,여자,80-84세,203 ,0 ,6 ,10 ,82 ,35 ,1 ,27 ,11 ,3 
전남,신안군,일반,여자,85세이상,202 ,2 ,8 ,28 ,88 ,27 ,1 ,20 ,9 ,0 
전남,신안군,기초,남자,65세미만,17 ,0 ,1 ,3 ,8 ,0 ,0 ,1 ,1 ,1 
전남,신안군,기초,남자,65-69세,27 ,1 ,2 ,3 ,6 ,4 ,2 ,2 ,3 ,2 
전남,신안군,기초,남자,70-74세,23 ,0 ,0 ,0 ,9 ,3 ,0 ,0 ,3 ,6 
전남,신안군,기초,남자,75-79세,9 ,0 ,0 ,2 ,1 ,0 ,0 ,2 ,0 ,0 
전남,신안군,기초,남자,80-84세,12 ,0 ,0 ,3 ,4 ,2 ,0 ,0 ,0 ,2 
전남,신안군,기초,남자,85세이상,12 ,0 ,2 ,2 ,5 ,0 ,1 ,0 ,0 ,0 
전남,신안군,기초,여자,65세미만,4 ,0 ,0 ,0 ,2 ,1 ,0 ,0 ,0 ,0 
전남,신안군,기초,여자,65-69세,15 ,0 ,1 ,2 ,2 ,2 ,0 ,2 ,3 ,1 
전남,신안군,기초,여자,70-74세,20 ,0 ,0 ,2 ,7 ,4 ,0 ,1 ,1 ,4 
전남,신안군,기초,여자,75-79세,24 ,0 ,1 ,4 ,12 ,1 ,0 ,0 ,1 ,3 
전남,신안군,기초,여자,80-84세,48 ,0 ,4 ,8 ,22 ,4 ,0 ,2 ,3 ,3 
전남,신안군,기초,여자,85세이상,59 ,2 ,3 ,8 ,35 ,5 ,1 ,0 ,1 ,0 
전남,신안군,의료,남자,70-74세,0 ,0 ,0 ,0 ,0 ,0 ,0 ,0 ,0 ,0 
전남,신안군,의료,남자,75-79세,2 ,0 ,0 ,0 ,1 ,0 ,0 ,0 ,1 ,0 
전남,신안군,의료,남자,80-84세,1 ,0 ,0 ,0 ,0 ,0 ,0 ,1 ,0 ,0 
전남,신안군,의료,남자,85세이상,4 ,0 ,0 ,1 ,3 ,0 ,0 ,0 ,0 ,0 
전남,신안군,의료,여자,65-69세,1 ,0 ,0 ,0 ,0 ,0 ,0 ,0 ,0 ,1 
전남,신안군,의료,여자,70-74세,0 ,0 ,0 ,0 ,0 ,0 ,0 ,0 ,0 ,0 
전남,신안군,의료,여자,75-79세,1 ,0 ,0 ,0 ,1 ,0 ,0 ,0 ,0 ,0 
전남,신안군,의료,여자,80-84세,5 ,0 ,0 ,1 ,3 ,1 ,0 ,0 ,0 ,0 
전남,신안군,의료,여자,85세이상,16 ,1 ,3 ,3 ,5 ,2 ,0 ,0 ,0 ,0 
전남,신안군,감경,남자,65세미만,6 ,2 ,0 ,1 ,1 ,1 ,0 ,0 ,0 ,0 
전남,신안군,감경,남자,65-69세,11 ,0 ,0 ,2 ,6 ,0 ,1 ,0 ,0 ,0 
전남,신안군,감경,남자,70-74세,30 ,0 ,1 ,8 ,10 ,4 ,1 ,1 ,1 ,0 
전남,신안군,감경,남자,75-79세,54 ,0 ,2 ,12 ,21 ,11 ,4 ,1 ,0 ,0 
전남,신안군,감경,남자,80-84세,96 ,1 ,8 ,16 ,45 ,23 ,2 ,0 ,0 ,0 
전남,신안군,감경,남자,85세이상,67 ,0 ,5 ,12 ,32 ,16 ,2 ,0 ,0 ,0 
전남,신안군,감경,여자,65세미만,4 ,0 ,1 ,1 ,1 ,0 ,0 ,1 ,0 ,0 
전남,신안군,감경,여자,65-69세,12 ,0 ,1 ,2 ,4 ,1 ,2 ,1 ,0 ,0 
전남,신안군,감경,여자,70-74세,33 ,0 ,1 ,7 ,16 ,6 ,1 ,0 ,0 ,1 
전남,신안군,감경,여자,75-79세,95 ,3 ,1 ,7 ,53 ,19 ,3 ,1 ,2 ,0 
전남,신안군,감경,여자,80-84세,280 ,3 ,8 ,36 ,159 ,50 ,6 ,1 ,3 ,0 
전남,신안군,감경,여자,85세이상,399 ,4 ,17 ,79 ,234 ,54 ,4 ,0 ,0 ,0 
경북,포항시,일반,남자,65세미만,86 ,4 ,3 ,8 ,12 ,4 ,2 ,11 ,12 ,1 
경북,포항시,일반,남자,65-69세,267 ,2 ,10 ,43 ,60 ,11 ,3 ,40 ,16 ,7 
경북,포항시,일반,남자,70-74세,390 ,14 ,18 ,52 ,130 ,20 ,6 ,38 ,20 ,7 
경북,포항시,일반,남자,75-79세,473 ,12 ,24 ,64 ,149 ,32 ,5 ,43 ,29 ,8 
경북,포항시,일반,남자,80-84세,552 ,11 ,20 ,92 ,179 ,63 ,9 ,41 ,29 ,4 
경북,포항시,일반,남자,85세이상,474 ,10 ,16 ,82 ,198 ,36 ,3 ,27 ,20 ,3 
경북,포항시,일반,여자,65세미만,108 ,2 ,4 ,11 ,24 ,5 ,1 ,15 ,4 ,3 
경북,포항시,일반,여자,65-69세,286 ,3 ,9 ,32 ,42 ,17 ,5 ,55 ,23 ,9 
경북,포항시,일반,여자,70-74세,561 ,14 ,17 ,66 ,145 ,40 ,7 ,69 ,39 ,10 
경북,포항시,일반,여자,75-79세,941 ,22 ,30 ,113 ,266 ,69 ,16 ,101 ,54 ,11 
경북,포항시,일반,여자,80-84세,1466 ,31 ,43 ,203 ,549 ,121 ,20 ,108 ,55 ,10 
경북,포항시,일반,여자,85세이상,1389 ,53 ,77 ,308 ,550 ,88 ,9 ,65 ,22 ,4 
경북,포항시,기초,남자,65세미만,190 ,3 ,5 ,26 ,67 ,7 ,1 ,24 ,11 ,2 
경북,포항시,기초,남자,65-69세,253 ,1 ,5 ,24 ,88 ,22 ,5 ,23 ,22 ,9 
경북,포항시,기초,남자,70-74세,213 ,8 ,4 ,27 ,87 ,16 ,6 ,14 ,18 ,8 
경북,포항시,기초,남자,75-79세,140 ,3 ,5 ,19 ,45 ,20 ,4 ,5 ,6 ,7 
경북,포항시,기초,남자,80-84세,166 ,2 ,6 ,21 ,69 ,20 ,4 ,9 ,10 ,1 
경북,포항시,기초,남자,85세이상,77 ,2 ,8 ,14 ,25 ,10 ,1 ,4 ,3 ,0 
경북,포항시,기초,여자,65세미만,117 ,3 ,6 ,18 ,35 ,11 ,0 ,15 ,7 ,1 
경북,포항시,기초,여자,65-69세,222 ,7 ,4 ,30 ,80 ,11 ,2 ,30 ,16 ,4 
경북,포항시,기초,여자,70-74세,287 ,6 ,8 ,29 ,106 ,19 ,1 ,34 ,34 ,5 
경북,포항시,기초,여자,75-79세,400 ,2 ,14 ,41 ,168 ,43 ,6 ,35 ,26 ,6 
경북,포항시,기초,여자,80-84세,543 ,14 ,22 ,78 ,247 ,50 ,4 ,23 ,18 ,5 
경북,포항시,기초,여자,85세이상,584 ,25 ,32 ,140 ,263 ,35 ,7 ,14 ,3 ,2 
경북,포항시,의료,남자,65세미만,2 ,1 ,0 ,0 ,0 ,0 ,0 ,1 ,0 ,0 
경북,포항시,의료,남자,65-69세,5 ,1 ,0 ,1 ,1 ,0 ,0 ,0 ,0 ,0 
경북,포항시,의료,남자,70-74세,3 ,0 ,0 ,1 ,0 ,0 ,0 ,2 ,0 ,0 
경북,포항시,의료,남자,75-79세,12 ,1 ,0 ,0 ,5 ,1 ,0 ,1 ,1 ,0 
경북,포항시,의료,남자,80-84세,8 ,0 ,0 ,2 ,3 ,2 ,1 ,0 ,0 ,0 
경북,포항시,의료,남자,85세이상,9 ,0 ,0 ,1 ,6 ,0 ,0 ,0 ,0 ,0 
경북,포항시,의료,여자,65세미만,0 ,0 ,0 ,0 ,0 ,0 ,0 ,0 ,0 ,0 
경북,포항시,의료,여자,65-69세,5 ,0 ,0 ,1 ,2 ,0 ,0 ,1 ,1 ,0 
경북,포항시,의료,여자,70-74세,11 ,0 ,0 ,2 ,6 ,0 ,0 ,2 ,0 ,0 
경북,포항시,의료,여자,75-79세,14 ,0 ,0 ,1 ,9 ,0 ,0 ,1 ,1 ,0 
경북,포항시,의료,여자,80-84세,18 ,0 ,1 ,1 ,7 ,1 ,0 ,2 ,1 ,0 
경북,포항시,의료,여자,85세이상,71 ,2 ,6 ,20 ,30 ,1 ,0 ,0 ,0 ,0 
경북,포항시,감경,남자,65세미만,65 ,5 ,7 ,21 ,16 ,3 ,3 ,0 ,0 ,0 
경북,포항시,감경,남자,65-69세,160 ,10 ,8 ,41 ,66 ,13 ,3 ,0 ,3 ,0 
경북,포항시,감경,남자,70-74세,231 ,11 ,10 ,48 ,105 ,27 ,4 ,1 ,1 ,0 
경북,포항시,감경,남자,75-79세,251 ,10 ,13 ,59 ,106 ,32 ,4 ,0 ,1 ,2 
경북,포항시,감경,남자,80-84세,335 ,7 ,24 ,75 ,159 ,52 ,5 ,1 ,0 ,0 
경북,포항시,감경,남자,85세이상,310 ,11 ,18 ,70 ,157 ,25 ,5 ,4 ,0 ,0 
경북,포항시,감경,여자,65세미만,52 ,2 ,4 ,19 ,15 ,6 ,1 ,0 ,0 ,0 
경북,포항시,감경,여자,65-69세,152 ,12 ,7 ,34 ,62 ,8 ,3 ,2 ,4 ,0 
경북,포항시,감경,여자,70-74세,277 ,7 ,13 ,70 ,120 ,23 ,8 ,3 ,2 ,1 
경북,포항시,감경,여자,75-79세,568 ,11 ,25 ,120 ,267 ,65 ,7 ,8 ,1 ,0 
경북,포항시,감경,여자,80-84세,1094 ,38 ,60 ,250 ,524 ,104 ,14 ,8 ,4 ,0 
경북,포항시,감경,여자,85세이상,1603 ,61 ,127 ,468 ,725 ,97 ,10 ,5 ,1 ,1 
경북,경주시,일반,남자,65세미만,60 ,1 ,4 ,8 ,12 ,2 ,2 ,13 ,6 ,2 
경북,경주시,일반,남자,65-69세,163 ,3 ,6 ,17 ,49 ,6 ,2 ,18 ,11 ,3 
경북,경주시,일반,남자,70-74세,270 ,11 ,11 ,41 ,80 ,16 ,2 ,31 ,23 ,4 
경북,경주시,일반,남자,75-79세,336 ,5 ,23 ,53 ,116 ,26 ,6 ,27 ,18 ,2 
경북,경주시,일반,남자,80-84세,523 ,10 ,27 ,104 ,194 ,29 ,5 ,48 ,29 ,1 
경북,경주시,일반,남자,85세이상,507 ,5 ,20 ,104 ,231 ,29 ,3 ,31 ,22 ,2 
경북,경주시,일반,여자,65세미만,50 ,4 ,2 ,12 ,6 ,1 ,1 ,5 ,3 ,1 
경북,경주시,일반,여자,65-69세,187 ,4 ,8 ,17 ,48 ,4 ,1 ,37 ,15 ,2 
경북,경주시,일반,여자,70-74세,434 ,4 ,9 ,47 ,113 ,30 ,4 ,52 ,38 ,6 
경북,경주시,일반,여자,75-79세,818 ,11 ,20 ,108 ,281 ,61 ,7 ,80 ,46 ,7 
경북,경주시,일반,여자,80-84세,1324 ,33 ,48 ,215 ,542 ,108 ,12 ,101 ,36 ,10 
경북,경주시,일반,여자,85세이상,1501 ,47 ,103 ,351 ,668 ,85 ,6 ,52 ,12 ,2 
경북,경주시,기초,남자,65세미만,83 ,3 ,3 ,11 ,27 ,1 ,1 ,11 ,5 ,3 
경북,경주시,기초,남자,65-69세,125 ,2 ,2 ,15 ,54 ,7 ,1 ,12 ,8 ,4 
경북,경주시,기초,남자,70-74세,107 ,4 ,2 ,15 ,39 ,7 ,2 ,4 ,12 ,3 
경북,경주시,기초,남자,75-79세,62 ,0 ,6 ,10 ,22 ,3 ,0 ,2 ,5 ,2 
경북,경주시,기초,남자,80-84세,80 ,1 ,9 ,15 ,30 ,6 ,1 ,3 ,3 ,2 
경북,경주시,기초,남자,85세이상,54 ,0 ,3 ,14 ,22 ,4 ,2 ,4 ,1 ,0 
경북,경주시,기초,여자,65세미만,50 ,5 ,3 ,4 ,10 ,5 ,0 ,8 ,5 ,0 
경북,경주시,기초,여자,65-69세,106 ,7 ,4 ,21 ,36 ,7 ,3 ,7 ,7 ,2 
경북,경주시,기초,여자,70-74세,167 ,2 ,5 ,28 ,71 ,10 ,0 ,14 ,10 ,1 
경북,경주시,기초,여자,75-79세,174 ,5 ,6 ,23 ,68 ,14 ,3 ,17 ,16 ,1 
경북,경주시,기초,여자,80-84세,278 ,5 ,13 ,52 ,136 ,15 ,3 ,16 ,9 ,0 
경북,경주시,기초,여자,85세이상,334 ,17 ,26 ,83 ,144 ,12 ,3 ,9 ,5 ,0 
경북,경주시,의료,남자,65-69세,3 ,0 ,0 ,1 ,0 ,0 ,0 ,2 ,0 ,0 
경북,경주시,의료,남자,70-74세,5 ,1 ,0 ,1 ,3 ,0 ,0 ,0 ,0 ,0 
경북,경주시,의료,남자,75-79세,5 ,0 ,0 ,0 ,3 ,0 ,0 ,0 ,1 ,0 
경북,경주시,의료,남자,80-84세,4 ,0 ,0 ,1 ,3 ,0 ,0 ,0 ,0 ,0 
경북,경주시,의료,남자,85세이상,5 ,0 ,1 ,1 ,2 ,0 ,0 ,0 ,0 ,0 
경북,경주시,의료,여자,65세미만,0 ,0 ,0 ,0 ,0 ,0 ,0 ,0 ,0 ,0 
경북,경주시,의료,여자,65-69세,2 ,0 ,1 ,0 ,0 ,0 ,0 ,0 ,0 ,0 
경북,경주시,의료,여자,70-74세,4 ,0 ,0 ,0 ,1 ,1 ,0 ,0 ,0 ,0 
경북,경주시,의료,여자,75-79세,6 ,0 ,0 ,0 ,0 ,0 ,1 ,1 ,1 ,0 
경북,경주시,의료,여자,80-84세,19 ,0 ,2 ,4 ,8 ,2 ,0 ,0 ,0 ,0 
경북,경주시,의료,여자,85세이상,39 ,0 ,1 ,9 ,22 ,3 ,0 ,0 ,0 ,0 
경북,경주시,감경,남자,65세미만,45 ,4 ,3 ,16 ,16 ,3 ,0 ,0 ,0 ,0 
경북,경주시,감경,남자,65-69세,87 ,4 ,4 ,24 ,42 ,5 ,1 ,2 ,1 ,0 
경북,경주시,감경,남자,70-74세,132 ,4 ,12 ,25 ,64 ,13 ,0 ,0 ,1 ,1 
경북,경주시,감경,남자,75-79세,171 ,2 ,7 ,37 ,88 ,23 ,3 ,0 ,0 ,0 
경북,경주시,감경,남자,80-84세,214 ,2 ,11 ,54 ,117 ,20 ,2 ,2 ,0 ,0 
경북,경주시,감경,남자,85세이상,259 ,5 ,22 ,61 ,136 ,25 ,2 ,0 ,1 ,0 
경북,경주시,감경,여자,65세미만,27 ,5 ,2 ,7 ,4 ,0 ,0 ,0 ,0 ,0 
경북,경주시,감경,여자,65-69세,74 ,2 ,5 ,18 ,36 ,6 ,1 ,0 ,1 ,0 
경북,경주시,감경,여자,70-74세,185 ,6 ,11 ,48 ,77 ,17 ,4 ,3 ,0 ,1 
경북,경주시,감경,여자,75-79세,359 ,5 ,15 ,78 ,181 ,37 ,5 ,3 ,0 ,0 
경북,경주시,감경,여자,80-84세,795 ,23 ,39 ,181 ,436 ,50 ,9 ,6 ,2 ,1 
경북,경주시,감경,여자,85세이상,1226 ,49 ,101 ,344 ,604 ,67 ,5 ,3 ,0 ,1 
경북,김천시,일반,남자,65세미만,29 ,1 ,3 ,6 ,2 ,0 ,0 ,5 ,2 ,1 
경북,김천시,일반,남자,65-69세,64 ,2 ,1 ,7 ,10 ,6 ,1 ,14 ,3 ,1 
경북,김천시,일반,남자,70-74세,83 ,0 ,5 ,14 ,24 ,7 ,2 ,7 ,5 ,3 
경북,김천시,일반,남자,75-79세,147 ,4 ,7 ,28 ,50 ,14 ,1 ,10 ,6 ,0 
경북,김천시,일반,남자,80-84세,191 ,2 ,6 ,31 ,69 ,28 ,2 ,13 ,9 ,5 
경북,김천시,일반,남자,85세이상,246 ,2 ,12 ,46 ,102 ,34 ,5 ,11 ,6 ,2 
경북,김천시,일반,여자,65세미만,17 ,0 ,2 ,1 ,4 ,1 ,1 ,2 ,1 ,1 
경북,김천시,일반,여자,65-69세,63 ,2 ,1 ,8 ,12 ,6 ,3 ,9 ,6 ,1 
경북,김천시,일반,여자,70-74세,147 ,4 ,4 ,10 ,24 ,14 ,3 ,28 ,11 ,3 
경북,김천시,일반,여자,75-79세,273 ,4 ,7 ,44 ,84 ,32 ,6 ,21 ,22 ,3 
경북,김천시,일반,여자,80-84세,543 ,10 ,11 ,106 ,206 ,69 ,10 ,34 ,19 ,5 
경북,김천시,일반,여자,85세이상,625 ,11 ,29 ,140 ,274 ,59 ,7 ,23 ,13 ,3 
경북,김천시,기초,남자,65세미만,63 ,1 ,2 ,12 ,13 ,11 ,2 ,7 ,1 ,1 
경북,김천시,기초,남자,65-69세,67 ,1 ,2 ,7 ,20 ,9 ,6 ,5 ,8 ,2 
경북,김천시,기초,남자,70-74세,53 ,0 ,4 ,7 ,11 ,7 ,2 ,10 ,1 ,1 
경북,김천시,기초,남자,75-79세,47 ,2 ,2 ,3 ,18 ,8 ,4 ,1 ,1 ,1 
경북,김천시,기초,남자,80-84세,39 ,0 ,2 ,2 ,17 ,8 ,3 ,1 ,3 ,0 
경북,김천시,기초,남자,85세이상,22 ,0 ,5 ,2 ,9 ,4 ,0 ,0 ,1 ,0 
경북,김천시,기초,여자,65세미만,35 ,5 ,2 ,4 ,7 ,6 ,0 ,7 ,0 ,0 
경북,김천시,기초,여자,65-69세,56 ,4 ,1 ,7 ,19 ,7 ,1 ,5 ,5 ,3 
경북,김천시,기초,여자,70-74세,71 ,0 ,1 ,10 ,28 ,13 ,0 ,7 ,6 ,0 
경북,김천시,기초,여자,75-79세,105 ,2 ,9 ,19 ,42 ,14 ,2 ,4 ,2 ,2 
경북,김천시,기초,여자,80-84세,175 ,2 ,10 ,29 ,79 ,35 ,1 ,2 ,3 ,2 
경북,김천시,기초,여자,85세이상,197 ,8 ,19 ,46 ,91 ,19 ,2 ,3 ,0 ,1 
경북,김천시,의료,남자,65세미만,2 ,0 ,0 ,1 ,0 ,0 ,0 ,0 ,1 ,0 
경북,김천시,의료,남자,65-69세,1 ,0 ,0 ,1 ,0 ,0 ,0 ,0 ,0 ,0 
경북,김천시,의료,남자,70-74세,2 ,0 ,0 ,0 ,1 ,0 ,0 ,0 ,1 ,0 
경북,김천시,의료,남자,80-84세,1 ,0 ,0 ,0 ,1 ,0 ,0 ,0 ,0 ,0 
경북,김천시,의료,남자,85세이상,7 ,0 ,1 ,2 ,3 ,1 ,0 ,0 ,0 ,0 
경북,김천시,의료,여자,65-69세,1 ,0 ,0 ,0 ,1 ,0 ,0 ,0 ,0 ,0 
경북,김천시,의료,여자,70-74세,2 ,0 ,0 ,0 ,0 ,0 ,0 ,1 ,0 ,0 
경북,김천시,의료,여자,75-79세,2 ,0 ,0 ,1 ,1 ,0 ,0 ,0 ,0 ,0 
경북,김천시,의료,여자,80-84세,14 ,1 ,2 ,3 ,4 ,0 ,0 ,2 ,0 ,0 
경북,김천시,의료,여자,85세이상,40 ,0 ,4 ,11 ,21 ,4 ,0 ,0 ,0 ,0 
경북,김천시,감경,남자,65세미만,19 ,2 ,2 ,4 ,5 ,0 ,0 ,1 ,0 ,0 
경북,김천시,감경,남자,65-69세,39 ,2 ,1 ,16 ,12 ,1 ,3 ,1 ,0 ,0 
경북,김천시,감경,남자,70-74세,52 ,1 ,4 ,16 ,20 ,3 ,3 ,1 ,1 ,0 
경북,김천시,감경,남자,75-79세,82 ,1 ,5 ,16 ,43 ,13 ,1 ,0 ,0 ,0 
경북,김천시,감경,남자,80-84세,137 ,3 ,7 ,28 ,73 ,19 ,2 ,0 ,1 ,0 
경북,김천시,감경,남자,85세이상,190 ,3 ,7 ,46 ,100 ,26 ,2 ,0 ,0 ,0 
경북,김천시,감경,여자,65세미만,23 ,3 ,1 ,8 ,5 ,2 ,1 ,1 ,1 ,1 
경북,김천시,감경,여자,65-69세,54 ,5 ,1 ,6 ,29 ,7 ,1 ,1 ,0 ,0 
경북,김천시,감경,여자,70-74세,112 ,4 ,7 ,16 ,47 ,19 ,7 ,2 ,1 ,0 
경북,김천시,감경,여자,75-79세,195 ,5 ,12 ,48 ,78 ,32 ,2 ,2 ,1 ,0 
경북,김천시,감경,여자,80-84세,544 ,9 ,43 ,121 ,269 ,76 ,5 ,2 ,1 ,1 
경북,김천시,감경,여자,85세이상,919 ,35 ,72 ,281 ,430 ,77 ,5 ,0 ,0 ,0 
경북,안동시,일반,남자,65세미만,38 ,3 ,1 ,5 ,6 ,2 ,0 ,4 ,3 ,1 
경북,안동시,일반,남자,65-69세,81 ,5 ,5 ,11 ,14 ,0 ,1 ,10 ,11 ,5 
경북,안동시,일반,남자,70-74세,134 ,9 ,6 ,20 ,36 ,2 ,2 ,11 ,11 ,4 
경북,안동시,일반,남자,75-79세,197 ,7 ,12 ,40 ,66 ,14 ,1 ,11 ,15 ,2 
경북,안동시,일반,남자,80-84세,322 ,4 ,8 ,43 ,117 ,35 ,7 ,27 ,24 ,5 
경북,안동시,일반,남자,85세이상,301 ,5 ,13 ,50 ,137 ,28 ,3 ,15 ,11 ,1 
경북,안동시,일반,여자,65세미만,25 ,1 ,1 ,3 ,1 ,1 ,0 ,3 ,1 ,3 
경북,안동시,일반,여자,65-69세,113 ,2 ,6 ,13 ,18 ,4 ,1 ,14 ,19 ,5 
경북,안동시,일반,여자,70-74세,234 ,3 ,4 ,17 ,48 ,19 ,3 ,36 ,29 ,8 
경북,안동시,일반,여자,75-79세,425 ,6 ,16 ,41 ,102 ,31 ,8 ,51 ,47 ,6 
경북,안동시,일반,여자,80-84세,738 ,10 ,35 ,108 ,283 ,70 ,5 ,62 ,47 ,7 
경북,안동시,일반,여자,85세이상,828 ,23 ,46 ,158 ,343 ,62 ,6 ,45 ,29 ,2 
경북,안동시,기초,남자,65세미만,93 ,4 ,7 ,19 ,27 ,6 ,1 ,7 ,2 ,0 
경북,안동시,기초,남자,65-69세,90 ,3 ,3 ,11 ,36 ,7 ,2 ,6 ,7 ,2 
경북,안동시,기초,남자,70-74세,63 ,1 ,5 ,9 ,26 ,4 ,1 ,5 ,3 ,2 
경북,안동시,기초,남자,75-79세,46 ,0 ,1 ,6 ,19 ,8 ,1 ,6 ,2 ,0 
경북,안동시,기초,남자,80-84세,44 ,1 ,3 ,9 ,14 ,7 ,1 ,2 ,3 ,0 
경북,안동시,기초,남자,85세이상,36 ,2 ,1 ,6 ,18 ,2 ,0 ,1 ,3 ,1 
경북,안동시,기초,여자,65세미만,64 ,5 ,4 ,14 ,11 ,5 ,2 ,6 ,2 ,4 
경북,안동시,기초,여자,65-69세,92 ,3 ,4 ,10 ,34 ,5 ,0 ,14 ,7 ,7 
경북,안동시,기초,여자,70-74세,93 ,3 ,5 ,11 ,24 ,8 ,2 ,9 ,12 ,1 
경북,안동시,기초,여자,75-79세,125 ,6 ,7 ,20 ,40 ,14 ,2 ,7 ,13 ,2 
경북,안동시,기초,여자,80-84세,201 ,8 ,10 ,26 ,73 ,17 ,7 ,19 ,8 ,7 
경북,안동시,기초,여자,85세이상,237 ,11 ,23 ,50 ,115 ,15 ,2 ,3 ,3 ,1 
경북,안동시,의료,남자,65-69세,3 ,0 ,0 ,0 ,2 ,0 ,0 ,1 ,0 ,0 
경북,안동시,의료,남자,70-74세,2 ,0 ,1 ,0 ,0 ,1 ,0 ,0 ,0 ,0 
경북,안동시,의료,남자,75-79세,0 ,0 ,0 ,0 ,0 ,0 ,0 ,0 ,0 ,0 
경북,안동시,의료,남자,80-84세,0 ,0 ,0 ,0 ,0 ,0 ,0 ,0 ,0 ,0 
경북,안동시,의료,남자,85세이상,10 ,0 ,0 ,2 ,6 ,0 ,0 ,0 ,1 ,0 
경북,안동시,의료,여자,65세미만,0 ,0 ,0 ,0 ,0 ,0 ,0 ,0 ,0 ,0 
경북,안동시,의료,여자,65-69세,1 ,0 ,0 ,1 ,0 ,0 ,0 ,0 ,0 ,0 
경북,안동시,의료,여자,70-74세,4 ,1 ,0 ,0 ,2 ,0 ,0 ,0 ,0 ,0 
경북,안동시,의료,여자,75-79세,4 ,0 ,1 ,0 ,2 ,0 ,0 ,0 ,0 ,0 
경북,안동시,의료,여자,80-84세,16 ,0 ,1 ,0 ,8 ,1 ,0 ,0 ,2 ,0 
경북,안동시,의료,여자,85세이상,36 ,1 ,1 ,8 ,21 ,1 ,0 ,1 ,0 ,0 
경북,안동시,감경,남자,65세미만,38 ,2 ,4 ,17 ,6 ,0 ,0 ,0 ,0 ,0 
경북,안동시,감경,남자,65-69세,46 ,3 ,4 ,12 ,15 ,1 ,0 ,0 ,2 ,0 
경북,안동시,감경,남자,70-74세,95 ,8 ,6 ,28 ,40 ,8 ,3 ,0 ,0 ,0 
경북,안동시,감경,남자,75-79세,107 ,8 ,4 ,23 ,51 ,13 ,3 ,1 ,0 ,0 
경북,안동시,감경,남자,80-84세,175 ,6 ,10 ,50 ,81 ,17 ,5 ,1 ,1 ,0 
경북,안동시,감경,남자,85세이상,250 ,3 ,25 ,60 ,127 ,33 ,0 ,0 ,0 ,0 
경북,안동시,감경,여자,65세미만,28 ,1 ,4 ,8 ,7 ,1 ,0 ,1 ,0 ,0 
경북,안동시,감경,여자,65-69세,63 ,4 ,2 ,19 ,23 ,6 ,0 ,0 ,1 ,0 
경북,안동시,감경,여자,70-74세,113 ,3 ,12 ,23 ,47 ,12 ,3 ,3 ,2 ,0 
경북,안동시,감경,여자,75-79세,268 ,13 ,16 ,48 ,135 ,30 ,3 ,5 ,2 ,1 
경북,안동시,감경,여자,80-84세,653 ,21 ,44 ,141 ,329 ,77 ,9 ,3 ,4 ,0 
경북,안동시,감경,여자,85세이상,1042 ,30 ,91 ,270 ,544 ,66 ,5 ,2 ,4 ,0 
경북,구미시,일반,남자,65세미만,67 ,2 ,4 ,11 ,14 ,4 ,1 ,10 ,5 ,3 
경북,구미시,일반,남자,65-69세,132 ,5 ,4 ,16 ,25 ,13 ,1 ,20 ,6 ,8 
경북,구미시,일반,남자,70-74세,121 ,2 ,2 ,19 ,32 ,13 ,2 ,14 ,9 ,5 
경북,구미시,일반,남자,75-79세,153 ,4 ,7 ,23 ,43 ,16 ,1 ,16 ,11 ,1 
경북,구미시,일반,남자,80-84세,228 ,3 ,8 ,33 ,70 ,47 ,7 ,15 ,8 ,5 
경북,구미시,일반,남자,85세이상,257 ,3 ,6 ,35 ,97 ,57 ,1 ,12 ,4 ,5 
경북,구미시,일반,여자,65세미만,61 ,3 ,2 ,7 ,9 ,2 ,1 ,13 ,3 ,4 
경북,구미시,일반,여자,65-69세,125 ,3 ,4 ,10 ,24 ,8 ,1 ,20 ,13 ,2 
경북,구미시,일반,여자,70-74세,229 ,4 ,12 ,33 ,41 ,20 ,5 ,29 ,24 ,2 
경북,구미시,일반,여자,75-79세,374 ,8 ,14 ,50 ,104 ,58 ,5 ,34 ,26 ,3 
경북,구미시,일반,여자,80-84세,705 ,14 ,26 ,105 ,228 ,135 ,19 ,51 ,21 ,7 
경북,구미시,일반,여자,85세이상,743 ,28 ,55 ,151 ,277 ,114 ,10 ,24 ,15 ,1 
경북,구미시,기초,남자,65세미만,112 ,6 ,4 ,15 ,29 ,13 ,3 ,8 ,7 ,4 
경북,구미시,기초,남자,65-69세,102 ,1 ,2 ,15 ,30 ,18 ,1 ,5 ,5 ,12 
경북,구미시,기초,남자,70-74세,66 ,1 ,3 ,6 ,17 ,19 ,4 ,3 ,3 ,2 
경북,구미시,기초,남자,75-79세,48 ,1 ,2 ,10 ,11 ,5 ,4 ,4 ,3 ,2 
경북,구미시,기초,남자,80-84세,45 ,1 ,1 ,11 ,18 ,8 ,1 ,1 ,1 ,0 
경북,구미시,기초,남자,85세이상,32 ,0 ,2 ,10 ,13 ,4 ,0 ,1 ,0 ,0 
경북,구미시,기초,여자,65세미만,63 ,2 ,4 ,11 ,13 ,6 ,2 ,4 ,9 ,2 
경북,구미시,기초,여자,65-69세,89 ,3 ,7 ,10 ,23 ,13 ,1 ,8 ,5 ,1 
경북,구미시,기초,여자,70-74세,113 ,1 ,4 ,14 ,37 ,24 ,4 ,5 ,6 ,4 
경북,구미시,기초,여자,75-79세,128 ,4 ,4 ,21 ,49 ,21 ,2 ,4 ,3 ,1 
경북,구미시,기초,여자,80-84세,168 ,6 ,10 ,26 ,65 ,29 ,8 ,8 ,1 ,1 
경북,구미시,기초,여자,85세이상,234 ,11 ,24 ,68 ,81 ,26 ,1 ,3 ,2 ,0 
경북,구미시,의료,남자,70-74세,2 ,0 ,0 ,0 ,0 ,1 ,1 ,0 ,0 ,0 
경북,구미시,의료,남자,75-79세,4 ,0 ,0 ,0 ,1 ,1 ,0 ,2 ,0 ,0 
경북,구미시,의료,남자,80-84세,1 ,0 ,0 ,0 ,1 ,0 ,0 ,0 ,0 ,0 
경북,구미시,의료,남자,85세이상,8 ,0 ,1 ,3 ,3 ,1 ,0 ,0 ,0 ,0 
경북,구미시,의료,여자,65세미만,0 ,0 ,0 ,0 ,0 ,0 ,0 ,0 ,0 ,0 
경북,구미시,의료,여자,65-69세,0 ,0 ,0 ,0 ,0 ,0 ,0 ,0 ,0 ,0 
경북,구미시,의료,여자,70-74세,5 ,0 ,0 ,1 ,2 ,1 ,0 ,0 ,0 ,0 
경북,구미시,의료,여자,75-79세,7 ,0 ,0 ,1 ,2 ,0 ,1 ,0 ,1 ,0 
경북,구미시,의료,여자,80-84세,12 ,0 ,0 ,3 ,1 ,5 ,0 ,0 ,0 ,0 
경북,구미시,의료,여자,85세이상,40 ,0 ,5 ,6 ,15 ,3 ,1 ,1 ,0 ,0 
경북,구미시,감경,남자,65세미만,66 ,5 ,6 ,16 ,21 ,7 ,2 ,0 ,0 ,0 
경북,구미시,감경,남자,65-69세,71 ,4 ,6 ,17 ,32 ,4 ,2 ,0 ,0 ,0 
경북,구미시,감경,남자,70-74세,108 ,4 ,4 ,26 ,49 ,14 ,5 ,1 ,0 ,0 
경북,구미시,감경,남자,75-79세,117 ,2 ,7 ,27 ,50 ,23 ,4 ,0 ,1 ,0 
경북,구미시,감경,남자,80-84세,172 ,3 ,11 ,39 ,73 ,34 ,5 ,1 ,0 ,0 
경북,구미시,감경,남자,85세이상,214 ,4 ,10 ,51 ,91 ,47 ,6 ,0 ,0 ,0 
경북,구미시,감경,여자,65세미만,40 ,6 ,2 ,12 ,12 ,4 ,0 ,1 ,0 ,0 
경북,구미시,감경,여자,65-69세,80 ,6 ,5 ,23 ,24 ,10 ,0 ,3 ,3 ,0 
경북,구미시,감경,여자,70-74세,178 ,8 ,5 ,37 ,73 ,32 ,6 ,3 ,0 ,0 
경북,구미시,감경,여자,75-79세,356 ,16 ,21 ,77 ,141 ,62 ,11 ,1 ,0 ,0 
경북,구미시,감경,여자,80-84세,745 ,20 ,51 ,156 ,305 ,170 ,16 ,0 ,3 ,0 
경북,구미시,감경,여자,85세이상,1152 ,57 ,101 ,342 ,471 ,154 ,13 ,3 ,0 ,0 
경북,영주시,일반,남자,65세미만,22 ,3 ,0 ,1 ,1 ,0 ,0 ,7 ,2 ,4 
경북,영주시,일반,남자,65-69세,46 ,1 ,1 ,3 ,7 ,4 ,5 ,5 ,4 ,6 
경북,영주시,일반,남자,70-74세,75 ,1 ,1 ,5 ,18 ,8 ,4 ,11 ,5 ,5 
경북,영주시,일반,남자,75-79세,111 ,1 ,4 ,10 ,18 ,11 ,6 ,9 ,13 ,7 
경북,영주시,일반,남자,80-84세,176 ,2 ,3 ,11 ,43 ,33 ,10 ,9 ,12 ,9 
경북,영주시,일반,남자,85세이상,199 ,1 ,6 ,27 ,39 ,37 ,19 ,7 ,13 ,12 
경북,영주시,일반,여자,65세미만,22 ,0 ,1 ,3 ,5 ,0 ,1 ,6 ,0 ,1 
경북,영주시,일반,여자,65-69세,67 ,0 ,0 ,5 ,11 ,4 ,0 ,7 ,13 ,1 
경북,영주시,일반,여자,70-74세,119 ,1 ,4 ,6 ,14 ,15 ,6 ,15 ,16 ,7 
경북,영주시,일반,여자,75-79세,238 ,3 ,5 ,17 ,30 ,34 ,18 ,32 ,22 ,11 
경북,영주시,일반,여자,80-84세,470 ,3 ,8 ,51 ,105 ,83 ,31 ,39 ,37 ,11 
경북,영주시,일반,여자,85세이상,513 ,7 ,21 ,91 ,126 ,103 ,28 ,33 ,25 ,4 
경북,영주시,기초,남자,65세미만,35 ,0 ,2 ,4 ,6 ,1 ,1 ,5 ,1 ,4 
경북,영주시,기초,남자,65-69세,38 ,0 ,1 ,4 ,5 ,3 ,2 ,7 ,7 ,4 
경북,영주시,기초,남자,70-74세,32 ,1 ,0 ,9 ,5 ,3 ,3 ,2 ,3 ,1 
경북,영주시,기초,남자,75-79세,25 ,0 ,1 ,4 ,6 ,4 ,1 ,1 ,3 ,1 
경북,영주시,기초,남자,80-84세,26 ,0 ,2 ,5 ,6 ,5 ,2 ,1 ,0 ,1 
경북,영주시,기초,남자,85세이상,20 ,0 ,0 ,1 ,9 ,5 ,2 ,1 ,0 ,0 
경북,영주시,기초,여자,65세미만,27 ,0 ,0 ,8 ,2 ,1 ,0 ,1 ,5 ,5 
경북,영주시,기초,여자,65-69세,48 ,0 ,1 ,4 ,9 ,3 ,5 ,4 ,4 ,7 
경북,영주시,기초,여자,70-74세,45 ,2 ,2 ,4 ,7 ,7 ,2 ,3 ,9 ,1 
경북,영주시,기초,여자,75-79세,64 ,1 ,0 ,7 ,9 ,14 ,4 ,8 ,12 ,1 
경북,영주시,기초,여자,80-84세,82 ,1 ,0 ,12 ,19 ,19 ,5 ,4 ,6 ,1 
경북,영주시,기초,여자,85세이상,152 ,5 ,10 ,24 ,45 ,32 ,12 ,4 ,5 ,0 
경북,영주시,의료,남자,65세미만,1 ,0 ,0 ,0 ,0 ,0 ,0 ,1 ,0 ,0 
경북,영주시,의료,남자,65-69세,2 ,0 ,0 ,0 ,0 ,0 ,0 ,0 ,1 ,0 
경북,영주시,의료,남자,70-74세,4 ,1 ,0 ,1 ,1 ,0 ,0 ,0 ,1 ,0 
경북,영주시,의료,남자,75-79세,2 ,0 ,0 ,2 ,0 ,0 ,0 ,0 ,0 ,0 
경북,영주시,의료,남자,80-84세,4 ,0 ,0 ,1 ,2 ,0 ,0 ,0 ,0 ,0 
경북,영주시,의료,남자,85세이상,3 ,0 ,0 ,2 ,0 ,1 ,0 ,0 ,0 ,0 
경북,영주시,의료,여자,65세미만,1 ,0 ,0 ,0 ,0 ,0 ,0 ,0 ,1 ,0 
경북,영주시,의료,여자,65-69세,0 ,0 ,0 ,0 ,0 ,0 ,0 ,0 ,0 ,0 
경북,영주시,의료,여자,70-74세,1 ,0 ,0 ,0 ,1 ,0 ,0 ,0 ,0 ,0 
경북,영주시,의료,여자,75-79세,1 ,0 ,0 ,0 ,0 ,0 ,0 ,0 ,1 ,0 
경북,영주시,의료,여자,80-84세,5 ,0 ,0 ,0 ,2 ,0 ,1 ,1 ,0 ,0 
경북,영주시,의료,여자,85세이상,22 ,0 ,4 ,8 ,3 ,5 ,1 ,0 ,0 ,0 
경북,영주시,감경,남자,65세미만,14 ,2 ,1 ,2 ,6 ,1 ,1 ,0 ,0 ,0 
경북,영주시,감경,남자,65-69세,29 ,3 ,0 ,4 ,4 ,6 ,5 ,0 ,1 ,0 
경북,영주시,감경,남자,70-74세,52 ,0 ,3 ,12 ,15 ,13 ,4 ,0 ,0 ,0 
경북,영주시,감경,남자,75-79세,48 ,1 ,4 ,8 ,14 ,14 ,4 ,1 ,1 ,0 
경북,영주시,감경,남자,80-84세,111 ,3 ,7 ,21 ,32 ,25 ,17 ,0 ,1 ,0 
경북,영주시,감경,남자,85세이상,143 ,4 ,6 ,29 ,44 ,46 ,8 ,0 ,0 ,1 
경북,영주시,감경,여자,65세미만,8 ,1 ,2 ,1 ,2 ,1 ,0 ,0 ,0 ,0 
경북,영주시,감경,여자,65-69세,35 ,4 ,3 ,6 ,11 ,4 ,1 ,0 ,0 ,0 
경북,영주시,감경,여자,70-74세,58 ,1 ,3 ,12 ,13 ,10 ,8 ,0 ,2 ,0 
경북,영주시,감경,여자,75-79세,139 ,5 ,8 ,23 ,40 ,30 ,19 ,0 ,3 ,0 
경북,영주시,감경,여자,80-84세,364 ,6 ,26 ,66 ,111 ,103 ,29 ,1 ,1 ,0 
경북,영주시,감경,여자,85세이상,594 ,14 ,45 ,159 ,190 ,132 ,28 ,0 ,1 ,0 
경북,영천시,일반,남자,65세미만,18 ,0 ,1 ,1 ,1 ,1 ,0 ,7 ,1 ,0 
경북,영천시,일반,남자,65-69세,56 ,0 ,2 ,7 ,19 ,1 ,0 ,7 ,6 ,2 
경북,영천시,일반,남자,70-74세,127 ,1 ,5 ,21 ,33 ,12 ,1 ,15 ,6 ,3 
경북,영천시,일반,남자,75-79세,146 ,1 ,5 ,18 ,54 ,12 ,2 ,12 ,12 ,0 
경북,영천시,일반,남자,80-84세,237 ,4 ,7 ,37 ,78 ,29 ,3 ,17 ,9 ,6 
경북,영천시,일반,남자,85세이상,215 ,0 ,6 ,41 ,101 ,24 ,3 ,13 ,6 ,0 
경북,영천시,일반,여자,65세미만,12 ,1 ,3 ,1 ,2 ,0 ,0 ,1 ,0 ,0 
경북,영천시,일반,여자,65-69세,72 ,0 ,2 ,5 ,21 ,2 ,1 ,10 ,2 ,1 
경북,영천시,일반,여자,70-74세,172 ,2 ,2 ,19 ,37 ,12 ,2 ,26 ,15 ,1 
경북,영천시,일반,여자,75-79세,355 ,1 ,5 ,38 ,113 ,34 ,3 ,42 ,25 ,4 
경북,영천시,일반,여자,80-84세,574 ,3 ,18 ,72 ,217 ,82 ,17 ,48 ,30 ,3 
경북,영천시,일반,여자,85세이상,552 ,11 ,27 ,110 ,244 ,54 ,9 ,26 ,9 ,0 
경북,영천시,기초,남자,65세미만,55 ,3 ,3 ,7 ,17 ,5 ,2 ,1 ,3 ,2 
경북,영천시,기초,남자,65-69세,64 ,2 ,1 ,3 ,23 ,5 ,1 ,7 ,10 ,6 
경북,영천시,기초,남자,70-74세,52 ,0 ,3 ,4 ,18 ,8 ,1 ,3 ,5 ,1 
경북,영천시,기초,남자,75-79세,36 ,0 ,0 ,6 ,14 ,7 ,0 ,2 ,3 ,0 
경북,영천시,기초,남자,80-84세,44 ,1 ,1 ,6 ,19 ,8 ,0 ,1 ,1 ,0 
경북,영천시,기초,남자,85세이상,37 ,1 ,1 ,6 ,19 ,5 ,0 ,2 ,2 ,0 
경북,영천시,기초,여자,65세미만,28 ,0 ,2 ,3 ,5 ,3 ,1 ,6 ,1 ,1 
경북,영천시,기초,여자,65-69세,57 ,1 ,1 ,9 ,14 ,5 ,1 ,3 ,6 ,3 
경북,영천시,기초,여자,70-74세,74 ,0 ,3 ,10 ,28 ,11 ,3 ,6 ,2 ,0 
경북,영천시,기초,여자,75-79세,99 ,0 ,5 ,11 ,39 ,11 ,3 ,9 ,3 ,4 
경북,영천시,기초,여자,80-84세,139 ,3 ,5 ,26 ,70 ,11 ,3 ,8 ,3 ,2 
경북,영천시,기초,여자,85세이상,166 ,5 ,8 ,46 ,72 ,16 ,0 ,6 ,2 ,0 
경북,영천시,의료,남자,65-69세,0 ,0 ,0 ,0 ,0 ,0 ,0 ,0 ,0 ,0 
경북,영천시,의료,남자,70-74세,2 ,0 ,0 ,0 ,1 ,0 ,0 ,0 ,0 ,0 
경북,영천시,의료,남자,75-79세,1 ,0 ,0 ,0 ,0 ,1 ,0 ,0 ,0 ,0 
경북,영천시,의료,남자,80-84세,1 ,0 ,0 ,0 ,1 ,0 ,0 ,0 ,0 ,0 
경북,영천시,의료,남자,85세이상,2 ,0 ,0 ,1 ,1 ,0 ,0 ,0 ,0 ,0 
경북,영천시,의료,여자,65-69세,0 ,0 ,0 ,0 ,0 ,0 ,0 ,0 ,0 ,0 
경북,영천시,의료,여자,70-74세,2 ,0 ,0 ,1 ,1 ,0 ,0 ,0 ,0 ,0 
경북,영천시,의료,여자,75-79세,0 ,0 ,0 ,0 ,0 ,0 ,0 ,0 ,0 ,0 
경북,영천시,의료,여자,80-84세,4 ,0 ,0 ,1 ,1 ,1 ,0 ,0 ,0 ,0 
경북,영천시,의료,여자,85세이상,25 ,0 ,0 ,9 ,13 ,1 ,0 ,1 ,0 ,0 
경북,영천시,감경,남자,65세미만,18 ,1 ,0 ,5 ,11 ,1 ,0 ,0 ,0 ,0 
경북,영천시,감경,남자,65-69세,41 ,3 ,3 ,11 ,11 ,3 ,1 ,1 ,1 ,1 
경북,영천시,감경,남자,70-74세,67 ,2 ,2 ,22 ,29 ,7 ,0 ,0 ,0 ,0 
경북,영천시,감경,남자,75-79세,94 ,3 ,2 ,24 ,40 ,14 ,5 ,0 ,0 ,0 
경북,영천시,감경,남자,80-84세,124 ,2 ,5 ,26 ,60 ,24 ,3 ,1 ,0 ,0 
경북,영천시,감경,남자,85세이상,170 ,2 ,8 ,38 ,95 ,20 ,3 ,0 ,0 ,0 
경북,영천시,감경,여자,65세미만,11 ,1 ,1 ,1 ,4 ,0 ,1 ,0 ,0 ,0 
경북,영천시,감경,여자,65-69세,39 ,1 ,4 ,9 ,16 ,2 ,2 ,0 ,0 ,1 
경북,영천시,감경,여자,70-74세,94 ,1 ,6 ,16 ,41 ,15 ,1 ,4 ,3 ,0 
경북,영천시,감경,여자,75-79세,221 ,6 ,15 ,49 ,103 ,31 ,3 ,1 ,0 ,0 
경북,영천시,감경,여자,80-84세,491 ,3 ,15 ,100 ,254 ,85 ,8 ,3 ,2 ,1 
경북,영천시,감경,여자,85세이상,709 ,13 ,36 ,200 ,372 ,58 ,5 ,3 ,0 ,0 
경북,상주시,일반,남자,65세미만,18 ,0 ,1 ,1 ,7 ,1 ,0 ,3 ,2 ,0 
경북,상주시,일반,남자,65-69세,58 ,1 ,3 ,8 ,11 ,5 ,0 ,10 ,3 ,5 
경북,상주시,일반,남자,70-74세,109 ,3 ,5 ,15 ,26 ,8 ,3 ,16 ,8 ,6 
경북,상주시,일반,남자,75-79세,133 ,1 ,7 ,18 ,41 ,16 ,3 ,9 ,14 ,2 
경북,상주시,일반,남자,80-84세,233 ,2 ,10 ,31 ,79 ,41 ,4 ,11 ,13 ,5 
경북,상주시,일반,남자,85세이상,243 ,9 ,9 ,39 ,95 ,35 ,4 ,13 ,11 ,4 
경북,상주시,일반,여자,65세미만,7 ,1 ,2 ,0 ,1 ,0 ,0 ,0 ,1 ,0 
경북,상주시,일반,여자,65-69세,65 ,2 ,0 ,6 ,6 ,1 ,1 ,10 ,9 ,1 
경북,상주시,일반,여자,70-74세,158 ,3 ,8 ,13 ,39 ,4 ,4 ,22 ,15 ,3 
경북,상주시,일반,여자,75-79세,300 ,3 ,11 ,32 ,82 ,17 ,9 ,52 ,27 ,7 
경북,상주시,일반,여자,80-84세,608 ,10 ,15 ,73 ,228 ,87 ,21 ,51 ,30 ,3 
경북,상주시,일반,여자,85세이상,776 ,24 ,52 ,122 ,356 ,98 ,5 ,43 ,13 ,3 
경북,상주시,기초,남자,65세미만,40 ,1 ,1 ,7 ,12 ,5 ,1 ,5 ,2 ,0 
경북,상주시,기초,남자,65-69세,51 ,0 ,4 ,5 ,24 ,5 ,2 ,1 ,0 ,2 
경북,상주시,기초,남자,70-74세,38 ,0 ,0 ,4 ,16 ,8 ,1 ,2 ,1 ,3 
경북,상주시,기초,남자,75-79세,24 ,0 ,1 ,2 ,11 ,2 ,0 ,1 ,3 ,2 
경북,상주시,기초,남자,80-84세,39 ,0 ,5 ,1 ,17 ,5 ,0 ,1 ,6 ,1 
경북,상주시,기초,남자,85세이상,7 ,0 ,0 ,3 ,2 ,1 ,0 ,1 ,0 ,0 
경북,상주시,기초,여자,65세미만,22 ,1 ,0 ,2 ,7 ,4 ,0 ,2 ,2 ,0 
경북,상주시,기초,여자,65-69세,47 ,0 ,3 ,5 ,14 ,3 ,0 ,5 ,5 ,3 
경북,상주시,기초,여자,70-74세,58 ,0 ,4 ,6 ,22 ,8 ,0 ,6 ,6 ,1 
경북,상주시,기초,여자,75-79세,70 ,0 ,2 ,10 ,34 ,11 ,2 ,2 ,2 ,1 
경북,상주시,기초,여자,80-84세,123 ,2 ,4 ,20 ,58 ,18 ,3 ,6 ,5 ,2 
경북,상주시,기초,여자,85세이상,159 ,14 ,17 ,20 ,78 ,17 ,0 ,2 ,1 ,0 
경북,상주시,의료,남자,65세미만,1 ,0 ,0 ,0 ,0 ,0 ,0 ,1 ,0 ,0 
경북,상주시,의료,남자,65-69세,0 ,0 ,0 ,0 ,0 ,0 ,0 ,0 ,0 ,0 
경북,상주시,의료,남자,70-74세,2 ,0 ,0 ,0 ,2 ,0 ,0 ,0 ,0 ,0 
경북,상주시,의료,남자,75-79세,0 ,0 ,0 ,0 ,0 ,0 ,0 ,0 ,0 ,0 
경북,상주시,의료,남자,80-84세,1 ,0 ,0 ,0 ,0 ,1 ,0 ,0 ,0 ,0 
경북,상주시,의료,남자,85세이상,10 ,0 ,0 ,2 ,2 ,3 ,0 ,0 ,2 ,0 
경북,상주시,의료,여자,65-69세,0 ,0 ,0 ,0 ,0 ,0 ,0 ,0 ,0 ,0 
경북,상주시,의료,여자,70-74세,2 ,0 ,0 ,1 ,0 ,0 ,0 ,0 ,0 ,1 
경북,상주시,의료,여자,75-79세,0 ,0 ,0 ,0 ,0 ,0 ,0 ,0 ,0 ,0 
경북,상주시,의료,여자,80-84세,10 ,0 ,1 ,2 ,2 ,3 ,0 ,0 ,0 ,0 
경북,상주시,의료,여자,85세이상,27 ,0 ,3 ,7 ,11 ,4 ,0 ,1 ,0 ,1 
경북,상주시,감경,남자,65세미만,18 ,1 ,2 ,3 ,7 ,1 ,1 ,0 ,0 ,0 
경북,상주시,감경,남자,65-69세,39 ,0 ,3 ,9 ,17 ,4 ,0 ,1 ,0 ,0 
경북,상주시,감경,남자,70-74세,57 ,3 ,2 ,15 ,25 ,6 ,3 ,0 ,0 ,0 
경북,상주시,감경,남자,75-79세,77 ,2 ,2 ,18 ,34 ,12 ,3 ,1 ,0 ,1 
경북,상주시,감경,남자,80-84세,154 ,4 ,9 ,30 ,75 ,28 ,2 ,0 ,0 ,0 
경북,상주시,감경,남자,85세이상,230 ,7 ,17 ,46 ,122 ,32 ,4 ,1 ,0 ,0 
경북,상주시,감경,여자,65세미만,17 ,0 ,4 ,4 ,5 ,1 ,0 ,2 ,0 ,0 
경북,상주시,감경,여자,65-69세,33 ,3 ,1 ,6 ,14 ,7 ,0 ,1 ,0 ,0 
경북,상주시,감경,여자,70-74세,99 ,5 ,5 ,19 ,40 ,22 ,5 ,2 ,0 ,0 
경북,상주시,감경,여자,75-79세,248 ,3 ,8 ,45 ,112 ,51 ,7 ,1 ,2 ,0 
경북,상주시,감경,여자,80-84세,597 ,11 ,28 ,117 ,297 ,107 ,16 ,2 ,1 ,0 
경북,상주시,감경,여자,85세이상,1045 ,37 ,84 ,262 ,500 ,139 ,9 ,3 ,0 ,1 
경북,문경시,일반,남자,65세미만,14 ,0 ,0 ,0 ,0 ,1 ,0 ,5 ,2 ,3 
경북,문경시,일반,남자,65-69세,38 ,0 ,4 ,8 ,5 ,2 ,1 ,6 ,4 ,0 
경북,문경시,일반,남자,70-74세,88 ,4 ,3 ,16 ,25 ,6 ,2 ,9 ,4 ,1 
경북,문경시,일반,남자,75-79세,124 ,3 ,4 ,14 ,37 ,17 ,0 ,14 ,11 ,2 
경북,문경시,일반,남자,80-84세,137 ,0 ,4 ,30 ,45 ,22 ,4 ,13 ,3 ,2 
경북,문경시,일반,남자,85세이상,155 ,0 ,4 ,27 ,54 ,28 ,2 ,5 ,6 ,3 
경북,문경시,일반,여자,65세미만,19 ,2 ,0 ,3 ,2 ,0 ,0 ,3 ,3 ,0 
경북,문경시,일반,여자,65-69세,66 ,1 ,0 ,7 ,17 ,6 ,0 ,7 ,8 ,1 
경북,문경시,일반,여자,70-74세,128 ,4 ,3 ,9 ,30 ,7 ,3 ,20 ,6 ,4 
경북,문경시,일반,여자,75-79세,209 ,4 ,7 ,19 ,49 ,34 ,2 ,28 ,13 ,5 
경북,문경시,일반,여자,80-84세,377 ,8 ,16 ,57 ,132 ,51 ,6 ,24 ,15 ,5 
경북,문경시,일반,여자,85세이상,432 ,7 ,29 ,96 ,174 ,55 ,5 ,12 ,8 ,1 
경북,문경시,기초,남자,65세미만,41 ,1 ,5 ,9 ,13 ,0 ,0 ,2 ,2 ,1 
경북,문경시,기초,남자,65-69세,35 ,1 ,0 ,8 ,10 ,5 ,0 ,3 ,4 ,1 
경북,문경시,기초,남자,70-74세,33 ,0 ,1 ,3 ,13 ,3 ,1 ,1 ,6 ,1 
경북,문경시,기초,남자,75-79세,31 ,0 ,0 ,8 ,11 ,5 ,0 ,3 ,1 ,0 
경북,문경시,기초,남자,80-84세,19 ,0 ,1 ,2 ,7 ,8 ,0 ,0 ,0 ,0 
경북,문경시,기초,남자,85세이상,15 ,0 ,1 ,0 ,11 ,1 ,0 ,0 ,0 ,0 
경북,문경시,기초,여자,65세미만,15 ,2 ,0 ,3 ,4 ,3 ,0 ,0 ,0 ,0 
경북,문경시,기초,여자,65-69세,45 ,0 ,1 ,8 ,14 ,5 ,0 ,3 ,4 ,2 
경북,문경시,기초,여자,70-74세,45 ,1 ,2 ,6 ,17 ,5 ,0 ,6 ,2 ,1 
경북,문경시,기초,여자,75-79세,67 ,0 ,1 ,15 ,20 ,13 ,0 ,9 ,2 ,1 
경북,문경시,기초,여자,80-84세,83 ,2 ,8 ,17 ,30 ,15 ,2 ,2 ,3 ,0 
경북,문경시,기초,여자,85세이상,147 ,3 ,19 ,33 ,60 ,22 ,0 ,3 ,0 ,0 
경북,문경시,의료,남자,65세미만,0 ,0 ,0 ,0 ,0 ,0 ,0 ,0 ,0 ,0 
경북,문경시,의료,남자,65-69세,0 ,0 ,0 ,0 ,0 ,0 ,0 ,0 ,0 ,0 
경북,문경시,의료,남자,75-79세,0 ,0 ,0 ,0 ,0 ,0 ,0 ,0 ,0 ,0 
경북,문경시,의료,남자,80-84세,1 ,0 ,0 ,0 ,1 ,0 ,0 ,0 ,0 ,0 
경북,문경시,의료,남자,85세이상,4 ,0 ,0 ,0 ,4 ,0 ,0 ,0 ,0 ,0 
경북,문경시,의료,여자,65-69세,1 ,0 ,0 ,0 ,0 ,0 ,0 ,0 ,0 ,0 
경북,문경시,의료,여자,70-74세,1 ,0 ,0 ,0 ,1 ,0 ,0 ,0 ,0 ,0 
경북,문경시,의료,여자,75-79세,5 ,0 ,0 ,0 ,1 ,0 ,0 ,2 ,0 ,0 
경북,문경시,의료,여자,80-84세,11 ,0 ,0 ,2 ,7 ,0 ,0 ,2 ,0 ,0 
경북,문경시,의료,여자,85세이상,24 ,0 ,2 ,8 ,8 ,4 ,0 ,0 ,0 ,0 
경북,문경시,감경,남자,65세미만,14 ,1 ,2 ,2 ,5 ,2 ,0 ,0 ,0 ,0 
경북,문경시,감경,남자,65-69세,38 ,1 ,0 ,8 ,18 ,6 ,1 ,0 ,1 ,0 
경북,문경시,감경,남자,70-74세,46 ,2 ,1 ,13 ,19 ,6 ,2 ,0 ,0 ,0 
경북,문경시,감경,남자,75-79세,51 ,2 ,2 ,12 ,19 ,12 ,0 ,0 ,0 ,0 
경북,문경시,감경,남자,80-84세,121 ,4 ,8 ,26 ,53 ,25 ,4 ,0 ,0 ,0 
경북,문경시,감경,남자,85세이상,163 ,3 ,13 ,47 ,74 ,18 ,1 ,1 ,2 ,0 
경북,문경시,감경,여자,65세미만,13 ,2 ,0 ,2 ,4 ,2 ,1 ,1 ,1 ,0 
경북,문경시,감경,여자,65-69세,28 ,2 ,2 ,7 ,11 ,1 ,2 ,0 ,0 ,0 
경북,문경시,감경,여자,70-74세,90 ,2 ,5 ,19 ,27 ,19 ,4 ,2 ,0 ,0 
경북,문경시,감경,여자,75-79세,152 ,1 ,10 ,23 ,75 ,26 ,3 ,3 ,1 ,0 
경북,문경시,감경,여자,80-84세,440 ,7 ,29 ,89 ,198 ,89 ,12 ,1 ,2 ,0 
경북,문경시,감경,여자,85세이상,710 ,14 ,60 ,181 ,337 ,98 ,4 ,1 ,0 ,1 
경북,경산시,일반,남자,65세미만,49 ,2 ,2 ,11 ,10 ,5 ,0 ,7 ,3 ,0 
경북,경산시,일반,남자,65-69세,114 ,4 ,4 ,23 ,29 ,11 ,0 ,14 ,4 ,7 
경북,경산시,일반,남자,70-74세,169 ,2 ,10 ,39 ,60 ,11 ,0 ,11 ,6 ,5 
경북,경산시,일반,남자,75-79세,233 ,4 ,12 ,51 ,75 ,28 ,0 ,12 ,10 ,0 
경북,경산시,일반,남자,80-84세,314 ,7 ,21 ,71 ,117 ,31 ,6 ,14 ,13 ,0 
경북,경산시,일반,남자,85세이상,336 ,4 ,23 ,81 ,110 ,55 ,2 ,12 ,6 ,3 
경북,경산시,일반,여자,65세미만,49 ,4 ,3 ,10 ,6 ,2 ,3 ,7 ,2 ,0 
경북,경산시,일반,여자,65-69세,118 ,3 ,2 ,11 ,30 ,6 ,3 ,20 ,7 ,2 
경북,경산시,일반,여자,70-74세,299 ,7 ,7 ,42 ,96 ,25 ,4 ,28 ,22 ,4 
경북,경산시,일반,여자,75-79세,526 ,12 ,24 ,76 ,150 ,62 ,10 ,59 ,24 ,3 
경북,경산시,일반,여자,80-84세,852 ,19 ,54 ,152 ,336 ,129 ,7 ,41 ,10 ,6 
경북,경산시,일반,여자,85세이상,939 ,32 ,98 ,240 ,366 ,94 ,1 ,33 ,13 ,0 
경북,경산시,기초,남자,65세미만,109 ,5 ,6 ,27 ,21 ,12 ,5 ,11 ,7 ,1 
경북,경산시,기초,남자,65-69세,85 ,2 ,4 ,13 ,31 ,7 ,0 ,8 ,7 ,1 
경북,경산시,기초,남자,70-74세,62 ,2 ,4 ,8 ,30 ,7 ,0 ,2 ,3 ,0 
경북,경산시,기초,남자,75-79세,53 ,2 ,3 ,13 ,20 ,7 ,0 ,1 ,3 ,0 
경북,경산시,기초,남자,80-84세,59 ,2 ,5 ,14 ,27 ,7 ,0 ,1 ,2 ,0 
경북,경산시,기초,남자,85세이상,43 ,1 ,3 ,9 ,25 ,5 ,0 ,0 ,0 ,0 
경북,경산시,기초,여자,65세미만,52 ,1 ,5 ,14 ,13 ,4 ,2 ,5 ,5 ,0 
경북,경산시,기초,여자,65-69세,81 ,1 ,4 ,13 ,30 ,7 ,1 ,4 ,6 ,2 
경북,경산시,기초,여자,70-74세,93 ,3 ,8 ,10 ,38 ,14 ,1 ,4 ,2 ,2 
경북,경산시,기초,여자,75-79세,161 ,7 ,11 ,22 ,70 ,21 ,3 ,1 ,4 ,3 
경북,경산시,기초,여자,80-84세,264 ,6 ,16 ,61 ,116 ,36 ,2 ,7 ,3 ,0 
경북,경산시,기초,여자,85세이상,307 ,20 ,46 ,73 ,122 ,28 ,0 ,1 ,0 ,0 
경북,경산시,의료,남자,65세미만,1 ,0 ,0 ,0 ,1 ,0 ,0 ,0 ,0 ,0 
경북,경산시,의료,남자,65-69세,0 ,0 ,0 ,0 ,0 ,0 ,0 ,0 ,0 ,0 
경북,경산시,의료,남자,70-74세,4 ,0 ,1 ,1 ,1 ,0 ,0 ,0 ,0 ,0 
경북,경산시,의료,남자,75-79세,4 ,0 ,0 ,2 ,2 ,0 ,0 ,0 ,0 ,0 
경북,경산시,의료,남자,80-84세,6 ,0 ,0 ,2 ,3 ,0 ,0 ,0 ,0 ,0 
경북,경산시,의료,남자,85세이상,8 ,0 ,0 ,1 ,6 ,0 ,0 ,0 ,0 ,0 
경북,경산시,의료,여자,65세미만,1 ,0 ,0 ,0 ,0 ,1 ,0 ,0 ,0 ,0 
경북,경산시,의료,여자,65-69세,3 ,0 ,0 ,0 ,1 ,0 ,0 ,2 ,0 ,0 
경북,경산시,의료,여자,70-74세,1 ,0 ,0 ,0 ,0 ,0 ,1 ,0 ,0 ,0 
경북,경산시,의료,여자,75-79세,5 ,0 ,0 ,0 ,2 ,0 ,0 ,1 ,0 ,0 
경북,경산시,의료,여자,80-84세,29 ,0 ,2 ,11 ,11 ,3 ,0 ,0 ,0 ,1 
경북,경산시,의료,여자,85세이상,53 ,3 ,4 ,12 ,25 ,5 ,1 ,0 ,1 ,0 
경북,경산시,감경,남자,65세미만,63 ,3 ,3 ,24 ,26 ,3 ,1 ,1 ,0 ,0 
경북,경산시,감경,남자,65-69세,102 ,5 ,8 ,29 ,45 ,5 ,1 ,1 ,0 ,0 
경북,경산시,감경,남자,70-74세,125 ,2 ,6 ,40 ,53 ,17 ,1 ,1 ,1 ,0 
경북,경산시,감경,남자,75-79세,168 ,2 ,17 ,37 ,74 ,26 ,4 ,0 ,0 ,1 
경북,경산시,감경,남자,80-84세,226 ,7 ,16 ,59 ,93 ,40 ,4 ,0 ,0 ,0 
경북,경산시,감경,남자,85세이상,253 ,4 ,26 ,60 ,123 ,35 ,1 ,0 ,1 ,0 
경북,경산시,감경,여자,65세미만,26 ,4 ,1 ,8 ,5 ,3 ,0 ,0 ,1 ,0 
경북,경산시,감경,여자,65-69세,104 ,5 ,8 ,22 ,42 ,15 ,0 ,1 ,2 ,0 
경북,경산시,감경,여자,70-74세,155 ,7 ,8 ,31 ,79 ,17 ,5 ,0 ,1 ,0 
경북,경산시,감경,여자,75-79세,370 ,17 ,21 ,81 ,165 ,56 ,3 ,1 ,1 ,0 
경북,경산시,감경,여자,80-84세,771 ,26 ,59 ,199 ,364 ,92 ,12 ,0 ,1 ,0 
경북,경산시,감경,여자,85세이상,1097 ,38 ,154 ,335 ,445 ,98 ,5 ,0 ,1 ,0 
경북,의성군,일반,남자,65세미만,10 ,0 ,0 ,2 ,0 ,0 ,0 ,1 ,0 ,1 
경북,의성군,일반,남자,65-69세,35 ,0 ,1 ,4 ,7 ,0 ,1 ,3 ,4 ,2 
경북,의성군,일반,남자,70-74세,73 ,1 ,3 ,7 ,26 ,3 ,1 ,9 ,7 ,2 
경북,의성군,일반,남자,75-79세,86 ,2 ,4 ,15 ,21 ,6 ,0 ,8 ,8 ,2 
경북,의성군,일반,남자,80-84세,166 ,3 ,8 ,21 ,65 ,17 ,3 ,13 ,15 ,4 
경북,의성군,일반,남자,85세이상,167 ,0 ,6 ,36 ,70 ,8 ,3 ,7 ,5 ,2 
경북,의성군,일반,여자,65세미만,10 ,0 ,0 ,3 ,1 ,0 ,0 ,2 ,1 ,0 
경북,의성군,일반,여자,65-69세,48 ,0 ,0 ,6 ,6 ,3 ,1 ,9 ,8 ,0 
경북,의성군,일반,여자,70-74세,96 ,5 ,4 ,6 ,20 ,3 ,1 ,15 ,10 ,5 
경북,의성군,일반,여자,75-79세,255 ,1 ,5 ,24 ,83 ,26 ,6 ,21 ,22 ,1 
경북,의성군,일반,여자,80-84세,430 ,5 ,8 ,67 ,157 ,35 ,7 ,37 ,29 ,1 
경북,의성군,일반,여자,85세이상,501 ,12 ,32 ,99 ,219 ,40 ,5 ,22 ,11 ,1 
경북,의성군,기초,남자,65세미만,32 ,2 ,2 ,5 ,11 ,1 ,0 ,1 ,1 ,2 
경북,의성군,기초,남자,65-69세,31 ,0 ,2 ,4 ,14 ,4 ,1 ,0 ,0 ,4 
경북,의성군,기초,남자,70-74세,27 ,0 ,2 ,7 ,5 ,2 ,1 ,4 ,4 ,0 
경북,의성군,기초,남자,75-79세,21 ,0 ,0 ,3 ,9 ,1 ,0 ,2 ,2 ,2 
경북,의성군,기초,남자,80-84세,29 ,0 ,1 ,5 ,14 ,1 ,1 ,1 ,0 ,1 
경북,의성군,기초,남자,85세이상,21 ,1 ,1 ,4 ,11 ,0 ,0 ,1 ,2 ,0 
경북,의성군,기초,여자,65세미만,13 ,1 ,1 ,6 ,0 ,0 ,0 ,1 ,0 ,0 
경북,의성군,기초,여자,65-69세,35 ,1 ,0 ,3 ,11 ,3 ,1 ,7 ,5 ,1 
경북,의성군,기초,여자,70-74세,43 ,0 ,2 ,4 ,21 ,3 ,1 ,3 ,4 ,1 
경북,의성군,기초,여자,75-79세,37 ,0 ,2 ,8 ,11 ,4 ,0 ,4 ,3 ,0 
경북,의성군,기초,여자,80-84세,79 ,1 ,4 ,16 ,36 ,6 ,4 ,3 ,2 ,0 
경북,의성군,기초,여자,85세이상,102 ,3 ,11 ,19 ,49 ,5 ,1 ,4 ,2 ,0 
경북,의성군,의료,남자,65-69세,0 ,0 ,0 ,0 ,0 ,0 ,0 ,0 ,0 ,0 
경북,의성군,의료,남자,70-74세,0 ,0 ,0 ,0 ,0 ,0 ,0 ,0 ,0 ,0 
경북,의성군,의료,남자,75-79세,2 ,0 ,0 ,1 ,1 ,0 ,0 ,0 ,0 ,0 
경북,의성군,의료,남자,80-84세,0 ,0 ,0 ,0 ,0 ,0 ,0 ,0 ,0 ,0 
경북,의성군,의료,남자,85세이상,7 ,0 ,0 ,2 ,2 ,1 ,0 ,0 ,0 ,0 
경북,의성군,의료,여자,65세미만,0 ,0 ,0 ,0 ,0 ,0 ,0 ,0 ,0 ,0 
경북,의성군,의료,여자,65-69세,1 ,0 ,0 ,0 ,0 ,0 ,0 ,0 ,0 ,0 
경북,의성군,의료,여자,70-74세,2 ,0 ,0 ,0 ,1 ,0 ,0 ,0 ,0 ,0 
경북,의성군,의료,여자,75-79세,1 ,0 ,0 ,0 ,1 ,0 ,0 ,0 ,0 ,0 
경북,의성군,의료,여자,80-84세,12 ,0 ,2 ,1 ,3 ,1 ,0 ,1 ,1 ,0 
경북,의성군,의료,여자,85세이상,22 ,1 ,1 ,8 ,10 ,0 ,0 ,1 ,0 ,0 
경북,의성군,감경,남자,65세미만,11 ,1 ,2 ,4 ,2 ,1 ,0 ,0 ,0 ,0 
경북,의성군,감경,남자,65-69세,32 ,0 ,0 ,8 ,21 ,1 ,0 ,0 ,0 ,0 
경북,의성군,감경,남자,70-74세,45 ,4 ,0 ,16 ,16 ,6 ,1 ,0 ,0 ,0 
경북,의성군,감경,남자,75-79세,57 ,1 ,6 ,16 ,24 ,8 ,0 ,0 ,0 ,0 
경북,의성군,감경,남자,80-84세,122 ,2 ,12 ,22 ,70 ,13 ,0 ,0 ,0 ,0 
경북,의성군,감경,남자,85세이상,142 ,0 ,7 ,42 ,85 ,6 ,1 ,0 ,0 ,0 
경북,의성군,감경,여자,65세미만,6 ,0 ,1 ,1 ,2 ,1 ,0 ,0 ,0 ,0 
경북,의성군,감경,여자,65-69세,28 ,0 ,1 ,4 ,14 ,5 ,1 ,0 ,0 ,0 
경북,의성군,감경,여자,70-74세,63 ,3 ,0 ,16 ,35 ,5 ,2 ,0 ,0 ,0 
경북,의성군,감경,여자,75-79세,172 ,4 ,11 ,31 ,85 ,22 ,5 ,0 ,0 ,1 
경북,의성군,감경,여자,80-84세,391 ,7 ,23 ,97 ,200 ,45 ,8 ,1 ,0 ,0 
경북,의성군,감경,여자,85세이상,666 ,23 ,62 ,176 ,338 ,47 ,2 ,1 ,0 ,0 
경북,청송군,일반,남자,65세미만,5 ,0 ,0 ,1 ,1 ,0 ,0 ,1 ,0 ,0 
경북,청송군,일반,남자,65-69세,15 ,0 ,0 ,1 ,3 ,0 ,0 ,4 ,0 ,2 
경북,청송군,일반,남자,70-74세,21 ,0 ,1 ,3 ,3 ,2 ,0 ,2 ,2 ,2 
경북,청송군,일반,남자,75-79세,27 ,1 ,1 ,4 ,10 ,0 ,0 ,5 ,2 ,0 
경북,청송군,일반,남자,80-84세,36 ,1 ,2 ,4 ,9 ,5 ,1 ,1 ,6 ,3 
경북,청송군,일반,남자,85세이상,60 ,1 ,0 ,12 ,18 ,6 ,0 ,7 ,3 ,2 
경북,청송군,일반,여자,65세미만,2 ,0 ,0 ,1 ,1 ,0 ,0 ,0 ,0 ,0 
경북,청송군,일반,여자,65-69세,14 ,0 ,0 ,1 ,1 ,0 ,1 ,2 ,2 ,0 
경북,청송군,일반,여자,70-74세,30 ,0 ,2 ,2 ,4 ,1 ,0 ,4 ,5 ,1 
경북,청송군,일반,여자,75-79세,86 ,3 ,3 ,6 ,13 ,4 ,2 ,10 ,13 ,3 
경북,청송군,일반,여자,80-84세,131 ,1 ,5 ,13 ,42 ,6 ,2 ,11 ,15 ,4 
경북,청송군,일반,여자,85세이상,141 ,2 ,10 ,22 ,68 ,5 ,0 ,4 ,7 ,1 
경북,청송군,기초,남자,65세미만,10 ,1 ,1 ,1 ,2 ,0 ,0 ,0 ,2 ,1 
경북,청송군,기초,남자,65-69세,18 ,0 ,1 ,2 ,6 ,0 ,0 ,4 ,2 ,1 
경북,청송군,기초,남자,70-74세,15 ,1 ,0 ,1 ,6 ,0 ,1 ,1 ,2 ,0 
경북,청송군,기초,남자,75-79세,7 ,0 ,0 ,2 ,2 ,0 ,1 ,0 ,1 ,0 
경북,청송군,기초,남자,80-84세,9 ,0 ,0 ,0 ,6 ,1 ,0 ,2 ,0 ,0 
경북,청송군,기초,남자,85세이상,9 ,0 ,0 ,1 ,7 ,0 ,1 ,0 ,0 ,0 
경북,청송군,기초,여자,65세미만,5 ,0 ,0 ,1 ,3 ,0 ,0 ,0 ,0 ,0 
경북,청송군,기초,여자,65-69세,14 ,0 ,2 ,2 ,3 ,0 ,0 ,2 ,3 ,0 
경북,청송군,기초,여자,70-74세,16 ,0 ,1 ,0 ,5 ,2 ,0 ,4 ,4 ,0 
경북,청송군,기초,여자,75-79세,22 ,1 ,0 ,7 ,9 ,1 ,0 ,0 ,3 ,0 
경북,청송군,기초,여자,80-84세,39 ,1 ,3 ,6 ,14 ,1 ,1 ,4 ,3 ,0 
경북,청송군,기초,여자,85세이상,63 ,5 ,6 ,10 ,29 ,1 ,0 ,4 ,3 ,0 
경북,청송군,의료,남자,65-69세,0 ,0 ,0 ,0 ,0 ,0 ,0 ,0 ,0 ,0 
경북,청송군,의료,여자,75-79세,0 ,0 ,0 ,0 ,0 ,0 ,0 ,0 ,0 ,0 
경북,청송군,의료,여자,80-84세,2 ,0 ,1 ,0 ,0 ,0 ,0 ,0 ,1 ,0 
경북,청송군,의료,여자,85세이상,6 ,0 ,0 ,1 ,3 ,0 ,0 ,1 ,0 ,0 
경북,청송군,감경,남자,65세미만,5 ,2 ,1 ,1 ,1 ,0 ,0 ,0 ,0 ,0 
경북,청송군,감경,남자,65-69세,7 ,0 ,0 ,2 ,3 ,0 ,0 ,0 ,0 ,0 
경북,청송군,감경,남자,70-74세,8 ,1 ,0 ,2 ,2 ,1 ,0 ,0 ,1 ,1 
경북,청송군,감경,남자,75-79세,14 ,0 ,1 ,3 ,7 ,1 ,0 ,0 ,0 ,0 
경북,청송군,감경,남자,80-84세,32 ,0 ,4 ,9 ,14 ,4 ,0 ,0 ,0 ,0 
경북,청송군,감경,남자,85세이상,62 ,1 ,5 ,18 ,33 ,4 ,0 ,0 ,0 ,0 
경북,청송군,감경,여자,65세미만,1 ,0 ,0 ,0 ,0 ,0 ,1 ,0 ,0 ,0 
경북,청송군,감경,여자,65-69세,9 ,0 ,1 ,0 ,6 ,1 ,0 ,0 ,0 ,0 
경북,청송군,감경,여자,70-74세,29 ,0 ,1 ,5 ,16 ,3 ,0 ,0 ,0 ,0 
경북,청송군,감경,여자,75-79세,50 ,1 ,0 ,8 ,27 ,7 ,0 ,0 ,0 ,0 
경북,청송군,감경,여자,80-84세,128 ,3 ,4 ,21 ,81 ,7 ,2 ,0 ,2 ,0 
경북,청송군,감경,여자,85세이상,226 ,2 ,16 ,63 ,124 ,12 ,2 ,1 ,1 ,0 
경북,영양군,일반,남자,65세미만,1 ,0 ,0 ,0 ,1 ,0 ,0 ,0 ,0 ,0 
경북,영양군,일반,남자,65-69세,5 ,0 ,1 ,1 ,1 ,0 ,0 ,1 ,1 ,0 
경북,영양군,일반,남자,70-74세,10 ,1 ,1 ,0 ,1 ,0 ,0 ,1 ,1 ,0 
경북,영양군,일반,남자,75-79세,27 ,1 ,1 ,5 ,5 ,0 ,0 ,4 ,4 ,0 
경북,영양군,일반,남자,80-84세,39 ,0 ,4 ,5 ,13 ,1 ,0 ,3 ,5 ,1 
경북,영양군,일반,남자,85세이상,25 ,0 ,0 ,7 ,11 ,1 ,0 ,2 ,0 ,0 
경북,영양군,일반,여자,65세미만,2 ,0 ,0 ,0 ,0 ,0 ,0 ,0 ,0 ,0 
경북,영양군,일반,여자,65-69세,17 ,0 ,1 ,0 ,2 ,0 ,0 ,1 ,2 ,3 
경북,영양군,일반,여자,70-74세,32 ,0 ,0 ,3 ,10 ,0 ,0 ,5 ,5 ,0 
경북,영양군,일반,여자,75-79세,51 ,0 ,0 ,6 ,14 ,0 ,0 ,4 ,7 ,2 
경북,영양군,일반,여자,80-84세,76 ,0 ,5 ,14 ,29 ,3 ,0 ,11 ,4 ,0 
경북,영양군,일반,여자,85세이상,81 ,0 ,3 ,29 ,35 ,5 ,0 ,3 ,0 ,0 
경북,영양군,기초,남자,65세미만,6 ,0 ,0 ,1 ,3 ,0 ,0 ,1 ,1 ,0 
경북,영양군,기초,남자,65-69세,5 ,0 ,0 ,2 ,2 ,0 ,0 ,0 ,1 ,0 
경북,영양군,기초,남자,70-74세,6 ,0 ,1 ,1 ,2 ,0 ,0 ,1 ,0 ,1 
경북,영양군,기초,남자,75-79세,2 ,0 ,1 ,0 ,0 ,0 ,0 ,0 ,0 ,0 
경북,영양군,기초,남자,80-84세,7 ,0 ,0 ,1 ,4 ,1 ,0 ,0 ,0 ,0 
경북,영양군,기초,남자,85세이상,6 ,0 ,1 ,1 ,3 ,0 ,1 ,0 ,0 ,0 
경북,영양군,기초,여자,65세미만,3 ,0 ,2 ,1 ,0 ,0 ,0 ,0 ,0 ,0 
경북,영양군,기초,여자,65-69세,8 ,0 ,0 ,1 ,5 ,0 ,0 ,0 ,1 ,0 
경북,영양군,기초,여자,70-74세,11 ,0 ,0 ,0 ,3 ,0 ,0 ,0 ,4 ,2 
경북,영양군,기초,여자,75-79세,18 ,0 ,0 ,4 ,7 ,2 ,0 ,2 ,2 ,1 
경북,영양군,기초,여자,80-84세,23 ,0 ,0 ,4 ,13 ,2 ,0 ,0 ,1 ,1 
경북,영양군,기초,여자,85세이상,42 ,0 ,5 ,13 ,23 ,1 ,0 ,0 ,0 ,0 
경북,영양군,의료,남자,75-79세,2 ,0 ,0 ,0 ,0 ,0 ,0 ,0 ,1 ,0 
경북,영양군,의료,남자,85세이상,1 ,0 ,0 ,0 ,0 ,0 ,0 ,0 ,1 ,0 
경북,영양군,의료,여자,75-79세,0 ,0 ,0 ,0 ,0 ,0 ,0 ,0 ,0 ,0 
경북,영양군,의료,여자,80-84세,3 ,0 ,0 ,1 ,2 ,0 ,0 ,0 ,0 ,0 
경북,영양군,의료,여자,85세이상,3 ,0 ,0 ,0 ,3 ,0 ,0 ,0 ,0 ,0 
경북,영양군,감경,남자,65세미만,3 ,1 ,0 ,0 ,1 ,1 ,0 ,0 ,0 ,0 
경북,영양군,감경,남자,65-69세,5 ,0 ,0 ,2 ,1 ,0 ,0 ,0 ,0 ,0 
경북,영양군,감경,남자,70-74세,5 ,0 ,0 ,1 ,4 ,0 ,0 ,0 ,0 ,0 
경북,영양군,감경,남자,75-79세,13 ,0 ,1 ,2 ,8 ,1 ,0 ,0 ,1 ,0 
경북,영양군,감경,남자,80-84세,23 ,1 ,1 ,4 ,11 ,3 ,1 ,0 ,0 ,0 
경북,영양군,감경,남자,85세이상,28 ,0 ,1 ,12 ,14 ,1 ,0 ,0 ,0 ,0 
경북,영양군,감경,여자,65세미만,1 ,0 ,0 ,0 ,0 ,0 ,1 ,0 ,0 ,0 
경북,영양군,감경,여자,65-69세,7 ,0 ,0 ,0 ,6 ,0 ,0 ,0 ,1 ,0 
경북,영양군,감경,여자,70-74세,9 ,0 ,2 ,2 ,5 ,0 ,0 ,0 ,0 ,0 
경북,영양군,감경,여자,75-79세,24 ,0 ,2 ,6 ,11 ,1 ,0 ,1 ,1 ,0 
경북,영양군,감경,여자,80-84세,86 ,2 ,2 ,21 ,53 ,7 ,0 ,0 ,0 ,0 
경북,영양군,감경,여자,85세이상,163 ,4 ,9 ,52 ,90 ,6 ,0 ,0 ,0 ,0 
경북,영덕군,일반,남자,65세미만,4 ,0 ,0 ,0 ,1 ,0 ,0 ,0 ,2 ,0 
경북,영덕군,일반,남자,65-69세,24 ,2 ,0 ,1 ,6 ,0 ,0 ,4 ,5 ,1 
경북,영덕군,일반,남자,70-74세,34 ,0 ,3 ,3 ,9 ,3 ,0 ,5 ,5 ,1 
경북,영덕군,일반,남자,75-79세,60 ,3 ,2 ,9 ,14 ,2 ,2 ,5 ,7 ,3 
경북,영덕군,일반,남자,80-84세,96 ,4 ,3 ,10 ,34 ,11 ,2 ,5 ,7 ,5 
경북,영덕군,일반,남자,85세이상,106 ,1 ,2 ,16 ,38 ,13 ,0 ,12 ,5 ,4 
경북,영덕군,일반,여자,65세미만,2 ,0 ,0 ,0 ,1 ,0 ,0 ,0 ,0 ,0 
경북,영덕군,일반,여자,65-69세,41 ,0 ,1 ,3 ,11 ,0 ,0 ,6 ,10 ,0 
경북,영덕군,일반,여자,70-74세,57 ,0 ,1 ,5 ,9 ,2 ,2 ,8 ,8 ,2 
경북,영덕군,일반,여자,75-79세,149 ,3 ,2 ,16 ,41 ,5 ,4 ,21 ,16 ,2 
경북,영덕군,일반,여자,80-84세,265 ,4 ,4 ,31 ,110 ,28 ,0 ,19 ,15 ,2 
경북,영덕군,일반,여자,85세이상,248 ,2 ,8 ,44 ,113 ,22 ,4 ,21 ,9 ,0 
경북,영덕군,기초,남자,65세미만,15 ,0 ,0 ,2 ,6 ,1 ,0 ,2 ,0 ,0 
경북,영덕군,기초,남자,65-69세,26 ,1 ,2 ,3 ,11 ,1 ,0 ,1 ,3 ,0 
경북,영덕군,기초,남자,70-74세,31 ,1 ,1 ,2 ,12 ,2 ,0 ,6 ,4 ,2 
경북,영덕군,기초,남자,75-79세,15 ,1 ,0 ,1 ,5 ,1 ,0 ,0 ,2 ,2 
경북,영덕군,기초,남자,80-84세,17 ,0 ,0 ,2 ,7 ,3 ,1 ,2 ,1 ,0 
경북,영덕군,기초,남자,85세이상,19 ,0 ,1 ,1 ,13 ,1 ,0 ,0 ,0 ,0 
경북,영덕군,기초,여자,65세미만,9 ,1 ,1 ,2 ,3 ,0 ,0 ,1 ,0 ,0 
경북,영덕군,기초,여자,65-69세,24 ,0 ,1 ,2 ,13 ,1 ,0 ,1 ,1 ,0 
경북,영덕군,기초,여자,70-74세,33 ,0 ,0 ,3 ,19 ,3 ,1 ,1 ,6 ,0 
경북,영덕군,기초,여자,75-79세,59 ,0 ,1 ,5 ,23 ,7 ,2 ,7 ,6 ,0 
경북,영덕군,기초,여자,80-84세,76 ,3 ,0 ,17 ,30 ,10 ,1 ,7 ,3 ,1 
경북,영덕군,기초,여자,85세이상,101 ,3 ,6 ,23 ,45 ,7 ,1 ,4 ,3 ,1 
경북,영덕군,의료,남자,65세미만,1 ,0 ,0 ,1 ,0 ,0 ,0 ,0 ,0 ,0 
경북,영덕군,의료,남자,70-74세,0 ,0 ,0 ,0 ,0 ,0 ,0 ,0 ,0 ,0 
경북,영덕군,의료,남자,75-79세,2 ,0 ,0 ,0 ,1 ,0 ,0 ,0 ,0 ,0 
경북,영덕군,의료,남자,80-84세,2 ,0 ,0 ,1 ,1 ,0 ,0 ,0 ,0 ,0 
경북,영덕군,의료,남자,85세이상,2 ,0 ,0 ,0 ,1 ,0 ,0 ,1 ,0 ,0 
경북,영덕군,의료,여자,65세미만,0 ,0 ,0 ,0 ,0 ,0 ,0 ,0 ,0 ,0 
경북,영덕군,의료,여자,65-69세,0 ,0 ,0 ,0 ,0 ,0 ,0 ,0 ,0 ,0 
경북,영덕군,의료,여자,70-74세,3 ,1 ,0 ,0 ,0 ,0 ,0 ,0 ,0 ,0 
경북,영덕군,의료,여자,75-79세,2 ,0 ,0 ,1 ,0 ,1 ,0 ,0 ,0 ,0 
경북,영덕군,의료,여자,80-84세,5 ,0 ,0 ,0 ,3 ,1 ,0 ,0 ,0 ,0 
경북,영덕군,의료,여자,85세이상,16 ,0 ,1 ,3 ,5 ,1 ,0 ,0 ,1 ,0 
경북,영덕군,감경,남자,65세미만,3 ,0 ,0 ,1 ,1 ,0 ,0 ,0 ,0 ,0 
경북,영덕군,감경,남자,65-69세,11 ,0 ,0 ,4 ,5 ,1 ,0 ,0 ,0 ,0 
경북,영덕군,감경,남자,70-74세,27 ,2 ,1 ,4 ,16 ,3 ,0 ,0 ,0 ,1 
경북,영덕군,감경,남자,75-79세,31 ,1 ,3 ,9 ,14 ,1 ,1 ,0 ,0 ,0 
경북,영덕군,감경,남자,80-84세,67 ,1 ,5 ,14 ,33 ,11 ,0 ,0 ,0 ,0 
경북,영덕군,감경,남자,85세이상,105 ,2 ,7 ,28 ,52 ,14 ,0 ,0 ,1 ,0 
경북,영덕군,감경,여자,65세미만,3 ,1 ,0 ,0 ,2 ,0 ,0 ,0 ,0 ,0 
경북,영덕군,감경,여자,65-69세,19 ,0 ,0 ,5 ,6 ,0 ,2 ,2 ,1 ,0 
경북,영덕군,감경,여자,70-74세,48 ,1 ,1 ,9 ,24 ,6 ,1 ,2 ,1 ,0 
경북,영덕군,감경,여자,75-79세,93 ,0 ,4 ,13 ,47 ,15 ,1 ,1 ,0 ,0 
경북,영덕군,감경,여자,80-84세,325 ,1 ,19 ,80 ,171 ,30 ,6 ,3 ,0 ,0 
경북,영덕군,감경,여자,85세이상,423 ,14 ,25 ,89 ,231 ,45 ,3 ,0 ,1 ,0 
경북,청도군,일반,남자,65세미만,13 ,0 ,0 ,0 ,4 ,2 ,0 ,3 ,0 ,0 
경북,청도군,일반,남자,65-69세,31 ,0 ,3 ,4 ,7 ,2 ,0 ,3 ,2 ,4 
경북,청도군,일반,남자,70-74세,62 ,2 ,0 ,13 ,12 ,5 ,1 ,6 ,5 ,3 
경북,청도군,일반,남자,75-79세,87 ,0 ,2 ,6 ,25 ,16 ,1 ,7 ,9 ,3 
경북,청도군,일반,남자,80-84세,118 ,3 ,4 ,13 ,36 ,28 ,2 ,6 ,6 ,1 
경북,청도군,일반,남자,85세이상,137 ,1 ,5 ,10 ,60 ,26 ,4 ,5 ,4 ,1 
경북,청도군,일반,여자,65세미만,7 ,0 ,1 ,1 ,2 ,1 ,0 ,2 ,0 ,0 
경북,청도군,일반,여자,65-69세,41 ,0 ,1 ,0 ,7 ,1 ,0 ,12 ,5 ,2 
경북,청도군,일반,여자,70-74세,96 ,0 ,2 ,8 ,15 ,9 ,1 ,19 ,11 ,1 
경북,청도군,일반,여자,75-79세,164 ,1 ,2 ,15 ,44 ,17 ,3 ,23 ,17 ,2 
경북,청도군,일반,여자,80-84세,316 ,0 ,6 ,36 ,101 ,73 ,7 ,18 ,21 ,2 
경북,청도군,일반,여자,85세이상,361 ,5 ,15 ,66 ,143 ,71 ,3 ,11 ,11 ,0 
경북,청도군,기초,남자,65세미만,20 ,0 ,2 ,2 ,3 ,2 ,0 ,2 ,0 ,2 
경북,청도군,기초,남자,65-69세,31 ,2 ,2 ,5 ,6 ,2 ,2 ,2 ,2 ,3 
경북,청도군,기초,남자,70-74세,25 ,0 ,0 ,4 ,8 ,4 ,0 ,4 ,2 ,1 
경북,청도군,기초,남자,75-79세,12 ,0 ,1 ,3 ,4 ,0 ,1 ,0 ,1 ,1 
경북,청도군,기초,남자,80-84세,9 ,0 ,0 ,1 ,4 ,2 ,2 ,0 ,0 ,0 
경북,청도군,기초,남자,85세이상,10 ,0 ,1 ,3 ,4 ,2 ,0 ,0 ,0 ,0 
경북,청도군,기초,여자,65세미만,10 ,2 ,0 ,0 ,3 ,1 ,0 ,0 ,0 ,3 
경북,청도군,기초,여자,65-69세,31 ,0 ,1 ,4 ,12 ,2 ,0 ,6 ,1 ,2 
경북,청도군,기초,여자,70-74세,23 ,0 ,0 ,2 ,12 ,3 ,2 ,0 ,2 ,0 
경북,청도군,기초,여자,75-79세,38 ,0 ,1 ,2 ,10 ,7 ,5 ,1 ,1 ,3 
경북,청도군,기초,여자,80-84세,52 ,1 ,5 ,11 ,14 ,13 ,3 ,0 ,2 ,2 
경북,청도군,기초,여자,85세이상,106 ,4 ,7 ,18 ,41 ,26 ,1 ,2 ,3 ,0 
경북,청도군,의료,남자,65-69세,2 ,1 ,0 ,0 ,0 ,0 ,0 ,1 ,0 ,0 
경북,청도군,의료,남자,75-79세,1 ,1 ,0 ,0 ,0 ,0 ,0 ,0 ,0 ,0 
경북,청도군,의료,남자,80-84세,0 ,0 ,0 ,0 ,0 ,0 ,0 ,0 ,0 ,0 
경북,청도군,의료,남자,85세이상,3 ,0 ,0 ,2 ,0 ,1 ,0 ,0 ,0 ,0 
경북,청도군,의료,여자,65-69세,0 ,0 ,0 ,0 ,0 ,0 ,0 ,0 ,0 ,0 
경북,청도군,의료,여자,70-74세,1 ,0 ,0 ,0 ,0 ,1 ,0 ,0 ,0 ,0 
경북,청도군,의료,여자,75-79세,1 ,0 ,0 ,0 ,1 ,0 ,0 ,0 ,0 ,0 
경북,청도군,의료,여자,80-84세,8 ,0 ,0 ,0 ,5 ,2 ,0 ,0 ,1 ,0 
경북,청도군,의료,여자,85세이상,25 ,1 ,2 ,7 ,7 ,5 ,0 ,0 ,1 ,0 
경북,청도군,감경,남자,65세미만,7 ,0 ,0 ,3 ,1 ,0 ,1 ,0 ,0 ,0 
경북,청도군,감경,남자,65-69세,19 ,0 ,3 ,4 ,10 ,0 ,1 ,0 ,0 ,0 
경북,청도군,감경,남자,70-74세,33 ,1 ,4 ,5 ,14 ,5 ,0 ,0 ,1 ,0 
경북,청도군,감경,남자,75-79세,41 ,0 ,3 ,12 ,16 ,5 ,4 ,0 ,0 ,0 
경북,청도군,감경,남자,80-84세,71 ,0 ,3 ,13 ,34 ,19 ,2 ,0 ,0 ,0 
경북,청도군,감경,남자,85세이상,114 ,1 ,6 ,19 ,52 ,33 ,1 ,0 ,0 ,0 
경북,청도군,감경,여자,65세미만,3 ,0 ,0 ,1 ,2 ,0 ,0 ,0 ,0 ,0 
경북,청도군,감경,여자,65-69세,18 ,2 ,0 ,0 ,7 ,4 ,1 ,1 ,0 ,1 
경북,청도군,감경,여자,70-74세,40 ,0 ,0 ,6 ,22 ,5 ,3 ,0 ,2 ,0 
경북,청도군,감경,여자,75-79세,91 ,0 ,4 ,20 ,32 ,23 ,6 ,0 ,1 ,0 
경북,청도군,감경,여자,80-84세,242 ,3 ,9 ,39 ,111 ,70 ,3 ,0 ,0 ,0 
경북,청도군,감경,여자,85세이상,504 ,5 ,45 ,100 ,232 ,106 ,7 ,2 ,0 ,0 
경북,고령군,일반,남자,65세미만,7 ,0 ,0 ,3 ,2 ,1 ,0 ,0 ,0 ,0 
경북,고령군,일반,남자,65-69세,19 ,0 ,0 ,4 ,4 ,0 ,0 ,1 ,1 ,2 
경북,고령군,일반,남자,70-74세,16 ,0 ,0 ,1 ,3 ,1 ,2 ,4 ,1 ,1 
경북,고령군,일반,남자,75-79세,35 ,0 ,0 ,2 ,15 ,4 ,0 ,3 ,2 ,2 
경북,고령군,일반,남자,80-84세,50 ,0 ,1 ,8 ,12 ,4 ,1 ,3 ,2 ,2 
경북,고령군,일반,남자,85세이상,60 ,0 ,2 ,10 ,25 ,6 ,1 ,3 ,1 ,1 
경북,고령군,일반,여자,65세미만,6 ,0 ,0 ,1 ,0 ,0 ,0 ,3 ,0 ,1 
경북,고령군,일반,여자,65-69세,26 ,1 ,1 ,1 ,1 ,1 ,1 ,5 ,3 ,4 
경북,고령군,일반,여자,70-74세,49 ,1 ,2 ,2 ,12 ,2 ,0 ,6 ,5 ,2 
경북,고령군,일반,여자,75-79세,76 ,2 ,3 ,9 ,14 ,6 ,0 ,11 ,7 ,0 
경북,고령군,일반,여자,80-84세,154 ,1 ,4 ,23 ,53 ,25 ,3 ,10 ,3 ,0 
경북,고령군,일반,여자,85세이상,192 ,3 ,11 ,45 ,75 ,23 ,1 ,2 ,4 ,1 
경북,고령군,기초,남자,65세미만,12 ,0 ,0 ,0 ,1 ,4 ,0 ,3 ,1 ,2 
경북,고령군,기초,남자,65-69세,10 ,0 ,0 ,1 ,1 ,5 ,0 ,0 ,1 ,1 
경북,고령군,기초,남자,70-74세,14 ,0 ,0 ,2 ,3 ,1 ,0 ,3 ,0 ,0 
경북,고령군,기초,남자,75-79세,9 ,0 ,0 ,1 ,5 ,1 ,0 ,0 ,1 ,0 
경북,고령군,기초,남자,80-84세,8 ,0 ,0 ,1 ,2 ,0 ,1 ,0 ,1 ,0 
경북,고령군,기초,남자,85세이상,10 ,0 ,1 ,3 ,4 ,1 ,0 ,0 ,1 ,0 
경북,고령군,기초,여자,65세미만,6 ,0 ,1 ,0 ,1 ,1 ,0 ,0 ,3 ,0 
경북,고령군,기초,여자,65-69세,11 ,0 ,0 ,1 ,5 ,0 ,0 ,1 ,1 ,0 
경북,고령군,기초,여자,70-74세,22 ,1 ,1 ,1 ,5 ,3 ,0 ,3 ,3 ,2 
경북,고령군,기초,여자,75-79세,23 ,2 ,0 ,3 ,9 ,3 ,0 ,1 ,0 ,1 
경북,고령군,기초,여자,80-84세,48 ,2 ,2 ,11 ,15 ,5 ,2 ,3 ,0 ,1 
경북,고령군,기초,여자,85세이상,46 ,2 ,3 ,11 ,19 ,3 ,1 ,1 ,2 ,0 
경북,고령군,의료,남자,70-74세,0 ,0 ,0 ,0 ,0 ,0 ,0 ,0 ,0 ,0 
경북,고령군,의료,남자,75-79세,1 ,0 ,0 ,0 ,1 ,0 ,0 ,0 ,0 ,0 
경북,고령군,의료,남자,85세이상,2 ,0 ,1 ,0 ,1 ,0 ,0 ,0 ,0 ,0 
경북,고령군,의료,여자,65-69세,0 ,0 ,0 ,0 ,0 ,0 ,0 ,0 ,0 ,0 
경북,고령군,의료,여자,70-74세,2 ,0 ,1 ,0 ,0 ,1 ,0 ,0 ,0 ,0 
경북,고령군,의료,여자,75-79세,2 ,0 ,0 ,0 ,0 ,1 ,0 ,0 ,1 ,0 
경북,고령군,의료,여자,80-84세,6 ,0 ,0 ,1 ,5 ,0 ,0 ,0 ,0 ,0 
경북,고령군,의료,여자,85세이상,18 ,1 ,1 ,8 ,4 ,2 ,0 ,0 ,0 ,0 
경북,고령군,감경,남자,65세미만,10 ,1 ,1 ,1 ,6 ,0 ,0 ,0 ,0 ,1 
경북,고령군,감경,남자,65-69세,6 ,0 ,2 ,1 ,3 ,0 ,0 ,0 ,0 ,0 
경북,고령군,감경,남자,70-74세,9 ,0 ,1 ,4 ,3 ,1 ,0 ,0 ,0 ,0 
경북,고령군,감경,남자,75-79세,24 ,0 ,1 ,6 ,8 ,4 ,1 ,1 ,0 ,0 
경북,고령군,감경,남자,80-84세,33 ,1 ,3 ,7 ,15 ,5 ,2 ,0 ,0 ,0 
경북,고령군,감경,남자,85세이상,54 ,0 ,2 ,10 ,28 ,11 ,3 ,0 ,0 ,0 
경북,고령군,감경,여자,65세미만,2 ,0 ,1 ,0 ,1 ,0 ,0 ,0 ,0 ,0 
경북,고령군,감경,여자,65-69세,8 ,0 ,0 ,1 ,5 ,1 ,0 ,0 ,0 ,0 
경북,고령군,감경,여자,70-74세,31 ,0 ,1 ,5 ,15 ,0 ,1 ,1 ,1 ,0 
경북,고령군,감경,여자,75-79세,64 ,2 ,1 ,18 ,28 ,7 ,2 ,0 ,1 ,0 
경북,고령군,감경,여자,80-84세,143 ,3 ,4 ,29 ,69 ,23 ,1 ,3 ,0 ,0 
경북,고령군,감경,여자,85세이상,246 ,6 ,15 ,48 ,134 ,31 ,2 ,1 ,0 ,0 
경북,성주군,일반,남자,65세미만,13 ,2 ,2 ,0 ,0 ,0 ,0 ,3 ,1 ,2 
경북,성주군,일반,남자,65-69세,28 ,1 ,2 ,3 ,5 ,0 ,0 ,3 ,3 ,1 
경북,성주군,일반,남자,70-74세,49 ,1 ,0 ,6 ,15 ,2 ,1 ,9 ,3 ,2 
경북,성주군,일반,남자,75-79세,70 ,0 ,1 ,10 ,22 ,8 ,1 ,5 ,5 ,1 
경북,성주군,일반,남자,80-84세,94 ,1 ,5 ,19 ,29 ,20 ,1 ,6 ,6 ,0 
경북,성주군,일반,남자,85세이상,90 ,0 ,7 ,13 ,38 ,7 ,0 ,5 ,2 ,2 
경북,성주군,일반,여자,65세미만,8 ,0 ,0 ,1 ,0 ,1 ,1 ,1 ,1 ,0 
경북,성주군,일반,여자,65-69세,31 ,0 ,1 ,4 ,3 ,1 ,1 ,7 ,4 ,1 
경북,성주군,일반,여자,70-74세,73 ,2 ,2 ,4 ,12 ,4 ,3 ,17 ,7 ,2 
경북,성주군,일반,여자,75-79세,112 ,2 ,5 ,12 ,28 ,10 ,1 ,18 ,7 ,2 
경북,성주군,일반,여자,80-84세,221 ,2 ,4 ,34 ,69 ,26 ,4 ,19 ,16 ,1 
경북,성주군,일반,여자,85세이상,260 ,3 ,14 ,44 ,101 ,31 ,1 ,18 ,8 ,1 
경북,성주군,기초,남자,65세미만,15 ,0 ,0 ,6 ,2 ,0 ,0 ,2 ,1 ,3 
경북,성주군,기초,남자,65-69세,27 ,1 ,4 ,1 ,9 ,2 ,1 ,2 ,2 ,0 
경북,성주군,기초,남자,70-74세,16 ,0 ,2 ,2 ,7 ,2 ,0 ,0 ,0 ,0 
경북,성주군,기초,남자,75-79세,12 ,0 ,0 ,3 ,4 ,1 ,0 ,0 ,3 ,0 
경북,성주군,기초,남자,80-84세,16 ,0 ,1 ,4 ,8 ,3 ,0 ,0 ,0 ,0 
경북,성주군,기초,남자,85세이상,8 ,1 ,1 ,2 ,3 ,0 ,0 ,0 ,0 ,0 
경북,성주군,기초,여자,65세미만,13 ,0 ,1 ,2 ,5 ,0 ,0 ,1 ,1 ,1 
경북,성주군,기초,여자,65-69세,14 ,0 ,0 ,2 ,5 ,2 ,0 ,1 ,1 ,0 
경북,성주군,기초,여자,70-74세,33 ,0 ,1 ,4 ,14 ,5 ,2 ,1 ,0 ,0 
경북,성주군,기초,여자,75-79세,33 ,1 ,1 ,3 ,16 ,5 ,1 ,1 ,0 ,0 
경북,성주군,기초,여자,80-84세,57 ,0 ,3 ,12 ,16 ,12 ,1 ,2 ,2 ,0 
경북,성주군,기초,여자,85세이상,91 ,4 ,5 ,21 ,42 ,9 ,0 ,2 ,2 ,0 
경북,성주군,의료,남자,75-79세,1 ,0 ,0 ,1 ,0 ,0 ,0 ,0 ,0 ,0 
경북,성주군,의료,여자,65-69세,0 ,0 ,0 ,0 ,0 ,0 ,0 ,0 ,0 ,0 
경북,성주군,의료,여자,70-74세,1 ,0 ,0 ,0 ,0 ,0 ,1 ,0 ,0 ,0 
경북,성주군,의료,여자,75-79세,0 ,0 ,0 ,0 ,0 ,0 ,0 ,0 ,0 ,0 
경북,성주군,의료,여자,80-84세,1 ,0 ,0 ,0 ,1 ,0 ,0 ,0 ,0 ,0 
경북,성주군,의료,여자,85세이상,7 ,0 ,0 ,2 ,3 ,1 ,0 ,0 ,0 ,0 
경북,성주군,감경,남자,65세미만,8 ,0 ,2 ,4 ,2 ,0 ,0 ,0 ,0 ,0 
경북,성주군,감경,남자,65-69세,16 ,0 ,1 ,4 ,10 ,0 ,0 ,0 ,0 ,0 
경북,성주군,감경,남자,70-74세,40 ,2 ,3 ,12 ,16 ,4 ,0 ,0 ,0 ,0 
경북,성주군,감경,남자,75-79세,34 ,0 ,0 ,13 ,14 ,3 ,2 ,1 ,0 ,0 
경북,성주군,감경,남자,80-84세,81 ,1 ,4 ,18 ,42 ,10 ,1 ,1 ,0 ,0 
경북,성주군,감경,남자,85세이상,72 ,1 ,5 ,21 ,32 ,9 ,2 ,0 ,1 ,0 
경북,성주군,감경,여자,65세미만,1 ,0 ,0 ,1 ,0 ,0 ,0 ,0 ,0 ,0 
경북,성주군,감경,여자,65-69세,13 ,1 ,0 ,1 ,8 ,0 ,0 ,1 ,0 ,0 
경북,성주군,감경,여자,70-74세,45 ,1 ,3 ,11 ,18 ,7 ,1 ,0 ,1 ,0 
경북,성주군,감경,여자,75-79세,77 ,3 ,7 ,16 ,30 ,9 ,2 ,1 ,2 ,0 
경북,성주군,감경,여자,80-84세,226 ,4 ,14 ,45 ,113 ,37 ,4 ,2 ,1 ,0 
경북,성주군,감경,여자,85세이상,386 ,17 ,38 ,93 ,165 ,48 ,2 ,4 ,1 ,0 
경북,칠곡군,일반,남자,65세미만,21 ,3 ,0 ,2 ,3 ,2 ,0 ,4 ,2 ,1 
경북,칠곡군,일반,남자,65-69세,37 ,2 ,1 ,6 ,6 ,5 ,0 ,4 ,1 ,0 
경북,칠곡군,일반,남자,70-74세,45 ,1 ,2 ,7 ,12 ,6 ,1 ,5 ,3 ,0 
경북,칠곡군,일반,남자,75-79세,63 ,1 ,3 ,10 ,18 ,8 ,1 ,3 ,5 ,1 
경북,칠곡군,일반,남자,80-84세,106 ,2 ,5 ,3 ,35 ,22 ,4 ,9 ,3 ,0 
경북,칠곡군,일반,남자,85세이상,137 ,2 ,5 ,19 ,61 ,24 ,0 ,5 ,1 ,2 
경북,칠곡군,일반,여자,65세미만,16 ,0 ,0 ,4 ,3 ,1 ,0 ,0 ,5 ,1 
경북,칠곡군,일반,여자,65-69세,56 ,0 ,2 ,5 ,5 ,4 ,2 ,10 ,2 ,2 
경북,칠곡군,일반,여자,70-74세,69 ,2 ,3 ,6 ,13 ,8 ,4 ,6 ,3 ,4 
경북,칠곡군,일반,여자,75-79세,180 ,3 ,6 ,19 ,39 ,29 ,5 ,19 ,7 ,1 
경북,칠곡군,일반,여자,80-84세,336 ,3 ,10 ,54 ,97 ,61 ,8 ,37 ,7 ,0 
경북,칠곡군,일반,여자,85세이상,406 ,8 ,26 ,89 ,151 ,52 ,1 ,23 ,7 ,0 
경북,칠곡군,기초,남자,65세미만,37 ,1 ,2 ,5 ,13 ,2 ,1 ,3 ,3 ,2 
경북,칠곡군,기초,남자,65-69세,40 ,1 ,2 ,9 ,10 ,6 ,1 ,3 ,3 ,1 
경북,칠곡군,기초,남자,70-74세,24 ,1 ,2 ,2 ,8 ,3 ,2 ,2 ,0 ,1 
경북,칠곡군,기초,남자,75-79세,22 ,0 ,0 ,4 ,8 ,5 ,1 ,0 ,1 ,1 
경북,칠곡군,기초,남자,80-84세,24 ,0 ,1 ,3 ,15 ,5 ,0 ,0 ,0 ,0 
경북,칠곡군,기초,남자,85세이상,23 ,0 ,1 ,4 ,7 ,8 ,1 ,1 ,0 ,0 
경북,칠곡군,기초,여자,65세미만,15 ,1 ,1 ,5 ,5 ,1 ,0 ,0 ,1 ,1 
경북,칠곡군,기초,여자,65-69세,47 ,1 ,1 ,7 ,10 ,5 ,1 ,3 ,3 ,3 
경북,칠곡군,기초,여자,70-74세,53 ,0 ,1 ,4 ,22 ,8 ,2 ,1 ,7 ,1 
경북,칠곡군,기초,여자,75-79세,83 ,4 ,7 ,13 ,20 ,14 ,1 ,4 ,9 ,2 
경북,칠곡군,기초,여자,80-84세,86 ,2 ,7 ,17 ,25 ,17 ,2 ,6 ,3 ,0 
경북,칠곡군,기초,여자,85세이상,129 ,2 ,11 ,32 ,55 ,14 ,1 ,2 ,1 ,0 
경북,칠곡군,의료,남자,65세미만,0 ,0 ,0 ,0 ,0 ,0 ,0 ,0 ,0 ,0 
경북,칠곡군,의료,남자,65-69세,0 ,0 ,0 ,0 ,0 ,0 ,0 ,0 ,0 ,0 
경북,칠곡군,의료,남자,70-74세,1 ,1 ,0 ,0 ,0 ,0 ,0 ,0 ,0 ,0 
경북,칠곡군,의료,남자,75-79세,0 ,0 ,0 ,0 ,0 ,0 ,0 ,0 ,0 ,0 
경북,칠곡군,의료,남자,80-84세,1 ,0 ,0 ,0 ,0 ,0 ,0 ,0 ,1 ,0 
경북,칠곡군,의료,남자,85세이상,4 ,0 ,0 ,1 ,2 ,1 ,0 ,0 ,0 ,0 
경북,칠곡군,의료,여자,70-74세,0 ,0 ,0 ,0 ,0 ,0 ,0 ,0 ,0 ,0 
경북,칠곡군,의료,여자,75-79세,7 ,0 ,0 ,1 ,2 ,0 ,0 ,0 ,0 ,0 
경북,칠곡군,의료,여자,80-84세,10 ,0 ,0 ,0 ,3 ,3 ,0 ,1 ,0 ,0 
경북,칠곡군,의료,여자,85세이상,17 ,0 ,3 ,3 ,5 ,3 ,0 ,0 ,0 ,0 
경북,칠곡군,감경,남자,65세미만,18 ,2 ,2 ,4 ,7 ,0 ,1 ,0 ,0 ,0 
경북,칠곡군,감경,남자,65-69세,26 ,1 ,1 ,8 ,10 ,3 ,0 ,1 ,0 ,0 
경북,칠곡군,감경,남자,70-74세,39 ,2 ,4 ,11 ,12 ,6 ,2 ,0 ,0 ,0 
경북,칠곡군,감경,남자,75-79세,41 ,0 ,3 ,11 ,15 ,8 ,3 ,0 ,0 ,0 
경북,칠곡군,감경,남자,80-84세,86 ,1 ,3 ,22 ,32 ,21 ,4 ,0 ,0 ,0 
경북,칠곡군,감경,남자,85세이상,108 ,2 ,6 ,22 ,51 ,23 ,2 ,0 ,0 ,0 
경북,칠곡군,감경,여자,65세미만,10 ,3 ,0 ,0 ,3 ,2 ,0 ,0 ,0 ,0 
경북,칠곡군,감경,여자,65-69세,27 ,0 ,2 ,4 ,10 ,5 ,2 ,1 ,0 ,0 
경북,칠곡군,감경,여자,70-74세,48 ,2 ,5 ,10 ,14 ,13 ,2 ,0 ,0 ,0 
경북,칠곡군,감경,여자,75-79세,132 ,5 ,13 ,24 ,51 ,30 ,2 ,0 ,0 ,0 
경북,칠곡군,감경,여자,80-84세,316 ,6 ,22 ,62 ,125 ,80 ,11 ,0 ,0 ,0 
경북,칠곡군,감경,여자,85세이상,457 ,14 ,43 ,112 ,211 ,67 ,4 ,1 ,0 ,0 
경북,예천군,일반,남자,65세미만,18 ,0 ,0 ,2 ,3 ,0 ,0 ,3 ,3 ,0 
경북,예천군,일반,남자,65-69세,31 ,2 ,0 ,2 ,3 ,3 ,1 ,4 ,5 ,1 
경북,예천군,일반,남자,70-74세,59 ,0 ,1 ,5 ,19 ,7 ,1 ,7 ,6 ,0 
경북,예천군,일반,남자,75-79세,72 ,0 ,3 ,6 ,12 ,9 ,5 ,9 ,7 ,3 
경북,예천군,일반,남자,80-84세,124 ,1 ,3 ,13 ,35 ,23 ,9 ,12 ,10 ,2 
경북,예천군,일반,남자,85세이상,144 ,1 ,6 ,20 ,51 ,32 ,3 ,4 ,5 ,1 
경북,예천군,일반,여자,65세미만,11 ,1 ,1 ,2 ,1 ,0 ,0 ,4 ,1 ,0 
경북,예천군,일반,여자,65-69세,44 ,0 ,3 ,6 ,8 ,0 ,1 ,6 ,4 ,1 
경북,예천군,일반,여자,70-74세,91 ,2 ,2 ,7 ,20 ,8 ,1 ,10 ,8 ,5 
경북,예천군,일반,여자,75-79세,184 ,1 ,3 ,14 ,45 ,27 ,5 ,22 ,21 ,3 
경북,예천군,일반,여자,80-84세,297 ,5 ,7 ,36 ,90 ,42 ,10 ,26 ,21 ,4 
경북,예천군,일반,여자,85세이상,396 ,8 ,17 ,58 ,146 ,72 ,11 ,16 ,17 ,2 
경북,예천군,기초,남자,65세미만,21 ,1 ,0 ,5 ,4 ,0 ,0 ,3 ,3 ,2 
경북,예천군,기초,남자,65-69세,17 ,0 ,1 ,1 ,6 ,0 ,3 ,2 ,1 ,2 
경북,예천군,기초,남자,70-74세,16 ,0 ,0 ,1 ,7 ,1 ,2 ,2 ,1 ,0 
경북,예천군,기초,남자,75-79세,17 ,1 ,0 ,2 ,7 ,2 ,0 ,1 ,0 ,2 
경북,예천군,기초,남자,80-84세,13 ,0 ,1 ,2 ,3 ,6 ,0 ,1 ,0 ,0 
경북,예천군,기초,남자,85세이상,8 ,0 ,1 ,0 ,2 ,2 ,0 ,0 ,1 ,0 
경북,예천군,기초,여자,65세미만,12 ,1 ,1 ,5 ,0 ,1 ,0 ,0 ,0 ,0 
경북,예천군,기초,여자,65-69세,16 ,1 ,0 ,6 ,2 ,0 ,0 ,1 ,2 ,2 
경북,예천군,기초,여자,70-74세,28 ,0 ,1 ,2 ,10 ,3 ,0 ,3 ,3 ,0 
경북,예천군,기초,여자,75-79세,27 ,0 ,0 ,6 ,8 ,4 ,0 ,2 ,2 ,1 
경북,예천군,기초,여자,80-84세,51 ,1 ,2 ,13 ,16 ,5 ,4 ,1 ,1 ,1 
경북,예천군,기초,여자,85세이상,78 ,1 ,3 ,16 ,28 ,11 ,1 ,5 ,4 ,0 
경북,예천군,의료,남자,70-74세,0 ,0 ,0 ,0 ,0 ,0 ,0 ,0 ,0 ,0 
경북,예천군,의료,남자,80-84세,1 ,0 ,0 ,0 ,0 ,1 ,0 ,0 ,0 ,0 
경북,예천군,의료,남자,85세이상,2 ,0 ,0 ,0 ,2 ,0 ,0 ,0 ,0 ,0 
경북,예천군,의료,여자,70-74세,0 ,0 ,0 ,0 ,0 ,0 ,0 ,0 ,0 ,0 
경북,예천군,의료,여자,75-79세,1 ,0 ,1 ,0 ,0 ,0 ,0 ,0 ,0 ,0 
경북,예천군,의료,여자,80-84세,1 ,0 ,0 ,0 ,0 ,0 ,1 ,0 ,0 ,0 
경북,예천군,의료,여자,85세이상,16 ,1 ,1 ,4 ,8 ,1 ,0 ,0 ,0 ,0 
경북,예천군,감경,남자,65세미만,10 ,1 ,0 ,4 ,1 ,0 ,1 ,0 ,1 ,0 
경북,예천군,감경,남자,65-69세,11 ,1 ,1 ,2 ,5 ,2 ,0 ,0 ,0 ,0 
경북,예천군,감경,남자,70-74세,37 ,4 ,0 ,9 ,16 ,3 ,1 ,1 ,0 ,0 
경북,예천군,감경,남자,75-79세,32 ,2 ,1 ,8 ,9 ,8 ,1 ,0 ,0 ,0 
경북,예천군,감경,남자,80-84세,86 ,2 ,4 ,15 ,31 ,24 ,8 ,0 ,0 ,0 
경북,예천군,감경,남자,85세이상,108 ,1 ,8 ,16 ,51 ,26 ,6 ,0 ,0 ,0 
경북,예천군,감경,여자,65세미만,8 ,2 ,0 ,2 ,2 ,1 ,0 ,0 ,0 ,0 
경북,예천군,감경,여자,65-69세,22 ,2 ,0 ,6 ,7 ,3 ,0 ,0 ,0 ,0 
경북,예천군,감경,여자,70-74세,55 ,3 ,3 ,10 ,22 ,6 ,6 ,0 ,1 ,0 
경북,예천군,감경,여자,75-79세,94 ,2 ,2 ,12 ,47 ,13 ,6 ,0 ,2 ,0 
경북,예천군,감경,여자,80-84세,283 ,11 ,12 ,42 ,118 ,72 ,13 ,1 ,1 ,0 
경북,예천군,감경,여자,85세이상,541 ,12 ,36 ,101 ,252 ,110 ,16 ,2 ,0 ,0 
경북,봉화군,일반,남자,65세미만,6 ,0 ,0 ,1 ,0 ,0 ,0 ,2 ,0 ,2 
경북,봉화군,일반,남자,65-69세,9 ,0 ,0 ,1 ,1 ,1 ,1 ,2 ,0 ,0 
경북,봉화군,일반,남자,70-74세,20 ,0 ,0 ,0 ,4 ,2 ,0 ,1 ,4 ,2 
경북,봉화군,일반,남자,75-79세,16 ,0 ,0 ,3 ,3 ,2 ,1 ,1 ,0 ,1 
경북,봉화군,일반,남자,80-84세,47 ,0 ,1 ,5 ,7 ,9 ,3 ,9 ,1 ,4 
경북,봉화군,일반,남자,85세이상,78 ,0 ,2 ,12 ,19 ,16 ,4 ,5 ,6 ,0 
경북,봉화군,일반,여자,65세미만,4 ,0 ,0 ,1 ,0 ,0 ,0 ,1 ,0 ,1 
경북,봉화군,일반,여자,65-69세,19 ,1 ,1 ,1 ,1 ,2 ,1 ,2 ,3 ,0 
경북,봉화군,일반,여자,70-74세,44 ,0 ,0 ,6 ,10 ,5 ,4 ,3 ,8 ,2 
경북,봉화군,일반,여자,75-79세,83 ,1 ,3 ,7 ,21 ,5 ,0 ,11 ,12 ,1 
경북,봉화군,일반,여자,80-84세,151 ,1 ,6 ,18 ,38 ,24 ,4 ,12 ,15 ,3 
경북,봉화군,일반,여자,85세이상,215 ,1 ,5 ,38 ,72 ,37 ,6 ,17 ,11 ,4 
경북,봉화군,기초,남자,65세미만,10 ,0 ,0 ,3 ,3 ,1 ,0 ,1 ,1 ,0 
경북,봉화군,기초,남자,65-69세,8 ,0 ,0 ,2 ,2 ,2 ,0 ,0 ,0 ,1 
경북,봉화군,기초,남자,70-74세,6 ,0 ,0 ,2 ,2 ,1 ,1 ,0 ,0 ,0 
경북,봉화군,기초,남자,75-79세,8 ,0 ,0 ,0 ,3 ,1 ,0 ,1 ,0 ,2 
경북,봉화군,기초,남자,80-84세,11 ,0 ,0 ,3 ,6 ,0 ,1 ,0 ,0 ,0 
경북,봉화군,기초,남자,85세이상,7 ,0 ,0 ,2 ,0 ,2 ,1 ,0 ,1 ,0 
경북,봉화군,기초,여자,65세미만,5 ,0 ,0 ,2 ,1 ,0 ,0 ,1 ,0 ,0 
경북,봉화군,기초,여자,65-69세,8 ,1 ,0 ,1 ,2 ,2 ,0 ,0 ,2 ,0 
경북,봉화군,기초,여자,70-74세,8 ,1 ,0 ,1 ,3 ,1 ,0 ,0 ,0 ,0 
경북,봉화군,기초,여자,75-79세,20 ,0 ,0 ,0 ,9 ,2 ,3 ,1 ,0 ,2 
경북,봉화군,기초,여자,80-84세,23 ,0 ,1 ,4 ,7 ,2 ,2 ,1 ,2 ,1 
경북,봉화군,기초,여자,85세이상,62 ,3 ,2 ,17 ,19 ,10 ,2 ,1 ,1 ,0 
경북,봉화군,의료,남자,75-79세,1 ,0 ,0 ,0 ,0 ,0 ,0 ,0 ,0 ,0 
경북,봉화군,의료,남자,80-84세,0 ,0 ,0 ,0 ,0 ,0 ,0 ,0 ,0 ,0 
경북,봉화군,의료,여자,75-79세,0 ,0 ,0 ,0 ,0 ,0 ,0 ,0 ,0 ,0 
경북,봉화군,의료,여자,80-84세,1 ,0 ,0 ,0 ,0 ,0 ,0 ,0 ,0 ,0 
경북,봉화군,의료,여자,85세이상,8 ,0 ,1 ,0 ,3 ,2 ,1 ,0 ,0 ,0 
경북,봉화군,감경,남자,65세미만,5 ,0 ,0 ,3 ,1 ,0 ,0 ,0 ,0 ,0 
경북,봉화군,감경,남자,65-69세,5 ,0 ,1 ,0 ,2 ,1 ,0 ,0 ,0 ,0 
경북,봉화군,감경,남자,70-74세,12 ,0 ,2 ,3 ,4 ,2 ,0 ,1 ,0 ,0 
경북,봉화군,감경,남자,75-79세,23 ,0 ,0 ,10 ,8 ,3 ,0 ,0 ,0 ,0 
경북,봉화군,감경,남자,80-84세,42 ,0 ,2 ,7 ,14 ,12 ,4 ,0 ,0 ,0 
경북,봉화군,감경,남자,85세이상,62 ,0 ,1 ,17 ,24 ,14 ,6 ,0 ,0 ,0 
경북,봉화군,감경,여자,65세미만,4 ,0 ,1 ,0 ,2 ,1 ,0 ,0 ,0 ,0 
경북,봉화군,감경,여자,65-69세,15 ,1 ,0 ,5 ,4 ,2 ,0 ,0 ,0 ,0 
경북,봉화군,감경,여자,70-74세,14 ,1 ,1 ,5 ,4 ,1 ,2 ,0 ,0 ,0 
경북,봉화군,감경,여자,75-79세,62 ,2 ,5 ,9 ,25 ,8 ,6 ,0 ,0 ,1 
경북,봉화군,감경,여자,80-84세,118 ,1 ,7 ,21 ,48 ,25 ,10 ,0 ,0 ,0 
경북,봉화군,감경,여자,85세이상,222 ,4 ,9 ,64 ,78 ,50 ,8 ,0 ,0 ,0 
경북,울진군,일반,남자,65세미만,7 ,0 ,0 ,0 ,0 ,0 ,0 ,2 ,2 ,0 
경북,울진군,일반,남자,65-69세,30 ,0 ,1 ,0 ,4 ,1 ,1 ,5 ,3 ,2 
경북,울진군,일반,남자,70-74세,40 ,0 ,2 ,10 ,8 ,2 ,0 ,6 ,4 ,0 
경북,울진군,일반,남자,75-79세,52 ,3 ,0 ,5 ,15 ,2 ,0 ,4 ,7 ,1 
경북,울진군,일반,남자,80-84세,85 ,3 ,3 ,14 ,18 ,4 ,1 ,18 ,9 ,4 
경북,울진군,일반,남자,85세이상,96 ,2 ,3 ,22 ,32 ,9 ,0 ,5 ,5 ,0 
경북,울진군,일반,여자,65세미만,6 ,0 ,0 ,4 ,1 ,0 ,0 ,0 ,0 ,0 
경북,울진군,일반,여자,65-69세,29 ,0 ,1 ,3 ,4 ,0 ,2 ,2 ,8 ,0 
경북,울진군,일반,여자,70-74세,80 ,0 ,1 ,6 ,13 ,0 ,0 ,11 ,14 ,2 
경북,울진군,일반,여자,75-79세,117 ,1 ,2 ,13 ,28 ,5 ,4 ,16 ,11 ,0 
경북,울진군,일반,여자,80-84세,239 ,10 ,6 ,33 ,89 ,20 ,3 ,22 ,14 ,1 
경북,울진군,일반,여자,85세이상,263 ,9 ,16 ,53 ,114 ,17 ,2 ,18 ,5 ,0 
경북,울진군,기초,남자,65세미만,28 ,0 ,1 ,7 ,6 ,1 ,0 ,6 ,2 ,1 
경북,울진군,기초,남자,65-69세,41 ,2 ,1 ,5 ,16 ,1 ,2 ,7 ,3 ,0 
경북,울진군,기초,남자,70-74세,36 ,0 ,0 ,2 ,12 ,0 ,0 ,6 ,7 ,1 
경북,울진군,기초,남자,75-79세,19 ,1 ,1 ,1 ,7 ,2 ,0 ,1 ,4 ,0 
경북,울진군,기초,남자,80-84세,28 ,0 ,1 ,7 ,12 ,2 ,0 ,0 ,3 ,0 
경북,울진군,기초,남자,85세이상,13 ,0 ,0 ,4 ,6 ,1 ,1 ,0 ,1 ,0 
경북,울진군,기초,여자,65세미만,12 ,0 ,0 ,2 ,1 ,3 ,0 ,2 ,1 ,0 
경북,울진군,기초,여자,65-69세,27 ,0 ,1 ,3 ,6 ,1 ,0 ,5 ,3 ,0 
경북,울진군,기초,여자,70-74세,42 ,0 ,2 ,6 ,14 ,0 ,0 ,6 ,5 ,1 
경북,울진군,기초,여자,75-79세,53 ,0 ,3 ,2 ,28 ,4 ,0 ,5 ,6 ,0 
경북,울진군,기초,여자,80-84세,76 ,0 ,3 ,15 ,38 ,4 ,0 ,6 ,3 ,0 
경북,울진군,기초,여자,85세이상,110 ,2 ,6 ,27 ,58 ,4 ,1 ,5 ,1 ,0 
경북,울진군,의료,남자,75-79세,3 ,1 ,0 ,0 ,0 ,0 ,0 ,0 ,0 ,0 
경북,울진군,의료,여자,65-69세,0 ,0 ,0 ,0 ,0 ,0 ,0 ,0 ,0 ,0 
경북,울진군,의료,여자,70-74세,2 ,0 ,0 ,0 ,1 ,0 ,0 ,1 ,0 ,0 
경북,울진군,의료,여자,75-79세,0 ,0 ,0 ,0 ,0 ,0 ,0 ,0 ,0 ,0 
경북,울진군,의료,여자,80-84세,4 ,0 ,0 ,1 ,2 ,0 ,0 ,0 ,0 ,0 
경북,울진군,의료,여자,85세이상,11 ,0 ,0 ,3 ,8 ,0 ,0 ,0 ,0 ,0 
경북,울진군,감경,남자,65세미만,6 ,0 ,0 ,3 ,1 ,1 ,0 ,0 ,0 ,0 
경북,울진군,감경,남자,65-69세,17 ,1 ,2 ,2 ,10 ,1 ,0 ,0 ,1 ,0 
경북,울진군,감경,남자,70-74세,37 ,1 ,2 ,10 ,18 ,4 ,0 ,0 ,1 ,0 
경북,울진군,감경,남자,75-79세,30 ,0 ,0 ,8 ,19 ,2 ,0 ,0 ,0 ,0 
경북,울진군,감경,남자,80-84세,73 ,0 ,0 ,19 ,39 ,10 ,1 ,1 ,0 ,0 
경북,울진군,감경,남자,85세이상,115 ,3 ,2 ,27 ,58 ,14 ,1 ,2 ,0 ,0 
경북,울진군,감경,여자,65세미만,10 ,0 ,0 ,3 ,4 ,0 ,0 ,0 ,0 ,0 
경북,울진군,감경,여자,65-69세,24 ,2 ,0 ,9 ,8 ,1 ,0 ,2 ,0 ,0 
경북,울진군,감경,여자,70-74세,58 ,1 ,2 ,10 ,25 ,5 ,0 ,0 ,4 ,0 
경북,울진군,감경,여자,75-79세,102 ,4 ,5 ,21 ,51 ,9 ,0 ,1 ,0 ,0 
경북,울진군,감경,여자,80-84세,290 ,11 ,13 ,67 ,160 ,20 ,1 ,7 ,1 ,1 
경북,울진군,감경,여자,85세이상,530 ,18 ,43 ,136 ,277 ,36 ,3 ,4 ,0 ,0 
경북,울릉군,일반,남자,65세미만,0 ,0 ,0 ,0 ,0 ,0 ,0 ,0 ,0 ,0 
경북,울릉군,일반,남자,65-69세,1 ,0 ,0 ,0 ,0 ,0 ,0 ,0 ,0 ,1 
경북,울릉군,일반,남자,70-74세,2 ,0 ,0 ,0 ,0 ,0 ,0 ,1 ,1 ,0 
경북,울릉군,일반,남자,75-79세,4 ,0 ,0 ,1 ,0 ,1 ,0 ,1 ,0 ,1 
경북,울릉군,일반,남자,80-84세,4 ,1 ,0 ,0 ,0 ,0 ,1 ,0 ,0 ,2 
경북,울릉군,일반,남자,85세이상,7 ,0 ,0 ,3 ,3 ,0 ,0 ,0 ,1 ,0 
경북,울릉군,일반,여자,65세미만,2 ,0 ,0 ,1 ,0 ,0 ,0 ,0 ,0 ,1 
경북,울릉군,일반,여자,65-69세,5 ,0 ,0 ,0 ,0 ,0 ,0 ,0 ,1 ,3 
경북,울릉군,일반,여자,70-74세,5 ,1 ,0 ,1 ,0 ,0 ,0 ,0 ,2 ,1 
경북,울릉군,일반,여자,75-79세,8 ,0 ,0 ,1 ,2 ,1 ,0 ,1 ,0 ,3 
경북,울릉군,일반,여자,80-84세,10 ,0 ,3 ,1 ,1 ,0 ,0 ,2 ,2 ,1 
경북,울릉군,일반,여자,85세이상,28 ,1 ,8 ,2 ,1 ,0 ,1 ,6 ,4 ,2 
경북,울릉군,기초,남자,65세미만,1 ,0 ,0 ,0 ,0 ,0 ,0 ,0 ,0 ,1 
경북,울릉군,기초,남자,65-69세,2 ,1 ,0 ,0 ,0 ,0 ,0 ,0 ,0 ,1 
경북,울릉군,기초,남자,75-79세,0 ,0 ,0 ,0 ,0 ,0 ,0 ,0 ,0 ,0 
경북,울릉군,기초,남자,80-84세,1 ,0 ,0 ,0 ,0 ,0 ,0 ,0 ,0 ,1 
경북,울릉군,기초,남자,85세이상,2 ,1 ,0 ,0 ,1 ,0 ,0 ,0 ,0 ,0 
경북,울릉군,기초,여자,65세미만,2 ,0 ,0 ,0 ,1 ,0 ,0 ,0 ,0 ,0 
경북,울릉군,기초,여자,65-69세,0 ,0 ,0 ,0 ,0 ,0 ,0 ,0 ,0 ,0 
경북,울릉군,기초,여자,70-74세,0 ,0 ,0 ,0 ,0 ,0 ,0 ,0 ,0 ,0 
경북,울릉군,기초,여자,75-79세,4 ,0 ,0 ,0 ,1 ,0 ,0 ,0 ,1 ,2 
경북,울릉군,기초,여자,80-84세,2 ,0 ,0 ,0 ,0 ,0 ,0 ,0 ,1 ,1 
경북,울릉군,기초,여자,85세이상,3 ,1 ,0 ,0 ,1 ,0 ,0 ,0 ,0 ,1 
경북,울릉군,의료,남자,80-84세,0 ,0 ,0 ,0 ,0 ,0 ,0 ,0 ,0 ,0 
경북,울릉군,의료,남자,85세이상,0 ,0 ,0 ,0 ,0 ,0 ,0 ,0 ,0 ,0 
경북,울릉군,감경,남자,65세미만,1 ,0 ,0 ,0 ,0 ,0 ,0 ,0 ,1 ,0 
경북,울릉군,감경,남자,70-74세,0 ,0 ,0 ,0 ,0 ,0 ,0 ,0 ,0 ,0 
경북,울릉군,감경,남자,75-79세,3 ,0 ,0 ,2 ,1 ,0 ,0 ,0 ,0 ,0 
경북,울릉군,감경,남자,80-84세,5 ,0 ,0 ,1 ,4 ,0 ,0 ,0 ,0 ,0 
경북,울릉군,감경,남자,85세이상,6 ,2 ,1 ,1 ,1 ,1 ,0 ,0 ,0 ,0 
경북,울릉군,감경,여자,65-69세,0 ,0 ,0 ,0 ,0 ,0 ,0 ,0 ,0 ,0 
경북,울릉군,감경,여자,70-74세,1 ,0 ,0 ,0 ,0 ,0 ,0 ,0 ,0 ,0 
경북,울릉군,감경,여자,75-79세,4 ,0 ,2 ,0 ,0 ,1 ,0 ,0 ,1 ,0 
경북,울릉군,감경,여자,80-84세,7 ,0 ,2 ,1 ,2 ,0 ,1 ,0 ,0 ,0 
경북,울릉군,감경,여자,85세이상,21 ,2 ,7 ,7 ,3 ,1 ,0 ,0 ,0 ,0 
경남,창원시,일반,남자,65세미만,191 ,7 ,8 ,24 ,33 ,9 ,1 ,41 ,13 ,5 
경남,창원시,일반,남자,65-69세,469 ,23 ,21 ,63 ,108 ,17 ,2 ,66 ,31 ,17 
경남,창원시,일반,남자,70-74세,636 ,20 ,33 ,94 ,195 ,33 ,6 ,72 ,39 ,19 
경남,창원시,일반,남자,75-79세,804 ,23 ,37 ,138 ,258 ,54 ,18 ,66 ,43 ,15 
경남,창원시,일반,남자,80-84세,1006 ,22 ,51 ,141 ,363 ,80 ,17 ,83 ,41 ,21 
경남,창원시,일반,남자,85세이상,897 ,19 ,64 ,171 ,361 ,73 ,15 ,39 ,23 ,10 
경남,창원시,일반,여자,65세미만,186 ,13 ,14 ,31 ,39 ,7 ,2 ,34 ,8 ,10 
경남,창원시,일반,여자,65-69세,564 ,18 ,16 ,70 ,103 ,20 ,8 ,90 ,43 ,12 
경남,창원시,일반,여자,70-74세,999 ,23 ,23 ,108 ,244 ,60 ,15 ,138 ,72 ,12 
경남,창원시,일반,여자,75-79세,1775 ,29 ,62 ,206 ,572 ,143 ,27 ,192 ,86 ,17 
경남,창원시,일반,여자,80-84세,2556 ,55 ,122 ,369 ,1010 ,209 ,29 ,173 ,75 ,13 
경남,창원시,일반,여자,85세이상,2648 ,101 ,241 ,600 ,1044 ,175 ,20 ,88 ,45 ,7 
경남,창원시,기초,남자,65세미만,254 ,10 ,15 ,29 ,76 ,20 ,5 ,31 ,16 ,10 
경남,창원시,기초,남자,65-69세,379 ,6 ,16 ,39 ,120 ,35 ,11 ,34 ,36 ,23 
경남,창원시,기초,남자,70-74세,227 ,2 ,7 ,15 ,87 ,27 ,1 ,13 ,27 ,8 
경남,창원시,기초,남자,75-79세,184 ,2 ,5 ,21 ,67 ,22 ,4 ,16 ,13 ,3 
경남,창원시,기초,남자,80-84세,166 ,7 ,5 ,27 ,63 ,27 ,3 ,6 ,6 ,4 
경남,창원시,기초,남자,85세이상,82 ,2 ,2 ,14 ,39 ,11 ,0 ,3 ,0 ,2 
경남,창원시,기초,여자,65세미만,136 ,3 ,2 ,18 ,41 ,8 ,4 ,19 ,11 ,4 
경남,창원시,기초,여자,65-69세,321 ,7 ,8 ,28 ,99 ,15 ,5 ,47 ,40 ,17 
경남,창원시,기초,여자,70-74세,378 ,6 ,16 ,54 ,135 ,27 ,6 ,40 ,24 ,6 
경남,창원시,기초,여자,75-79세,458 ,12 ,18 ,68 ,177 ,48 ,5 ,31 ,27 ,7 
경남,창원시,기초,여자,80-84세,657 ,20 ,41 ,96 ,283 ,88 ,15 ,23 ,20 ,3 
경남,창원시,기초,여자,85세이상,746 ,38 ,90 ,169 ,314 ,48 ,5 ,13 ,8 ,2 
경남,창원시,의료,남자,65세미만,2 ,0 ,0 ,0 ,0 ,0 ,0 ,1 ,1 ,0 
경남,창원시,의료,남자,65-69세,8 ,1 ,0 ,1 ,2 ,0 ,0 ,1 ,0 ,0 
경남,창원시,의료,남자,70-74세,10 ,1 ,0 ,2 ,4 ,0 ,0 ,2 ,0 ,0 
경남,창원시,의료,남자,75-79세,18 ,0 ,0 ,3 ,7 ,0 ,0 ,1 ,1 ,0 
경남,창원시,의료,남자,80-84세,13 ,1 ,0 ,3 ,3 ,0 ,0 ,0 ,0 ,1 
경남,창원시,의료,남자,85세이상,14 ,0 ,0 ,4 ,9 ,1 ,0 ,0 ,0 ,0 
경남,창원시,의료,여자,65세미만,3 ,1 ,0 ,0 ,2 ,0 ,0 ,0 ,0 ,0 
경남,창원시,의료,여자,65-69세,7 ,0 ,0 ,1 ,3 ,0 ,0 ,1 ,0 ,0 
경남,창원시,의료,여자,70-74세,16 ,0 ,1 ,0 ,5 ,3 ,0 ,2 ,0 ,1 
경남,창원시,의료,여자,75-79세,16 ,1 ,0 ,1 ,4 ,2 ,1 ,0 ,2 ,0 
경남,창원시,의료,여자,80-84세,43 ,3 ,2 ,6 ,19 ,5 ,0 ,0 ,1 ,0 
경남,창원시,의료,여자,85세이상,139 ,6 ,14 ,27 ,66 ,7 ,2 ,1 ,1 ,1 
경남,창원시,감경,남자,65세미만,140 ,15 ,12 ,34 ,52 ,6 ,2 ,3 ,3 ,0 
경남,창원시,감경,남자,65-69세,301 ,11 ,16 ,82 ,140 ,26 ,2 ,2 ,1 ,2 
경남,창원시,감경,남자,70-74세,396 ,9 ,28 ,102 ,189 ,34 ,5 ,8 ,2 ,0 
경남,창원시,감경,남자,75-79세,429 ,10 ,30 ,114 ,197 ,49 ,9 ,4 ,1 ,1 
경남,창원시,감경,남자,80-84세,519 ,13 ,27 ,111 ,280 ,60 ,9 ,1 ,2 ,1 
경남,창원시,감경,남자,85세이상,483 ,10 ,38 ,121 ,244 ,48 ,6 ,1 ,0 ,0 
경남,창원시,감경,여자,65세미만,109 ,10 ,11 ,37 ,27 ,9 ,5 ,4 ,0 ,0 
경남,창원시,감경,여자,65-69세,339 ,26 ,25 ,80 ,134 ,27 ,11 ,10 ,3 ,2 
경남,창원시,감경,여자,70-74세,528 ,18 ,42 ,114 ,238 ,55 ,12 ,4 ,1 ,0 
경남,창원시,감경,여자,75-79세,1038 ,45 ,82 ,222 ,457 ,131 ,17 ,8 ,3 ,1 
경남,창원시,감경,여자,80-84세,1869 ,54 ,168 ,423 ,911 ,198 ,17 ,6 ,3 ,2 
경남,창원시,감경,여자,85세이상,2791 ,133 ,368 ,798 ,1205 ,173 ,21 ,3 ,3 ,0 
경남,진주시,일반,남자,65세미만,56 ,3 ,4 ,3 ,11 ,0 ,0 ,7 ,10 ,2 
경남,진주시,일반,남자,65-69세,172 ,3 ,10 ,23 ,32 ,7 ,0 ,38 ,12 ,3 
경남,진주시,일반,남자,70-74세,277 ,7 ,11 ,41 ,94 ,17 ,5 ,33 ,13 ,8 
경남,진주시,일반,남자,75-79세,357 ,13 ,24 ,65 ,110 ,29 ,3 ,24 ,23 ,7 
경남,진주시,일반,남자,80-84세,488 ,7 ,16 ,89 ,179 ,60 ,10 ,28 ,19 ,11 
경남,진주시,일반,남자,85세이상,427 ,9 ,22 ,77 ,163 ,46 ,6 ,23 ,9 ,6 
경남,진주시,일반,여자,65세미만,67 ,2 ,5 ,13 ,6 ,5 ,0 ,14 ,6 ,2 
경남,진주시,일반,여자,65-69세,211 ,4 ,7 ,19 ,41 ,9 ,3 ,44 ,22 ,7 
경남,진주시,일반,여자,70-74세,404 ,7 ,15 ,52 ,106 ,32 ,6 ,53 ,27 ,10 
경남,진주시,일반,여자,75-79세,761 ,11 ,25 ,97 ,252 ,54 ,18 ,81 ,49 ,11 
경남,진주시,일반,여자,80-84세,1189 ,23 ,57 ,177 ,415 ,147 ,16 ,103 ,79 ,8 
경남,진주시,일반,여자,85세이상,1292 ,45 ,85 ,319 ,508 ,123 ,10 ,42 ,21 ,6 
경남,진주시,기초,남자,65세미만,116 ,6 ,4 ,22 ,35 ,14 ,3 ,12 ,5 ,3 
경남,진주시,기초,남자,65-69세,173 ,7 ,4 ,20 ,54 ,11 ,3 ,23 ,18 ,8 
경남,진주시,기초,남자,70-74세,126 ,0 ,5 ,20 ,48 ,18 ,6 ,4 ,6 ,6 
경남,진주시,기초,남자,75-79세,82 ,1 ,4 ,9 ,32 ,9 ,1 ,8 ,7 ,2 
경남,진주시,기초,남자,80-84세,51 ,1 ,4 ,2 ,20 ,7 ,5 ,1 ,3 ,2 
경남,진주시,기초,남자,85세이상,36 ,1 ,3 ,10 ,12 ,6 ,1 ,0 ,1 ,0 
경남,진주시,기초,여자,65세미만,58 ,2 ,1 ,11 ,20 ,5 ,2 ,4 ,8 ,2 
경남,진주시,기초,여자,65-69세,144 ,3 ,5 ,9 ,49 ,21 ,2 ,10 ,14 ,4 
경남,진주시,기초,여자,70-74세,145 ,2 ,6 ,22 ,50 ,12 ,2 ,16 ,11 ,4 
경남,진주시,기초,여자,75-79세,210 ,4 ,18 ,25 ,75 ,29 ,5 ,10 ,17 ,2 
경남,진주시,기초,여자,80-84세,303 ,11 ,15 ,44 ,137 ,50 ,7 ,10 ,7 ,1 
경남,진주시,기초,여자,85세이상,356 ,19 ,37 ,88 ,147 ,30 ,2 ,3 ,4 ,0 
경남,진주시,의료,남자,65-69세,2 ,0 ,0 ,0 ,1 ,0 ,0 ,0 ,1 ,0 
경남,진주시,의료,남자,70-74세,1 ,0 ,0 ,0 ,0 ,0 ,0 ,0 ,0 ,1 
경남,진주시,의료,남자,75-79세,2 ,0 ,0 ,1 ,1 ,0 ,0 ,0 ,0 ,0 
경남,진주시,의료,남자,80-84세,1 ,0 ,0 ,0 ,1 ,0 ,0 ,0 ,0 ,0 
경남,진주시,의료,남자,85세이상,4 ,0 ,1 ,0 ,2 ,0 ,0 ,0 ,0 ,0 
경남,진주시,의료,여자,65-69세,2 ,0 ,0 ,0 ,0 ,1 ,0 ,1 ,0 ,0 
경남,진주시,의료,여자,70-74세,4 ,0 ,0 ,1 ,2 ,1 ,0 ,0 ,0 ,0 
경남,진주시,의료,여자,75-79세,8 ,0 ,1 ,4 ,2 ,0 ,0 ,1 ,0 ,0 
경남,진주시,의료,여자,80-84세,19 ,0 ,2 ,3 ,7 ,4 ,0 ,0 ,0 ,0 
경남,진주시,의료,여자,85세이상,58 ,4 ,7 ,15 ,22 ,3 ,0 ,0 ,0 ,0 
경남,진주시,감경,남자,65세미만,56 ,2 ,7 ,20 ,18 ,4 ,0 ,0 ,0 ,0 
경남,진주시,감경,남자,65-69세,102 ,7 ,8 ,26 ,40 ,10 ,1 ,0 ,3 ,0 
경남,진주시,감경,남자,70-74세,126 ,5 ,10 ,33 ,50 ,15 ,3 ,1 ,2 ,0 
경남,진주시,감경,남자,75-79세,166 ,4 ,10 ,43 ,70 ,26 ,6 ,0 ,0 ,0 
경남,진주시,감경,남자,80-84세,264 ,7 ,22 ,57 ,122 ,42 ,9 ,0 ,0 ,1 
경남,진주시,감경,남자,85세이상,261 ,8 ,20 ,65 ,129 ,34 ,3 ,0 ,0 ,0 
경남,진주시,감경,여자,65세미만,52 ,6 ,7 ,11 ,16 ,4 ,0 ,2 ,1 ,0 
경남,진주시,감경,여자,65-69세,90 ,6 ,6 ,24 ,32 ,10 ,4 ,0 ,2 ,0 
경남,진주시,감경,여자,70-74세,202 ,7 ,18 ,36 ,99 ,27 ,6 ,1 ,2 ,0 
경남,진주시,감경,여자,75-79세,442 ,8 ,29 ,100 ,215 ,55 ,12 ,2 ,2 ,0 
경남,진주시,감경,여자,80-84세,1028 ,37 ,70 ,214 ,519 ,145 ,15 ,0 ,1 ,0 
경남,진주시,감경,여자,85세이상,1574 ,60 ,180 ,446 ,710 ,134 ,7 ,1 ,0 ,1 
경남,통영시,일반,남자,65세미만,16 ,1 ,2 ,0 ,0 ,1 ,1 ,3 ,1 ,1 
경남,통영시,일반,남자,65-69세,45 ,0 ,3 ,9 ,6 ,6 ,1 ,6 ,5 ,4 
경남,통영시,일반,남자,70-74세,76 ,4 ,0 ,20 ,12 ,5 ,2 ,12 ,6 ,2 
경남,통영시,일반,남자,75-79세,111 ,1 ,3 ,14 ,28 ,7 ,2 ,21 ,7 ,3 
경남,통영시,일반,남자,80-84세,116 ,0 ,2 ,23 ,29 ,14 ,3 ,9 ,12 ,6 
경남,통영시,일반,남자,85세이상,110 ,3 ,3 ,22 ,39 ,13 ,1 ,14 ,7 ,0 
경남,통영시,일반,여자,65세미만,28 ,2 ,1 ,5 ,2 ,2 ,0 ,6 ,0 ,1 
경남,통영시,일반,여자,65-69세,69 ,4 ,1 ,1 ,10 ,1 ,0 ,18 ,11 ,1 
경남,통영시,일반,여자,70-74세,125 ,1 ,3 ,20 ,21 ,10 ,3 ,17 ,11 ,5 
경남,통영시,일반,여자,75-79세,223 ,3 ,6 ,32 ,55 ,20 ,5 ,32 ,16 ,4 
경남,통영시,일반,여자,80-84세,360 ,11 ,11 ,54 ,111 ,34 ,10 ,42 ,22 ,7 
경남,통영시,일반,여자,85세이상,335 ,12 ,23 ,84 ,111 ,22 ,1 ,24 ,10 ,1 
경남,통영시,기초,남자,65세미만,47 ,0 ,2 ,6 ,11 ,6 ,1 ,12 ,2 ,3 
경남,통영시,기초,남자,65-69세,74 ,0 ,2 ,9 ,25 ,7 ,1 ,7 ,6 ,13 
경남,통영시,기초,남자,70-74세,53 ,0 ,1 ,4 ,20 ,10 ,1 ,9 ,1 ,1 
경남,통영시,기초,남자,75-79세,40 ,0 ,0 ,3 ,13 ,7 ,2 ,3 ,3 ,1 
경남,통영시,기초,남자,80-84세,32 ,1 ,0 ,5 ,14 ,5 ,1 ,3 ,0 ,1 
경남,통영시,기초,남자,85세이상,22 ,0 ,0 ,3 ,8 ,7 ,0 ,3 ,0 ,0 
경남,통영시,기초,여자,65세미만,28 ,1 ,3 ,8 ,7 ,2 ,2 ,2 ,1 ,0 
경남,통영시,기초,여자,65-69세,60 ,0 ,2 ,9 ,24 ,4 ,1 ,9 ,6 ,0 
경남,통영시,기초,여자,70-74세,78 ,2 ,1 ,8 ,27 ,10 ,0 ,10 ,4 ,2 
경남,통영시,기초,여자,75-79세,95 ,0 ,5 ,16 ,25 ,14 ,1 ,12 ,9 ,0 
경남,통영시,기초,여자,80-84세,128 ,1 ,13 ,25 ,53 ,15 ,3 ,2 ,4 ,1 
경남,통영시,기초,여자,85세이상,155 ,4 ,10 ,42 ,70 ,15 ,0 ,1 ,3 ,1 
경남,통영시,의료,남자,65-69세,1 ,0 ,1 ,0 ,0 ,0 ,0 ,0 ,0 ,0 
경남,통영시,의료,남자,70-74세,2 ,0 ,0 ,1 ,0 ,1 ,0 ,0 ,0 ,0 
경남,통영시,의료,남자,75-79세,3 ,0 ,1 ,0 ,1 ,0 ,0 ,1 ,0 ,0 
경남,통영시,의료,남자,80-84세,4 ,0 ,0 ,2 ,2 ,0 ,0 ,0 ,0 ,0 
경남,통영시,의료,남자,85세이상,4 ,0 ,1 ,2 ,0 ,0 ,0 ,1 ,0 ,0 
경남,통영시,의료,여자,65-69세,0 ,0 ,0 ,0 ,0 ,0 ,0 ,0 ,0 ,0 
경남,통영시,의료,여자,70-74세,5 ,0 ,0 ,1 ,0 ,0 ,0 ,1 ,1 ,0 
경남,통영시,의료,여자,75-79세,6 ,0 ,0 ,0 ,3 ,0 ,1 ,0 ,1 ,0 
경남,통영시,의료,여자,80-84세,11 ,0 ,0 ,1 ,7 ,2 ,0 ,1 ,0 ,0 
경남,통영시,의료,여자,85세이상,20 ,0 ,4 ,3 ,7 ,4 ,1 ,1 ,0 ,0 
경남,통영시,감경,남자,65세미만,12 ,0 ,0 ,4 ,6 ,0 ,0 ,0 ,0 ,0 
경남,통영시,감경,남자,65-69세,41 ,0 ,4 ,17 ,11 ,4 ,1 ,1 ,1 ,0 
경남,통영시,감경,남자,70-74세,48 ,0 ,4 ,12 ,18 ,9 ,2 ,1 ,0 ,0 
경남,통영시,감경,남자,75-79세,86 ,2 ,7 ,19 ,38 ,13 ,4 ,0 ,0 ,0 
경남,통영시,감경,남자,80-84세,97 ,3 ,1 ,30 ,36 ,21 ,2 ,0 ,0 ,0 
경남,통영시,감경,남자,85세이상,102 ,0 ,11 ,21 ,47 ,18 ,3 ,0 ,0 ,0 
경남,통영시,감경,여자,65세미만,13 ,0 ,0 ,1 ,4 ,2 ,0 ,3 ,0 ,0 
경남,통영시,감경,여자,65-69세,41 ,2 ,1 ,6 ,20 ,6 ,2 ,1 ,1 ,0 
경남,통영시,감경,여자,70-74세,89 ,4 ,7 ,18 ,35 ,12 ,7 ,1 ,0 ,0 
경남,통영시,감경,여자,75-79세,177 ,2 ,8 ,45 ,80 ,15 ,9 ,4 ,1 ,0 
경남,통영시,감경,여자,80-84세,367 ,10 ,20 ,89 ,166 ,54 ,12 ,6 ,1 ,0 
경남,통영시,감경,여자,85세이상,521 ,19 ,51 ,150 ,236 ,48 ,5 ,1 ,3 ,0 
경남,사천시,일반,남자,65세미만,23 ,0 ,0 ,5 ,2 ,3 ,0 ,5 ,3 ,1 
경남,사천시,일반,남자,65-69세,65 ,4 ,4 ,11 ,14 ,3 ,2 ,6 ,7 ,1 
경남,사천시,일반,남자,70-74세,102 ,1 ,0 ,12 ,32 ,9 ,1 ,10 ,10 ,4 
경남,사천시,일반,남자,75-79세,142 ,2 ,9 ,14 ,50 ,16 ,2 ,9 ,5 ,4 
경남,사천시,일반,남자,80-84세,203 ,1 ,6 ,32 ,69 ,39 ,7 ,9 ,7 ,1 
경남,사천시,일반,남자,85세이상,190 ,2 ,11 ,33 ,75 ,31 ,2 ,8 ,4 ,1 
경남,사천시,일반,여자,65세미만,18 ,1 ,0 ,2 ,5 ,0 ,0 ,2 ,0 ,0 
경남,사천시,일반,여자,65-69세,69 ,1 ,3 ,4 ,15 ,4 ,2 ,10 ,9 ,3 
경남,사천시,일반,여자,70-74세,147 ,3 ,3 ,14 ,31 ,12 ,1 ,22 ,21 ,5 
경남,사천시,일반,여자,75-79세,373 ,2 ,2 ,44 ,106 ,53 ,7 ,45 ,25 ,2 
경남,사천시,일반,여자,80-84세,543 ,9 ,16 ,74 ,200 ,101 ,8 ,32 ,15 ,0 
경남,사천시,일반,여자,85세이상,599 ,7 ,43 ,121 ,255 ,85 ,6 ,10 ,13 ,0 
경남,사천시,기초,남자,65세미만,61 ,1 ,1 ,8 ,13 ,6 ,1 ,9 ,6 ,4 
경남,사천시,기초,남자,65-69세,61 ,0 ,2 ,4 ,20 ,7 ,2 ,11 ,4 ,3 
경남,사천시,기초,남자,70-74세,71 ,1 ,6 ,9 ,18 ,12 ,4 ,8 ,5 ,2 
경남,사천시,기초,남자,75-79세,48 ,0 ,2 ,10 ,13 ,10 ,3 ,3 ,2 ,0 
경남,사천시,기초,남자,80-84세,38 ,0 ,1 ,6 ,16 ,11 ,2 ,0 ,1 ,1 
경남,사천시,기초,남자,85세이상,19 ,0 ,2 ,2 ,9 ,4 ,0 ,0 ,0 ,0 
경남,사천시,기초,여자,65세미만,30 ,1 ,1 ,7 ,5 ,4 ,0 ,3 ,3 ,1 
경남,사천시,기초,여자,65-69세,48 ,0 ,1 ,11 ,10 ,5 ,1 ,4 ,1 ,3 
경남,사천시,기초,여자,70-74세,85 ,0 ,1 ,15 ,31 ,16 ,3 ,1 ,6 ,2 
경남,사천시,기초,여자,75-79세,106 ,3 ,2 ,10 ,36 ,24 ,5 ,4 ,8 ,1 
경남,사천시,기초,여자,80-84세,157 ,2 ,6 ,21 ,70 ,36 ,6 ,4 ,3 ,0 
경남,사천시,기초,여자,85세이상,154 ,4 ,16 ,27 ,74 ,20 ,1 ,4 ,0 ,1 
경남,사천시,의료,남자,65세미만,1 ,0 ,1 ,0 ,0 ,0 ,0 ,0 ,0 ,0 
경남,사천시,의료,남자,65-69세,2 ,0 ,0 ,1 ,1 ,0 ,0 ,0 ,0 ,0 
경남,사천시,의료,남자,70-74세,4 ,0 ,0 ,1 ,1 ,1 ,0 ,0 ,0 ,0 
경남,사천시,의료,남자,75-79세,0 ,0 ,0 ,0 ,0 ,0 ,0 ,0 ,0 ,0 
경남,사천시,의료,남자,80-84세,0 ,0 ,0 ,0 ,0 ,0 ,0 ,0 ,0 ,0 
경남,사천시,의료,남자,85세이상,3 ,0 ,0 ,0 ,2 ,1 ,0 ,0 ,0 ,0 
경남,사천시,의료,여자,65-69세,1 ,0 ,0 ,0 ,1 ,0 ,0 ,0 ,0 ,0 
경남,사천시,의료,여자,70-74세,1 ,0 ,0 ,0 ,0 ,0 ,0 ,0 ,0 ,0 
경남,사천시,의료,여자,75-79세,5 ,0 ,0 ,2 ,1 ,1 ,0 ,0 ,0 ,0 
경남,사천시,의료,여자,80-84세,11 ,0 ,1 ,3 ,3 ,1 ,0 ,1 ,0 ,0 
경남,사천시,의료,여자,85세이상,31 ,1 ,1 ,9 ,15 ,3 ,0 ,0 ,0 ,0 
경남,사천시,감경,남자,65세미만,18 ,2 ,1 ,3 ,8 ,2 ,0 ,0 ,0 ,0 
경남,사천시,감경,남자,65-69세,37 ,0 ,3 ,6 ,18 ,3 ,1 ,1 ,0 ,1 
경남,사천시,감경,남자,70-74세,68 ,2 ,6 ,12 ,31 ,12 ,1 ,0 ,0 ,0 
경남,사천시,감경,남자,75-79세,87 ,5 ,2 ,19 ,38 ,16 ,1 ,2 ,1 ,0 
경남,사천시,감경,남자,80-84세,142 ,2 ,6 ,20 ,76 ,29 ,3 ,0 ,1 ,0 
경남,사천시,감경,남자,85세이상,138 ,4 ,8 ,27 ,65 ,31 ,1 ,1 ,0 ,0 
경남,사천시,감경,여자,65세미만,16 ,2 ,1 ,6 ,4 ,1 ,0 ,1 ,0 ,0 
경남,사천시,감경,여자,65-69세,43 ,1 ,2 ,8 ,14 ,8 ,2 ,0 ,1 ,0 
경남,사천시,감경,여자,70-74세,111 ,2 ,5 ,20 ,47 ,24 ,4 ,2 ,1 ,0 
경남,사천시,감경,여자,75-79세,200 ,7 ,10 ,44 ,70 ,48 ,5 ,2 ,1 ,0 
경남,사천시,감경,여자,80-84세,465 ,8 ,32 ,88 ,218 ,89 ,7 ,3 ,0 ,0 
경남,사천시,감경,여자,85세이상,825 ,28 ,80 ,219 ,366 ,103 ,5 ,0 ,0 ,0 
경남,김해시,일반,남자,65세미만,92 ,7 ,6 ,9 ,14 ,3 ,0 ,18 ,7 ,4 
경남,김해시,일반,남자,65-69세,208 ,8 ,11 ,31 ,38 ,7 ,4 ,31 ,13 ,11 
경남,김해시,일반,남자,70-74세,265 ,5 ,18 ,31 ,72 ,16 ,4 ,32 ,13 ,5 
경남,김해시,일반,남자,75-79세,332 ,11 ,15 ,54 ,97 ,22 ,6 ,31 ,17 ,5 
경남,김해시,일반,남자,80-84세,434 ,10 ,27 ,88 ,139 ,34 ,9 ,30 ,12 ,5 
경남,김해시,일반,남자,85세이상,345 ,9 ,19 ,73 ,127 ,26 ,5 ,23 ,10 ,3 
경남,김해시,일반,여자,65세미만,82 ,5 ,2 ,9 ,7 ,3 ,0 ,28 ,3 ,1 
경남,김해시,일반,여자,65-69세,264 ,11 ,8 ,28 ,55 ,5 ,3 ,49 ,24 ,9 
경남,김해시,일반,여자,70-74세,441 ,11 ,17 ,45 ,104 ,28 ,2 ,67 ,33 ,12 
경남,김해시,일반,여자,75-79세,820 ,20 ,32 ,120 ,222 ,81 ,7 ,91 ,38 ,11 
경남,김해시,일반,여자,80-84세,1303 ,38 ,84 ,211 ,459 ,96 ,18 ,104 ,37 ,7 
경남,김해시,일반,여자,85세이상,1234 ,64 ,107 ,307 ,445 ,72 ,11 ,56 ,11 ,1 
경남,김해시,기초,남자,65세미만,162 ,7 ,5 ,32 ,56 ,14 ,1 ,16 ,9 ,1 
경남,김해시,기초,남자,65-69세,195 ,4 ,6 ,22 ,63 ,13 ,7 ,24 ,17 ,10 
경남,김해시,기초,남자,70-74세,108 ,0 ,1 ,24 ,34 ,15 ,3 ,11 ,7 ,2 
경남,김해시,기초,남자,75-79세,117 ,6 ,2 ,16 ,40 ,11 ,4 ,11 ,5 ,3 
경남,김해시,기초,남자,80-84세,95 ,3 ,8 ,8 ,36 ,14 ,1 ,7 ,6 ,0 
경남,김해시,기초,남자,85세이상,69 ,2 ,4 ,12 ,24 ,8 ,2 ,5 ,3 ,0 
경남,김해시,기초,여자,65세미만,78 ,2 ,3 ,14 ,18 ,6 ,1 ,6 ,7 ,0 
경남,김해시,기초,여자,65-69세,173 ,1 ,6 ,20 ,48 ,13 ,4 ,22 ,16 ,9 
경남,김해시,기초,여자,70-74세,211 ,4 ,7 ,30 ,83 ,12 ,2 ,16 ,13 ,4 
경남,김해시,기초,여자,75-79세,273 ,7 ,15 ,48 ,107 ,19 ,4 ,18 ,8 ,3 
경남,김해시,기초,여자,80-84세,373 ,12 ,25 ,70 ,169 ,34 ,3 ,15 ,7 ,5 
경남,김해시,기초,여자,85세이상,387 ,19 ,52 ,94 ,159 ,21 ,2 ,7 ,1 ,0 
경남,김해시,의료,남자,65세미만,1 ,0 ,0 ,1 ,0 ,0 ,0 ,0 ,0 ,0 
경남,김해시,의료,남자,65-69세,2 ,0 ,0 ,1 ,0 ,0 ,0 ,0 ,0 ,0 
경남,김해시,의료,남자,70-74세,3 ,0 ,1 ,0 ,1 ,0 ,0 ,0 ,1 ,0 
경남,김해시,의료,남자,75-79세,9 ,0 ,1 ,1 ,3 ,1 ,0 ,1 ,0 ,0 
경남,김해시,의료,남자,80-84세,4 ,0 ,1 ,1 ,1 ,0 ,1 ,0 ,0 ,0 
경남,김해시,의료,남자,85세이상,10 ,0 ,1 ,3 ,4 ,0 ,0 ,0 ,0 ,0 
경남,김해시,의료,여자,65-69세,3 ,0 ,0 ,0 ,2 ,0 ,0 ,0 ,1 ,0 
경남,김해시,의료,여자,70-74세,6 ,0 ,0 ,1 ,2 ,0 ,0 ,2 ,0 ,0 
경남,김해시,의료,여자,75-79세,9 ,0 ,1 ,0 ,4 ,1 ,0 ,0 ,0 ,0 
경남,김해시,의료,여자,80-84세,29 ,3 ,3 ,7 ,9 ,2 ,0 ,1 ,0 ,0 
경남,김해시,의료,여자,85세이상,62 ,3 ,10 ,18 ,18 ,6 ,1 ,1 ,0 ,0 
경남,김해시,감경,남자,65세미만,86 ,10 ,11 ,30 ,20 ,4 ,1 ,3 ,1 ,0 
경남,김해시,감경,남자,65-69세,138 ,6 ,14 ,47 ,50 ,8 ,2 ,3 ,1 ,0 
경남,김해시,감경,남자,70-74세,191 ,18 ,20 ,43 ,79 ,13 ,3 ,2 ,1 ,0 
경남,김해시,감경,남자,75-79세,226 ,10 ,21 ,66 ,93 ,22 ,1 ,2 ,1 ,1 
경남,김해시,감경,남자,80-84세,257 ,12 ,23 ,72 ,107 ,30 ,3 ,0 ,2 ,0 
경남,김해시,감경,남자,85세이상,222 ,9 ,17 ,60 ,107 ,21 ,3 ,0 ,0 ,0 
경남,김해시,감경,여자,65세미만,64 ,10 ,8 ,13 ,17 ,4 ,1 ,0 ,2 ,0 
경남,김해시,감경,여자,65-69세,126 ,6 ,10 ,32 ,45 ,13 ,3 ,1 ,2 ,1 
경남,김해시,감경,여자,70-74세,246 ,11 ,17 ,46 ,110 ,32 ,3 ,2 ,1 ,1 
경남,김해시,감경,여자,75-79세,546 ,24 ,39 ,119 ,247 ,48 ,9 ,4 ,2 ,0 
경남,김해시,감경,여자,80-84세,1024 ,44 ,84 ,271 ,437 ,97 ,13 ,4 ,2 ,1 
경남,김해시,감경,여자,85세이상,1286 ,85 ,163 ,416 ,480 ,65 ,5 ,3 ,0 ,0 
경남,밀양시,일반,남자,65세미만,35 ,0 ,1 ,3 ,9 ,0 ,0 ,8 ,3 ,1 
경남,밀양시,일반,남자,65-69세,97 ,5 ,2 ,18 ,25 ,7 ,0 ,18 ,6 ,3 
경남,밀양시,일반,남자,70-74세,157 ,0 ,1 ,22 ,53 ,9 ,0 ,24 ,15 ,7 
경남,밀양시,일반,남자,75-79세,191 ,2 ,1 ,27 ,55 ,19 ,5 ,23 ,11 ,5 
경남,밀양시,일반,남자,80-84세,255 ,0 ,4 ,32 ,93 ,32 ,10 ,27 ,18 ,4 
경남,밀양시,일반,남자,85세이상,226 ,1 ,10 ,33 ,109 ,17 ,3 ,16 ,10 ,4 
경남,밀양시,일반,여자,65세미만,25 ,0 ,0 ,4 ,2 ,0 ,0 ,4 ,3 ,3 
경남,밀양시,일반,여자,65-69세,98 ,0 ,5 ,9 ,18 ,4 ,2 ,21 ,12 ,1 
경남,밀양시,일반,여자,70-74세,221 ,2 ,6 ,19 ,63 ,17 ,4 ,29 ,21 ,4 
경남,밀양시,일반,여자,75-79세,387 ,1 ,8 ,29 ,149 ,35 ,5 ,45 ,37 ,2 
경남,밀양시,일반,여자,80-84세,693 ,4 ,21 ,83 ,324 ,68 ,5 ,55 ,36 ,5 
경남,밀양시,일반,여자,85세이상,654 ,7 ,31 ,113 ,340 ,52 ,9 ,29 ,19 ,0 
경남,밀양시,기초,남자,65세미만,55 ,1 ,1 ,10 ,19 ,3 ,0 ,7 ,2 ,3 
경남,밀양시,기초,남자,65-69세,69 ,0 ,0 ,9 ,24 ,6 ,2 ,4 ,13 ,3 
경남,밀양시,기초,남자,70-74세,51 ,0 ,3 ,7 ,12 ,4 ,3 ,6 ,3 ,5 
경남,밀양시,기초,남자,75-79세,41 ,0 ,0 ,4 ,15 ,3 ,2 ,4 ,3 ,1 
경남,밀양시,기초,남자,80-84세,39 ,1 ,2 ,5 ,18 ,5 ,1 ,2 ,3 ,1 
경남,밀양시,기초,남자,85세이상,24 ,0 ,0 ,4 ,14 ,1 ,1 ,2 ,0 ,0 
경남,밀양시,기초,여자,65세미만,33 ,3 ,2 ,4 ,6 ,2 ,1 ,6 ,4 ,1 
경남,밀양시,기초,여자,65-69세,61 ,0 ,1 ,5 ,16 ,8 ,1 ,7 ,7 ,6 
경남,밀양시,기초,여자,70-74세,96 ,1 ,3 ,7 ,43 ,8 ,2 ,7 ,10 ,4 
경남,밀양시,기초,여자,75-79세,115 ,2 ,1 ,8 ,58 ,10 ,4 ,11 ,8 ,2 
경남,밀양시,기초,여자,80-84세,149 ,4 ,5 ,16 ,70 ,18 ,2 ,10 ,7 ,3 
경남,밀양시,기초,여자,85세이상,183 ,7 ,16 ,41 ,82 ,17 ,2 ,5 ,2 ,0 
경남,밀양시,의료,남자,65세미만,0 ,0 ,0 ,0 ,0 ,0 ,0 ,0 ,0 ,0 
경남,밀양시,의료,남자,65-69세,1 ,0 ,0 ,0 ,0 ,0 ,0 ,1 ,0 ,0 
경남,밀양시,의료,남자,70-74세,4 ,0 ,0 ,0 ,2 ,0 ,1 ,0 ,1 ,0 
경남,밀양시,의료,남자,75-79세,2 ,0 ,0 ,0 ,1 ,0 ,0 ,0 ,0 ,0 
경남,밀양시,의료,남자,80-84세,2 ,0 ,0 ,1 ,0 ,1 ,0 ,0 ,0 ,0 
경남,밀양시,의료,남자,85세이상,5 ,0 ,0 ,1 ,3 ,0 ,0 ,0 ,1 ,0 
경남,밀양시,의료,여자,65-69세,2 ,0 ,0 ,1 ,0 ,0 ,0 ,0 ,0 ,0 
경남,밀양시,의료,여자,70-74세,4 ,0 ,1 ,0 ,2 ,1 ,0 ,0 ,0 ,0 
경남,밀양시,의료,여자,75-79세,11 ,0 ,0 ,0 ,4 ,0 ,1 ,3 ,1 ,1 
경남,밀양시,의료,여자,80-84세,10 ,0 ,1 ,0 ,7 ,1 ,0 ,0 ,0 ,1 
경남,밀양시,의료,여자,85세이상,27 ,0 ,3 ,4 ,14 ,2 ,0 ,2 ,0 ,0 
경남,밀양시,감경,남자,65세미만,22 ,2 ,1 ,7 ,8 ,2 ,0 ,0 ,1 ,0 
경남,밀양시,감경,남자,65-69세,37 ,1 ,2 ,6 ,20 ,4 ,2 ,0 ,0 ,0 
경남,밀양시,감경,남자,70-74세,74 ,2 ,5 ,22 ,33 ,5 ,2 ,0 ,2 ,0 
경남,밀양시,감경,남자,75-79세,67 ,3 ,0 ,7 ,39 ,7 ,2 ,1 ,2 ,0 
경남,밀양시,감경,남자,80-84세,114 ,1 ,4 ,20 ,63 ,19 ,3 ,2 ,0 ,0 
경남,밀양시,감경,남자,85세이상,150 ,1 ,6 ,44 ,74 ,21 ,3 ,0 ,0 ,0 
경남,밀양시,감경,여자,65세미만,15 ,0 ,1 ,3 ,7 ,1 ,1 ,0 ,1 ,0 
경남,밀양시,감경,여자,65-69세,48 ,2 ,1 ,11 ,21 ,3 ,3 ,2 ,0 ,0 
경남,밀양시,감경,여자,70-74세,102 ,2 ,7 ,15 ,48 ,12 ,2 ,0 ,3 ,0 
경남,밀양시,감경,여자,75-79세,206 ,2 ,7 ,35 ,123 ,28 ,3 ,1 ,0 ,1 
경남,밀양시,감경,여자,80-84세,546 ,7 ,22 ,95 ,316 ,77 ,7 ,1 ,2 ,0 
경남,밀양시,감경,여자,85세이상,769 ,18 ,52 ,174 ,435 ,56 ,5 ,0 ,2 ,0 
경남,거제시,일반,남자,65세미만,31 ,0 ,0 ,2 ,12 ,0 ,0 ,4 ,1 ,1 
경남,거제시,일반,남자,65-69세,82 ,3 ,1 ,22 ,23 ,2 ,0 ,6 ,4 ,6 
경남,거제시,일반,남자,70-74세,124 ,1 ,9 ,18 ,42 ,6 ,3 ,8 ,5 ,5 
경남,거제시,일반,남자,75-79세,161 ,1 ,5 ,25 ,49 ,8 ,2 ,18 ,10 ,8 
경남,거제시,일반,남자,80-84세,185 ,5 ,7 ,32 ,57 ,13 ,2 ,13 ,13 ,6 
경남,거제시,일반,남자,85세이상,176 ,3 ,12 ,34 ,82 ,10 ,2 ,9 ,5 ,3 
경남,거제시,일반,여자,65세미만,34 ,2 ,2 ,5 ,12 ,1 ,2 ,0 ,4 ,1 
경남,거제시,일반,여자,65-69세,107 ,1 ,1 ,15 ,26 ,4 ,1 ,14 ,8 ,7 
경남,거제시,일반,여자,70-74세,196 ,3 ,2 ,22 ,63 ,12 ,3 ,26 ,12 ,7 
경남,거제시,일반,여자,75-79세,296 ,7 ,8 ,38 ,98 ,21 ,6 ,36 ,18 ,7 
경남,거제시,일반,여자,80-84세,531 ,13 ,26 ,93 ,201 ,42 ,6 ,44 ,26 ,5 
경남,거제시,일반,여자,85세이상,589 ,16 ,63 ,147 ,262 ,22 ,0 ,22 ,10 ,2 
경남,거제시,기초,남자,65세미만,41 ,2 ,3 ,9 ,14 ,3 ,0 ,3 ,0 ,4 
경남,거제시,기초,남자,65-69세,66 ,1 ,2 ,9 ,22 ,4 ,2 ,9 ,5 ,2 
경남,거제시,기초,남자,70-74세,38 ,3 ,1 ,9 ,15 ,1 ,0 ,4 ,1 ,0 
경남,거제시,기초,남자,75-79세,29 ,2 ,0 ,2 ,13 ,1 ,0 ,4 ,3 ,0 
경남,거제시,기초,남자,80-84세,21 ,0 ,1 ,3 ,13 ,1 ,0 ,0 ,2 ,0 
경남,거제시,기초,남자,85세이상,12 ,0 ,1 ,2 ,7 ,0 ,0 ,2 ,0 ,0 
경남,거제시,기초,여자,65세미만,25 ,0 ,2 ,7 ,4 ,3 ,0 ,2 ,0 ,1 
경남,거제시,기초,여자,65-69세,53 ,0 ,3 ,7 ,22 ,2 ,2 ,3 ,6 ,5 
경남,거제시,기초,여자,70-74세,55 ,3 ,2 ,7 ,22 ,2 ,1 ,8 ,3 ,2 
경남,거제시,기초,여자,75-79세,70 ,3 ,3 ,13 ,29 ,5 ,0 ,1 ,5 ,1 
경남,거제시,기초,여자,80-84세,95 ,4 ,6 ,15 ,48 ,5 ,1 ,4 ,5 ,0 
경남,거제시,기초,여자,85세이상,127 ,8 ,19 ,40 ,49 ,4 ,0 ,2 ,0 ,0 
경남,거제시,의료,남자,65-69세,1 ,0 ,0 ,0 ,0 ,0 ,0 ,1 ,0 ,0 
경남,거제시,의료,남자,70-74세,2 ,0 ,1 ,1 ,0 ,0 ,0 ,0 ,0 ,0 
경남,거제시,의료,남자,75-79세,1 ,0 ,0 ,1 ,0 ,0 ,0 ,0 ,0 ,0 
경남,거제시,의료,남자,80-84세,1 ,0 ,0 ,1 ,0 ,0 ,0 ,0 ,0 ,0 
경남,거제시,의료,남자,85세이상,4 ,0 ,0 ,0 ,4 ,0 ,0 ,0 ,0 ,0 
경남,거제시,의료,여자,65-69세,1 ,0 ,0 ,0 ,0 ,0 ,0 ,0 ,0 ,0 
경남,거제시,의료,여자,70-74세,4 ,0 ,0 ,1 ,2 ,0 ,0 ,0 ,0 ,0 
경남,거제시,의료,여자,75-79세,3 ,0 ,0 ,0 ,1 ,0 ,0 ,0 ,0 ,0 
경남,거제시,의료,여자,80-84세,6 ,0 ,2 ,0 ,2 ,1 ,0 ,0 ,0 ,0 
경남,거제시,의료,여자,85세이상,27 ,1 ,3 ,5 ,16 ,0 ,0 ,0 ,0 ,0 
경남,거제시,감경,남자,65세미만,24 ,1 ,2 ,6 ,11 ,2 ,1 ,0 ,0 ,0 
경남,거제시,감경,남자,65-69세,65 ,2 ,7 ,21 ,22 ,4 ,2 ,2 ,0 ,1 
경남,거제시,감경,남자,70-74세,66 ,4 ,4 ,8 ,37 ,3 ,1 ,0 ,0 ,0 
경남,거제시,감경,남자,75-79세,90 ,2 ,5 ,18 ,44 ,13 ,1 ,0 ,0 ,0 
경남,거제시,감경,남자,80-84세,100 ,3 ,6 ,24 ,49 ,11 ,1 ,1 ,0 ,0 
경남,거제시,감경,남자,85세이상,111 ,4 ,4 ,35 ,52 ,8 ,2 ,0 ,0 ,0 
경남,거제시,감경,여자,65세미만,27 ,2 ,3 ,8 ,3 ,5 ,0 ,0 ,0 ,0 
경남,거제시,감경,여자,65-69세,63 ,3 ,6 ,15 ,23 ,5 ,1 ,0 ,0 ,0 
경남,거제시,감경,여자,70-74세,120 ,1 ,9 ,24 ,61 ,9 ,4 ,1 ,0 ,0 
경남,거제시,감경,여자,75-79세,181 ,10 ,12 ,36 ,80 ,24 ,4 ,1 ,0 ,1 
경남,거제시,감경,여자,80-84세,361 ,9 ,36 ,100 ,170 ,23 ,6 ,5 ,0 ,1 
경남,거제시,감경,여자,85세이상,637 ,36 ,71 ,196 ,290 ,29 ,1 ,2 ,2 ,0 
경남,양산시,일반,남자,65세미만,50 ,5 ,1 ,6 ,8 ,1 ,0 ,11 ,3 ,1 
경남,양산시,일반,남자,65-69세,153 ,4 ,9 ,25 ,34 ,7 ,1 ,33 ,9 ,3 
경남,양산시,일반,남자,70-74세,193 ,5 ,9 ,39 ,49 ,5 ,0 ,19 ,11 ,1 
경남,양산시,일반,남자,75-79세,273 ,6 ,10 ,50 ,100 ,10 ,0 ,25 ,17 ,3 
경남,양산시,일반,남자,80-84세,323 ,9 ,17 ,42 ,116 ,36 ,6 ,25 ,11 ,3 
경남,양산시,일반,남자,85세이상,288 ,5 ,11 ,45 ,122 ,21 ,0 ,22 ,14 ,6 
경남,양산시,일반,여자,65세미만,49 ,3 ,6 ,2 ,10 ,1 ,0 ,10 ,4 ,0 
경남,양산시,일반,여자,65-69세,175 ,6 ,5 ,21 ,31 ,2 ,2 ,32 ,13 ,5 
경남,양산시,일반,여자,70-74세,322 ,10 ,17 ,36 ,89 ,15 ,5 ,45 ,21 ,3 
경남,양산시,일반,여자,75-79세,577 ,7 ,20 ,85 ,176 ,42 ,11 ,72 ,17 ,4 
경남,양산시,일반,여자,80-84세,900 ,29 ,34 ,152 ,358 ,51 ,12 ,87 ,18 ,7 
경남,양산시,일반,여자,85세이상,829 ,29 ,64 ,198 ,338 ,37 ,1 ,43 ,14 ,2 
경남,양산시,기초,남자,65세미만,94 ,1 ,5 ,20 ,28 ,3 ,0 ,18 ,1 ,0 
경남,양산시,기초,남자,65-69세,136 ,3 ,4 ,15 ,52 ,10 ,2 ,17 ,11 ,4 
경남,양산시,기초,남자,70-74세,86 ,1 ,4 ,15 ,29 ,10 ,0 ,5 ,9 ,3 
경남,양산시,기초,남자,75-79세,66 ,1 ,1 ,9 ,33 ,3 ,0 ,5 ,4 ,0 
경남,양산시,기초,남자,80-84세,82 ,3 ,1 ,13 ,41 ,6 ,0 ,6 ,3 ,2 
경남,양산시,기초,남자,85세이상,50 ,0 ,2 ,10 ,25 ,5 ,1 ,3 ,1 ,0 
경남,양산시,기초,여자,65세미만,60 ,2 ,5 ,10 ,19 ,4 ,0 ,5 ,3 ,0 
경남,양산시,기초,여자,65-69세,122 ,6 ,3 ,15 ,39 ,2 ,1 ,15 ,11 ,8 
경남,양산시,기초,여자,70-74세,141 ,3 ,6 ,30 ,48 ,12 ,0 ,11 ,5 ,5 
경남,양산시,기초,여자,75-79세,197 ,4 ,13 ,25 ,82 ,17 ,2 ,14 ,10 ,1 
경남,양산시,기초,여자,80-84세,281 ,11 ,9 ,41 ,135 ,27 ,3 ,13 ,5 ,0 
경남,양산시,기초,여자,85세이상,306 ,17 ,33 ,67 ,143 ,15 ,4 ,2 ,2 ,1 
경남,양산시,의료,남자,65세미만,1 ,1 ,0 ,0 ,0 ,0 ,0 ,0 ,0 ,0 
경남,양산시,의료,남자,65-69세,2 ,0 ,0 ,1 ,1 ,0 ,0 ,0 ,0 ,0 
경남,양산시,의료,남자,70-74세,6 ,0 ,0 ,2 ,3 ,0 ,0 ,0 ,0 ,0 
경남,양산시,의료,남자,75-79세,5 ,0 ,0 ,1 ,2 ,1 ,0 ,0 ,0 ,0 
경남,양산시,의료,남자,80-84세,8 ,1 ,0 ,3 ,2 ,0 ,0 ,0 ,1 ,0 
경남,양산시,의료,남자,85세이상,5 ,1 ,0 ,0 ,4 ,0 ,0 ,0 ,0 ,0 
경남,양산시,의료,여자,65세미만,1 ,0 ,0 ,0 ,0 ,0 ,0 ,0 ,0 ,0 
경남,양산시,의료,여자,65-69세,1 ,0 ,0 ,0 ,0 ,0 ,0 ,0 ,0 ,0 
경남,양산시,의료,여자,70-74세,11 ,1 ,0 ,4 ,6 ,0 ,0 ,0 ,0 ,0 
경남,양산시,의료,여자,75-79세,6 ,1 ,1 ,0 ,1 ,1 ,0 ,1 ,0 ,0 
경남,양산시,의료,여자,80-84세,17 ,0 ,0 ,2 ,10 ,1 ,0 ,0 ,1 ,0 
경남,양산시,의료,여자,85세이상,44 ,3 ,3 ,13 ,17 ,3 ,0 ,3 ,0 ,0 
경남,양산시,감경,남자,65세미만,46 ,3 ,3 ,12 ,18 ,1 ,0 ,1 ,0 ,0 
경남,양산시,감경,남자,65-69세,116 ,8 ,6 ,33 ,52 ,10 ,0 ,1 ,1 ,0 
경남,양산시,감경,남자,70-74세,164 ,5 ,8 ,42 ,79 ,14 ,2 ,2 ,0 ,0 
경남,양산시,감경,남자,75-79세,163 ,6 ,10 ,47 ,75 ,15 ,1 ,2 ,1 ,0 
경남,양산시,감경,남자,80-84세,191 ,5 ,10 ,47 ,98 ,28 ,1 ,2 ,0 ,0 
경남,양산시,감경,남자,85세이상,201 ,8 ,14 ,49 ,108 ,14 ,3 ,1 ,0 ,0 
경남,양산시,감경,여자,65세미만,56 ,7 ,3 ,13 ,20 ,1 ,2 ,5 ,0 ,0 
경남,양산시,감경,여자,65-69세,106 ,10 ,5 ,29 ,40 ,7 ,1 ,2 ,0 ,0 
경남,양산시,감경,여자,70-74세,212 ,8 ,17 ,48 ,96 ,18 ,3 ,5 ,0 ,2 
경남,양산시,감경,여자,75-79세,400 ,13 ,19 ,87 ,176 ,59 ,4 ,4 ,0 ,0 
경남,양산시,감경,여자,80-84세,796 ,31 ,54 ,183 ,398 ,68 ,16 ,1 ,1 ,1 
경남,양산시,감경,여자,85세이상,949 ,56 ,97 ,247 ,465 ,54 ,2 ,2 ,0 ,0 
경남,의령군,일반,남자,65세미만,6 ,0 ,0 ,0 ,2 ,0 ,0 ,1 ,0 ,0 
경남,의령군,일반,남자,65-69세,14 ,0 ,1 ,3 ,2 ,0 ,0 ,1 ,2 ,0 
경남,의령군,일반,남자,70-74세,19 ,0 ,1 ,4 ,3 ,1 ,0 ,1 ,4 ,0 
경남,의령군,일반,남자,75-79세,42 ,1 ,2 ,3 ,7 ,6 ,2 ,4 ,7 ,0 
경남,의령군,일반,남자,80-84세,62 ,0 ,0 ,10 ,22 ,9 ,1 ,5 ,4 ,2 
경남,의령군,일반,남자,85세이상,87 ,1 ,2 ,5 ,38 ,14 ,0 ,10 ,5 ,2 
경남,의령군,일반,여자,65세미만,12 ,0 ,1 ,0 ,3 ,0 ,0 ,2 ,3 ,0 
경남,의령군,일반,여자,65-69세,28 ,0 ,0 ,2 ,3 ,1 ,0 ,2 ,7 ,3 
경남,의령군,일반,여자,70-74세,56 ,0 ,2 ,6 ,7 ,4 ,1 ,12 ,9 ,2 
경남,의령군,일반,여자,75-79세,99 ,0 ,1 ,3 ,24 ,5 ,4 ,13 ,9 ,5 
경남,의령군,일반,여자,80-84세,220 ,3 ,1 ,23 ,70 ,28 ,6 ,31 ,19 ,6 
경남,의령군,일반,여자,85세이상,240 ,2 ,9 ,33 ,91 ,28 ,1 ,21 ,21 ,2 
경남,의령군,기초,남자,65세미만,11 ,1 ,0 ,1 ,5 ,1 ,1 ,1 ,0 ,0 
경남,의령군,기초,남자,65-69세,17 ,0 ,0 ,2 ,7 ,2 ,0 ,3 ,1 ,0 
경남,의령군,기초,남자,70-74세,4 ,0 ,2 ,0 ,1 ,0 ,0 ,0 ,0 ,0 
경남,의령군,기초,남자,75-79세,13 ,1 ,2 ,1 ,3 ,0 ,0 ,1 ,1 ,2 
경남,의령군,기초,남자,80-84세,8 ,0 ,0 ,0 ,4 ,1 ,1 ,2 ,0 ,0 
경남,의령군,기초,남자,85세이상,4 ,0 ,0 ,1 ,3 ,0 ,0 ,0 ,0 ,0 
경남,의령군,기초,여자,65세미만,4 ,0 ,0 ,2 ,0 ,0 ,0 ,0 ,0 ,1 
경남,의령군,기초,여자,65-69세,15 ,0 ,0 ,2 ,4 ,2 ,0 ,2 ,5 ,0 
경남,의령군,기초,여자,70-74세,17 ,1 ,0 ,1 ,4 ,3 ,1 ,3 ,1 ,1 
경남,의령군,기초,여자,75-79세,26 ,0 ,2 ,5 ,11 ,1 ,0 ,1 ,1 ,1 
경남,의령군,기초,여자,80-84세,39 ,0 ,1 ,7 ,16 ,5 ,1 ,1 ,4 ,0 
경남,의령군,기초,여자,85세이상,62 ,2 ,7 ,11 ,35 ,4 ,1 ,1 ,0 ,0 
경남,의령군,의료,남자,85세이상,4 ,0 ,0 ,0 ,3 ,0 ,0 ,1 ,0 ,0 
경남,의령군,의료,여자,65-69세,1 ,0 ,0 ,1 ,0 ,0 ,0 ,0 ,0 ,0 
경남,의령군,의료,여자,75-79세,0 ,0 ,0 ,0 ,0 ,0 ,0 ,0 ,0 ,0 
경남,의령군,의료,여자,80-84세,4 ,0 ,0 ,2 ,2 ,0 ,0 ,0 ,0 ,0 
경남,의령군,의료,여자,85세이상,8 ,0 ,1 ,2 ,2 ,0 ,0 ,1 ,0 ,0 
경남,의령군,감경,남자,65세미만,8 ,0 ,0 ,1 ,6 ,1 ,0 ,0 ,0 ,0 
경남,의령군,감경,남자,65-69세,9 ,0 ,1 ,2 ,3 ,0 ,0 ,1 ,1 ,0 
경남,의령군,감경,남자,70-74세,15 ,1 ,0 ,6 ,5 ,2 ,0 ,0 ,0 ,0 
경남,의령군,감경,남자,75-79세,19 ,0 ,0 ,7 ,10 ,1 ,1 ,0 ,0 ,0 
경남,의령군,감경,남자,80-84세,45 ,0 ,3 ,8 ,24 ,5 ,3 ,0 ,1 ,0 
경남,의령군,감경,남자,85세이상,60 ,0 ,2 ,16 ,32 ,8 ,1 ,0 ,0 ,0 
경남,의령군,감경,여자,65세미만,6 ,0 ,0 ,3 ,0 ,0 ,0 ,1 ,1 ,0 
경남,의령군,감경,여자,65-69세,14 ,0 ,0 ,1 ,3 ,6 ,0 ,2 ,0 ,1 
경남,의령군,감경,여자,70-74세,21 ,0 ,0 ,3 ,4 ,9 ,3 ,0 ,0 ,0 
경남,의령군,감경,여자,75-79세,63 ,0 ,2 ,10 ,26 ,19 ,1 ,1 ,0 ,1 
경남,의령군,감경,여자,80-84세,177 ,3 ,7 ,23 ,94 ,35 ,7 ,2 ,0 ,0 
경남,의령군,감경,여자,85세이상,348 ,7 ,22 ,59 ,197 ,51 ,4 ,1 ,1 ,0 
경남,함안군,일반,남자,65세미만,15 ,1 ,0 ,1 ,2 ,0 ,0 ,5 ,2 ,2 
경남,함안군,일반,남자,65-69세,52 ,1 ,2 ,3 ,15 ,4 ,2 ,11 ,4 ,2 
경남,함안군,일반,남자,70-74세,69 ,3 ,1 ,11 ,25 ,5 ,1 ,6 ,3 ,2 
경남,함안군,일반,남자,75-79세,111 ,3 ,2 ,17 ,44 ,10 ,2 ,7 ,7 ,2 
경남,함안군,일반,남자,80-84세,115 ,2 ,5 ,10 ,41 ,13 ,5 ,9 ,8 ,2 
경남,함안군,일반,남자,85세이상,124 ,2 ,6 ,22 ,58 ,17 ,0 ,2 ,3 ,0 
경남,함안군,일반,여자,65세미만,8 ,1 ,0 ,3 ,2 ,1 ,0 ,0 ,1 ,0 
경남,함안군,일반,여자,65-69세,53 ,3 ,2 ,2 ,3 ,4 ,1 ,11 ,6 ,3 
경남,함안군,일반,여자,70-74세,135 ,3 ,1 ,10 ,32 ,8 ,1 ,25 ,12 ,4 
경남,함안군,일반,여자,75-79세,249 ,1 ,8 ,17 ,85 ,29 ,6 ,18 ,16 ,3 
경남,함안군,일반,여자,80-84세,376 ,6 ,15 ,39 ,163 ,46 ,8 ,21 ,16 ,2 
경남,함안군,일반,여자,85세이상,425 ,15 ,25 ,64 ,197 ,58 ,3 ,10 ,10 ,2 
경남,함안군,기초,남자,65세미만,26 ,1 ,1 ,1 ,13 ,1 ,1 ,5 ,0 ,1 
경남,함안군,기초,남자,65-69세,39 ,0 ,0 ,2 ,16 ,4 ,1 ,6 ,5 ,0 
경남,함안군,기초,남자,70-74세,29 ,0 ,1 ,3 ,12 ,3 ,0 ,0 ,2 ,3 
경남,함안군,기초,남자,75-79세,12 ,1 ,0 ,0 ,6 ,2 ,0 ,0 ,2 ,0 
경남,함안군,기초,남자,80-84세,22 ,1 ,1 ,4 ,10 ,2 ,0 ,1 ,1 ,0 
경남,함안군,기초,남자,85세이상,13 ,0 ,0 ,0 ,10 ,2 ,0 ,1 ,0 ,0 
경남,함안군,기초,여자,65세미만,21 ,1 ,0 ,3 ,4 ,3 ,0 ,1 ,2 ,1 
경남,함안군,기초,여자,65-69세,27 ,1 ,3 ,9 ,5 ,1 ,1 ,2 ,1 ,1 
경남,함안군,기초,여자,70-74세,34 ,0 ,1 ,3 ,15 ,4 ,0 ,0 ,4 ,1 
경남,함안군,기초,여자,75-79세,56 ,1 ,3 ,3 ,20 ,10 ,1 ,4 ,2 ,2 
경남,함안군,기초,여자,80-84세,73 ,1 ,6 ,11 ,34 ,9 ,3 ,1 ,4 ,0 
경남,함안군,기초,여자,85세이상,100 ,1 ,10 ,22 ,47 ,13 ,1 ,2 ,0 ,0 
경남,함안군,의료,남자,65-69세,1 ,0 ,0 ,0 ,1 ,0 ,0 ,0 ,0 ,0 
경남,함안군,의료,남자,70-74세,0 ,0 ,0 ,0 ,0 ,0 ,0 ,0 ,0 ,0 
경남,함안군,의료,남자,75-79세,2 ,0 ,1 ,0 ,0 ,0 ,1 ,0 ,0 ,0 
경남,함안군,의료,남자,80-84세,1 ,0 ,0 ,0 ,1 ,0 ,0 ,0 ,0 ,0 
경남,함안군,의료,남자,85세이상,4 ,0 ,2 ,1 ,0 ,1 ,0 ,0 ,0 ,0 
경남,함안군,의료,여자,70-74세,1 ,0 ,0 ,0 ,1 ,0 ,0 ,0 ,0 ,0 
경남,함안군,의료,여자,75-79세,3 ,0 ,0 ,0 ,1 ,0 ,0 ,0 ,0 ,0 
경남,함안군,의료,여자,80-84세,6 ,0 ,0 ,1 ,3 ,0 ,0 ,0 ,0 ,1 
경남,함안군,의료,여자,85세이상,17 ,1 ,2 ,1 ,7 ,2 ,0 ,0 ,2 ,0 
경남,함안군,감경,남자,65세미만,10 ,1 ,1 ,1 ,2 ,0 ,0 ,1 ,0 ,0 
경남,함안군,감경,남자,65-69세,34 ,1 ,0 ,6 ,19 ,3 ,0 ,1 ,1 ,0 
경남,함안군,감경,남자,70-74세,46 ,0 ,0 ,10 ,23 ,8 ,1 ,1 ,0 ,1 
경남,함안군,감경,남자,75-79세,54 ,2 ,6 ,11 ,28 ,4 ,0 ,1 ,0 ,0 
경남,함안군,감경,남자,80-84세,68 ,2 ,2 ,11 ,41 ,10 ,0 ,0 ,0 ,0 
경남,함안군,감경,남자,85세이상,95 ,0 ,6 ,15 ,59 ,11 ,1 ,1 ,0 ,0 
경남,함안군,감경,여자,65세미만,11 ,1 ,0 ,2 ,5 ,2 ,1 ,0 ,0 ,0 
경남,함안군,감경,여자,65-69세,24 ,0 ,0 ,4 ,13 ,3 ,0 ,0 ,0 ,0 
경남,함안군,감경,여자,70-74세,65 ,3 ,4 ,5 ,33 ,11 ,4 ,1 ,0 ,0 
경남,함안군,감경,여자,75-79세,135 ,1 ,7 ,18 ,55 ,36 ,5 ,0 ,0 ,0 
경남,함안군,감경,여자,80-84세,334 ,7 ,21 ,45 ,174 ,63 ,8 ,2 ,0 ,0 
경남,함안군,감경,여자,85세이상,511 ,23 ,50 ,117 ,258 ,47 ,2 ,1 ,0 ,0 
경남,창녕군,일반,남자,65세미만,18 ,0 ,0 ,4 ,5 ,1 ,0 ,2 ,2 ,1 
경남,창녕군,일반,남자,65-69세,45 ,0 ,2 ,3 ,13 ,4 ,0 ,3 ,4 ,3 
경남,창녕군,일반,남자,70-74세,85 ,2 ,1 ,7 ,22 ,5 ,1 ,12 ,8 ,4 
경남,창녕군,일반,남자,75-79세,103 ,0 ,3 ,11 ,30 ,10 ,1 ,14 ,6 ,5 
경남,창녕군,일반,남자,80-84세,156 ,0 ,5 ,25 ,64 ,15 ,1 ,12 ,11 ,1 
경남,창녕군,일반,남자,85세이상,146 ,1 ,6 ,28 ,69 ,14 ,1 ,3 ,1 ,2 
경남,창녕군,일반,여자,65세미만,13 ,0 ,1 ,1 ,3 ,1 ,0 ,2 ,1 ,1 
경남,창녕군,일반,여자,65-69세,71 ,1 ,1 ,9 ,10 ,3 ,0 ,11 ,7 ,1 
경남,창녕군,일반,여자,70-74세,129 ,0 ,1 ,12 ,37 ,8 ,3 ,21 ,11 ,3 
경남,창녕군,일반,여자,75-79세,251 ,1 ,3 ,25 ,85 ,15 ,1 ,32 ,16 ,0 
경남,창녕군,일반,여자,80-84세,433 ,2 ,8 ,72 ,188 ,44 ,4 ,31 ,12 ,1 
경남,창녕군,일반,여자,85세이상,380 ,6 ,13 ,80 ,179 ,31 ,3 ,11 ,10 ,0 
경남,창녕군,기초,남자,65세미만,26 ,1 ,0 ,5 ,8 ,5 ,1 ,0 ,2 ,0 
경남,창녕군,기초,남자,65-69세,42 ,2 ,0 ,7 ,12 ,6 ,3 ,5 ,3 ,2 
경남,창녕군,기초,남자,70-74세,31 ,0 ,2 ,2 ,10 ,2 ,2 ,3 ,1 ,2 
경남,창녕군,기초,남자,75-79세,28 ,0 ,0 ,4 ,11 ,3 ,0 ,2 ,3 ,2 
경남,창녕군,기초,남자,80-84세,25 ,0 ,1 ,3 ,13 ,2 ,0 ,1 ,0 ,0 
경남,창녕군,기초,남자,85세이상,14 ,0 ,0 ,3 ,9 ,0 ,0 ,0 ,0 ,0 
경남,창녕군,기초,여자,65세미만,13 ,0 ,1 ,2 ,4 ,3 ,0 ,2 ,0 ,0 
경남,창녕군,기초,여자,65-69세,43 ,0 ,0 ,5 ,17 ,6 ,0 ,2 ,4 ,3 
경남,창녕군,기초,여자,70-74세,45 ,0 ,0 ,7 ,21 ,3 ,1 ,1 ,2 ,3 
경남,창녕군,기초,여자,75-79세,76 ,1 ,2 ,9 ,41 ,5 ,1 ,3 ,3 ,1 
경남,창녕군,기초,여자,80-84세,101 ,0 ,5 ,10 ,52 ,10 ,1 ,6 ,2 ,0 
경남,창녕군,기초,여자,85세이상,96 ,2 ,5 ,20 ,43 ,11 ,0 ,4 ,1 ,0 
경남,창녕군,의료,남자,65-69세,1 ,0 ,0 ,1 ,0 ,0 ,0 ,0 ,0 ,0 
경남,창녕군,의료,남자,70-74세,0 ,0 ,0 ,0 ,0 ,0 ,0 ,0 ,0 ,0 
경남,창녕군,의료,남자,75-79세,2 ,0 ,0 ,0 ,1 ,0 ,0 ,0 ,0 ,0 
경남,창녕군,의료,남자,85세이상,2 ,0 ,0 ,1 ,1 ,0 ,0 ,0 ,0 ,0 
경남,창녕군,의료,여자,65세미만,1 ,0 ,0 ,1 ,0 ,0 ,0 ,0 ,0 ,0 
경남,창녕군,의료,여자,65-69세,0 ,0 ,0 ,0 ,0 ,0 ,0 ,0 ,0 ,0 
경남,창녕군,의료,여자,70-74세,2 ,0 ,1 ,0 ,0 ,0 ,0 ,0 ,0 ,0 
경남,창녕군,의료,여자,75-79세,1 ,0 ,0 ,0 ,1 ,0 ,0 ,0 ,0 ,0 
경남,창녕군,의료,여자,80-84세,3 ,0 ,0 ,0 ,1 ,0 ,0 ,0 ,0 ,1 
경남,창녕군,의료,여자,85세이상,22 ,0 ,1 ,7 ,8 ,2 ,1 ,0 ,0 ,0 
경남,창녕군,감경,남자,65세미만,13 ,0 ,0 ,3 ,4 ,2 ,1 ,0 ,0 ,0 
경남,창녕군,감경,남자,65-69세,37 ,1 ,2 ,4 ,21 ,4 ,0 ,3 ,0 ,0 
경남,창녕군,감경,남자,70-74세,64 ,2 ,2 ,4 ,40 ,10 ,1 ,1 ,0 ,0 
경남,창녕군,감경,남자,75-79세,59 ,0 ,6 ,8 ,36 ,9 ,0 ,0 ,0 ,0 
경남,창녕군,감경,남자,80-84세,93 ,4 ,4 ,16 ,55 ,11 ,2 ,0 ,0 ,0 
경남,창녕군,감경,남자,85세이상,108 ,2 ,8 ,22 ,59 ,13 ,2 ,0 ,0 ,0 
경남,창녕군,감경,여자,65세미만,13 ,1 ,0 ,4 ,3 ,2 ,0 ,0 ,0 ,0 
경남,창녕군,감경,여자,65-69세,28 ,0 ,3 ,7 ,10 ,3 ,1 ,0 ,1 ,0 
경남,창녕군,감경,여자,70-74세,75 ,3 ,4 ,17 ,34 ,8 ,2 ,0 ,0 ,0 
경남,창녕군,감경,여자,75-79세,163 ,3 ,10 ,27 ,83 ,21 ,1 ,1 ,0 ,0 
경남,창녕군,감경,여자,80-84세,398 ,5 ,14 ,79 ,227 ,46 ,2 ,1 ,0 ,0 
경남,창녕군,감경,여자,85세이상,651 ,12 ,38 ,192 ,345 ,41 ,3 ,2 ,0 ,0 
경남,고성군,일반,남자,65세미만,13 ,1 ,1 ,2 ,1 ,0 ,0 ,1 ,4 ,1 
경남,고성군,일반,남자,65-69세,45 ,0 ,1 ,4 ,6 ,3 ,0 ,10 ,3 ,8 
경남,고성군,일반,남자,70-74세,57 ,0 ,1 ,8 ,15 ,4 ,0 ,6 ,7 ,2 
경남,고성군,일반,남자,75-79세,93 ,1 ,3 ,21 ,18 ,10 ,1 ,10 ,4 ,4 
경남,고성군,일반,남자,80-84세,119 ,2 ,5 ,14 ,40 ,20 ,2 ,16 ,8 ,0 
경남,고성군,일반,남자,85세이상,135 ,1 ,6 ,18 ,58 ,20 ,0 ,14 ,5 ,1 
경남,고성군,일반,여자,65세미만,12 ,0 ,1 ,1 ,2 ,0 ,0 ,5 ,0 ,0 
경남,고성군,일반,여자,65-69세,55 ,1 ,2 ,3 ,7 ,2 ,0 ,7 ,3 ,2 
경남,고성군,일반,여자,70-74세,96 ,1 ,0 ,6 ,22 ,5 ,0 ,15 ,8 ,3 
경남,고성군,일반,여자,75-79세,183 ,1 ,7 ,15 ,42 ,19 ,3 ,38 ,13 ,1 
경남,고성군,일반,여자,80-84세,355 ,1 ,9 ,47 ,129 ,54 ,4 ,32 ,19 ,3 
경남,고성군,일반,여자,85세이상,388 ,7 ,13 ,72 ,162 ,56 ,2 ,14 ,9 ,0 
경남,고성군,기초,남자,65세미만,21 ,1 ,3 ,3 ,8 ,1 ,0 ,0 ,1 ,1 
경남,고성군,기초,남자,65-69세,39 ,1 ,0 ,4 ,15 ,4 ,1 ,3 ,4 ,0 
경남,고성군,기초,남자,70-74세,30 ,0 ,1 ,4 ,13 ,4 ,0 ,3 ,1 ,0 
경남,고성군,기초,남자,75-79세,20 ,0 ,0 ,4 ,6 ,3 ,2 ,1 ,1 ,1 
경남,고성군,기초,남자,80-84세,17 ,0 ,2 ,2 ,8 ,2 ,0 ,2 ,1 ,0 
경남,고성군,기초,남자,85세이상,13 ,0 ,0 ,3 ,5 ,3 ,0 ,0 ,0 ,0 
경남,고성군,기초,여자,65세미만,7 ,0 ,0 ,1 ,2 ,0 ,0 ,0 ,2 ,0 
경남,고성군,기초,여자,65-69세,25 ,1 ,1 ,4 ,10 ,4 ,0 ,4 ,1 ,0 
경남,고성군,기초,여자,70-74세,23 ,0 ,3 ,4 ,12 ,3 ,0 ,1 ,0 ,0 
경남,고성군,기초,여자,75-79세,44 ,0 ,0 ,6 ,18 ,7 ,2 ,2 ,0 ,0 
경남,고성군,기초,여자,80-84세,66 ,1 ,1 ,11 ,30 ,11 ,1 ,1 ,2 ,0 
경남,고성군,기초,여자,85세이상,107 ,2 ,11 ,23 ,50 ,10 ,1 ,1 ,0 ,0 
경남,고성군,의료,남자,70-74세,0 ,0 ,0 ,0 ,0 ,0 ,0 ,0 ,0 ,0 
경남,고성군,의료,남자,75-79세,1 ,1 ,0 ,0 ,0 ,0 ,0 ,0 ,0 ,0 
경남,고성군,의료,남자,80-84세,1 ,0 ,0 ,0 ,0 ,1 ,0 ,0 ,0 ,0 
경남,고성군,의료,남자,85세이상,1 ,0 ,0 ,0 ,0 ,1 ,0 ,0 ,0 ,0 
경남,고성군,의료,여자,65-69세,1 ,0 ,0 ,0 ,0 ,0 ,0 ,0 ,0 ,0 
경남,고성군,의료,여자,70-74세,0 ,0 ,0 ,0 ,0 ,0 ,0 ,0 ,0 ,0 
경남,고성군,의료,여자,75-79세,0 ,0 ,0 ,0 ,0 ,0 ,0 ,0 ,0 ,0 
경남,고성군,의료,여자,80-84세,5 ,0 ,0 ,2 ,0 ,3 ,0 ,0 ,0 ,0 
경남,고성군,의료,여자,85세이상,26 ,0 ,1 ,5 ,18 ,1 ,0 ,1 ,0 ,0 
경남,고성군,감경,남자,65세미만,10 ,0 ,0 ,2 ,6 ,1 ,0 ,0 ,0 ,0 
경남,고성군,감경,남자,65-69세,26 ,0 ,2 ,6 ,13 ,2 ,0 ,0 ,1 ,1 
경남,고성군,감경,남자,70-74세,32 ,2 ,2 ,4 ,16 ,6 ,1 ,0 ,0 ,0 
경남,고성군,감경,남자,75-79세,41 ,1 ,1 ,10 ,19 ,6 ,0 ,0 ,0 ,0 
경남,고성군,감경,남자,80-84세,74 ,1 ,3 ,12 ,40 ,18 ,0 ,0 ,0 ,0 
경남,고성군,감경,남자,85세이상,84 ,3 ,3 ,21 ,46 ,11 ,0 ,0 ,0 ,0 
경남,고성군,감경,여자,65세미만,6 ,2 ,0 ,2 ,0 ,2 ,0 ,0 ,0 ,0 
경남,고성군,감경,여자,65-69세,26 ,1 ,1 ,5 ,11 ,4 ,0 ,3 ,0 ,1 
경남,고성군,감경,여자,70-74세,50 ,3 ,5 ,6 ,22 ,7 ,2 ,2 ,0 ,0 
경남,고성군,감경,여자,75-79세,113 ,2 ,7 ,15 ,49 ,25 ,2 ,5 ,0 ,0 
경남,고성군,감경,여자,80-84세,269 ,3 ,9 ,46 ,134 ,58 ,3 ,1 ,0 ,0 
경남,고성군,감경,여자,85세이상,485 ,7 ,37 ,111 ,249 ,76 ,1 ,0 ,1 ,0 
경남,남해군,일반,남자,65세미만,8 ,1 ,0 ,0 ,0 ,1 ,0 ,3 ,1 ,1 
경남,남해군,일반,남자,65-69세,26 ,0 ,0 ,4 ,5 ,0 ,0 ,7 ,3 ,1 
경남,남해군,일반,남자,70-74세,48 ,1 ,0 ,3 ,16 ,1 ,1 ,10 ,6 ,4 
경남,남해군,일반,남자,75-79세,78 ,0 ,1 ,14 ,23 ,7 ,0 ,12 ,3 ,5 
경남,남해군,일반,남자,80-84세,130 ,2 ,2 ,20 ,54 ,10 ,1 ,8 ,11 ,4 
경남,남해군,일반,남자,85세이상,173 ,2 ,5 ,21 ,81 ,19 ,6 ,15 ,11 ,1 
경남,남해군,일반,여자,65세미만,8 ,1 ,1 ,0 ,2 ,1 ,0 ,2 ,0 ,0 
경남,남해군,일반,여자,65-69세,40 ,1 ,1 ,2 ,6 ,0 ,1 ,9 ,5 ,3 
경남,남해군,일반,여자,70-74세,82 ,0 ,1 ,9 ,18 ,4 ,4 ,11 ,14 ,4 
경남,남해군,일반,여자,75-79세,202 ,1 ,2 ,16 ,70 ,20 ,4 ,30 ,15 ,4 
경남,남해군,일반,여자,80-84세,395 ,1 ,4 ,50 ,166 ,47 ,9 ,35 ,22 ,11 
경남,남해군,일반,여자,85세이상,462 ,9 ,24 ,71 ,228 ,37 ,5 ,28 ,6 ,9 
경남,남해군,기초,남자,65세미만,9 ,0 ,0 ,2 ,1 ,2 ,0 ,3 ,0 ,0 
경남,남해군,기초,남자,65-69세,17 ,0 ,1 ,0 ,6 ,0 ,1 ,2 ,2 ,3 
경남,남해군,기초,남자,70-74세,27 ,1 ,0 ,6 ,5 ,2 ,2 ,4 ,2 ,2 
경남,남해군,기초,남자,75-79세,11 ,0 ,0 ,2 ,2 ,1 ,0 ,3 ,1 ,0 
경남,남해군,기초,남자,80-84세,21 ,0 ,0 ,5 ,10 ,3 ,0 ,0 ,1 ,0 
경남,남해군,기초,남자,85세이상,13 ,0 ,1 ,0 ,10 ,1 ,0 ,0 ,0 ,0 
경남,남해군,기초,여자,65세미만,9 ,0 ,1 ,1 ,2 ,2 ,0 ,1 ,0 ,1 
경남,남해군,기초,여자,65-69세,20 ,1 ,0 ,3 ,8 ,1 ,1 ,1 ,2 ,2 
경남,남해군,기초,여자,70-74세,14 ,0 ,0 ,2 ,7 ,1 ,0 ,3 ,0 ,0 
경남,남해군,기초,여자,75-79세,30 ,0 ,1 ,2 ,15 ,1 ,0 ,6 ,0 ,2 
경남,남해군,기초,여자,80-84세,52 ,0 ,2 ,13 ,19 ,8 ,0 ,2 ,2 ,3 
경남,남해군,기초,여자,85세이상,98 ,2 ,5 ,18 ,51 ,7 ,1 ,1 ,3 ,0 
경남,남해군,의료,남자,70-74세,0 ,0 ,0 ,0 ,0 ,0 ,0 ,0 ,0 ,0 
경남,남해군,의료,남자,75-79세,2 ,0 ,0 ,1 ,1 ,0 ,0 ,0 ,0 ,0 
경남,남해군,의료,남자,80-84세,2 ,0 ,0 ,1 ,1 ,0 ,0 ,0 ,0 ,0 
경남,남해군,의료,남자,85세이상,3 ,0 ,0 ,0 ,3 ,0 ,0 ,0 ,0 ,0 
경남,남해군,의료,여자,65-69세,1 ,0 ,0 ,0 ,0 ,0 ,0 ,0 ,1 ,0 
경남,남해군,의료,여자,70-74세,0 ,0 ,0 ,0 ,0 ,0 ,0 ,0 ,0 ,0 
경남,남해군,의료,여자,75-79세,2 ,0 ,0 ,0 ,1 ,0 ,0 ,0 ,1 ,0 
경남,남해군,의료,여자,80-84세,2 ,0 ,0 ,0 ,1 ,0 ,0 ,0 ,0 ,0 
경남,남해군,의료,여자,85세이상,26 ,1 ,1 ,5 ,15 ,4 ,0 ,0 ,0 ,0 
경남,남해군,감경,남자,65세미만,14 ,0 ,1 ,1 ,6 ,2 ,1 ,0 ,0 ,0 
경남,남해군,감경,남자,65-69세,16 ,0 ,0 ,7 ,8 ,0 ,1 ,0 ,0 ,0 
경남,남해군,감경,남자,70-74세,35 ,1 ,4 ,7 ,17 ,4 ,0 ,0 ,1 ,0 
경남,남해군,감경,남자,75-79세,52 ,0 ,3 ,15 ,26 ,5 ,1 ,0 ,0 ,0 
경남,남해군,감경,남자,80-84세,94 ,2 ,5 ,16 ,54 ,11 ,3 ,0 ,0 ,1 
경남,남해군,감경,남자,85세이상,152 ,2 ,5 ,31 ,95 ,17 ,0 ,0 ,0 ,0 
경남,남해군,감경,여자,65세미만,5 ,1 ,0 ,1 ,3 ,0 ,0 ,0 ,0 ,0 
경남,남해군,감경,여자,65-69세,23 ,0 ,0 ,3 ,15 ,3 ,1 ,0 ,0 ,0 
경남,남해군,감경,여자,70-74세,54 ,0 ,2 ,5 ,31 ,7 ,3 ,0 ,0 ,1 
경남,남해군,감경,여자,75-79세,125 ,0 ,2 ,18 ,71 ,15 ,7 ,0 ,1 ,1 
경남,남해군,감경,여자,80-84세,376 ,8 ,12 ,58 ,220 ,58 ,5 ,1 ,3 ,1 
경남,남해군,감경,여자,85세이상,715 ,21 ,34 ,161 ,409 ,70 ,6 ,1 ,0 ,0 
경남,하동군,일반,남자,65세미만,12 ,2 ,0 ,0 ,1 ,0 ,0 ,2 ,1 ,1 
경남,하동군,일반,남자,65-69세,40 ,2 ,2 ,6 ,12 ,0 ,0 ,3 ,6 ,1 
경남,하동군,일반,남자,70-74세,56 ,0 ,2 ,5 ,22 ,2 ,0 ,3 ,10 ,4 
경남,하동군,일반,남자,75-79세,86 ,0 ,5 ,19 ,23 ,2 ,0 ,10 ,7 ,5 
경남,하동군,일반,남자,80-84세,114 ,1 ,5 ,21 ,41 ,5 ,1 ,12 ,9 ,1 
경남,하동군,일반,남자,85세이상,130 ,1 ,12 ,38 ,51 ,7 ,1 ,3 ,5 ,1 
경남,하동군,일반,여자,65세미만,7 ,0 ,1 ,1 ,1 ,0 ,0 ,2 ,1 ,0 
경남,하동군,일반,여자,65-69세,46 ,0 ,0 ,3 ,6 ,2 ,0 ,5 ,9 ,1 
경남,하동군,일반,여자,70-74세,96 ,0 ,3 ,9 ,24 ,4 ,2 ,16 ,11 ,1 
경남,하동군,일반,여자,75-79세,188 ,3 ,4 ,25 ,54 ,16 ,2 ,19 ,17 ,3 
경남,하동군,일반,여자,80-84세,377 ,1 ,14 ,57 ,187 ,21 ,1 ,30 ,14 ,1 
경남,하동군,일반,여자,85세이상,364 ,8 ,29 ,82 ,178 ,15 ,2 ,14 ,11 ,1 
경남,하동군,기초,남자,65세미만,27 ,0 ,3 ,7 ,7 ,1 ,1 ,3 ,2 ,0 
경남,하동군,기초,남자,65-69세,35 ,2 ,1 ,4 ,18 ,1 ,0 ,2 ,4 ,3 
경남,하동군,기초,남자,70-74세,30 ,0 ,0 ,3 ,14 ,3 ,0 ,3 ,4 ,1 
경남,하동군,기초,남자,75-79세,21 ,0 ,1 ,0 ,8 ,3 ,0 ,3 ,4 ,0 
경남,하동군,기초,남자,80-84세,24 ,0 ,1 ,3 ,14 ,2 ,0 ,3 ,0 ,0 
경남,하동군,기초,남자,85세이상,16 ,1 ,2 ,4 ,7 ,2 ,0 ,0 ,0 ,0 
경남,하동군,기초,여자,65세미만,14 ,2 ,4 ,3 ,0 ,1 ,0 ,1 ,2 ,0 
경남,하동군,기초,여자,65-69세,33 ,1 ,2 ,5 ,11 ,4 ,0 ,3 ,5 ,1 
경남,하동군,기초,여자,70-74세,42 ,1 ,2 ,6 ,19 ,4 ,0 ,4 ,4 ,1 
경남,하동군,기초,여자,75-79세,47 ,0 ,0 ,12 ,25 ,4 ,0 ,1 ,2 ,0 
경남,하동군,기초,여자,80-84세,68 ,2 ,5 ,9 ,36 ,7 ,0 ,3 ,1 ,1 
경남,하동군,기초,여자,85세이상,106 ,3 ,14 ,32 ,46 ,4 ,0 ,1 ,2 ,0 
경남,하동군,의료,남자,65-69세,0 ,0 ,0 ,0 ,0 ,0 ,0 ,0 ,0 ,0 
경남,하동군,의료,남자,70-74세,1 ,0 ,0 ,0 ,1 ,0 ,0 ,0 ,0 ,0 
경남,하동군,의료,남자,75-79세,1 ,0 ,0 ,0 ,1 ,0 ,0 ,0 ,0 ,0 
경남,하동군,의료,남자,80-84세,0 ,0 ,0 ,0 ,0 ,0 ,0 ,0 ,0 ,0 
경남,하동군,의료,남자,85세이상,2 ,0 ,0 ,0 ,2 ,0 ,0 ,0 ,0 ,0 
경남,하동군,의료,여자,65-69세,0 ,0 ,0 ,0 ,0 ,0 ,0 ,0 ,0 ,0 
경남,하동군,의료,여자,70-74세,1 ,0 ,0 ,0 ,0 ,1 ,0 ,0 ,0 ,0 
경남,하동군,의료,여자,75-79세,3 ,0 ,0 ,1 ,0 ,0 ,0 ,0 ,0 ,0 
경남,하동군,의료,여자,80-84세,5 ,0 ,2 ,0 ,1 ,1 ,0 ,0 ,0 ,0 
경남,하동군,의료,여자,85세이상,9 ,0 ,1 ,5 ,2 ,0 ,0 ,0 ,0 ,0 
경남,하동군,감경,남자,65세미만,9 ,1 ,0 ,3 ,5 ,0 ,0 ,0 ,0 ,0 
경남,하동군,감경,남자,65-69세,17 ,0 ,2 ,5 ,8 ,0 ,0 ,0 ,0 ,0 
경남,하동군,감경,남자,70-74세,33 ,4 ,4 ,10 ,12 ,1 ,1 ,0 ,0 ,0 
경남,하동군,감경,남자,75-79세,58 ,2 ,4 ,11 ,33 ,5 ,1 ,0 ,0 ,0 
경남,하동군,감경,남자,80-84세,102 ,1 ,5 ,32 ,52 ,8 ,1 ,1 ,0 ,0 
경남,하동군,감경,남자,85세이상,140 ,2 ,9 ,37 ,81 ,8 ,0 ,0 ,0 ,0 
경남,하동군,감경,여자,65세미만,9 ,1 ,0 ,1 ,5 ,1 ,0 ,0 ,0 ,0 
경남,하동군,감경,여자,65-69세,28 ,1 ,1 ,5 ,18 ,0 ,1 ,0 ,0 ,0 
경남,하동군,감경,여자,70-74세,56 ,2 ,1 ,10 ,33 ,7 ,0 ,0 ,0 ,0 
경남,하동군,감경,여자,75-79세,145 ,2 ,9 ,26 ,85 ,9 ,2 ,2 ,0 ,0 
경남,하동군,감경,여자,80-84세,385 ,10 ,32 ,83 ,213 ,28 ,4 ,0 ,0 ,0 
경남,하동군,감경,여자,85세이상,666 ,17 ,85 ,188 ,341 ,21 ,3 ,0 ,0 ,0 
경남,산청군,일반,남자,65세미만,9 ,0 ,0 ,1 ,2 ,0 ,0 ,0 ,4 ,1 
경남,산청군,일반,남자,65-69세,31 ,1 ,0 ,5 ,3 ,2 ,1 ,4 ,3 ,5 
경남,산청군,일반,남자,70-74세,59 ,0 ,3 ,5 ,15 ,1 ,2 ,6 ,7 ,4 
경남,산청군,일반,남자,75-79세,85 ,1 ,1 ,10 ,27 ,6 ,2 ,5 ,12 ,8 
경남,산청군,일반,남자,80-84세,134 ,0 ,3 ,18 ,51 ,16 ,2 ,9 ,9 ,9 
경남,산청군,일반,남자,85세이상,122 ,2 ,4 ,25 ,40 ,16 ,4 ,9 ,4 ,2 
경남,산청군,일반,여자,65세미만,7 ,0 ,0 ,1 ,1 ,1 ,0 ,1 ,2 ,1 
경남,산청군,일반,여자,65-69세,54 ,1 ,2 ,3 ,4 ,1 ,1 ,9 ,17 ,5 
경남,산청군,일반,여자,70-74세,121 ,0 ,0 ,2 ,11 ,4 ,1 ,20 ,25 ,25 
경남,산청군,일반,여자,75-79세,227 ,2 ,4 ,18 ,34 ,16 ,5 ,28 ,37 ,30 
경남,산청군,일반,여자,80-84세,324 ,4 ,7 ,40 ,101 ,50 ,4 ,25 ,30 ,14 
경남,산청군,일반,여자,85세이상,325 ,9 ,13 ,68 ,124 ,47 ,4 ,15 ,13 ,2 
경남,산청군,기초,남자,65세미만,18 ,2 ,1 ,5 ,2 ,1 ,2 ,1 ,1 ,0 
경남,산청군,기초,남자,65-69세,21 ,0 ,0 ,2 ,6 ,2 ,0 ,0 ,4 ,4 
경남,산청군,기초,남자,70-74세,17 ,1 ,2 ,0 ,5 ,1 ,2 ,0 ,1 ,3 
경남,산청군,기초,남자,75-79세,13 ,0 ,1 ,2 ,4 ,2 ,1 ,0 ,1 ,1 
경남,산청군,기초,남자,80-84세,10 ,0 ,1 ,1 ,5 ,0 ,0 ,1 ,0 ,0 
경남,산청군,기초,남자,85세이상,8 ,0 ,0 ,3 ,1 ,2 ,0 ,0 ,1 ,0 
경남,산청군,기초,여자,65세미만,16 ,1 ,0 ,3 ,3 ,3 ,0 ,4 ,0 ,0 
경남,산청군,기초,여자,65-69세,18 ,0 ,1 ,2 ,4 ,2 ,0 ,1 ,5 ,1 
경남,산청군,기초,여자,70-74세,23 ,1 ,2 ,3 ,4 ,3 ,0 ,1 ,4 ,2 
경남,산청군,기초,여자,75-79세,37 ,0 ,2 ,6 ,11 ,4 ,0 ,1 ,6 ,3 
경남,산청군,기초,여자,80-84세,60 ,2 ,5 ,9 ,21 ,14 ,2 ,1 ,1 ,2 
경남,산청군,기초,여자,85세이상,101 ,5 ,13 ,21 ,39 ,13 ,1 ,0 ,1 ,1 
경남,산청군,의료,남자,65-69세,1 ,0 ,0 ,0 ,1 ,0 ,0 ,0 ,0 ,0 
경남,산청군,의료,남자,85세이상,2 ,0 ,0 ,0 ,1 ,0 ,0 ,0 ,0 ,0 
경남,산청군,의료,여자,70-74세,2 ,0 ,0 ,0 ,1 ,0 ,0 ,0 ,0 ,1 
경남,산청군,의료,여자,75-79세,5 ,0 ,0 ,0 ,1 ,0 ,1 ,0 ,2 ,0 
경남,산청군,의료,여자,80-84세,2 ,0 ,0 ,0 ,1 ,1 ,0 ,0 ,0 ,0 
경남,산청군,의료,여자,85세이상,13 ,0 ,0 ,3 ,6 ,2 ,0 ,0 ,0 ,0 
경남,산청군,감경,남자,65세미만,8 ,1 ,1 ,2 ,4 ,0 ,0 ,0 ,0 ,0 
경남,산청군,감경,남자,65-69세,17 ,0 ,0 ,5 ,9 ,2 ,0 ,1 ,0 ,0 
경남,산청군,감경,남자,70-74세,23 ,3 ,1 ,3 ,11 ,1 ,1 ,0 ,1 ,1 
경남,산청군,감경,남자,75-79세,47 ,0 ,2 ,11 ,20 ,5 ,5 ,0 ,0 ,1 
경남,산청군,감경,남자,80-84세,85 ,1 ,3 ,16 ,43 ,16 ,2 ,0 ,0 ,1 
경남,산청군,감경,남자,85세이상,104 ,1 ,4 ,20 ,51 ,20 ,4 ,0 ,0 ,0 
경남,산청군,감경,여자,65세미만,6 ,0 ,1 ,2 ,3 ,0 ,0 ,0 ,0 ,0 
경남,산청군,감경,여자,65-69세,26 ,0 ,2 ,7 ,13 ,1 ,0 ,0 ,0 ,0 
경남,산청군,감경,여자,70-74세,64 ,3 ,2 ,10 ,27 ,13 ,3 ,1 ,1 ,0 
경남,산청군,감경,여자,75-79세,126 ,5 ,4 ,24 ,54 ,24 ,5 ,0 ,2 ,1 
경남,산청군,감경,여자,80-84세,303 ,6 ,14 ,60 ,122 ,83 ,10 ,0 ,1 ,0 
경남,산청군,감경,여자,85세이상,577 ,21 ,43 ,151 ,269 ,73 ,9 ,0 ,0 ,0 
경남,함양군,일반,남자,65세미만,11 ,1 ,1 ,1 ,2 ,0 ,0 ,2 ,0 ,1 
경남,함양군,일반,남자,65-69세,20 ,0 ,0 ,1 ,4 ,0 ,0 ,4 ,4 ,2 
경남,함양군,일반,남자,70-74세,35 ,0 ,1 ,3 ,6 ,0 ,2 ,7 ,4 ,5 
경남,함양군,일반,남자,75-79세,62 ,2 ,1 ,6 ,6 ,8 ,2 ,10 ,10 ,2 
경남,함양군,일반,남자,80-84세,115 ,0 ,1 ,13 ,34 ,17 ,3 ,10 ,6 ,8 
경남,함양군,일반,남자,85세이상,102 ,2 ,1 ,15 ,29 ,17 ,7 ,4 ,3 ,7 
경남,함양군,일반,여자,65세미만,9 ,2 ,0 ,0 ,1 ,2 ,0 ,0 ,0 ,1 
경남,함양군,일반,여자,65-69세,36 ,1 ,1 ,2 ,3 ,4 ,2 ,4 ,6 ,3 
경남,함양군,일반,여자,70-74세,63 ,0 ,2 ,2 ,7 ,7 ,2 ,8 ,9 ,7 
경남,함양군,일반,여자,75-79세,135 ,1 ,3 ,17 ,28 ,18 ,7 ,18 ,11 ,5 
경남,함양군,일반,여자,80-84세,288 ,2 ,5 ,31 ,85 ,51 ,15 ,22 ,22 ,5 
경남,함양군,일반,여자,85세이상,267 ,3 ,9 ,48 ,95 ,43 ,10 ,11 ,14 ,3 
경남,함양군,기초,남자,65세미만,24 ,1 ,0 ,4 ,3 ,2 ,1 ,0 ,2 ,4 
경남,함양군,기초,남자,65-69세,19 ,0 ,2 ,3 ,6 ,2 ,1 ,0 ,1 ,2 
경남,함양군,기초,남자,70-74세,12 ,0 ,0 ,4 ,2 ,2 ,0 ,1 ,1 ,0 
경남,함양군,기초,남자,75-79세,13 ,0 ,1 ,1 ,4 ,3 ,1 ,1 ,0 ,1 
경남,함양군,기초,남자,80-84세,13 ,0 ,1 ,4 ,5 ,1 ,1 ,0 ,1 ,0 
경남,함양군,기초,남자,85세이상,12 ,0 ,0 ,3 ,3 ,3 ,1 ,0 ,0 ,1 
경남,함양군,기초,여자,65세미만,11 ,1 ,1 ,2 ,0 ,0 ,0 ,4 ,2 ,0 
경남,함양군,기초,여자,65-69세,21 ,0 ,1 ,4 ,3 ,1 ,2 ,0 ,2 ,0 
경남,함양군,기초,여자,70-74세,18 ,0 ,0 ,3 ,8 ,0 ,1 ,0 ,1 ,1 
경남,함양군,기초,여자,75-79세,47 ,2 ,3 ,3 ,16 ,11 ,4 ,4 ,1 ,0 
경남,함양군,기초,여자,80-84세,45 ,0 ,1 ,8 ,19 ,8 ,1 ,1 ,3 ,1 
경남,함양군,기초,여자,85세이상,87 ,2 ,7 ,22 ,35 ,15 ,1 ,0 ,0 ,0 
경남,함양군,의료,남자,65-69세,0 ,0 ,0 ,0 ,0 ,0 ,0 ,0 ,0 ,0 
경남,함양군,의료,남자,75-79세,0 ,0 ,0 ,0 ,0 ,0 ,0 ,0 ,0 ,0 
경남,함양군,의료,남자,80-84세,1 ,0 ,0 ,0 ,1 ,0 ,0 ,0 ,0 ,0 
경남,함양군,의료,남자,85세이상,5 ,0 ,0 ,3 ,2 ,0 ,0 ,0 ,0 ,0 
경남,함양군,의료,여자,65세미만,0 ,0 ,0 ,0 ,0 ,0 ,0 ,0 ,0 ,0 
경남,함양군,의료,여자,65-69세,1 ,0 ,0 ,0 ,1 ,0 ,0 ,0 ,0 ,0 
경남,함양군,의료,여자,70-74세,0 ,0 ,0 ,0 ,0 ,0 ,0 ,0 ,0 ,0 
경남,함양군,의료,여자,75-79세,3 ,0 ,0 ,0 ,0 ,0 ,0 ,1 ,2 ,0 
경남,함양군,의료,여자,80-84세,4 ,0 ,0 ,1 ,3 ,0 ,0 ,0 ,0 ,0 
경남,함양군,의료,여자,85세이상,17 ,0 ,0 ,2 ,7 ,5 ,1 ,0 ,1 ,0 
경남,함양군,감경,남자,65세미만,3 ,0 ,0 ,2 ,1 ,0 ,0 ,0 ,0 ,0 
경남,함양군,감경,남자,65-69세,19 ,0 ,1 ,7 ,6 ,2 ,2 ,0 ,0 ,0 
경남,함양군,감경,남자,70-74세,23 ,0 ,1 ,6 ,9 ,2 ,3 ,0 ,1 ,0 
경남,함양군,감경,남자,75-79세,37 ,0 ,0 ,12 ,14 ,7 ,4 ,0 ,0 ,0 
경남,함양군,감경,남자,80-84세,66 ,1 ,2 ,11 ,35 ,12 ,4 ,0 ,1 ,0 
경남,함양군,감경,남자,85세이상,109 ,6 ,1 ,21 ,46 ,27 ,6 ,0 ,0 ,0 
경남,함양군,감경,여자,65세미만,5 ,0 ,0 ,1 ,3 ,0 ,0 ,1 ,0 ,0 
경남,함양군,감경,여자,65-69세,11 ,0 ,2 ,2 ,4 ,1 ,0 ,0 ,0 ,0 
경남,함양군,감경,여자,70-74세,36 ,0 ,1 ,4 ,20 ,8 ,0 ,0 ,1 ,0 
경남,함양군,감경,여자,75-79세,91 ,1 ,3 ,16 ,43 ,20 ,6 ,0 ,0 ,0 
경남,함양군,감경,여자,80-84세,280 ,4 ,12 ,53 ,126 ,63 ,11 ,2 ,1 ,0 
경남,함양군,감경,여자,85세이상,507 ,13 ,25 ,114 ,245 ,84 ,17 ,1 ,3 ,0 
경남,거창군,일반,남자,65세미만,7 ,0 ,0 ,0 ,1 ,1 ,0 ,3 ,2 ,0 
경남,거창군,일반,남자,65-69세,39 ,0 ,0 ,5 ,4 ,3 ,2 ,9 ,6 ,3 
경남,거창군,일반,남자,70-74세,29 ,0 ,2 ,2 ,5 ,2 ,1 ,9 ,0 ,3 
경남,거창군,일반,남자,75-79세,62 ,1 ,0 ,5 ,11 ,9 ,5 ,7 ,11 ,1 
경남,거창군,일반,남자,80-84세,105 ,1 ,2 ,11 ,33 ,20 ,4 ,9 ,5 ,3 
경남,거창군,일반,남자,85세이상,146 ,2 ,4 ,19 ,59 ,26 ,3 ,11 ,7 ,1 
경남,거창군,일반,여자,65세미만,16 ,1 ,0 ,2 ,1 ,2 ,0 ,6 ,2 ,1 
경남,거창군,일반,여자,65-69세,33 ,1 ,2 ,1 ,5 ,3 ,0 ,6 ,3 ,4 
경남,거창군,일반,여자,70-74세,78 ,0 ,1 ,8 ,16 ,7 ,5 ,5 ,13 ,5 
경남,거창군,일반,여자,75-79세,157 ,1 ,2 ,11 ,39 ,20 ,7 ,20 ,20 ,6 
경남,거창군,일반,여자,80-84세,314 ,2 ,8 ,31 ,92 ,65 ,9 ,28 ,16 ,8 
경남,거창군,일반,여자,85세이상,405 ,2 ,17 ,70 ,147 ,74 ,13 ,19 ,15 ,1 
경남,거창군,기초,남자,65세미만,25 ,0 ,1 ,5 ,9 ,1 ,0 ,4 ,2 ,2 
경남,거창군,기초,남자,65-69세,30 ,0 ,3 ,1 ,9 ,4 ,1 ,4 ,3 ,3 
경남,거창군,기초,남자,70-74세,23 ,0 ,1 ,7 ,5 ,4 ,2 ,1 ,3 ,0 
경남,거창군,기초,남자,75-79세,16 ,0 ,1 ,1 ,8 ,2 ,0 ,1 ,2 ,0 
경남,거창군,기초,남자,80-84세,18 ,0 ,0 ,2 ,9 ,1 ,1 ,1 ,1 ,0 
경남,거창군,기초,남자,85세이상,14 ,0 ,0 ,3 ,5 ,5 ,0 ,0 ,1 ,0 
경남,거창군,기초,여자,65세미만,17 ,1 ,1 ,2 ,3 ,1 ,0 ,3 ,4 ,1 
경남,거창군,기초,여자,65-69세,24 ,0 ,1 ,3 ,5 ,3 ,1 ,3 ,2 ,1 
경남,거창군,기초,여자,70-74세,24 ,0 ,1 ,4 ,5 ,3 ,0 ,2 ,4 ,0 
경남,거창군,기초,여자,75-79세,46 ,0 ,1 ,2 ,15 ,12 ,2 ,2 ,3 ,1 
경남,거창군,기초,여자,80-84세,69 ,0 ,2 ,7 ,29 ,11 ,3 ,4 ,3 ,1 
경남,거창군,기초,여자,85세이상,113 ,2 ,4 ,20 ,61 ,12 ,1 ,1 ,3 ,0 
경남,거창군,의료,남자,65세미만,1 ,1 ,0 ,0 ,0 ,0 ,0 ,0 ,0 ,0 
경남,거창군,의료,남자,65-69세,1 ,0 ,0 ,0 ,0 ,0 ,0 ,0 ,1 ,0 
경남,거창군,의료,남자,70-74세,0 ,0 ,0 ,0 ,0 ,0 ,0 ,0 ,0 ,0 
경남,거창군,의료,남자,75-79세,0 ,0 ,0 ,0 ,0 ,0 ,0 ,0 ,0 ,0 
경남,거창군,의료,남자,80-84세,1 ,0 ,0 ,0 ,0 ,1 ,0 ,0 ,0 ,0 
경남,거창군,의료,남자,85세이상,5 ,0 ,0 ,0 ,2 ,1 ,0 ,0 ,0 ,0 
경남,거창군,의료,여자,65-69세,1 ,0 ,0 ,0 ,0 ,0 ,0 ,0 ,1 ,0 
경남,거창군,의료,여자,70-74세,1 ,0 ,0 ,0 ,1 ,0 ,0 ,0 ,0 ,0 
경남,거창군,의료,여자,75-79세,2 ,0 ,0 ,0 ,1 ,0 ,0 ,0 ,0 ,0 
경남,거창군,의료,여자,80-84세,7 ,0 ,0 ,1 ,1 ,1 ,0 ,1 ,0 ,0 
경남,거창군,의료,여자,85세이상,15 ,0 ,0 ,5 ,4 ,4 ,0 ,0 ,0 ,0 
경남,거창군,감경,남자,65세미만,10 ,1 ,2 ,2 ,0 ,0 ,0 ,2 ,1 ,0 
경남,거창군,감경,남자,65-69세,18 ,0 ,1 ,3 ,5 ,3 ,3 ,1 ,0 ,1 
경남,거창군,감경,남자,70-74세,29 ,1 ,0 ,6 ,12 ,6 ,2 ,0 ,0 ,0 
경남,거창군,감경,남자,75-79세,46 ,0 ,1 ,8 ,21 ,11 ,1 ,3 ,0 ,0 
경남,거창군,감경,남자,80-84세,87 ,1 ,3 ,14 ,38 ,25 ,6 ,0 ,0 ,0 
경남,거창군,감경,남자,85세이상,149 ,1 ,4 ,31 ,72 ,38 ,1 ,1 ,0 ,0 
경남,거창군,감경,여자,65세미만,8 ,1 ,1 ,2 ,3 ,1 ,0 ,0 ,0 ,0 
경남,거창군,감경,여자,65-69세,23 ,2 ,1 ,5 ,10 ,4 ,1 ,0 ,0 ,0 
경남,거창군,감경,여자,70-74세,46 ,4 ,0 ,10 ,14 ,9 ,3 ,1 ,1 ,0 
경남,거창군,감경,여자,75-79세,129 ,2 ,11 ,19 ,60 ,22 ,9 ,2 ,0 ,0 
경남,거창군,감경,여자,80-84세,328 ,4 ,17 ,53 ,138 ,89 ,15 ,0 ,1 ,0 
경남,거창군,감경,여자,85세이상,659 ,5 ,24 ,161 ,312 ,142 ,7 ,0 ,0 ,0 
경남,합천군,일반,남자,65세미만,10 ,1 ,0 ,0 ,1 ,0 ,0 ,2 ,5 ,0 
경남,합천군,일반,남자,65-69세,29 ,0 ,1 ,2 ,8 ,1 ,0 ,5 ,5 ,1 
경남,합천군,일반,남자,70-74세,39 ,1 ,1 ,3 ,6 ,3 ,0 ,4 ,7 ,3 
경남,합천군,일반,남자,75-79세,66 ,0 ,0 ,3 ,15 ,8 ,4 ,5 ,6 ,3 
경남,합천군,일반,남자,80-84세,113 ,1 ,3 ,15 ,23 ,15 ,8 ,8 ,9 ,7 
경남,합천군,일반,남자,85세이상,138 ,2 ,2 ,13 ,35 ,30 ,6 ,10 ,8 ,6 
경남,합천군,일반,여자,65세미만,12 ,0 ,0 ,0 ,1 ,1 ,1 ,1 ,2 ,3 
경남,합천군,일반,여자,65-69세,40 ,1 ,0 ,4 ,7 ,4 ,2 ,6 ,8 ,0 
경남,합천군,일반,여자,70-74세,86 ,2 ,1 ,3 ,11 ,4 ,2 ,9 ,9 ,11 
경남,합천군,일반,여자,75-79세,186 ,0 ,2 ,12 ,39 ,25 ,5 ,21 ,29 ,9 
경남,합천군,일반,여자,80-84세,359 ,2 ,7 ,28 ,82 ,71 ,14 ,26 ,42 ,11 
경남,합천군,일반,여자,85세이상,389 ,7 ,11 ,38 ,120 ,69 ,19 ,26 ,22 ,8 
경남,합천군,기초,남자,65세미만,21 ,1 ,2 ,0 ,3 ,0 ,2 ,6 ,5 ,0 
경남,합천군,기초,남자,65-69세,28 ,0 ,1 ,3 ,6 ,3 ,1 ,6 ,3 ,4 
경남,합천군,기초,남자,70-74세,19 ,0 ,1 ,1 ,6 ,2 ,3 ,0 ,3 ,2 
경남,합천군,기초,남자,75-79세,14 ,0 ,0 ,2 ,2 ,0 ,3 ,0 ,0 ,2 
경남,합천군,기초,남자,80-84세,17 ,0 ,0 ,2 ,4 ,3 ,1 ,1 ,2 ,0 
경남,합천군,기초,남자,85세이상,7 ,1 ,0 ,2 ,2 ,0 ,0 ,0 ,0 ,0 
경남,합천군,기초,여자,65세미만,10 ,0 ,1 ,0 ,5 ,1 ,0 ,3 ,0 ,0 
경남,합천군,기초,여자,65-69세,15 ,1 ,1 ,1 ,2 ,2 ,0 ,2 ,0 ,0 
경남,합천군,기초,여자,70-74세,27 ,1 ,1 ,0 ,8 ,2 ,1 ,1 ,7 ,2 
경남,합천군,기초,여자,75-79세,32 ,0 ,1 ,2 ,7 ,7 ,1 ,0 ,3 ,1 
경남,합천군,기초,여자,80-84세,57 ,2 ,2 ,8 ,23 ,7 ,2 ,3 ,4 ,3 
경남,합천군,기초,여자,85세이상,97 ,5 ,10 ,16 ,40 ,13 ,0 ,4 ,1 ,0 
경남,합천군,의료,남자,70-74세,1 ,0 ,0 ,0 ,1 ,0 ,0 ,0 ,0 ,0 
경남,합천군,의료,남자,85세이상,2 ,0 ,0 ,0 ,1 ,1 ,0 ,0 ,0 ,0 
경남,합천군,의료,여자,65-69세,0 ,0 ,0 ,0 ,0 ,0 ,0 ,0 ,0 ,0 
경남,합천군,의료,여자,70-74세,1 ,0 ,0 ,1 ,0 ,0 ,0 ,0 ,0 ,0 
경남,합천군,의료,여자,75-79세,1 ,0 ,0 ,1 ,0 ,0 ,0 ,0 ,0 ,0 
경남,합천군,의료,여자,80-84세,5 ,0 ,0 ,0 ,2 ,0 ,0 ,2 ,1 ,0 
경남,합천군,의료,여자,85세이상,13 ,0 ,0 ,1 ,7 ,2 ,0 ,0 ,1 ,0 
경남,합천군,감경,남자,65세미만,6 ,0 ,0 ,1 ,4 ,0 ,1 ,0 ,0 ,0 
경남,합천군,감경,남자,65-69세,11 ,1 ,0 ,2 ,5 ,1 ,0 ,0 ,0 ,0 
경남,합천군,감경,남자,70-74세,22 ,1 ,3 ,2 ,8 ,3 ,0 ,0 ,2 ,0 
경남,합천군,감경,남자,75-79세,40 ,0 ,1 ,8 ,18 ,3 ,4 ,0 ,0 ,0 
경남,합천군,감경,남자,80-84세,57 ,1 ,4 ,8 ,28 ,10 ,5 ,0 ,0 ,0 
경남,합천군,감경,남자,85세이상,113 ,1 ,8 ,14 ,50 ,27 ,9 ,0 ,0 ,0 
경남,합천군,감경,여자,65세미만,5 ,0 ,0 ,1 ,1 ,0 ,0 ,2 ,0 ,0 
경남,합천군,감경,여자,65-69세,12 ,0 ,0 ,1 ,7 ,2 ,1 ,0 ,0 ,0 
경남,합천군,감경,여자,70-74세,40 ,1 ,2 ,12 ,18 ,3 ,0 ,0 ,0 ,0 
경남,합천군,감경,여자,75-79세,102 ,3 ,3 ,15 ,47 ,20 ,6 ,1 ,2 ,1 
경남,합천군,감경,여자,80-84세,294 ,4 ,14 ,41 ,119 ,77 ,22 ,2 ,1 ,1 
경남,합천군,감경,여자,85세이상,524 ,6 ,31 ,112 ,234 ,105 ,19 ,0 ,1 ,1 
제주,제주시,일반,남자,65세미만,81 ,12 ,4 ,17 ,8 ,2 ,0 ,7 ,6 ,2 
제주,제주시,일반,남자,65-69세,152 ,11 ,8 ,31 ,29 ,6 ,0 ,20 ,7 ,6 
제주,제주시,일반,남자,70-74세,168 ,11 ,16 ,30 ,40 ,10 ,1 ,10 ,4 ,1 
제주,제주시,일반,남자,75-79세,303 ,14 ,35 ,60 ,72 ,16 ,3 ,17 ,7 ,2 
제주,제주시,일반,남자,80-84세,432 ,21 ,25 ,91 ,122 ,29 ,7 ,21 ,13 ,4 
제주,제주시,일반,남자,85세이상,498 ,22 ,43 ,116 ,170 ,40 ,1 ,13 ,13 ,0 
제주,제주시,일반,여자,65세미만,72 ,5 ,3 ,12 ,8 ,3 ,0 ,14 ,7 ,4 
제주,제주시,일반,여자,65-69세,140 ,8 ,5 ,11 ,19 ,3 ,1 ,17 ,18 ,2 
제주,제주시,일반,여자,70-74세,264 ,10 ,13 ,36 ,47 ,14 ,2 ,24 ,24 ,3 
제주,제주시,일반,여자,75-79세,584 ,48 ,26 ,84 ,123 ,33 ,13 ,49 ,54 ,4 
제주,제주시,일반,여자,80-84세,1025 ,54 ,84 ,234 ,258 ,63 ,24 ,49 ,59 ,7 
제주,제주시,일반,여자,85세이상,1806 ,150 ,214 ,501 ,489 ,99 ,22 ,34 ,37 ,2 
제주,제주시,기초,남자,65세미만,148 ,12 ,12 ,32 ,36 ,7 ,1 ,8 ,9 ,4 
제주,제주시,기초,남자,65-69세,143 ,5 ,6 ,21 ,54 ,4 ,0 ,7 ,21 ,3 
제주,제주시,기초,남자,70-74세,116 ,6 ,12 ,31 ,27 ,5 ,1 ,5 ,4 ,3 
제주,제주시,기초,남자,75-79세,84 ,4 ,6 ,18 ,19 ,7 ,1 ,2 ,5 ,1 
제주,제주시,기초,남자,80-84세,83 ,5 ,9 ,13 ,32 ,4 ,1 ,5 ,2 ,1 
제주,제주시,기초,남자,85세이상,52 ,0 ,5 ,11 ,24 ,3 ,3 ,1 ,1 ,1 
제주,제주시,기초,여자,65세미만,69 ,10 ,3 ,13 ,11 ,4 ,0 ,8 ,9 ,1 
제주,제주시,기초,여자,65-69세,114 ,8 ,5 ,19 ,30 ,7 ,1 ,18 ,11 ,6 
제주,제주시,기초,여자,70-74세,140 ,7 ,6 ,23 ,51 ,4 ,2 ,7 ,13 ,10 
제주,제주시,기초,여자,75-79세,175 ,7 ,10 ,44 ,45 ,10 ,2 ,11 ,15 ,0 
제주,제주시,기초,여자,80-84세,241 ,16 ,23 ,60 ,77 ,15 ,1 ,9 ,11 ,0 
제주,제주시,기초,여자,85세이상,511 ,49 ,87 ,158 ,171 ,13 ,4 ,5 ,3 ,2 
제주,제주시,의료,남자,65세미만,0 ,0 ,0 ,0 ,0 ,0 ,0 ,0 ,0 ,0 
제주,제주시,의료,남자,65-69세,0 ,0 ,0 ,0 ,0 ,0 ,0 ,0 ,0 ,0 
제주,제주시,의료,남자,70-74세,2 ,0 ,0 ,0 ,2 ,0 ,0 ,0 ,0 ,0 
제주,제주시,의료,남자,75-79세,8 ,1 ,0 ,3 ,2 ,0 ,0 ,0 ,1 ,0 
제주,제주시,의료,남자,80-84세,7 ,1 ,1 ,2 ,2 ,1 ,0 ,0 ,0 ,0 
제주,제주시,의료,남자,85세이상,16 ,1 ,1 ,7 ,5 ,0 ,0 ,0 ,0 ,0 
제주,제주시,의료,여자,65세미만,1 ,0 ,0 ,0 ,1 ,0 ,0 ,0 ,0 ,0 
제주,제주시,의료,여자,65-69세,3 ,0 ,1 ,0 ,0 ,0 ,0 ,1 ,0 ,0 
제주,제주시,의료,여자,70-74세,3 ,0 ,0 ,1 ,1 ,0 ,0 ,1 ,0 ,0 
제주,제주시,의료,여자,75-79세,11 ,1 ,0 ,2 ,4 ,0 ,0 ,0 ,2 ,0 
제주,제주시,의료,여자,80-84세,5 ,1 ,1 ,2 ,0 ,0 ,0 ,1 ,0 ,0 
제주,제주시,의료,여자,85세이상,92 ,11 ,12 ,37 ,21 ,4 ,1 ,2 ,0 ,0 
제주,제주시,감경,남자,65세미만,56 ,10 ,8 ,16 ,14 ,1 ,0 ,0 ,0 ,0 
제주,제주시,감경,남자,65-69세,70 ,6 ,11 ,24 ,19 ,4 ,0 ,1 ,0 ,1 
제주,제주시,감경,남자,70-74세,101 ,12 ,7 ,38 ,29 ,5 ,3 ,1 ,2 ,0 
제주,제주시,감경,남자,75-79세,156 ,7 ,21 ,49 ,54 ,10 ,3 ,0 ,3 ,0 
제주,제주시,감경,남자,80-84세,178 ,8 ,19 ,50 ,77 ,15 ,4 ,0 ,0 ,0 
제주,제주시,감경,남자,85세이상,257 ,13 ,38 ,75 ,100 ,23 ,3 ,1 ,1 ,0 
제주,제주시,감경,여자,65세미만,45 ,6 ,5 ,17 ,9 ,2 ,2 ,0 ,0 ,0 
제주,제주시,감경,여자,65-69세,69 ,12 ,3 ,16 ,22 ,5 ,1 ,1 ,1 ,0 
제주,제주시,감경,여자,70-74세,133 ,13 ,15 ,34 ,48 ,5 ,2 ,1 ,3 ,0 
제주,제주시,감경,여자,75-79세,299 ,32 ,38 ,75 ,105 ,17 ,11 ,2 ,1 ,0 
제주,제주시,감경,여자,80-84세,588 ,45 ,86 ,182 ,206 ,40 ,7 ,0 ,3 ,0 
제주,제주시,감경,여자,85세이상,1364 ,132 ,221 ,458 ,459 ,59 ,8 ,2 ,0 ,0 
제주,서귀포시,일반,남자,65세미만,41 ,1 ,1 ,3 ,9 ,1 ,0 ,8 ,2 ,3 
제주,서귀포시,일반,남자,65-69세,60 ,8 ,6 ,14 ,5 ,1 ,2 ,6 ,7 ,1 
제주,서귀포시,일반,남자,70-74세,79 ,7 ,4 ,10 ,10 ,5 ,3 ,9 ,4 ,4 
제주,서귀포시,일반,남자,75-79세,147 ,3 ,11 ,24 ,30 ,18 ,0 ,7 ,13 ,2 
제주,서귀포시,일반,남자,80-84세,187 ,5 ,8 ,36 ,46 ,18 ,8 ,11 ,9 ,6 
제주,서귀포시,일반,남자,85세이상,219 ,8 ,17 ,27 ,61 ,23 ,9 ,16 ,12 ,3 
제주,서귀포시,일반,여자,65세미만,20 ,1 ,1 ,2 ,3 ,1 ,0 ,3 ,2 ,3 
제주,서귀포시,일반,여자,65-69세,57 ,1 ,3 ,8 ,3 ,2 ,3 ,5 ,7 ,1 
제주,서귀포시,일반,여자,70-74세,116 ,3 ,2 ,14 ,16 ,9 ,2 ,13 ,14 ,6 
제주,서귀포시,일반,여자,75-79세,257 ,9 ,5 ,20 ,49 ,20 ,11 ,14 ,34 ,4 
제주,서귀포시,일반,여자,80-84세,422 ,16 ,24 ,39 ,92 ,42 ,21 ,25 ,27 ,4 
제주,서귀포시,일반,여자,85세이상,747 ,29 ,45 ,142 ,186 ,81 ,27 ,34 ,30 ,5 
제주,서귀포시,기초,남자,65세미만,51 ,2 ,4 ,11 ,14 ,0 ,0 ,5 ,2 ,4 
제주,서귀포시,기초,남자,65-69세,49 ,1 ,1 ,8 ,13 ,2 ,0 ,6 ,6 ,4 
제주,서귀포시,기초,남자,70-74세,42 ,2 ,1 ,3 ,13 ,4 ,1 ,3 ,4 ,3 
제주,서귀포시,기초,남자,75-79세,28 ,1 ,2 ,3 ,8 ,4 ,1 ,2 ,2 ,1 
제주,서귀포시,기초,남자,80-84세,34 ,2 ,4 ,6 ,5 ,4 ,2 ,0 ,4 ,0 
제주,서귀포시,기초,남자,85세이상,29 ,1 ,1 ,7 ,15 ,0 ,1 ,0 ,1 ,1 
제주,서귀포시,기초,여자,65세미만,20 ,0 ,2 ,0 ,4 ,2 ,1 ,2 ,1 ,3 
제주,서귀포시,기초,여자,65-69세,49 ,1 ,0 ,7 ,7 ,2 ,0 ,5 ,4 ,6 
제주,서귀포시,기초,여자,70-74세,58 ,3 ,1 ,9 ,9 ,6 ,3 ,2 ,4 ,9 
제주,서귀포시,기초,여자,75-79세,68 ,5 ,4 ,9 ,11 ,9 ,4 ,3 ,6 ,5 
제주,서귀포시,기초,여자,80-84세,103 ,6 ,3 ,12 ,26 ,5 ,9 ,5 ,13 ,3 
제주,서귀포시,기초,여자,85세이상,220 ,21 ,20 ,54 ,59 ,18 ,5 ,4 ,8 ,4 
제주,서귀포시,의료,남자,65세미만,0 ,0 ,0 ,0 ,0 ,0 ,0 ,0 ,0 ,0 
제주,서귀포시,의료,남자,65-69세,2 ,0 ,0 ,1 ,0 ,0 ,0 ,0 ,0 ,0 
제주,서귀포시,의료,남자,70-74세,0 ,0 ,0 ,0 ,0 ,0 ,0 ,0 ,0 ,0 
제주,서귀포시,의료,남자,75-79세,5 ,0 ,2 ,0 ,1 ,0 ,0 ,0 ,1 ,0 
제주,서귀포시,의료,남자,80-84세,0 ,0 ,0 ,0 ,0 ,0 ,0 ,0 ,0 ,0 
제주,서귀포시,의료,남자,85세이상,8 ,1 ,0 ,3 ,3 ,1 ,0 ,0 ,0 ,0 
제주,서귀포시,의료,여자,65세미만,1 ,0 ,0 ,0 ,0 ,0 ,0 ,0 ,0 ,0 
제주,서귀포시,의료,여자,65-69세,1 ,0 ,0 ,0 ,0 ,0 ,0 ,0 ,1 ,0 
제주,서귀포시,의료,여자,70-74세,2 ,0 ,0 ,1 ,1 ,0 ,0 ,0 ,0 ,0 
제주,서귀포시,의료,여자,75-79세,5 ,0 ,0 ,0 ,3 ,0 ,0 ,1 ,1 ,0 
제주,서귀포시,의료,여자,80-84세,10 ,0 ,1 ,1 ,2 ,2 ,0 ,0 ,2 ,1 
제주,서귀포시,의료,여자,85세이상,34 ,4 ,5 ,9 ,8 ,2 ,0 ,0 ,1 ,0 
제주,서귀포시,감경,남자,65세미만,24 ,1 ,3 ,6 ,10 ,1 ,0 ,1 ,0 ,0 
제주,서귀포시,감경,남자,65-69세,26 ,2 ,2 ,4 ,12 ,3 ,1 ,1 ,0 ,0 
제주,서귀포시,감경,남자,70-74세,35 ,2 ,0 ,7 ,14 ,5 ,2 ,0 ,0 ,0 
제주,서귀포시,감경,남자,75-79세,43 ,3 ,0 ,12 ,17 ,1 ,5 ,0 ,0 ,1 
제주,서귀포시,감경,남자,80-84세,86 ,2 ,2 ,17 ,41 ,13 ,9 ,0 ,1 ,0 
제주,서귀포시,감경,남자,85세이상,97 ,0 ,2 ,22 ,42 ,18 ,9 ,0 ,1 ,0 
제주,서귀포시,감경,여자,65세미만,13 ,2 ,2 ,3 ,3 ,0 ,1 ,0 ,0 ,0 
제주,서귀포시,감경,여자,65-69세,22 ,2 ,1 ,6 ,7 ,2 ,0 ,0 ,1 ,0 
제주,서귀포시,감경,여자,70-74세,50 ,1 ,5 ,8 ,20 ,5 ,3 ,2 ,1 ,1 
제주,서귀포시,감경,여자,75-79세,103 ,5 ,5 ,12 ,28 ,25 ,11 ,0 ,5 ,1 
제주,서귀포시,감경,여자,80-84세,224 ,10 ,19 ,37 ,85 ,41 ,17 ,0 ,2 ,1 
제주,서귀포시,감경,여자,85세이상,591 ,49 ,61 ,146 ,221 ,76 ,20 ,1 ,0 ,0 
